dataset,method,p,seed,K,f_value
email_eu_core,greedy_f,,,1,334
email_eu_core,greedy_f,,,2,421
email_eu_core,greedy_f,,,3,480
email_eu_core,greedy_f,,,4,530
email_eu_core,greedy_f,,,5,576
email_eu_core,greedy_f,,,6,609
email_eu_core,greedy_f,,,7,636
email_eu_core,greedy_f,,,8,658
email_eu_core,greedy_f,,,9,675
email_eu_core,greedy_f,,,10,688
email_eu_core,greedy_f,,,11,700
email_eu_core,greedy_f,,,12,711
email_eu_core,greedy_f,,,13,721
email_eu_core,greedy_f,,,14,731
email_eu_core,greedy_f,,,15,741
email_eu_core,greedy_f,,,16,750
email_eu_core,greedy_f,,,17,759
email_eu_core,greedy_f,,,18,768
email_eu_core,greedy_f,,,19,775
email_eu_core,greedy_f,,,20,782
email_eu_core,greedy_f,,,21,788
email_eu_core,greedy_f,,,22,794
email_eu_core,greedy_f,,,23,800
email_eu_core,greedy_f,,,24,805
email_eu_core,greedy_f,,,25,810
email_eu_core,greedy_f,,,26,815
email_eu_core,greedy_f,,,27,819
email_eu_core,greedy_f,,,28,823
email_eu_core,greedy_f,,,29,827
email_eu_core,greedy_f,,,30,831
email_eu_core,random,,0,1,7
email_eu_core,random,,0,2,22
email_eu_core,random,,0,3,23
email_eu_core,random,,0,4,77
email_eu_core,random,,0,5,78
email_eu_core,random,,0,6,108
email_eu_core,random,,0,7,113
email_eu_core,random,,0,8,133
email_eu_core,random,,0,9,142
email_eu_core,random,,0,10,150
email_eu_core,random,,0,11,151
email_eu_core,random,,0,12,154
email_eu_core,random,,0,13,157
email_eu_core,random,,0,14,160
email_eu_core,random,,0,15,195
email_eu_core,random,,0,16,205
email_eu_core,random,,0,17,206
email_eu_core,random,,0,18,207
email_eu_core,random,,0,19,209
email_eu_core,random,,0,20,285
email_eu_core,random,,0,21,307
email_eu_core,random,,0,22,307
email_eu_core,random,,0,23,308
email_eu_core,random,,0,24,309
email_eu_core,random,,0,25,310
email_eu_core,random,,0,26,317
email_eu_core,random,,0,27,411
email_eu_core,random,,0,28,422
email_eu_core,random,,0,29,423
email_eu_core,random,,0,30,424
email_eu_core,random,,1,1,3
email_eu_core,random,,1,2,115
email_eu_core,random,,1,3,116
email_eu_core,random,,1,4,117
email_eu_core,random,,1,5,131
email_eu_core,random,,1,6,140
email_eu_core,random,,1,7,141
email_eu_core,random,,1,8,171
email_eu_core,random,,1,9,172
email_eu_core,random,,1,10,177
email_eu_core,random,,1,11,206
email_eu_core,random,,1,12,212
email_eu_core,random,,1,13,256
email_eu_core,random,,1,14,310
email_eu_core,random,,1,15,311
email_eu_core,random,,1,16,315
email_eu_core,random,,1,17,372
email_eu_core,random,,1,18,376
email_eu_core,random,,1,19,384
email_eu_core,random,,1,20,395
email_eu_core,random,,1,21,405
email_eu_core,random,,1,22,407
email_eu_core,random,,1,23,411
email_eu_core,random,,1,24,418
email_eu_core,random,,1,25,419
email_eu_core,random,,1,26,429
email_eu_core,random,,1,27,435
email_eu_core,random,,1,28,442
email_eu_core,random,,1,29,446
email_eu_core,random,,1,30,455
email_eu_core,random,,2,1,9
email_eu_core,random,,2,2,86
email_eu_core,random,,2,3,90
email_eu_core,random,,2,4,106
email_eu_core,random,,2,5,141
email_eu_core,random,,2,6,148
email_eu_core,random,,2,7,158
email_eu_core,random,,2,8,190
email_eu_core,random,,2,9,219
email_eu_core,random,,2,10,247
email_eu_core,random,,2,11,252
email_eu_core,random,,2,12,253
email_eu_core,random,,2,13,254
email_eu_core,random,,2,14,262
email_eu_core,random,,2,15,275
email_eu_core,random,,2,16,279
email_eu_core,random,,2,17,297
email_eu_core,random,,2,18,303
email_eu_core,random,,2,19,304
email_eu_core,random,,2,20,323
email_eu_core,random,,2,21,324
email_eu_core,random,,2,22,325
email_eu_core,random,,2,23,338
email_eu_core,random,,2,24,345
email_eu_core,random,,2,25,348
email_eu_core,random,,2,26,363
email_eu_core,random,,2,27,365
email_eu_core,random,,2,28,365
email_eu_core,random,,2,29,366
email_eu_core,random,,2,30,383
email_eu_core,random,,3,1,1
email_eu_core,random,,3,2,15
email_eu_core,random,,3,3,164
email_eu_core,random,,3,4,174
email_eu_core,random,,3,5,191
email_eu_core,random,,3,6,204
email_eu_core,random,,3,7,219
email_eu_core,random,,3,8,236
email_eu_core,random,,3,9,238
email_eu_core,random,,3,10,253
email_eu_core,random,,3,11,267
email_eu_core,random,,3,12,303
email_eu_core,random,,3,13,337
email_eu_core,random,,3,14,340
email_eu_core,random,,3,15,347
email_eu_core,random,,3,16,383
email_eu_core,random,,3,17,384
email_eu_core,random,,3,18,402
email_eu_core,random,,3,19,408
email_eu_core,random,,3,20,410
email_eu_core,random,,3,21,430
email_eu_core,random,,3,22,432
email_eu_core,random,,3,23,433
email_eu_core,random,,3,24,439
email_eu_core,random,,3,25,453
email_eu_core,random,,3,26,463
email_eu_core,random,,3,27,464
email_eu_core,random,,3,28,469
email_eu_core,random,,3,29,470
email_eu_core,random,,3,30,471
email_eu_core,random,,4,1,15
email_eu_core,random,,4,2,79
email_eu_core,random,,4,3,95
email_eu_core,random,,4,4,97
email_eu_core,random,,4,5,142
email_eu_core,random,,4,6,153
email_eu_core,random,,4,7,158
email_eu_core,random,,4,8,159
email_eu_core,random,,4,9,170
email_eu_core,random,,4,10,171
email_eu_core,random,,4,11,180
email_eu_core,random,,4,12,185
email_eu_core,random,,4,13,188
email_eu_core,random,,4,14,199
email_eu_core,random,,4,15,209
email_eu_core,random,,4,16,218
email_eu_core,random,,4,17,242
email_eu_core,random,,4,18,247
email_eu_core,random,,4,19,248
email_eu_core,random,,4,20,249
email_eu_core,random,,4,21,257
email_eu_core,random,,4,22,272
email_eu_core,random,,4,23,273
email_eu_core,random,,4,24,280
email_eu_core,random,,4,25,284
email_eu_core,random,,4,26,288
email_eu_core,random,,4,27,289
email_eu_core,random,,4,28,297
email_eu_core,random,,4,29,298
email_eu_core,random,,4,30,299
email_eu_core,random,,5,1,1
email_eu_core,random,,5,2,2
email_eu_core,random,,5,3,17
email_eu_core,random,,5,4,18
email_eu_core,random,,5,5,36
email_eu_core,random,,5,6,70
email_eu_core,random,,5,7,121
email_eu_core,random,,5,8,153
email_eu_core,random,,5,9,154
email_eu_core,random,,5,10,156
email_eu_core,random,,5,11,204
email_eu_core,random,,5,12,225
email_eu_core,random,,5,13,227
email_eu_core,random,,5,14,247
email_eu_core,random,,5,15,281
email_eu_core,random,,5,16,292
email_eu_core,random,,5,17,293
email_eu_core,random,,5,18,310
email_eu_core,random,,5,19,350
email_eu_core,random,,5,20,355
email_eu_core,random,,5,21,363
email_eu_core,random,,5,22,364
email_eu_core,random,,5,23,384
email_eu_core,random,,5,24,385
email_eu_core,random,,5,25,386
email_eu_core,random,,5,26,391
email_eu_core,random,,5,27,402
email_eu_core,random,,5,28,405
email_eu_core,random,,5,29,406
email_eu_core,random,,5,30,425
email_eu_core,random,,6,1,42
email_eu_core,random,,6,2,90
email_eu_core,random,,6,3,94
email_eu_core,random,,6,4,95
email_eu_core,random,,6,5,98
email_eu_core,random,,6,6,99
email_eu_core,random,,6,7,100
email_eu_core,random,,6,8,101
email_eu_core,random,,6,9,108
email_eu_core,random,,6,10,179
email_eu_core,random,,6,11,414
email_eu_core,random,,6,12,423
email_eu_core,random,,6,13,428
email_eu_core,random,,6,14,438
email_eu_core,random,,6,15,447
email_eu_core,random,,6,16,454
email_eu_core,random,,6,17,475
email_eu_core,random,,6,18,476
email_eu_core,random,,6,19,497
email_eu_core,random,,6,20,522
email_eu_core,random,,6,21,528
email_eu_core,random,,6,22,537
email_eu_core,random,,6,23,539
email_eu_core,random,,6,24,540
email_eu_core,random,,6,25,551
email_eu_core,random,,6,26,552
email_eu_core,random,,6,27,557
email_eu_core,random,,6,28,562
email_eu_core,random,,6,29,563
email_eu_core,random,,6,30,564
email_eu_core,random,,7,1,23
email_eu_core,random,,7,2,25
email_eu_core,random,,7,3,41
email_eu_core,random,,7,4,57
email_eu_core,random,,7,5,63
email_eu_core,random,,7,6,73
email_eu_core,random,,7,7,110
email_eu_core,random,,7,8,130
email_eu_core,random,,7,9,131
email_eu_core,random,,7,10,156
email_eu_core,random,,7,11,157
email_eu_core,random,,7,12,163
email_eu_core,random,,7,13,207
email_eu_core,random,,7,14,239
email_eu_core,random,,7,15,242
email_eu_core,random,,7,16,269
email_eu_core,random,,7,17,270
email_eu_core,random,,7,18,271
email_eu_core,random,,7,19,282
email_eu_core,random,,7,20,295
email_eu_core,random,,7,21,296
email_eu_core,random,,7,22,316
email_eu_core,random,,7,23,323
email_eu_core,random,,7,24,353
email_eu_core,random,,7,25,362
email_eu_core,random,,7,26,368
email_eu_core,random,,7,27,389
email_eu_core,random,,7,28,390
email_eu_core,random,,7,29,393
email_eu_core,random,,7,30,403
email_eu_core,random,,8,1,17
email_eu_core,random,,8,2,24
email_eu_core,random,,8,3,108
email_eu_core,random,,8,4,115
email_eu_core,random,,8,5,151
email_eu_core,random,,8,6,165
email_eu_core,random,,8,7,179
email_eu_core,random,,8,8,225
email_eu_core,random,,8,9,232
email_eu_core,random,,8,10,256
email_eu_core,random,,8,11,267
email_eu_core,random,,8,12,272
email_eu_core,random,,8,13,273
email_eu_core,random,,8,14,274
email_eu_core,random,,8,15,281
email_eu_core,random,,8,16,314
email_eu_core,random,,8,17,330
email_eu_core,random,,8,18,331
email_eu_core,random,,8,19,332
email_eu_core,random,,8,20,351
email_eu_core,random,,8,21,395
email_eu_core,random,,8,22,397
email_eu_core,random,,8,23,398
email_eu_core,random,,8,24,467
email_eu_core,random,,8,25,470
email_eu_core,random,,8,26,471
email_eu_core,random,,8,27,545
email_eu_core,random,,8,28,560
email_eu_core,random,,8,29,561
email_eu_core,random,,8,30,567
email_eu_core,random,,9,1,23
email_eu_core,random,,9,2,67
email_eu_core,random,,9,3,86
email_eu_core,random,,9,4,151
email_eu_core,random,,9,5,179
email_eu_core,random,,9,6,183
email_eu_core,random,,9,7,185
email_eu_core,random,,9,8,186
email_eu_core,random,,9,9,187
email_eu_core,random,,9,10,188
email_eu_core,random,,9,11,210
email_eu_core,random,,9,12,233
email_eu_core,random,,9,13,302
email_eu_core,random,,9,14,314
email_eu_core,random,,9,15,327
email_eu_core,random,,9,16,328
email_eu_core,random,,9,17,367
email_eu_core,random,,9,18,402
email_eu_core,random,,9,19,412
email_eu_core,random,,9,20,443
email_eu_core,random,,9,21,449
email_eu_core,random,,9,22,450
email_eu_core,random,,9,23,453
email_eu_core,random,,9,24,453
email_eu_core,random,,9,25,470
email_eu_core,random,,9,26,476
email_eu_core,random,,9,27,482
email_eu_core,random,,9,28,498
email_eu_core,random,,9,29,500
email_eu_core,random,,9,30,501
email_eu_core,degree_obs,0.3,0,1,334
email_eu_core,degree_obs,0.3,0,2,384
email_eu_core,degree_obs,0.3,0,3,430
email_eu_core,degree_obs,0.3,0,4,460
email_eu_core,degree_obs,0.3,0,5,476
email_eu_core,degree_obs,0.3,0,6,525
email_eu_core,degree_obs,0.3,0,7,565
email_eu_core,degree_obs,0.3,0,8,596
email_eu_core,degree_obs,0.3,0,9,631
email_eu_core,degree_obs,0.3,0,10,636
email_eu_core,degree_obs,0.3,0,11,643
email_eu_core,degree_obs,0.3,0,12,656
email_eu_core,degree_obs,0.3,0,13,659
email_eu_core,degree_obs,0.3,0,14,660
email_eu_core,degree_obs,0.3,0,15,665
email_eu_core,degree_obs,0.3,0,16,674
email_eu_core,degree_obs,0.3,0,17,680
email_eu_core,degree_obs,0.3,0,18,682
email_eu_core,degree_obs,0.3,0,19,697
email_eu_core,degree_obs,0.3,0,20,705
email_eu_core,degree_obs,0.3,0,21,706
email_eu_core,degree_obs,0.3,0,22,715
email_eu_core,degree_obs,0.3,0,23,716
email_eu_core,degree_obs,0.3,0,24,720
email_eu_core,degree_obs,0.3,0,25,722
email_eu_core,degree_obs,0.3,0,26,729
email_eu_core,degree_obs,0.3,0,27,734
email_eu_core,degree_obs,0.3,0,28,736
email_eu_core,degree_obs,0.3,0,29,739
email_eu_core,degree_obs,0.3,0,30,740
email_eu_core,degree_obs,0.3,1,1,334
email_eu_core,degree_obs,0.3,1,2,406
email_eu_core,degree_obs,0.3,1,3,441
email_eu_core,degree_obs,0.3,1,4,468
email_eu_core,degree_obs,0.3,1,5,488
email_eu_core,degree_obs,0.3,1,6,499
email_eu_core,degree_obs,0.3,1,7,508
email_eu_core,degree_obs,0.3,1,8,543
email_eu_core,degree_obs,0.3,1,9,579
email_eu_core,degree_obs,0.3,1,10,602
email_eu_core,degree_obs,0.3,1,11,610
email_eu_core,degree_obs,0.3,1,12,615
email_eu_core,degree_obs,0.3,1,13,636
email_eu_core,degree_obs,0.3,1,14,647
email_eu_core,degree_obs,0.3,1,15,651
email_eu_core,degree_obs,0.3,1,16,658
email_eu_core,degree_obs,0.3,1,17,664
email_eu_core,degree_obs,0.3,1,18,667
email_eu_core,degree_obs,0.3,1,19,678
email_eu_core,degree_obs,0.3,1,20,689
email_eu_core,degree_obs,0.3,1,21,694
email_eu_core,degree_obs,0.3,1,22,697
email_eu_core,degree_obs,0.3,1,23,704
email_eu_core,degree_obs,0.3,1,24,706
email_eu_core,degree_obs,0.3,1,25,710
email_eu_core,degree_obs,0.3,1,26,712
email_eu_core,degree_obs,0.3,1,27,714
email_eu_core,degree_obs,0.3,1,28,716
email_eu_core,degree_obs,0.3,1,29,721
email_eu_core,degree_obs,0.3,1,30,722
email_eu_core,degree_obs,0.3,2,1,334
email_eu_core,degree_obs,0.3,2,2,406
email_eu_core,degree_obs,0.3,2,3,433
email_eu_core,degree_obs,0.3,2,4,480
email_eu_core,degree_obs,0.3,2,5,490
email_eu_core,degree_obs,0.3,2,6,514
email_eu_core,degree_obs,0.3,2,7,536
email_eu_core,degree_obs,0.3,2,8,546
email_eu_core,degree_obs,0.3,2,9,577
email_eu_core,degree_obs,0.3,2,10,599
email_eu_core,degree_obs,0.3,2,11,616
email_eu_core,degree_obs,0.3,2,12,620
email_eu_core,degree_obs,0.3,2,13,625
email_eu_core,degree_obs,0.3,2,14,633
email_eu_core,degree_obs,0.3,2,15,637
email_eu_core,degree_obs,0.3,2,16,644
email_eu_core,degree_obs,0.3,2,17,658
email_eu_core,degree_obs,0.3,2,18,659
email_eu_core,degree_obs,0.3,2,19,663
email_eu_core,degree_obs,0.3,2,20,667
email_eu_core,degree_obs,0.3,2,21,681
email_eu_core,degree_obs,0.3,2,22,683
email_eu_core,degree_obs,0.3,2,23,710
email_eu_core,degree_obs,0.3,2,24,715
email_eu_core,degree_obs,0.3,2,25,724
email_eu_core,degree_obs,0.3,2,26,725
email_eu_core,degree_obs,0.3,2,27,733
email_eu_core,degree_obs,0.3,2,28,734
email_eu_core,degree_obs,0.3,2,29,735
email_eu_core,degree_obs,0.3,2,30,735
email_eu_core,degree_obs,0.3,3,1,334
email_eu_core,degree_obs,0.3,3,2,406
email_eu_core,degree_obs,0.3,3,3,441
email_eu_core,degree_obs,0.3,3,4,496
email_eu_core,degree_obs,0.3,3,5,532
email_eu_core,degree_obs,0.3,3,6,542
email_eu_core,degree_obs,0.3,3,7,552
email_eu_core,degree_obs,0.3,3,8,562
email_eu_core,degree_obs,0.3,3,9,580
email_eu_core,degree_obs,0.3,3,10,601
email_eu_core,degree_obs,0.3,3,11,610
email_eu_core,degree_obs,0.3,3,12,632
email_eu_core,degree_obs,0.3,3,13,637
email_eu_core,degree_obs,0.3,3,14,645
email_eu_core,degree_obs,0.3,3,15,649
email_eu_core,degree_obs,0.3,3,16,679
email_eu_core,degree_obs,0.3,3,17,685
email_eu_core,degree_obs,0.3,3,18,698
email_eu_core,degree_obs,0.3,3,19,702
email_eu_core,degree_obs,0.3,3,20,703
email_eu_core,degree_obs,0.3,3,21,708
email_eu_core,degree_obs,0.3,3,22,711
email_eu_core,degree_obs,0.3,3,23,719
email_eu_core,degree_obs,0.3,3,24,721
email_eu_core,degree_obs,0.3,3,25,726
email_eu_core,degree_obs,0.3,3,26,728
email_eu_core,degree_obs,0.3,3,27,733
email_eu_core,degree_obs,0.3,3,28,734
email_eu_core,degree_obs,0.3,3,29,740
email_eu_core,degree_obs,0.3,3,30,742
email_eu_core,degree_obs,0.3,4,1,334
email_eu_core,degree_obs,0.3,4,2,416
email_eu_core,degree_obs,0.3,4,3,441
email_eu_core,degree_obs,0.3,4,4,463
email_eu_core,degree_obs,0.3,4,5,475
email_eu_core,degree_obs,0.3,4,6,499
email_eu_core,degree_obs,0.3,4,7,540
email_eu_core,degree_obs,0.3,4,8,548
email_eu_core,degree_obs,0.3,4,9,575
email_eu_core,degree_obs,0.3,4,10,581
email_eu_core,degree_obs,0.3,4,11,612
email_eu_core,degree_obs,0.3,4,12,625
email_eu_core,degree_obs,0.3,4,13,629
email_eu_core,degree_obs,0.3,4,14,637
email_eu_core,degree_obs,0.3,4,15,642
email_eu_core,degree_obs,0.3,4,16,649
email_eu_core,degree_obs,0.3,4,17,664
email_eu_core,degree_obs,0.3,4,18,671
email_eu_core,degree_obs,0.3,4,19,679
email_eu_core,degree_obs,0.3,4,20,685
email_eu_core,degree_obs,0.3,4,21,688
email_eu_core,degree_obs,0.3,4,22,690
email_eu_core,degree_obs,0.3,4,23,692
email_eu_core,degree_obs,0.3,4,24,716
email_eu_core,degree_obs,0.3,4,25,722
email_eu_core,degree_obs,0.3,4,26,726
email_eu_core,degree_obs,0.3,4,27,729
email_eu_core,degree_obs,0.3,4,28,737
email_eu_core,degree_obs,0.3,4,29,738
email_eu_core,degree_obs,0.3,4,30,739
email_eu_core,degree_obs,0.3,5,1,334
email_eu_core,degree_obs,0.3,5,2,406
email_eu_core,degree_obs,0.3,5,3,430
email_eu_core,degree_obs,0.3,5,4,460
email_eu_core,degree_obs,0.3,5,5,476
email_eu_core,degree_obs,0.3,5,6,488
email_eu_core,degree_obs,0.3,5,7,533
email_eu_core,degree_obs,0.3,5,8,563
email_eu_core,degree_obs,0.3,5,9,600
email_eu_core,degree_obs,0.3,5,10,604
email_eu_core,degree_obs,0.3,5,11,612
email_eu_core,degree_obs,0.3,5,12,619
email_eu_core,degree_obs,0.3,5,13,628
email_eu_core,degree_obs,0.3,5,14,635
email_eu_core,degree_obs,0.3,5,15,647
email_eu_core,degree_obs,0.3,5,16,654
email_eu_core,degree_obs,0.3,5,17,659
email_eu_core,degree_obs,0.3,5,18,688
email_eu_core,degree_obs,0.3,5,19,692
email_eu_core,degree_obs,0.3,5,20,698
email_eu_core,degree_obs,0.3,5,21,711
email_eu_core,degree_obs,0.3,5,22,720
email_eu_core,degree_obs,0.3,5,23,723
email_eu_core,degree_obs,0.3,5,24,731
email_eu_core,degree_obs,0.3,5,25,733
email_eu_core,degree_obs,0.3,5,26,733
email_eu_core,degree_obs,0.3,5,27,734
email_eu_core,degree_obs,0.3,5,28,735
email_eu_core,degree_obs,0.3,5,29,737
email_eu_core,degree_obs,0.3,5,30,738
email_eu_core,degree_obs,0.3,6,1,334
email_eu_core,degree_obs,0.3,6,2,416
email_eu_core,degree_obs,0.3,6,3,441
email_eu_core,degree_obs,0.3,6,4,491
email_eu_core,degree_obs,0.3,6,5,510
email_eu_core,degree_obs,0.3,6,6,524
email_eu_core,degree_obs,0.3,6,7,556
email_eu_core,degree_obs,0.3,6,8,563
email_eu_core,degree_obs,0.3,6,9,600
email_eu_core,degree_obs,0.3,6,10,605
email_eu_core,degree_obs,0.3,6,11,607
email_eu_core,degree_obs,0.3,6,12,621
email_eu_core,degree_obs,0.3,6,13,624
email_eu_core,degree_obs,0.3,6,14,629
email_eu_core,degree_obs,0.3,6,15,641
email_eu_core,degree_obs,0.3,6,16,653
email_eu_core,degree_obs,0.3,6,17,661
email_eu_core,degree_obs,0.3,6,18,667
email_eu_core,degree_obs,0.3,6,19,672
email_eu_core,degree_obs,0.3,6,20,675
email_eu_core,degree_obs,0.3,6,21,677
email_eu_core,degree_obs,0.3,6,22,678
email_eu_core,degree_obs,0.3,6,23,683
email_eu_core,degree_obs,0.3,6,24,685
email_eu_core,degree_obs,0.3,6,25,686
email_eu_core,degree_obs,0.3,6,26,689
email_eu_core,degree_obs,0.3,6,27,694
email_eu_core,degree_obs,0.3,6,28,697
email_eu_core,degree_obs,0.3,6,29,706
email_eu_core,degree_obs,0.3,6,30,707
email_eu_core,degree_obs,0.3,7,1,334
email_eu_core,degree_obs,0.3,7,2,406
email_eu_core,degree_obs,0.3,7,3,441
email_eu_core,degree_obs,0.3,7,4,463
email_eu_core,degree_obs,0.3,7,5,507
email_eu_core,degree_obs,0.3,7,6,542
email_eu_core,degree_obs,0.3,7,7,552
email_eu_core,degree_obs,0.3,7,8,590
email_eu_core,degree_obs,0.3,7,9,600
email_eu_core,degree_obs,0.3,7,10,604
email_eu_core,degree_obs,0.3,7,11,619
email_eu_core,degree_obs,0.3,7,12,621
email_eu_core,degree_obs,0.3,7,13,653
email_eu_core,degree_obs,0.3,7,14,662
email_eu_core,degree_obs,0.3,7,15,670
email_eu_core,degree_obs,0.3,7,16,671
email_eu_core,degree_obs,0.3,7,17,679
email_eu_core,degree_obs,0.3,7,18,681
email_eu_core,degree_obs,0.3,7,19,687
email_eu_core,degree_obs,0.3,7,20,690
email_eu_core,degree_obs,0.3,7,21,693
email_eu_core,degree_obs,0.3,7,22,704
email_eu_core,degree_obs,0.3,7,23,708
email_eu_core,degree_obs,0.3,7,24,716
email_eu_core,degree_obs,0.3,7,25,717
email_eu_core,degree_obs,0.3,7,26,719
email_eu_core,degree_obs,0.3,7,27,722
email_eu_core,degree_obs,0.3,7,28,729
email_eu_core,degree_obs,0.3,7,29,729
email_eu_core,degree_obs,0.3,7,30,729
email_eu_core,degree_obs,0.3,8,1,334
email_eu_core,degree_obs,0.3,8,2,406
email_eu_core,degree_obs,0.3,8,3,464
email_eu_core,degree_obs,0.3,8,4,496
email_eu_core,degree_obs,0.3,8,5,517
email_eu_core,degree_obs,0.3,8,6,550
email_eu_core,degree_obs,0.3,8,7,560
email_eu_core,degree_obs,0.3,8,8,568
email_eu_core,degree_obs,0.3,8,9,575
email_eu_core,degree_obs,0.3,8,10,591
email_eu_core,degree_obs,0.3,8,11,595
email_eu_core,degree_obs,0.3,8,12,604
email_eu_core,degree_obs,0.3,8,13,614
email_eu_core,degree_obs,0.3,8,14,622
email_eu_core,degree_obs,0.3,8,15,636
email_eu_core,degree_obs,0.3,8,16,638
email_eu_core,degree_obs,0.3,8,17,668
email_eu_core,degree_obs,0.3,8,18,671
email_eu_core,degree_obs,0.3,8,19,676
email_eu_core,degree_obs,0.3,8,20,681
email_eu_core,degree_obs,0.3,8,21,692
email_eu_core,degree_obs,0.3,8,22,696
email_eu_core,degree_obs,0.3,8,23,699
email_eu_core,degree_obs,0.3,8,24,701
email_eu_core,degree_obs,0.3,8,25,703
email_eu_core,degree_obs,0.3,8,26,715
email_eu_core,degree_obs,0.3,8,27,723
email_eu_core,degree_obs,0.3,8,28,735
email_eu_core,degree_obs,0.3,8,29,737
email_eu_core,degree_obs,0.3,8,30,739
email_eu_core,degree_obs,0.3,9,1,334
email_eu_core,degree_obs,0.3,9,2,384
email_eu_core,degree_obs,0.3,9,3,440
email_eu_core,degree_obs,0.3,9,4,460
email_eu_core,degree_obs,0.3,9,5,508
email_eu_core,degree_obs,0.3,9,6,544
email_eu_core,degree_obs,0.3,9,7,552
email_eu_core,degree_obs,0.3,9,8,590
email_eu_core,degree_obs,0.3,9,9,602
email_eu_core,degree_obs,0.3,9,10,610
email_eu_core,degree_obs,0.3,9,11,614
email_eu_core,degree_obs,0.3,9,12,621
email_eu_core,degree_obs,0.3,9,13,634
email_eu_core,degree_obs,0.3,9,14,664
email_eu_core,degree_obs,0.3,9,15,666
email_eu_core,degree_obs,0.3,9,16,673
email_eu_core,degree_obs,0.3,9,17,681
email_eu_core,degree_obs,0.3,9,18,685
email_eu_core,degree_obs,0.3,9,19,687
email_eu_core,degree_obs,0.3,9,20,689
email_eu_core,degree_obs,0.3,9,21,699
email_eu_core,degree_obs,0.3,9,22,707
email_eu_core,degree_obs,0.3,9,23,712
email_eu_core,degree_obs,0.3,9,24,725
email_eu_core,degree_obs,0.3,9,25,731
email_eu_core,degree_obs,0.3,9,26,734
email_eu_core,degree_obs,0.3,9,27,738
email_eu_core,degree_obs,0.3,9,28,739
email_eu_core,degree_obs,0.3,9,29,741
email_eu_core,degree_obs,0.3,9,30,746
email_eu_core,degree_obs,0.3,10,1,334
email_eu_core,degree_obs,0.3,10,2,406
email_eu_core,degree_obs,0.3,10,3,441
email_eu_core,degree_obs,0.3,10,4,463
email_eu_core,degree_obs,0.3,10,5,507
email_eu_core,degree_obs,0.3,10,6,517
email_eu_core,degree_obs,0.3,10,7,552
email_eu_core,degree_obs,0.3,10,8,580
email_eu_core,degree_obs,0.3,10,9,609
email_eu_core,degree_obs,0.3,10,10,611
email_eu_core,degree_obs,0.3,10,11,615
email_eu_core,degree_obs,0.3,10,12,624
email_eu_core,degree_obs,0.3,10,13,629
email_eu_core,degree_obs,0.3,10,14,633
email_eu_core,degree_obs,0.3,10,15,636
email_eu_core,degree_obs,0.3,10,16,648
email_eu_core,degree_obs,0.3,10,17,660
email_eu_core,degree_obs,0.3,10,18,661
email_eu_core,degree_obs,0.3,10,19,664
email_eu_core,degree_obs,0.3,10,20,666
email_eu_core,degree_obs,0.3,10,21,691
email_eu_core,degree_obs,0.3,10,22,696
email_eu_core,degree_obs,0.3,10,23,703
email_eu_core,degree_obs,0.3,10,24,707
email_eu_core,degree_obs,0.3,10,25,711
email_eu_core,degree_obs,0.3,10,26,716
email_eu_core,degree_obs,0.3,10,27,721
email_eu_core,degree_obs,0.3,10,28,728
email_eu_core,degree_obs,0.3,10,29,735
email_eu_core,degree_obs,0.3,10,30,736
email_eu_core,degree_obs,0.3,11,1,334
email_eu_core,degree_obs,0.3,11,2,416
email_eu_core,degree_obs,0.3,11,3,441
email_eu_core,degree_obs,0.3,11,4,496
email_eu_core,degree_obs,0.3,11,5,507
email_eu_core,degree_obs,0.3,11,6,517
email_eu_core,degree_obs,0.3,11,7,529
email_eu_core,degree_obs,0.3,11,8,537
email_eu_core,degree_obs,0.3,11,9,550
email_eu_core,degree_obs,0.3,11,10,589
email_eu_core,degree_obs,0.3,11,11,617
email_eu_core,degree_obs,0.3,11,12,633
email_eu_core,degree_obs,0.3,11,13,638
email_eu_core,degree_obs,0.3,11,14,653
email_eu_core,degree_obs,0.3,11,15,657
email_eu_core,degree_obs,0.3,11,16,667
email_eu_core,degree_obs,0.3,11,17,673
email_eu_core,degree_obs,0.3,11,18,689
email_eu_core,degree_obs,0.3,11,19,697
email_eu_core,degree_obs,0.3,11,20,702
email_eu_core,degree_obs,0.3,11,21,714
email_eu_core,degree_obs,0.3,11,22,717
email_eu_core,degree_obs,0.3,11,23,718
email_eu_core,degree_obs,0.3,11,24,723
email_eu_core,degree_obs,0.3,11,25,731
email_eu_core,degree_obs,0.3,11,26,751
email_eu_core,degree_obs,0.3,11,27,753
email_eu_core,degree_obs,0.3,11,28,755
email_eu_core,degree_obs,0.3,11,29,756
email_eu_core,degree_obs,0.3,11,30,758
email_eu_core,degree_obs,0.3,12,1,334
email_eu_core,degree_obs,0.3,12,2,406
email_eu_core,degree_obs,0.3,12,3,441
email_eu_core,degree_obs,0.3,12,4,460
email_eu_core,degree_obs,0.3,12,5,497
email_eu_core,degree_obs,0.3,12,6,539
email_eu_core,degree_obs,0.3,12,7,550
email_eu_core,degree_obs,0.3,12,8,557
email_eu_core,degree_obs,0.3,12,9,569
email_eu_core,degree_obs,0.3,12,10,576
email_eu_core,degree_obs,0.3,12,11,601
email_eu_core,degree_obs,0.3,12,12,609
email_eu_core,degree_obs,0.3,12,13,614
email_eu_core,degree_obs,0.3,12,14,637
email_eu_core,degree_obs,0.3,12,15,640
email_eu_core,degree_obs,0.3,12,16,643
email_eu_core,degree_obs,0.3,12,17,650
email_eu_core,degree_obs,0.3,12,18,651
email_eu_core,degree_obs,0.3,12,19,658
email_eu_core,degree_obs,0.3,12,20,663
email_eu_core,degree_obs,0.3,12,21,686
email_eu_core,degree_obs,0.3,12,22,692
email_eu_core,degree_obs,0.3,12,23,695
email_eu_core,degree_obs,0.3,12,24,698
email_eu_core,degree_obs,0.3,12,25,702
email_eu_core,degree_obs,0.3,12,26,706
email_eu_core,degree_obs,0.3,12,27,718
email_eu_core,degree_obs,0.3,12,28,721
email_eu_core,degree_obs,0.3,12,29,727
email_eu_core,degree_obs,0.3,12,30,728
email_eu_core,degree_obs,0.3,13,1,334
email_eu_core,degree_obs,0.3,13,2,406
email_eu_core,degree_obs,0.3,13,3,464
email_eu_core,degree_obs,0.3,13,4,480
email_eu_core,degree_obs,0.3,13,5,490
email_eu_core,degree_obs,0.3,13,6,517
email_eu_core,degree_obs,0.3,13,7,528
email_eu_core,degree_obs,0.3,13,8,570
email_eu_core,degree_obs,0.3,13,9,600
email_eu_core,degree_obs,0.3,13,10,620
email_eu_core,degree_obs,0.3,13,11,627
email_eu_core,degree_obs,0.3,13,12,631
email_eu_core,degree_obs,0.3,13,13,642
email_eu_core,degree_obs,0.3,13,14,644
email_eu_core,degree_obs,0.3,13,15,646
email_eu_core,degree_obs,0.3,13,16,654
email_eu_core,degree_obs,0.3,13,17,654
email_eu_core,degree_obs,0.3,13,18,661
email_eu_core,degree_obs,0.3,13,19,668
email_eu_core,degree_obs,0.3,13,20,678
email_eu_core,degree_obs,0.3,13,21,683
email_eu_core,degree_obs,0.3,13,22,710
email_eu_core,degree_obs,0.3,13,23,721
email_eu_core,degree_obs,0.3,13,24,726
email_eu_core,degree_obs,0.3,13,25,729
email_eu_core,degree_obs,0.3,13,26,731
email_eu_core,degree_obs,0.3,13,27,735
email_eu_core,degree_obs,0.3,13,28,737
email_eu_core,degree_obs,0.3,13,29,740
email_eu_core,degree_obs,0.3,13,30,747
email_eu_core,degree_obs,0.3,14,1,334
email_eu_core,degree_obs,0.3,14,2,406
email_eu_core,degree_obs,0.3,14,3,441
email_eu_core,degree_obs,0.3,14,4,463
email_eu_core,degree_obs,0.3,14,5,507
email_eu_core,degree_obs,0.3,14,6,517
email_eu_core,degree_obs,0.3,14,7,552
email_eu_core,degree_obs,0.3,14,8,591
email_eu_core,degree_obs,0.3,14,9,626
email_eu_core,degree_obs,0.3,14,10,642
email_eu_core,degree_obs,0.3,14,11,645
email_eu_core,degree_obs,0.3,14,12,647
email_eu_core,degree_obs,0.3,14,13,653
email_eu_core,degree_obs,0.3,14,14,659
email_eu_core,degree_obs,0.3,14,15,664
email_eu_core,degree_obs,0.3,14,16,667
email_eu_core,degree_obs,0.3,14,17,672
email_eu_core,degree_obs,0.3,14,18,676
email_eu_core,degree_obs,0.3,14,19,684
email_eu_core,degree_obs,0.3,14,20,690
email_eu_core,degree_obs,0.3,14,21,698
email_eu_core,degree_obs,0.3,14,22,705
email_eu_core,degree_obs,0.3,14,23,715
email_eu_core,degree_obs,0.3,14,24,717
email_eu_core,degree_obs,0.3,14,25,722
email_eu_core,degree_obs,0.3,14,26,726
email_eu_core,degree_obs,0.3,14,27,727
email_eu_core,degree_obs,0.3,14,28,732
email_eu_core,degree_obs,0.3,14,29,741
email_eu_core,degree_obs,0.3,14,30,747
email_eu_core,degree_obs,0.3,15,1,334
email_eu_core,degree_obs,0.3,15,2,384
email_eu_core,degree_obs,0.3,15,3,430
email_eu_core,degree_obs,0.3,15,4,460
email_eu_core,degree_obs,0.3,15,5,484
email_eu_core,degree_obs,0.3,15,6,527
email_eu_core,degree_obs,0.3,15,7,540
email_eu_core,degree_obs,0.3,15,8,548
email_eu_core,degree_obs,0.3,15,9,582
email_eu_core,degree_obs,0.3,15,10,594
email_eu_core,degree_obs,0.3,15,11,618
email_eu_core,degree_obs,0.3,15,12,629
email_eu_core,degree_obs,0.3,15,13,635
email_eu_core,degree_obs,0.3,15,14,642
email_eu_core,degree_obs,0.3,15,15,642
email_eu_core,degree_obs,0.3,15,16,654
email_eu_core,degree_obs,0.3,15,17,668
email_eu_core,degree_obs,0.3,15,18,669
email_eu_core,degree_obs,0.3,15,19,679
email_eu_core,degree_obs,0.3,15,20,684
email_eu_core,degree_obs,0.3,15,21,698
email_eu_core,degree_obs,0.3,15,22,706
email_eu_core,degree_obs,0.3,15,23,708
email_eu_core,degree_obs,0.3,15,24,708
email_eu_core,degree_obs,0.3,15,25,731
email_eu_core,degree_obs,0.3,15,26,732
email_eu_core,degree_obs,0.3,15,27,732
email_eu_core,degree_obs,0.3,15,28,733
email_eu_core,degree_obs,0.3,15,29,735
email_eu_core,degree_obs,0.3,15,30,737
email_eu_core,degree_obs,0.3,16,1,334
email_eu_core,degree_obs,0.3,16,2,406
email_eu_core,degree_obs,0.3,16,3,441
email_eu_core,degree_obs,0.3,16,4,460
email_eu_core,degree_obs,0.3,16,5,508
email_eu_core,degree_obs,0.3,16,6,553
email_eu_core,degree_obs,0.3,16,7,560
email_eu_core,degree_obs,0.3,16,8,590
email_eu_core,degree_obs,0.3,16,9,600
email_eu_core,degree_obs,0.3,16,10,608
email_eu_core,degree_obs,0.3,16,11,616
email_eu_core,degree_obs,0.3,16,12,620
email_eu_core,degree_obs,0.3,16,13,623
email_eu_core,degree_obs,0.3,16,14,639
email_eu_core,degree_obs,0.3,16,15,648
email_eu_core,degree_obs,0.3,16,16,649
email_eu_core,degree_obs,0.3,16,17,658
email_eu_core,degree_obs,0.3,16,18,663
email_eu_core,degree_obs,0.3,16,19,676
email_eu_core,degree_obs,0.3,16,20,679
email_eu_core,degree_obs,0.3,16,21,686
email_eu_core,degree_obs,0.3,16,22,687
email_eu_core,degree_obs,0.3,16,23,697
email_eu_core,degree_obs,0.3,16,24,704
email_eu_core,degree_obs,0.3,16,25,708
email_eu_core,degree_obs,0.3,16,26,711
email_eu_core,degree_obs,0.3,16,27,737
email_eu_core,degree_obs,0.3,16,28,744
email_eu_core,degree_obs,0.3,16,29,747
email_eu_core,degree_obs,0.3,16,30,748
email_eu_core,degree_obs,0.3,17,1,334
email_eu_core,degree_obs,0.3,17,2,384
email_eu_core,degree_obs,0.3,17,3,449
email_eu_core,degree_obs,0.3,17,4,492
email_eu_core,degree_obs,0.3,17,5,514
email_eu_core,degree_obs,0.3,17,6,523
email_eu_core,degree_obs,0.3,17,7,561
email_eu_core,degree_obs,0.3,17,8,573
email_eu_core,degree_obs,0.3,17,9,582
email_eu_core,degree_obs,0.3,17,10,610
email_eu_core,degree_obs,0.3,17,11,623
email_eu_core,degree_obs,0.3,17,12,639
email_eu_core,degree_obs,0.3,17,13,644
email_eu_core,degree_obs,0.3,17,14,649
email_eu_core,degree_obs,0.3,17,15,657
email_eu_core,degree_obs,0.3,17,16,664
email_eu_core,degree_obs,0.3,17,17,667
email_eu_core,degree_obs,0.3,17,18,669
email_eu_core,degree_obs,0.3,17,19,677
email_eu_core,degree_obs,0.3,17,20,707
email_eu_core,degree_obs,0.3,17,21,713
email_eu_core,degree_obs,0.3,17,22,715
email_eu_core,degree_obs,0.3,17,23,722
email_eu_core,degree_obs,0.3,17,24,729
email_eu_core,degree_obs,0.3,17,25,730
email_eu_core,degree_obs,0.3,17,26,737
email_eu_core,degree_obs,0.3,17,27,738
email_eu_core,degree_obs,0.3,17,28,739
email_eu_core,degree_obs,0.3,17,29,742
email_eu_core,degree_obs,0.3,17,30,742
email_eu_core,degree_obs,0.3,18,1,334
email_eu_core,degree_obs,0.3,18,2,384
email_eu_core,degree_obs,0.3,18,3,430
email_eu_core,degree_obs,0.3,18,4,460
email_eu_core,degree_obs,0.3,18,5,475
email_eu_core,degree_obs,0.3,18,6,517
email_eu_core,degree_obs,0.3,18,7,528
email_eu_core,degree_obs,0.3,18,8,563
email_eu_core,degree_obs,0.3,18,9,575
email_eu_core,degree_obs,0.3,18,10,596
email_eu_core,degree_obs,0.3,18,11,600
email_eu_core,degree_obs,0.3,18,12,605
email_eu_core,degree_obs,0.3,18,13,616
email_eu_core,degree_obs,0.3,18,14,639
email_eu_core,degree_obs,0.3,18,15,648
email_eu_core,degree_obs,0.3,18,16,652
email_eu_core,degree_obs,0.3,18,17,653
email_eu_core,degree_obs,0.3,18,18,655
email_eu_core,degree_obs,0.3,18,19,663
email_eu_core,degree_obs,0.3,18,20,674
email_eu_core,degree_obs,0.3,18,21,677
email_eu_core,degree_obs,0.3,18,22,680
email_eu_core,degree_obs,0.3,18,23,708
email_eu_core,degree_obs,0.3,18,24,712
email_eu_core,degree_obs,0.3,18,25,715
email_eu_core,degree_obs,0.3,18,26,719
email_eu_core,degree_obs,0.3,18,27,725
email_eu_core,degree_obs,0.3,18,28,730
email_eu_core,degree_obs,0.3,18,29,733
email_eu_core,degree_obs,0.3,18,30,736
email_eu_core,degree_obs,0.3,19,1,334
email_eu_core,degree_obs,0.3,19,2,384
email_eu_core,degree_obs,0.3,19,3,440
email_eu_core,degree_obs,0.3,19,4,492
email_eu_core,degree_obs,0.3,19,5,508
email_eu_core,degree_obs,0.3,19,6,517
email_eu_core,degree_obs,0.3,19,7,552
email_eu_core,degree_obs,0.3,19,8,568
email_eu_core,degree_obs,0.3,19,9,575
email_eu_core,degree_obs,0.3,19,10,586
email_eu_core,degree_obs,0.3,19,11,605
email_eu_core,degree_obs,0.3,19,12,621
email_eu_core,degree_obs,0.3,19,13,624
email_eu_core,degree_obs,0.3,19,14,643
email_eu_core,degree_obs,0.3,19,15,644
email_eu_core,degree_obs,0.3,19,16,653
email_eu_core,degree_obs,0.3,19,17,654
email_eu_core,degree_obs,0.3,19,18,658
email_eu_core,degree_obs,0.3,19,19,661
email_eu_core,degree_obs,0.3,19,20,675
email_eu_core,degree_obs,0.3,19,21,677
email_eu_core,degree_obs,0.3,19,22,677
email_eu_core,degree_obs,0.3,19,23,684
email_eu_core,degree_obs,0.3,19,24,707
email_eu_core,degree_obs,0.3,19,25,713
email_eu_core,degree_obs,0.3,19,26,713
email_eu_core,degree_obs,0.3,19,27,717
email_eu_core,degree_obs,0.3,19,28,719
email_eu_core,degree_obs,0.3,19,29,721
email_eu_core,degree_obs,0.3,19,30,724
email_eu_core,degree_obs,0.5,0,1,334
email_eu_core,degree_obs,0.5,0,2,384
email_eu_core,degree_obs,0.5,0,3,430
email_eu_core,degree_obs,0.5,0,4,460
email_eu_core,degree_obs,0.5,0,5,508
email_eu_core,degree_obs,0.5,0,6,517
email_eu_core,degree_obs,0.5,0,7,552
email_eu_core,degree_obs,0.5,0,8,563
email_eu_core,degree_obs,0.5,0,9,600
email_eu_core,degree_obs,0.5,0,10,608
email_eu_core,degree_obs,0.5,0,11,643
email_eu_core,degree_obs,0.5,0,12,654
email_eu_core,degree_obs,0.5,0,13,656
email_eu_core,degree_obs,0.5,0,14,662
email_eu_core,degree_obs,0.5,0,15,663
email_eu_core,degree_obs,0.5,0,16,671
email_eu_core,degree_obs,0.5,0,17,677
email_eu_core,degree_obs,0.5,0,18,688
email_eu_core,degree_obs,0.5,0,19,702
email_eu_core,degree_obs,0.5,0,20,705
email_eu_core,degree_obs,0.5,0,21,706
email_eu_core,degree_obs,0.5,0,22,708
email_eu_core,degree_obs,0.5,0,23,716
email_eu_core,degree_obs,0.5,0,24,724
email_eu_core,degree_obs,0.5,0,25,725
email_eu_core,degree_obs,0.5,0,26,732
email_eu_core,degree_obs,0.5,0,27,737
email_eu_core,degree_obs,0.5,0,28,742
email_eu_core,degree_obs,0.5,0,29,742
email_eu_core,degree_obs,0.5,0,30,747
email_eu_core,degree_obs,0.5,1,1,334
email_eu_core,degree_obs,0.5,1,2,406
email_eu_core,degree_obs,0.5,1,3,441
email_eu_core,degree_obs,0.5,1,4,463
email_eu_core,degree_obs,0.5,1,5,475
email_eu_core,degree_obs,0.5,1,6,517
email_eu_core,degree_obs,0.5,1,7,536
email_eu_core,degree_obs,0.5,1,8,562
email_eu_core,degree_obs,0.5,1,9,570
email_eu_core,degree_obs,0.5,1,10,603
email_eu_core,degree_obs,0.5,1,11,608
email_eu_core,degree_obs,0.5,1,12,631
email_eu_core,degree_obs,0.5,1,13,637
email_eu_core,degree_obs,0.5,1,14,640
email_eu_core,degree_obs,0.5,1,15,641
email_eu_core,degree_obs,0.5,1,16,644
email_eu_core,degree_obs,0.5,1,17,645
email_eu_core,degree_obs,0.5,1,18,655
email_eu_core,degree_obs,0.5,1,19,663
email_eu_core,degree_obs,0.5,1,20,666
email_eu_core,degree_obs,0.5,1,21,668
email_eu_core,degree_obs,0.5,1,22,679
email_eu_core,degree_obs,0.5,1,23,682
email_eu_core,degree_obs,0.5,1,24,707
email_eu_core,degree_obs,0.5,1,25,714
email_eu_core,degree_obs,0.5,1,26,721
email_eu_core,degree_obs,0.5,1,27,723
email_eu_core,degree_obs,0.5,1,28,727
email_eu_core,degree_obs,0.5,1,29,729
email_eu_core,degree_obs,0.5,1,30,737
email_eu_core,degree_obs,0.5,2,1,334
email_eu_core,degree_obs,0.5,2,2,406
email_eu_core,degree_obs,0.5,2,3,441
email_eu_core,degree_obs,0.5,2,4,463
email_eu_core,degree_obs,0.5,2,5,507
email_eu_core,degree_obs,0.5,2,6,517
email_eu_core,degree_obs,0.5,2,7,536
email_eu_core,degree_obs,0.5,2,8,568
email_eu_core,degree_obs,0.5,2,9,577
email_eu_core,degree_obs,0.5,2,10,583
email_eu_core,degree_obs,0.5,2,11,614
email_eu_core,degree_obs,0.5,2,12,627
email_eu_core,degree_obs,0.5,2,13,632
email_eu_core,degree_obs,0.5,2,14,648
email_eu_core,degree_obs,0.5,2,15,649
email_eu_core,degree_obs,0.5,2,16,652
email_eu_core,degree_obs,0.5,2,17,682
email_eu_core,degree_obs,0.5,2,18,684
email_eu_core,degree_obs,0.5,2,19,686
email_eu_core,degree_obs,0.5,2,20,693
email_eu_core,degree_obs,0.5,2,21,703
email_eu_core,degree_obs,0.5,2,22,706
email_eu_core,degree_obs,0.5,2,23,714
email_eu_core,degree_obs,0.5,2,24,715
email_eu_core,degree_obs,0.5,2,25,717
email_eu_core,degree_obs,0.5,2,26,722
email_eu_core,degree_obs,0.5,2,27,722
email_eu_core,degree_obs,0.5,2,28,730
email_eu_core,degree_obs,0.5,2,29,737
email_eu_core,degree_obs,0.5,2,30,738
email_eu_core,degree_obs,0.5,3,1,334
email_eu_core,degree_obs,0.5,3,2,406
email_eu_core,degree_obs,0.5,3,3,441
email_eu_core,degree_obs,0.5,3,4,496
email_eu_core,degree_obs,0.5,3,5,507
email_eu_core,degree_obs,0.5,3,6,517
email_eu_core,degree_obs,0.5,3,7,552
email_eu_core,degree_obs,0.5,3,8,568
email_eu_core,degree_obs,0.5,3,9,602
email_eu_core,degree_obs,0.5,3,10,615
email_eu_core,degree_obs,0.5,3,11,620
email_eu_core,degree_obs,0.5,3,12,625
email_eu_core,degree_obs,0.5,3,13,637
email_eu_core,degree_obs,0.5,3,14,641
email_eu_core,degree_obs,0.5,3,15,649
email_eu_core,degree_obs,0.5,3,16,663
email_eu_core,degree_obs,0.5,3,17,670
email_eu_core,degree_obs,0.5,3,18,672
email_eu_core,degree_obs,0.5,3,19,674
email_eu_core,degree_obs,0.5,3,20,680
email_eu_core,degree_obs,0.5,3,21,681
email_eu_core,degree_obs,0.5,3,22,683
email_eu_core,degree_obs,0.5,3,23,712
email_eu_core,degree_obs,0.5,3,24,720
email_eu_core,degree_obs,0.5,3,25,726
email_eu_core,degree_obs,0.5,3,26,731
email_eu_core,degree_obs,0.5,3,27,732
email_eu_core,degree_obs,0.5,3,28,733
email_eu_core,degree_obs,0.5,3,29,734
email_eu_core,degree_obs,0.5,3,30,753
email_eu_core,degree_obs,0.5,4,1,334
email_eu_core,degree_obs,0.5,4,2,416
email_eu_core,degree_obs,0.5,4,3,441
email_eu_core,degree_obs,0.5,4,4,463
email_eu_core,degree_obs,0.5,4,5,475
email_eu_core,degree_obs,0.5,4,6,517
email_eu_core,degree_obs,0.5,4,7,536
email_eu_core,degree_obs,0.5,4,8,543
email_eu_core,degree_obs,0.5,4,9,575
email_eu_core,degree_obs,0.5,4,10,580
email_eu_core,degree_obs,0.5,4,11,600
email_eu_core,degree_obs,0.5,4,12,605
email_eu_core,degree_obs,0.5,4,13,629
email_eu_core,degree_obs,0.5,4,14,632
email_eu_core,degree_obs,0.5,4,15,661
email_eu_core,degree_obs,0.5,4,16,663
email_eu_core,degree_obs,0.5,4,17,672
email_eu_core,degree_obs,0.5,4,18,672
email_eu_core,degree_obs,0.5,4,19,677
email_eu_core,degree_obs,0.5,4,20,684
email_eu_core,degree_obs,0.5,4,21,700
email_eu_core,degree_obs,0.5,4,22,702
email_eu_core,degree_obs,0.5,4,23,702
email_eu_core,degree_obs,0.5,4,24,704
email_eu_core,degree_obs,0.5,4,25,711
email_eu_core,degree_obs,0.5,4,26,713
email_eu_core,degree_obs,0.5,4,27,714
email_eu_core,degree_obs,0.5,4,28,719
email_eu_core,degree_obs,0.5,4,29,720
email_eu_core,degree_obs,0.5,4,30,725
email_eu_core,degree_obs,0.5,5,1,334
email_eu_core,degree_obs,0.5,5,2,406
email_eu_core,degree_obs,0.5,5,3,441
email_eu_core,degree_obs,0.5,5,4,496
email_eu_core,degree_obs,0.5,5,5,508
email_eu_core,degree_obs,0.5,5,6,544
email_eu_core,degree_obs,0.5,5,7,552
email_eu_core,degree_obs,0.5,5,8,563
email_eu_core,degree_obs,0.5,5,9,600
email_eu_core,degree_obs,0.5,5,10,608
email_eu_core,degree_obs,0.5,5,11,612
email_eu_core,degree_obs,0.5,5,12,619
email_eu_core,degree_obs,0.5,5,13,628
email_eu_core,degree_obs,0.5,5,14,640
email_eu_core,degree_obs,0.5,5,15,648
email_eu_core,degree_obs,0.5,5,16,663
email_eu_core,degree_obs,0.5,5,17,666
email_eu_core,degree_obs,0.5,5,18,670
email_eu_core,degree_obs,0.5,5,19,699
email_eu_core,degree_obs,0.5,5,20,702
email_eu_core,degree_obs,0.5,5,21,711
email_eu_core,degree_obs,0.5,5,22,717
email_eu_core,degree_obs,0.5,5,23,719
email_eu_core,degree_obs,0.5,5,24,720
email_eu_core,degree_obs,0.5,5,25,725
email_eu_core,degree_obs,0.5,5,26,732
email_eu_core,degree_obs,0.5,5,27,733
email_eu_core,degree_obs,0.5,5,28,741
email_eu_core,degree_obs,0.5,5,29,743
email_eu_core,degree_obs,0.5,5,30,744
email_eu_core,degree_obs,0.5,6,1,334
email_eu_core,degree_obs,0.5,6,2,416
email_eu_core,degree_obs,0.5,6,3,441
email_eu_core,degree_obs,0.5,6,4,460
email_eu_core,degree_obs,0.5,6,5,508
email_eu_core,degree_obs,0.5,6,6,544
email_eu_core,degree_obs,0.5,6,7,552
email_eu_core,degree_obs,0.5,6,8,563
email_eu_core,degree_obs,0.5,6,9,570
email_eu_core,degree_obs,0.5,6,10,580
email_eu_core,degree_obs,0.5,6,11,600
email_eu_core,degree_obs,0.5,6,12,625
email_eu_core,degree_obs,0.5,6,13,632
email_eu_core,degree_obs,0.5,6,14,633
email_eu_core,degree_obs,0.5,6,15,644
email_eu_core,degree_obs,0.5,6,16,647
email_eu_core,degree_obs,0.5,6,17,654
email_eu_core,degree_obs,0.5,6,18,658
email_eu_core,degree_obs,0.5,6,19,684
email_eu_core,degree_obs,0.5,6,20,692
email_eu_core,degree_obs,0.5,6,21,705
email_eu_core,degree_obs,0.5,6,22,705
email_eu_core,degree_obs,0.5,6,23,711
email_eu_core,degree_obs,0.5,6,24,719
email_eu_core,degree_obs,0.5,6,25,725
email_eu_core,degree_obs,0.5,6,26,731
email_eu_core,degree_obs,0.5,6,27,737
email_eu_core,degree_obs,0.5,6,28,742
email_eu_core,degree_obs,0.5,6,29,743
email_eu_core,degree_obs,0.5,6,30,746
email_eu_core,degree_obs,0.5,7,1,334
email_eu_core,degree_obs,0.5,7,2,406
email_eu_core,degree_obs,0.5,7,3,441
email_eu_core,degree_obs,0.5,7,4,496
email_eu_core,degree_obs,0.5,7,5,507
email_eu_core,degree_obs,0.5,7,6,517
email_eu_core,degree_obs,0.5,7,7,552
email_eu_core,degree_obs,0.5,7,8,590
email_eu_core,degree_obs,0.5,7,9,600
email_eu_core,degree_obs,0.5,7,10,604
email_eu_core,degree_obs,0.5,7,11,612
email_eu_core,degree_obs,0.5,7,12,625
email_eu_core,degree_obs,0.5,7,13,637
email_eu_core,degree_obs,0.5,7,14,668
email_eu_core,degree_obs,0.5,7,15,673
email_eu_core,degree_obs,0.5,7,16,675
email_eu_core,degree_obs,0.5,7,17,683
email_eu_core,degree_obs,0.5,7,18,684
email_eu_core,degree_obs,0.5,7,19,686
email_eu_core,degree_obs,0.5,7,20,688
email_eu_core,degree_obs,0.5,7,21,692
email_eu_core,degree_obs,0.5,7,22,700
email_eu_core,degree_obs,0.5,7,23,702
email_eu_core,degree_obs,0.5,7,24,704
email_eu_core,degree_obs,0.5,7,25,709
email_eu_core,degree_obs,0.5,7,26,715
email_eu_core,degree_obs,0.5,7,27,715
email_eu_core,degree_obs,0.5,7,28,716
email_eu_core,degree_obs,0.5,7,29,720
email_eu_core,degree_obs,0.5,7,30,729
email_eu_core,degree_obs,0.5,8,1,334
email_eu_core,degree_obs,0.5,8,2,406
email_eu_core,degree_obs,0.5,8,3,441
email_eu_core,degree_obs,0.5,8,4,491
email_eu_core,degree_obs,0.5,8,5,532
email_eu_core,degree_obs,0.5,8,6,544
email_eu_core,degree_obs,0.5,8,7,560
email_eu_core,degree_obs,0.5,8,8,568
email_eu_core,degree_obs,0.5,8,9,575
email_eu_core,degree_obs,0.5,8,10,608
email_eu_core,degree_obs,0.5,8,11,622
email_eu_core,degree_obs,0.5,8,12,630
email_eu_core,degree_obs,0.5,8,13,646
email_eu_core,degree_obs,0.5,8,14,649
email_eu_core,degree_obs,0.5,8,15,652
email_eu_core,degree_obs,0.5,8,16,663
email_eu_core,degree_obs,0.5,8,17,668
email_eu_core,degree_obs,0.5,8,18,675
email_eu_core,degree_obs,0.5,8,19,678
email_eu_core,degree_obs,0.5,8,20,705
email_eu_core,degree_obs,0.5,8,21,707
email_eu_core,degree_obs,0.5,8,22,712
email_eu_core,degree_obs,0.5,8,23,713
email_eu_core,degree_obs,0.5,8,24,716
email_eu_core,degree_obs,0.5,8,25,723
email_eu_core,degree_obs,0.5,8,26,724
email_eu_core,degree_obs,0.5,8,27,726
email_eu_core,degree_obs,0.5,8,28,727
email_eu_core,degree_obs,0.5,8,29,728
email_eu_core,degree_obs,0.5,8,30,730
email_eu_core,degree_obs,0.5,9,1,334
email_eu_core,degree_obs,0.5,9,2,416
email_eu_core,degree_obs,0.5,9,3,441
email_eu_core,degree_obs,0.5,9,4,460
email_eu_core,degree_obs,0.5,9,5,475
email_eu_core,degree_obs,0.5,9,6,490
email_eu_core,degree_obs,0.5,9,7,529
email_eu_core,degree_obs,0.5,9,8,562
email_eu_core,degree_obs,0.5,9,9,586
email_eu_core,degree_obs,0.5,9,10,592
email_eu_core,degree_obs,0.5,9,11,619
email_eu_core,degree_obs,0.5,9,12,628
email_eu_core,degree_obs,0.5,9,13,632
email_eu_core,degree_obs,0.5,9,14,648
email_eu_core,degree_obs,0.5,9,15,678
email_eu_core,degree_obs,0.5,9,16,680
email_eu_core,degree_obs,0.5,9,17,687
email_eu_core,degree_obs,0.5,9,18,692
email_eu_core,degree_obs,0.5,9,19,697
email_eu_core,degree_obs,0.5,9,20,699
email_eu_core,degree_obs,0.5,9,21,701
email_eu_core,degree_obs,0.5,9,22,701
email_eu_core,degree_obs,0.5,9,23,708
email_eu_core,degree_obs,0.5,9,24,717
email_eu_core,degree_obs,0.5,9,25,720
email_eu_core,degree_obs,0.5,9,26,722
email_eu_core,degree_obs,0.5,9,27,729
email_eu_core,degree_obs,0.5,9,28,732
email_eu_core,degree_obs,0.5,9,29,732
email_eu_core,degree_obs,0.5,9,30,737
email_eu_core,degree_obs,0.5,10,1,334
email_eu_core,degree_obs,0.5,10,2,406
email_eu_core,degree_obs,0.5,10,3,441
email_eu_core,degree_obs,0.5,10,4,460
email_eu_core,degree_obs,0.5,10,5,475
email_eu_core,degree_obs,0.5,10,6,517
email_eu_core,degree_obs,0.5,10,7,552
email_eu_core,degree_obs,0.5,10,8,568
email_eu_core,degree_obs,0.5,10,9,602
email_eu_core,degree_obs,0.5,10,10,616
email_eu_core,degree_obs,0.5,10,11,622
email_eu_core,degree_obs,0.5,10,12,625
email_eu_core,degree_obs,0.5,10,13,628
email_eu_core,degree_obs,0.5,10,14,635
email_eu_core,degree_obs,0.5,10,15,636
email_eu_core,degree_obs,0.5,10,16,641
email_eu_core,degree_obs,0.5,10,17,652
email_eu_core,degree_obs,0.5,10,18,663
email_eu_core,degree_obs,0.5,10,19,670
email_eu_core,degree_obs,0.5,10,20,673
email_eu_core,degree_obs,0.5,10,21,675
email_eu_core,degree_obs,0.5,10,22,689
email_eu_core,degree_obs,0.5,10,23,690
email_eu_core,degree_obs,0.5,10,24,691
email_eu_core,degree_obs,0.5,10,25,698
email_eu_core,degree_obs,0.5,10,26,706
email_eu_core,degree_obs,0.5,10,27,712
email_eu_core,degree_obs,0.5,10,28,715
email_eu_core,degree_obs,0.5,10,29,738
email_eu_core,degree_obs,0.5,10,30,743
email_eu_core,degree_obs,0.5,11,1,334
email_eu_core,degree_obs,0.5,11,2,406
email_eu_core,degree_obs,0.5,11,3,441
email_eu_core,degree_obs,0.5,11,4,463
email_eu_core,degree_obs,0.5,11,5,475
email_eu_core,degree_obs,0.5,11,6,517
email_eu_core,degree_obs,0.5,11,7,528
email_eu_core,degree_obs,0.5,11,8,537
email_eu_core,degree_obs,0.5,11,9,550
email_eu_core,degree_obs,0.5,11,10,580
email_eu_core,degree_obs,0.5,11,11,598
email_eu_core,degree_obs,0.5,11,12,625
email_eu_core,degree_obs,0.5,11,13,634
email_eu_core,degree_obs,0.5,11,14,637
email_eu_core,degree_obs,0.5,11,15,641
email_eu_core,degree_obs,0.5,11,16,674
email_eu_core,degree_obs,0.5,11,17,682
email_eu_core,degree_obs,0.5,11,18,687
email_eu_core,degree_obs,0.5,11,19,694
email_eu_core,degree_obs,0.5,11,20,702
email_eu_core,degree_obs,0.5,11,21,708
email_eu_core,degree_obs,0.5,11,22,721
email_eu_core,degree_obs,0.5,11,23,724
email_eu_core,degree_obs,0.5,11,24,729
email_eu_core,degree_obs,0.5,11,25,732
email_eu_core,degree_obs,0.5,11,26,739
email_eu_core,degree_obs,0.5,11,27,741
email_eu_core,degree_obs,0.5,11,28,743
email_eu_core,degree_obs,0.5,11,29,743
email_eu_core,degree_obs,0.5,11,30,743
email_eu_core,degree_obs,0.5,12,1,334
email_eu_core,degree_obs,0.5,12,2,416
email_eu_core,degree_obs,0.5,12,3,441
email_eu_core,degree_obs,0.5,12,4,460
email_eu_core,degree_obs,0.5,12,5,508
email_eu_core,degree_obs,0.5,12,6,517
email_eu_core,degree_obs,0.5,12,7,549
email_eu_core,degree_obs,0.5,12,8,580
email_eu_core,degree_obs,0.5,12,9,609
email_eu_core,degree_obs,0.5,12,10,613
email_eu_core,degree_obs,0.5,12,11,619
email_eu_core,degree_obs,0.5,12,12,625
email_eu_core,degree_obs,0.5,12,13,637
email_eu_core,degree_obs,0.5,12,14,641
email_eu_core,degree_obs,0.5,12,15,649
email_eu_core,degree_obs,0.5,12,16,661
email_eu_core,degree_obs,0.5,12,17,668
email_eu_core,degree_obs,0.5,12,18,671
email_eu_core,degree_obs,0.5,12,19,673
email_eu_core,degree_obs,0.5,12,20,686
email_eu_core,degree_obs,0.5,12,21,687
email_eu_core,degree_obs,0.5,12,22,690
email_eu_core,degree_obs,0.5,12,23,691
email_eu_core,degree_obs,0.5,12,24,696
email_eu_core,degree_obs,0.5,12,25,698
email_eu_core,degree_obs,0.5,12,26,703
email_eu_core,degree_obs,0.5,12,27,709
email_eu_core,degree_obs,0.5,12,28,711
email_eu_core,degree_obs,0.5,12,29,712
email_eu_core,degree_obs,0.5,12,30,735
email_eu_core,degree_obs,0.5,13,1,334
email_eu_core,degree_obs,0.5,13,2,406
email_eu_core,degree_obs,0.5,13,3,464
email_eu_core,degree_obs,0.5,13,4,496
email_eu_core,degree_obs,0.5,13,5,508
email_eu_core,degree_obs,0.5,13,6,517
email_eu_core,degree_obs,0.5,13,7,552
email_eu_core,degree_obs,0.5,13,8,590
email_eu_core,degree_obs,0.5,13,9,600
email_eu_core,degree_obs,0.5,13,10,601
email_eu_core,degree_obs,0.5,13,11,617
email_eu_core,degree_obs,0.5,13,12,623
email_eu_core,degree_obs,0.5,13,13,626
email_eu_core,degree_obs,0.5,13,14,634
email_eu_core,degree_obs,0.5,13,15,642
email_eu_core,degree_obs,0.5,13,16,643
email_eu_core,degree_obs,0.5,13,17,646
email_eu_core,degree_obs,0.5,13,18,676
email_eu_core,degree_obs,0.5,13,19,682
email_eu_core,degree_obs,0.5,13,20,697
email_eu_core,degree_obs,0.5,13,21,702
email_eu_core,degree_obs,0.5,13,22,711
email_eu_core,degree_obs,0.5,13,23,716
email_eu_core,degree_obs,0.5,13,24,719
email_eu_core,degree_obs,0.5,13,25,723
email_eu_core,degree_obs,0.5,13,26,725
email_eu_core,degree_obs,0.5,13,27,732
email_eu_core,degree_obs,0.5,13,28,732
email_eu_core,degree_obs,0.5,13,29,733
email_eu_core,degree_obs,0.5,13,30,736
email_eu_core,degree_obs,0.5,14,1,334
email_eu_core,degree_obs,0.5,14,2,416
email_eu_core,degree_obs,0.5,14,3,441
email_eu_core,degree_obs,0.5,14,4,496
email_eu_core,degree_obs,0.5,14,5,507
email_eu_core,degree_obs,0.5,14,6,517
email_eu_core,degree_obs,0.5,14,7,552
email_eu_core,degree_obs,0.5,14,8,590
email_eu_core,degree_obs,0.5,14,9,596
email_eu_core,degree_obs,0.5,14,10,607
email_eu_core,degree_obs,0.5,14,11,641
email_eu_core,degree_obs,0.5,14,12,651
email_eu_core,degree_obs,0.5,14,13,656
email_eu_core,degree_obs,0.5,14,14,662
email_eu_core,degree_obs,0.5,14,15,663
email_eu_core,degree_obs,0.5,14,16,671
email_eu_core,degree_obs,0.5,14,17,675
email_eu_core,degree_obs,0.5,14,18,684
email_eu_core,degree_obs,0.5,14,19,695
email_eu_core,degree_obs,0.5,14,20,698
email_eu_core,degree_obs,0.5,14,21,700
email_eu_core,degree_obs,0.5,14,22,706
email_eu_core,degree_obs,0.5,14,23,713
email_eu_core,degree_obs,0.5,14,24,717
email_eu_core,degree_obs,0.5,14,25,722
email_eu_core,degree_obs,0.5,14,26,728
email_eu_core,degree_obs,0.5,14,27,733
email_eu_core,degree_obs,0.5,14,28,737
email_eu_core,degree_obs,0.5,14,29,738
email_eu_core,degree_obs,0.5,14,30,743
email_eu_core,degree_obs,0.5,15,1,334
email_eu_core,degree_obs,0.5,15,2,406
email_eu_core,degree_obs,0.5,15,3,430
email_eu_core,degree_obs,0.5,15,4,460
email_eu_core,degree_obs,0.5,15,5,484
email_eu_core,degree_obs,0.5,15,6,499
email_eu_core,degree_obs,0.5,15,7,540
email_eu_core,degree_obs,0.5,15,8,548
email_eu_core,degree_obs,0.5,15,9,575
email_eu_core,degree_obs,0.5,15,10,584
email_eu_core,degree_obs,0.5,15,11,616
email_eu_core,degree_obs,0.5,15,12,634
email_eu_core,degree_obs,0.5,15,13,636
email_eu_core,degree_obs,0.5,15,14,646
email_eu_core,degree_obs,0.5,15,15,656
email_eu_core,degree_obs,0.5,15,16,664
email_eu_core,degree_obs,0.5,15,17,667
email_eu_core,degree_obs,0.5,15,18,677
email_eu_core,degree_obs,0.5,15,19,703
email_eu_core,degree_obs,0.5,15,20,712
email_eu_core,degree_obs,0.5,15,21,714
email_eu_core,degree_obs,0.5,15,22,716
email_eu_core,degree_obs,0.5,15,23,716
email_eu_core,degree_obs,0.5,15,24,716
email_eu_core,degree_obs,0.5,15,25,717
email_eu_core,degree_obs,0.5,15,26,720
email_eu_core,degree_obs,0.5,15,27,722
email_eu_core,degree_obs,0.5,15,28,728
email_eu_core,degree_obs,0.5,15,29,733
email_eu_core,degree_obs,0.5,15,30,740
email_eu_core,degree_obs,0.5,16,1,334
email_eu_core,degree_obs,0.5,16,2,406
email_eu_core,degree_obs,0.5,16,3,430
email_eu_core,degree_obs,0.5,16,4,460
email_eu_core,degree_obs,0.5,16,5,475
email_eu_core,degree_obs,0.5,16,6,517
email_eu_core,degree_obs,0.5,16,7,560
email_eu_core,degree_obs,0.5,16,8,570
email_eu_core,degree_obs,0.5,16,9,600
email_eu_core,degree_obs,0.5,16,10,608
email_eu_core,degree_obs,0.5,16,11,616
email_eu_core,degree_obs,0.5,16,12,620
email_eu_core,degree_obs,0.5,16,13,634
email_eu_core,degree_obs,0.5,16,14,642
email_eu_core,degree_obs,0.5,16,15,643
email_eu_core,degree_obs,0.5,16,16,672
email_eu_core,degree_obs,0.5,16,17,682
email_eu_core,degree_obs,0.5,16,18,684
email_eu_core,degree_obs,0.5,16,19,688
email_eu_core,degree_obs,0.5,16,20,697
email_eu_core,degree_obs,0.5,16,21,702
email_eu_core,degree_obs,0.5,16,22,714
email_eu_core,degree_obs,0.5,16,23,719
email_eu_core,degree_obs,0.5,16,24,726
email_eu_core,degree_obs,0.5,16,25,727
email_eu_core,degree_obs,0.5,16,26,729
email_eu_core,degree_obs,0.5,16,27,729
email_eu_core,degree_obs,0.5,16,28,732
email_eu_core,degree_obs,0.5,16,29,734
email_eu_core,degree_obs,0.5,16,30,735
email_eu_core,degree_obs,0.5,17,1,334
email_eu_core,degree_obs,0.5,17,2,384
email_eu_core,degree_obs,0.5,17,3,440
email_eu_core,degree_obs,0.5,17,4,455
email_eu_core,degree_obs,0.5,17,5,475
email_eu_core,degree_obs,0.5,17,6,517
email_eu_core,degree_obs,0.5,17,7,560
email_eu_core,degree_obs,0.5,17,8,570
email_eu_core,degree_obs,0.5,17,9,600
email_eu_core,degree_obs,0.5,17,10,608
email_eu_core,degree_obs,0.5,17,11,616
email_eu_core,degree_obs,0.5,17,12,619
email_eu_core,degree_obs,0.5,17,13,628
email_eu_core,degree_obs,0.5,17,14,645
email_eu_core,degree_obs,0.5,17,15,648
email_eu_core,degree_obs,0.5,17,16,652
email_eu_core,degree_obs,0.5,17,17,662
email_eu_core,degree_obs,0.5,17,18,672
email_eu_core,degree_obs,0.5,17,19,674
email_eu_core,degree_obs,0.5,17,20,676
email_eu_core,degree_obs,0.5,17,21,704
email_eu_core,degree_obs,0.5,17,22,709
email_eu_core,degree_obs,0.5,17,23,712
email_eu_core,degree_obs,0.5,17,24,720
email_eu_core,degree_obs,0.5,17,25,726
email_eu_core,degree_obs,0.5,17,26,731
email_eu_core,degree_obs,0.5,17,27,731
email_eu_core,degree_obs,0.5,17,28,734
email_eu_core,degree_obs,0.5,17,29,738
email_eu_core,degree_obs,0.5,17,30,742
email_eu_core,degree_obs,0.5,18,1,334
email_eu_core,degree_obs,0.5,18,2,406
email_eu_core,degree_obs,0.5,18,3,441
email_eu_core,degree_obs,0.5,18,4,496
email_eu_core,degree_obs,0.5,18,5,508
email_eu_core,degree_obs,0.5,18,6,517
email_eu_core,degree_obs,0.5,18,7,552
email_eu_core,degree_obs,0.5,18,8,562
email_eu_core,degree_obs,0.5,18,9,586
email_eu_core,degree_obs,0.5,18,10,613
email_eu_core,degree_obs,0.5,18,11,620
email_eu_core,degree_obs,0.5,18,12,625
email_eu_core,degree_obs,0.5,18,13,656
email_eu_core,degree_obs,0.5,18,14,661
email_eu_core,degree_obs,0.5,18,15,669
email_eu_core,degree_obs,0.5,18,16,679
email_eu_core,degree_obs,0.5,18,17,685
email_eu_core,degree_obs,0.5,18,18,689
email_eu_core,degree_obs,0.5,18,19,691
email_eu_core,degree_obs,0.5,18,20,703
email_eu_core,degree_obs,0.5,18,21,711
email_eu_core,degree_obs,0.5,18,22,712
email_eu_core,degree_obs,0.5,18,23,718
email_eu_core,degree_obs,0.5,18,24,723
email_eu_core,degree_obs,0.5,18,25,728
email_eu_core,degree_obs,0.5,18,26,733
email_eu_core,degree_obs,0.5,18,27,734
email_eu_core,degree_obs,0.5,18,28,735
email_eu_core,degree_obs,0.5,18,29,740
email_eu_core,degree_obs,0.5,18,30,744
email_eu_core,degree_obs,0.5,19,1,334
email_eu_core,degree_obs,0.5,19,2,416
email_eu_core,degree_obs,0.5,19,3,441
email_eu_core,degree_obs,0.5,19,4,460
email_eu_core,degree_obs,0.5,19,5,508
email_eu_core,degree_obs,0.5,19,6,517
email_eu_core,degree_obs,0.5,19,7,536
email_eu_core,degree_obs,0.5,19,8,568
email_eu_core,degree_obs,0.5,19,9,575
email_eu_core,degree_obs,0.5,19,10,607
email_eu_core,degree_obs,0.5,19,11,612
email_eu_core,degree_obs,0.5,19,12,614
email_eu_core,degree_obs,0.5,19,13,621
email_eu_core,degree_obs,0.5,19,14,625
email_eu_core,degree_obs,0.5,19,15,626
email_eu_core,degree_obs,0.5,19,16,637
email_eu_core,degree_obs,0.5,19,17,649
email_eu_core,degree_obs,0.5,19,18,658
email_eu_core,degree_obs,0.5,19,19,665
email_eu_core,degree_obs,0.5,19,20,667
email_eu_core,degree_obs,0.5,19,21,681
email_eu_core,degree_obs,0.5,19,22,692
email_eu_core,degree_obs,0.5,19,23,695
email_eu_core,degree_obs,0.5,19,24,695
email_eu_core,degree_obs,0.5,19,25,698
email_eu_core,degree_obs,0.5,19,26,700
email_eu_core,degree_obs,0.5,19,27,700
email_eu_core,degree_obs,0.5,19,28,707
email_eu_core,degree_obs,0.5,19,29,729
email_eu_core,degree_obs,0.5,19,30,733
email_eu_core,degree_obs,0.8,0,1,334
email_eu_core,degree_obs,0.8,0,2,406
email_eu_core,degree_obs,0.8,0,3,441
email_eu_core,degree_obs,0.8,0,4,460
email_eu_core,degree_obs,0.8,0,5,508
email_eu_core,degree_obs,0.8,0,6,544
email_eu_core,degree_obs,0.8,0,7,552
email_eu_core,degree_obs,0.8,0,8,562
email_eu_core,degree_obs,0.8,0,9,575
email_eu_core,degree_obs,0.8,0,10,580
email_eu_core,degree_obs,0.8,0,11,612
email_eu_core,degree_obs,0.8,0,12,625
email_eu_core,degree_obs,0.8,0,13,632
email_eu_core,degree_obs,0.8,0,14,648
email_eu_core,degree_obs,0.8,0,15,678
email_eu_core,degree_obs,0.8,0,16,688
email_eu_core,degree_obs,0.8,0,17,694
email_eu_core,degree_obs,0.8,0,18,695
email_eu_core,degree_obs,0.8,0,19,696
email_eu_core,degree_obs,0.8,0,20,699
email_eu_core,degree_obs,0.8,0,21,701
email_eu_core,degree_obs,0.8,0,22,703
email_eu_core,degree_obs,0.8,0,23,706
email_eu_core,degree_obs,0.8,0,24,713
email_eu_core,degree_obs,0.8,0,25,714
email_eu_core,degree_obs,0.8,0,26,720
email_eu_core,degree_obs,0.8,0,27,725
email_eu_core,degree_obs,0.8,0,28,726
email_eu_core,degree_obs,0.8,0,29,730
email_eu_core,degree_obs,0.8,0,30,738
email_eu_core,degree_obs,0.8,1,1,334
email_eu_core,degree_obs,0.8,1,2,406
email_eu_core,degree_obs,0.8,1,3,441
email_eu_core,degree_obs,0.8,1,4,460
email_eu_core,degree_obs,0.8,1,5,508
email_eu_core,degree_obs,0.8,1,6,517
email_eu_core,degree_obs,0.8,1,7,536
email_eu_core,degree_obs,0.8,1,8,543
email_eu_core,degree_obs,0.8,1,9,575
email_eu_core,degree_obs,0.8,1,10,580
email_eu_core,degree_obs,0.8,1,11,612
email_eu_core,degree_obs,0.8,1,12,631
email_eu_core,degree_obs,0.8,1,13,637
email_eu_core,degree_obs,0.8,1,14,648
email_eu_core,degree_obs,0.8,1,15,652
email_eu_core,degree_obs,0.8,1,16,662
email_eu_core,degree_obs,0.8,1,17,665
email_eu_core,degree_obs,0.8,1,18,668
email_eu_core,degree_obs,0.8,1,19,670
email_eu_core,degree_obs,0.8,1,20,671
email_eu_core,degree_obs,0.8,1,21,672
email_eu_core,degree_obs,0.8,1,22,700
email_eu_core,degree_obs,0.8,1,23,702
email_eu_core,degree_obs,0.8,1,24,707
email_eu_core,degree_obs,0.8,1,25,714
email_eu_core,degree_obs,0.8,1,26,714
email_eu_core,degree_obs,0.8,1,27,716
email_eu_core,degree_obs,0.8,1,28,720
email_eu_core,degree_obs,0.8,1,29,723
email_eu_core,degree_obs,0.8,1,30,729
email_eu_core,degree_obs,0.8,2,1,334
email_eu_core,degree_obs,0.8,2,2,406
email_eu_core,degree_obs,0.8,2,3,441
email_eu_core,degree_obs,0.8,2,4,460
email_eu_core,degree_obs,0.8,2,5,508
email_eu_core,degree_obs,0.8,2,6,517
email_eu_core,degree_obs,0.8,2,7,552
email_eu_core,degree_obs,0.8,2,8,563
email_eu_core,degree_obs,0.8,2,9,600
email_eu_core,degree_obs,0.8,2,10,608
email_eu_core,degree_obs,0.8,2,11,622
email_eu_core,degree_obs,0.8,2,12,625
email_eu_core,degree_obs,0.8,2,13,632
email_eu_core,degree_obs,0.8,2,14,648
email_eu_core,degree_obs,0.8,2,15,649
email_eu_core,degree_obs,0.8,2,16,679
email_eu_core,degree_obs,0.8,2,17,686
email_eu_core,degree_obs,0.8,2,18,688
email_eu_core,degree_obs,0.8,2,19,698
email_eu_core,degree_obs,0.8,2,20,706
email_eu_core,degree_obs,0.8,2,21,708
email_eu_core,degree_obs,0.8,2,22,711
email_eu_core,degree_obs,0.8,2,23,714
email_eu_core,degree_obs,0.8,2,24,715
email_eu_core,degree_obs,0.8,2,25,720
email_eu_core,degree_obs,0.8,2,26,722
email_eu_core,degree_obs,0.8,2,27,723
email_eu_core,degree_obs,0.8,2,28,731
email_eu_core,degree_obs,0.8,2,29,738
email_eu_core,degree_obs,0.8,2,30,740
email_eu_core,degree_obs,0.8,3,1,334
email_eu_core,degree_obs,0.8,3,2,416
email_eu_core,degree_obs,0.8,3,3,441
email_eu_core,degree_obs,0.8,3,4,496
email_eu_core,degree_obs,0.8,3,5,508
email_eu_core,degree_obs,0.8,3,6,517
email_eu_core,degree_obs,0.8,3,7,536
email_eu_core,degree_obs,0.8,3,8,545
email_eu_core,degree_obs,0.8,3,9,580
email_eu_core,degree_obs,0.8,3,10,607
email_eu_core,degree_obs,0.8,3,11,612
email_eu_core,degree_obs,0.8,3,12,625
email_eu_core,degree_obs,0.8,3,13,637
email_eu_core,degree_obs,0.8,3,14,645
email_eu_core,degree_obs,0.8,3,15,649
email_eu_core,degree_obs,0.8,3,16,679
email_eu_core,degree_obs,0.8,3,17,693
email_eu_core,degree_obs,0.8,3,18,698
email_eu_core,degree_obs,0.8,3,19,701
email_eu_core,degree_obs,0.8,3,20,708
email_eu_core,degree_obs,0.8,3,21,710
email_eu_core,degree_obs,0.8,3,22,712
email_eu_core,degree_obs,0.8,3,23,717
email_eu_core,degree_obs,0.8,3,24,719
email_eu_core,degree_obs,0.8,3,25,720
email_eu_core,degree_obs,0.8,3,26,725
email_eu_core,degree_obs,0.8,3,27,727
email_eu_core,degree_obs,0.8,3,28,730
email_eu_core,degree_obs,0.8,3,29,731
email_eu_core,degree_obs,0.8,3,30,732
email_eu_core,degree_obs,0.8,4,1,334
email_eu_core,degree_obs,0.8,4,2,406
email_eu_core,degree_obs,0.8,4,3,441
email_eu_core,degree_obs,0.8,4,4,460
email_eu_core,degree_obs,0.8,4,5,475
email_eu_core,degree_obs,0.8,4,6,517
email_eu_core,degree_obs,0.8,4,7,552
email_eu_core,degree_obs,0.8,4,8,563
email_eu_core,degree_obs,0.8,4,9,575
email_eu_core,degree_obs,0.8,4,10,596
email_eu_core,degree_obs,0.8,4,11,600
email_eu_core,degree_obs,0.8,4,12,625
email_eu_core,degree_obs,0.8,4,13,656
email_eu_core,degree_obs,0.8,4,14,660
email_eu_core,degree_obs,0.8,4,15,668
email_eu_core,degree_obs,0.8,4,16,679
email_eu_core,degree_obs,0.8,4,17,693
email_eu_core,degree_obs,0.8,4,18,698
email_eu_core,degree_obs,0.8,4,19,699
email_eu_core,degree_obs,0.8,4,20,701
email_eu_core,degree_obs,0.8,4,21,710
email_eu_core,degree_obs,0.8,4,22,712
email_eu_core,degree_obs,0.8,4,23,715
email_eu_core,degree_obs,0.8,4,24,717
email_eu_core,degree_obs,0.8,4,25,719
email_eu_core,degree_obs,0.8,4,26,724
email_eu_core,degree_obs,0.8,4,27,727
email_eu_core,degree_obs,0.8,4,28,727
email_eu_core,degree_obs,0.8,4,29,732
email_eu_core,degree_obs,0.8,4,30,734
email_eu_core,degree_obs,0.8,5,1,334
email_eu_core,degree_obs,0.8,5,2,406
email_eu_core,degree_obs,0.8,5,3,441
email_eu_core,degree_obs,0.8,5,4,496
email_eu_core,degree_obs,0.8,5,5,508
email_eu_core,degree_obs,0.8,5,6,517
email_eu_core,degree_obs,0.8,5,7,552
email_eu_core,degree_obs,0.8,5,8,590
email_eu_core,degree_obs,0.8,5,9,600
email_eu_core,degree_obs,0.8,5,10,608
email_eu_core,degree_obs,0.8,5,11,612
email_eu_core,degree_obs,0.8,5,12,619
email_eu_core,degree_obs,0.8,5,13,632
email_eu_core,degree_obs,0.8,5,14,648
email_eu_core,degree_obs,0.8,5,15,655
email_eu_core,degree_obs,0.8,5,16,657
email_eu_core,degree_obs,0.8,5,17,660
email_eu_core,degree_obs,0.8,5,18,667
email_eu_core,degree_obs,0.8,5,19,696
email_eu_core,degree_obs,0.8,5,20,700
email_eu_core,degree_obs,0.8,5,21,702
email_eu_core,degree_obs,0.8,5,22,710
email_eu_core,degree_obs,0.8,5,23,719
email_eu_core,degree_obs,0.8,5,24,720
email_eu_core,degree_obs,0.8,5,25,721
email_eu_core,degree_obs,0.8,5,26,723
email_eu_core,degree_obs,0.8,5,27,731
email_eu_core,degree_obs,0.8,5,28,736
email_eu_core,degree_obs,0.8,5,29,742
email_eu_core,degree_obs,0.8,5,30,743
email_eu_core,degree_obs,0.8,6,1,334
email_eu_core,degree_obs,0.8,6,2,416
email_eu_core,degree_obs,0.8,6,3,441
email_eu_core,degree_obs,0.8,6,4,460
email_eu_core,degree_obs,0.8,6,5,508
email_eu_core,degree_obs,0.8,6,6,517
email_eu_core,degree_obs,0.8,6,7,528
email_eu_core,degree_obs,0.8,6,8,563
email_eu_core,degree_obs,0.8,6,9,570
email_eu_core,degree_obs,0.8,6,10,580
email_eu_core,degree_obs,0.8,6,11,600
email_eu_core,degree_obs,0.8,6,12,625
email_eu_core,degree_obs,0.8,6,13,632
email_eu_core,degree_obs,0.8,6,14,648
email_eu_core,degree_obs,0.8,6,15,651
email_eu_core,degree_obs,0.8,6,16,652
email_eu_core,degree_obs,0.8,6,17,682
email_eu_core,degree_obs,0.8,6,18,692
email_eu_core,degree_obs,0.8,6,19,699
email_eu_core,degree_obs,0.8,6,20,701
email_eu_core,degree_obs,0.8,6,21,706
email_eu_core,degree_obs,0.8,6,22,708
email_eu_core,degree_obs,0.8,6,23,710
email_eu_core,degree_obs,0.8,6,24,711
email_eu_core,degree_obs,0.8,6,25,712
email_eu_core,degree_obs,0.8,6,26,717
email_eu_core,degree_obs,0.8,6,27,726
email_eu_core,degree_obs,0.8,6,28,732
email_eu_core,degree_obs,0.8,6,29,734
email_eu_core,degree_obs,0.8,6,30,735
email_eu_core,degree_obs,0.8,7,1,334
email_eu_core,degree_obs,0.8,7,2,406
email_eu_core,degree_obs,0.8,7,3,441
email_eu_core,degree_obs,0.8,7,4,496
email_eu_core,degree_obs,0.8,7,5,508
email_eu_core,degree_obs,0.8,7,6,517
email_eu_core,degree_obs,0.8,7,7,552
email_eu_core,degree_obs,0.8,7,8,568
email_eu_core,degree_obs,0.8,7,9,575
email_eu_core,degree_obs,0.8,7,10,608
email_eu_core,degree_obs,0.8,7,11,612
email_eu_core,degree_obs,0.8,7,12,625
email_eu_core,degree_obs,0.8,7,13,632
email_eu_core,degree_obs,0.8,7,14,662
email_eu_core,degree_obs,0.8,7,15,664
email_eu_core,degree_obs,0.8,7,16,672
email_eu_core,degree_obs,0.8,7,17,683
email_eu_core,degree_obs,0.8,7,18,685
email_eu_core,degree_obs,0.8,7,19,687
email_eu_core,degree_obs,0.8,7,20,691
email_eu_core,degree_obs,0.8,7,21,692
email_eu_core,degree_obs,0.8,7,22,701
email_eu_core,degree_obs,0.8,7,23,709
email_eu_core,degree_obs,0.8,7,24,710
email_eu_core,degree_obs,0.8,7,25,723
email_eu_core,degree_obs,0.8,7,26,724
email_eu_core,degree_obs,0.8,7,27,728
email_eu_core,degree_obs,0.8,7,28,733
email_eu_core,degree_obs,0.8,7,29,735
email_eu_core,degree_obs,0.8,7,30,738
email_eu_core,degree_obs,0.8,8,1,334
email_eu_core,degree_obs,0.8,8,2,406
email_eu_core,degree_obs,0.8,8,3,441
email_eu_core,degree_obs,0.8,8,4,460
email_eu_core,degree_obs,0.8,8,5,475
email_eu_core,degree_obs,0.8,8,6,517
email_eu_core,degree_obs,0.8,8,7,552
email_eu_core,degree_obs,0.8,8,8,563
email_eu_core,degree_obs,0.8,8,9,575
email_eu_core,degree_obs,0.8,8,10,608
email_eu_core,degree_obs,0.8,8,11,622
email_eu_core,degree_obs,0.8,8,12,630
email_eu_core,degree_obs,0.8,8,13,632
email_eu_core,degree_obs,0.8,8,14,643
email_eu_core,degree_obs,0.8,8,15,658
email_eu_core,degree_obs,0.8,8,16,661
email_eu_core,degree_obs,0.8,8,17,664
email_eu_core,degree_obs,0.8,8,18,671
email_eu_core,degree_obs,0.8,8,19,674
email_eu_core,degree_obs,0.8,8,20,676
email_eu_core,degree_obs,0.8,8,21,683
email_eu_core,degree_obs,0.8,8,22,685
email_eu_core,degree_obs,0.8,8,23,712
email_eu_core,degree_obs,0.8,8,24,717
email_eu_core,degree_obs,0.8,8,25,718
email_eu_core,degree_obs,0.8,8,26,724
email_eu_core,degree_obs,0.8,8,27,726
email_eu_core,degree_obs,0.8,8,28,730
email_eu_core,degree_obs,0.8,8,29,738
email_eu_core,degree_obs,0.8,8,30,739
email_eu_core,degree_obs,0.8,9,1,334
email_eu_core,degree_obs,0.8,9,2,406
email_eu_core,degree_obs,0.8,9,3,441
email_eu_core,degree_obs,0.8,9,4,460
email_eu_core,degree_obs,0.8,9,5,475
email_eu_core,degree_obs,0.8,9,6,517
email_eu_core,degree_obs,0.8,9,7,552
email_eu_core,degree_obs,0.8,9,8,562
email_eu_core,degree_obs,0.8,9,9,575
email_eu_core,degree_obs,0.8,9,10,595
email_eu_core,degree_obs,0.8,9,11,620
email_eu_core,degree_obs,0.8,9,12,625
email_eu_core,degree_obs,0.8,9,13,632
email_eu_core,degree_obs,0.8,9,14,648
email_eu_core,degree_obs,0.8,9,15,651
email_eu_core,degree_obs,0.8,9,16,681
email_eu_core,degree_obs,0.8,9,17,685
email_eu_core,degree_obs,0.8,9,18,694
email_eu_core,degree_obs,0.8,9,19,695
email_eu_core,degree_obs,0.8,9,20,697
email_eu_core,degree_obs,0.8,9,21,702
email_eu_core,degree_obs,0.8,9,22,709
email_eu_core,degree_obs,0.8,9,23,710
email_eu_core,degree_obs,0.8,9,24,712
email_eu_core,degree_obs,0.8,9,25,718
email_eu_core,degree_obs,0.8,9,26,723
email_eu_core,degree_obs,0.8,9,27,726
email_eu_core,degree_obs,0.8,9,28,728
email_eu_core,degree_obs,0.8,9,29,735
email_eu_core,degree_obs,0.8,9,30,740
email_eu_core,degree_obs,0.8,10,1,334
email_eu_core,degree_obs,0.8,10,2,406
email_eu_core,degree_obs,0.8,10,3,441
email_eu_core,degree_obs,0.8,10,4,460
email_eu_core,degree_obs,0.8,10,5,508
email_eu_core,degree_obs,0.8,10,6,517
email_eu_core,degree_obs,0.8,10,7,552
email_eu_core,degree_obs,0.8,10,8,590
email_eu_core,degree_obs,0.8,10,9,602
email_eu_core,degree_obs,0.8,10,10,608
email_eu_core,degree_obs,0.8,10,11,612
email_eu_core,degree_obs,0.8,10,12,619
email_eu_core,degree_obs,0.8,10,13,632
email_eu_core,degree_obs,0.8,10,14,636
email_eu_core,degree_obs,0.8,10,15,651
email_eu_core,degree_obs,0.8,10,16,654
email_eu_core,degree_obs,0.8,10,17,655
email_eu_core,degree_obs,0.8,10,18,666
email_eu_core,degree_obs,0.8,10,19,672
email_eu_core,degree_obs,0.8,10,20,674
email_eu_core,degree_obs,0.8,10,21,701
email_eu_core,degree_obs,0.8,10,22,708
email_eu_core,degree_obs,0.8,10,23,711
email_eu_core,degree_obs,0.8,10,24,712
email_eu_core,degree_obs,0.8,10,25,720
email_eu_core,degree_obs,0.8,10,26,727
email_eu_core,degree_obs,0.8,10,27,729
email_eu_core,degree_obs,0.8,10,28,731
email_eu_core,degree_obs,0.8,10,29,731
email_eu_core,degree_obs,0.8,10,30,733
email_eu_core,degree_obs,0.8,11,1,334
email_eu_core,degree_obs,0.8,11,2,406
email_eu_core,degree_obs,0.8,11,3,441
email_eu_core,degree_obs,0.8,11,4,496
email_eu_core,degree_obs,0.8,11,5,508
email_eu_core,degree_obs,0.8,11,6,517
email_eu_core,degree_obs,0.8,11,7,528
email_eu_core,degree_obs,0.8,11,8,563
email_eu_core,degree_obs,0.8,11,9,570
email_eu_core,degree_obs,0.8,11,10,604
email_eu_core,degree_obs,0.8,11,11,612
email_eu_core,degree_obs,0.8,11,12,625
email_eu_core,degree_obs,0.8,11,13,632
email_eu_core,degree_obs,0.8,11,14,640
email_eu_core,degree_obs,0.8,11,15,655
email_eu_core,degree_obs,0.8,11,16,657
email_eu_core,degree_obs,0.8,11,17,668
email_eu_core,degree_obs,0.8,11,18,671
email_eu_core,degree_obs,0.8,11,19,700
email_eu_core,degree_obs,0.8,11,20,702
email_eu_core,degree_obs,0.8,11,21,703
email_eu_core,degree_obs,0.8,11,22,709
email_eu_core,degree_obs,0.8,11,23,712
email_eu_core,degree_obs,0.8,11,24,713
email_eu_core,degree_obs,0.8,11,25,714
email_eu_core,degree_obs,0.8,11,26,721
email_eu_core,degree_obs,0.8,11,27,729
email_eu_core,degree_obs,0.8,11,28,734
email_eu_core,degree_obs,0.8,11,29,736
email_eu_core,degree_obs,0.8,11,30,744
email_eu_core,degree_obs,0.8,12,1,334
email_eu_core,degree_obs,0.8,12,2,416
email_eu_core,degree_obs,0.8,12,3,441
email_eu_core,degree_obs,0.8,12,4,496
email_eu_core,degree_obs,0.8,12,5,508
email_eu_core,degree_obs,0.8,12,6,517
email_eu_core,degree_obs,0.8,12,7,552
email_eu_core,degree_obs,0.8,12,8,563
email_eu_core,degree_obs,0.8,12,9,600
email_eu_core,degree_obs,0.8,12,10,604
email_eu_core,degree_obs,0.8,12,11,619
email_eu_core,degree_obs,0.8,12,12,625
email_eu_core,degree_obs,0.8,12,13,642
email_eu_core,degree_obs,0.8,12,14,649
email_eu_core,degree_obs,0.8,12,15,653
email_eu_core,degree_obs,0.8,12,16,663
email_eu_core,degree_obs,0.8,12,17,670
email_eu_core,degree_obs,0.8,12,18,675
email_eu_core,degree_obs,0.8,12,19,678
email_eu_core,degree_obs,0.8,12,20,679
email_eu_core,degree_obs,0.8,12,21,682
email_eu_core,degree_obs,0.8,12,22,692
email_eu_core,degree_obs,0.8,12,23,694
email_eu_core,degree_obs,0.8,12,24,696
email_eu_core,degree_obs,0.8,12,25,721
email_eu_core,degree_obs,0.8,12,26,726
email_eu_core,degree_obs,0.8,12,27,727
email_eu_core,degree_obs,0.8,12,28,728
email_eu_core,degree_obs,0.8,12,29,731
email_eu_core,degree_obs,0.8,12,30,736
email_eu_core,degree_obs,0.8,13,1,334
email_eu_core,degree_obs,0.8,13,2,406
email_eu_core,degree_obs,0.8,13,3,441
email_eu_core,degree_obs,0.8,13,4,496
email_eu_core,degree_obs,0.8,13,5,508
email_eu_core,degree_obs,0.8,13,6,517
email_eu_core,degree_obs,0.8,13,7,552
email_eu_core,degree_obs,0.8,13,8,590
email_eu_core,degree_obs,0.8,13,9,602
email_eu_core,degree_obs,0.8,13,10,607
email_eu_core,degree_obs,0.8,13,11,620
email_eu_core,degree_obs,0.8,13,12,625
email_eu_core,degree_obs,0.8,13,13,656
email_eu_core,degree_obs,0.8,13,14,662
email_eu_core,degree_obs,0.8,13,15,678
email_eu_core,degree_obs,0.8,13,16,684
email_eu_core,degree_obs,0.8,13,17,685
email_eu_core,degree_obs,0.8,13,18,686
email_eu_core,degree_obs,0.8,13,19,693
email_eu_core,degree_obs,0.8,13,20,700
email_eu_core,degree_obs,0.8,13,21,704
email_eu_core,degree_obs,0.8,13,22,705
email_eu_core,degree_obs,0.8,13,23,712
email_eu_core,degree_obs,0.8,13,24,719
email_eu_core,degree_obs,0.8,13,25,724
email_eu_core,degree_obs,0.8,13,26,725
email_eu_core,degree_obs,0.8,13,27,733
email_eu_core,degree_obs,0.8,13,28,737
email_eu_core,degree_obs,0.8,13,29,746
email_eu_core,degree_obs,0.8,13,30,749
email_eu_core,degree_obs,0.8,14,1,334
email_eu_core,degree_obs,0.8,14,2,406
email_eu_core,degree_obs,0.8,14,3,441
email_eu_core,degree_obs,0.8,14,4,496
email_eu_core,degree_obs,0.8,14,5,508
email_eu_core,degree_obs,0.8,14,6,517
email_eu_core,degree_obs,0.8,14,7,552
email_eu_core,degree_obs,0.8,14,8,568
email_eu_core,degree_obs,0.8,14,9,575
email_eu_core,degree_obs,0.8,14,10,580
email_eu_core,degree_obs,0.8,14,11,612
email_eu_core,degree_obs,0.8,14,12,625
email_eu_core,degree_obs,0.8,14,13,632
email_eu_core,degree_obs,0.8,14,14,662
email_eu_core,degree_obs,0.8,14,15,673
email_eu_core,degree_obs,0.8,14,16,681
email_eu_core,degree_obs,0.8,14,17,695
email_eu_core,degree_obs,0.8,14,18,696
email_eu_core,degree_obs,0.8,14,19,703
email_eu_core,degree_obs,0.8,14,20,712
email_eu_core,degree_obs,0.8,14,21,718
email_eu_core,degree_obs,0.8,14,22,721
email_eu_core,degree_obs,0.8,14,23,723
email_eu_core,degree_obs,0.8,14,24,724
email_eu_core,degree_obs,0.8,14,25,725
email_eu_core,degree_obs,0.8,14,26,729
email_eu_core,degree_obs,0.8,14,27,730
email_eu_core,degree_obs,0.8,14,28,735
email_eu_core,degree_obs,0.8,14,29,740
email_eu_core,degree_obs,0.8,14,30,746
email_eu_core,degree_obs,0.8,15,1,334
email_eu_core,degree_obs,0.8,15,2,406
email_eu_core,degree_obs,0.8,15,3,441
email_eu_core,degree_obs,0.8,15,4,460
email_eu_core,degree_obs,0.8,15,5,508
email_eu_core,degree_obs,0.8,15,6,517
email_eu_core,degree_obs,0.8,15,7,552
email_eu_core,degree_obs,0.8,15,8,568
email_eu_core,degree_obs,0.8,15,9,575
email_eu_core,degree_obs,0.8,15,10,608
email_eu_core,degree_obs,0.8,15,11,616
email_eu_core,degree_obs,0.8,15,12,619
email_eu_core,degree_obs,0.8,15,13,628
email_eu_core,degree_obs,0.8,15,14,641
email_eu_core,degree_obs,0.8,15,15,656
email_eu_core,degree_obs,0.8,15,16,666
email_eu_core,degree_obs,0.8,15,17,695
email_eu_core,degree_obs,0.8,15,18,697
email_eu_core,degree_obs,0.8,15,19,698
email_eu_core,degree_obs,0.8,15,20,700
email_eu_core,degree_obs,0.8,15,21,703
email_eu_core,degree_obs,0.8,15,22,711
email_eu_core,degree_obs,0.8,15,23,712
email_eu_core,degree_obs,0.8,15,24,715
email_eu_core,degree_obs,0.8,15,25,720
email_eu_core,degree_obs,0.8,15,26,725
email_eu_core,degree_obs,0.8,15,27,727
email_eu_core,degree_obs,0.8,15,28,730
email_eu_core,degree_obs,0.8,15,29,735
email_eu_core,degree_obs,0.8,15,30,742
email_eu_core,degree_obs,0.8,16,1,334
email_eu_core,degree_obs,0.8,16,2,406
email_eu_core,degree_obs,0.8,16,3,441
email_eu_core,degree_obs,0.8,16,4,460
email_eu_core,degree_obs,0.8,16,5,508
email_eu_core,degree_obs,0.8,16,6,517
email_eu_core,degree_obs,0.8,16,7,552
email_eu_core,degree_obs,0.8,16,8,563
email_eu_core,degree_obs,0.8,16,9,600
email_eu_core,degree_obs,0.8,16,10,608
email_eu_core,degree_obs,0.8,16,11,612
email_eu_core,degree_obs,0.8,16,12,625
email_eu_core,degree_obs,0.8,16,13,632
email_eu_core,degree_obs,0.8,16,14,662
email_eu_core,degree_obs,0.8,16,15,666
email_eu_core,degree_obs,0.8,16,16,681
email_eu_core,degree_obs,0.8,16,17,691
email_eu_core,degree_obs,0.8,16,18,692
email_eu_core,degree_obs,0.8,16,19,693
email_eu_core,degree_obs,0.8,16,20,696
email_eu_core,degree_obs,0.8,16,21,702
email_eu_core,degree_obs,0.8,16,22,709
email_eu_core,degree_obs,0.8,16,23,716
email_eu_core,degree_obs,0.8,16,24,717
email_eu_core,degree_obs,0.8,16,25,718
email_eu_core,degree_obs,0.8,16,26,720
email_eu_core,degree_obs,0.8,16,27,722
email_eu_core,degree_obs,0.8,16,28,724
email_eu_core,degree_obs,0.8,16,29,731
email_eu_core,degree_obs,0.8,16,30,732
email_eu_core,degree_obs,0.8,17,1,334
email_eu_core,degree_obs,0.8,17,2,406
email_eu_core,degree_obs,0.8,17,3,441
email_eu_core,degree_obs,0.8,17,4,460
email_eu_core,degree_obs,0.8,17,5,508
email_eu_core,degree_obs,0.8,17,6,517
email_eu_core,degree_obs,0.8,17,7,552
email_eu_core,degree_obs,0.8,17,8,563
email_eu_core,degree_obs,0.8,17,9,575
email_eu_core,degree_obs,0.8,17,10,608
email_eu_core,degree_obs,0.8,17,11,612
email_eu_core,degree_obs,0.8,17,12,619
email_eu_core,degree_obs,0.8,17,13,632
email_eu_core,degree_obs,0.8,17,14,640
email_eu_core,degree_obs,0.8,17,15,645
email_eu_core,degree_obs,0.8,17,16,675
email_eu_core,degree_obs,0.8,17,17,689
email_eu_core,degree_obs,0.8,17,18,698
email_eu_core,degree_obs,0.8,17,19,700
email_eu_core,degree_obs,0.8,17,20,703
email_eu_core,degree_obs,0.8,17,21,709
email_eu_core,degree_obs,0.8,17,22,710
email_eu_core,degree_obs,0.8,17,23,712
email_eu_core,degree_obs,0.8,17,24,720
email_eu_core,degree_obs,0.8,17,25,720
email_eu_core,degree_obs,0.8,17,26,728
email_eu_core,degree_obs,0.8,17,27,730
email_eu_core,degree_obs,0.8,17,28,735
email_eu_core,degree_obs,0.8,17,29,740
email_eu_core,degree_obs,0.8,17,30,743
email_eu_core,degree_obs,0.8,18,1,334
email_eu_core,degree_obs,0.8,18,2,406
email_eu_core,degree_obs,0.8,18,3,441
email_eu_core,degree_obs,0.8,18,4,460
email_eu_core,degree_obs,0.8,18,5,508
email_eu_core,degree_obs,0.8,18,6,517
email_eu_core,degree_obs,0.8,18,7,552
email_eu_core,degree_obs,0.8,18,8,563
email_eu_core,degree_obs,0.8,18,9,575
email_eu_core,degree_obs,0.8,18,10,596
email_eu_core,degree_obs,0.8,18,11,622
email_eu_core,degree_obs,0.8,18,12,625
email_eu_core,degree_obs,0.8,18,13,632
email_eu_core,degree_obs,0.8,18,14,662
email_eu_core,degree_obs,0.8,18,15,664
email_eu_core,degree_obs,0.8,18,16,669
email_eu_core,degree_obs,0.8,18,17,677
email_eu_core,degree_obs,0.8,18,18,691
email_eu_core,degree_obs,0.8,18,19,700
email_eu_core,degree_obs,0.8,18,20,702
email_eu_core,degree_obs,0.8,18,21,707
email_eu_core,degree_obs,0.8,18,22,708
email_eu_core,degree_obs,0.8,18,23,711
email_eu_core,degree_obs,0.8,18,24,719
email_eu_core,degree_obs,0.8,18,25,724
email_eu_core,degree_obs,0.8,18,26,727
email_eu_core,degree_obs,0.8,18,27,730
email_eu_core,degree_obs,0.8,18,28,736
email_eu_core,degree_obs,0.8,18,29,742
email_eu_core,degree_obs,0.8,18,30,745
email_eu_core,degree_obs,0.8,19,1,334
email_eu_core,degree_obs,0.8,19,2,406
email_eu_core,degree_obs,0.8,19,3,441
email_eu_core,degree_obs,0.8,19,4,496
email_eu_core,degree_obs,0.8,19,5,508
email_eu_core,degree_obs,0.8,19,6,517
email_eu_core,degree_obs,0.8,19,7,552
email_eu_core,degree_obs,0.8,19,8,568
email_eu_core,degree_obs,0.8,19,9,575
email_eu_core,degree_obs,0.8,19,10,608
email_eu_core,degree_obs,0.8,19,11,612
email_eu_core,degree_obs,0.8,19,12,625
email_eu_core,degree_obs,0.8,19,13,627
email_eu_core,degree_obs,0.8,19,14,634
email_eu_core,degree_obs,0.8,19,15,651
email_eu_core,degree_obs,0.8,19,16,657
email_eu_core,degree_obs,0.8,19,17,668
email_eu_core,degree_obs,0.8,19,18,675
email_eu_core,degree_obs,0.8,19,19,677
email_eu_core,degree_obs,0.8,19,20,680
email_eu_core,degree_obs,0.8,19,21,682
email_eu_core,degree_obs,0.8,19,22,692
email_eu_core,degree_obs,0.8,19,23,718
email_eu_core,degree_obs,0.8,19,24,718
email_eu_core,degree_obs,0.8,19,25,723
email_eu_core,degree_obs,0.8,19,26,727
email_eu_core,degree_obs,0.8,19,27,729
email_eu_core,degree_obs,0.8,19,28,737
email_eu_core,degree_obs,0.8,19,29,739
email_eu_core,degree_obs,0.8,19,30,740
facebook_politician,greedy_f,,,1,324
facebook_politician,greedy_f,,,2,551
facebook_politician,greedy_f,,,3,769
facebook_politician,greedy_f,,,4,942
facebook_politician,greedy_f,,,5,1101
facebook_politician,greedy_f,,,6,1235
facebook_politician,greedy_f,,,7,1361
facebook_politician,greedy_f,,,8,1473
facebook_politician,greedy_f,,,9,1582
facebook_politician,greedy_f,,,10,1677
facebook_politician,greedy_f,,,11,1768
facebook_politician,greedy_f,,,12,1856
facebook_politician,greedy_f,,,13,1930
facebook_politician,greedy_f,,,14,1998
facebook_politician,greedy_f,,,15,2059
facebook_politician,greedy_f,,,16,2119
facebook_politician,greedy_f,,,17,2179
facebook_politician,greedy_f,,,18,2238
facebook_politician,greedy_f,,,19,2296
facebook_politician,greedy_f,,,20,2351
facebook_politician,greedy_f,,,21,2405
facebook_politician,greedy_f,,,22,2458
facebook_politician,greedy_f,,,23,2506
facebook_politician,greedy_f,,,24,2553
facebook_politician,greedy_f,,,25,2595
facebook_politician,greedy_f,,,26,2637
facebook_politician,greedy_f,,,27,2678
facebook_politician,greedy_f,,,28,2718
facebook_politician,greedy_f,,,29,2756
facebook_politician,greedy_f,,,30,2794
facebook_politician,random,,0,1,4
facebook_politician,random,,0,2,22
facebook_politician,random,,0,3,46
facebook_politician,random,,0,4,48
facebook_politician,random,,0,5,92
facebook_politician,random,,0,6,93
facebook_politician,random,,0,7,109
facebook_politician,random,,0,8,111
facebook_politician,random,,0,9,115
facebook_politician,random,,0,10,142
facebook_politician,random,,0,11,150
facebook_politician,random,,0,12,161
facebook_politician,random,,0,13,166
facebook_politician,random,,0,14,219
facebook_politician,random,,0,15,314
facebook_politician,random,,0,16,316
facebook_politician,random,,0,17,321
facebook_politician,random,,0,18,329
facebook_politician,random,,0,19,358
facebook_politician,random,,0,20,370
facebook_politician,random,,0,21,401
facebook_politician,random,,0,22,403
facebook_politician,random,,0,23,440
facebook_politician,random,,0,24,453
facebook_politician,random,,0,25,455
facebook_politician,random,,0,26,459
facebook_politician,random,,0,27,462
facebook_politician,random,,0,28,474
facebook_politician,random,,0,29,480
facebook_politician,random,,0,30,483
facebook_politician,random,,1,1,3
facebook_politician,random,,1,2,13
facebook_politician,random,,1,3,64
facebook_politician,random,,1,4,78
facebook_politician,random,,1,5,82
facebook_politician,random,,1,6,88
facebook_politician,random,,1,7,90
facebook_politician,random,,1,8,113
facebook_politician,random,,1,9,116
facebook_politician,random,,1,10,132
facebook_politician,random,,1,11,142
facebook_politician,random,,1,12,161
facebook_politician,random,,1,13,200
facebook_politician,random,,1,14,211
facebook_politician,random,,1,15,215
facebook_politician,random,,1,16,217
facebook_politician,random,,1,17,238
facebook_politician,random,,1,18,260
facebook_politician,random,,1,19,264
facebook_politician,random,,1,20,269
facebook_politician,random,,1,21,276
facebook_politician,random,,1,22,291
facebook_politician,random,,1,23,302
facebook_politician,random,,1,24,304
facebook_politician,random,,1,25,317
facebook_politician,random,,1,26,334
facebook_politician,random,,1,27,339
facebook_politician,random,,1,28,353
facebook_politician,random,,1,29,383
facebook_politician,random,,1,30,389
facebook_politician,random,,2,1,2
facebook_politician,random,,2,2,31
facebook_politician,random,,2,3,107
facebook_politician,random,,2,4,111
facebook_politician,random,,2,5,120
facebook_politician,random,,2,6,122
facebook_politician,random,,2,7,126
facebook_politician,random,,2,8,154
facebook_politician,random,,2,9,170
facebook_politician,random,,2,10,191
facebook_politician,random,,2,11,194
facebook_politician,random,,2,12,195
facebook_politician,random,,2,13,253
facebook_politician,random,,2,14,262
facebook_politician,random,,2,15,268
facebook_politician,random,,2,16,271
facebook_politician,random,,2,17,301
facebook_politician,random,,2,18,303
facebook_politician,random,,2,19,319
facebook_politician,random,,2,20,324
facebook_politician,random,,2,21,344
facebook_politician,random,,2,22,345
facebook_politician,random,,2,23,376
facebook_politician,random,,2,24,393
facebook_politician,random,,2,25,403
facebook_politician,random,,2,26,405
facebook_politician,random,,2,27,409
facebook_politician,random,,2,28,458
facebook_politician,random,,2,29,472
facebook_politician,random,,2,30,474
facebook_politician,random,,3,1,16
facebook_politician,random,,3,2,122
facebook_politician,random,,3,3,136
facebook_politician,random,,3,4,251
facebook_politician,random,,3,5,265
facebook_politician,random,,3,6,280
facebook_politician,random,,3,7,286
facebook_politician,random,,3,8,301
facebook_politician,random,,3,9,305
facebook_politician,random,,3,10,309
facebook_politician,random,,3,11,334
facebook_politician,random,,3,12,356
facebook_politician,random,,3,13,359
facebook_politician,random,,3,14,363
facebook_politician,random,,3,15,381
facebook_politician,random,,3,16,382
facebook_politician,random,,3,17,409
facebook_politician,random,,3,18,417
facebook_politician,random,,3,19,422
facebook_politician,random,,3,20,441
facebook_politician,random,,3,21,458
facebook_politician,random,,3,22,460
facebook_politician,random,,3,23,468
facebook_politician,random,,3,24,474
facebook_politician,random,,3,25,476
facebook_politician,random,,3,26,480
facebook_politician,random,,3,27,518
facebook_politician,random,,3,28,523
facebook_politician,random,,3,29,559
facebook_politician,random,,3,30,587
facebook_politician,random,,4,1,3
facebook_politician,random,,4,2,8
facebook_politician,random,,4,3,11
facebook_politician,random,,4,4,61
facebook_politician,random,,4,5,63
facebook_politician,random,,4,6,67
facebook_politician,random,,4,7,136
facebook_politician,random,,4,8,138
facebook_politician,random,,4,9,140
facebook_politician,random,,4,10,158
facebook_politician,random,,4,11,169
facebook_politician,random,,4,12,176
facebook_politician,random,,4,13,207
facebook_politician,random,,4,14,210
facebook_politician,random,,4,15,212
facebook_politician,random,,4,16,224
facebook_politician,random,,4,17,233
facebook_politician,random,,4,18,236
facebook_politician,random,,4,19,241
facebook_politician,random,,4,20,248
facebook_politician,random,,4,21,288
facebook_politician,random,,4,22,329
facebook_politician,random,,4,23,346
facebook_politician,random,,4,24,352
facebook_politician,random,,4,25,371
facebook_politician,random,,4,26,381
facebook_politician,random,,4,27,383
facebook_politician,random,,4,28,390
facebook_politician,random,,4,29,400
facebook_politician,random,,4,30,404
facebook_politician,random,,5,1,7
facebook_politician,random,,5,2,11
facebook_politician,random,,5,3,16
facebook_politician,random,,5,4,23
facebook_politician,random,,5,5,42
facebook_politician,random,,5,6,48
facebook_politician,random,,5,7,67
facebook_politician,random,,5,8,76
facebook_politician,random,,5,9,105
facebook_politician,random,,5,10,119
facebook_politician,random,,5,11,146
facebook_politician,random,,5,12,159
facebook_politician,random,,5,13,179
facebook_politician,random,,5,14,205
facebook_politician,random,,5,15,216
facebook_politician,random,,5,16,234
facebook_politician,random,,5,17,254
facebook_politician,random,,5,18,275
facebook_politician,random,,5,19,291
facebook_politician,random,,5,20,293
facebook_politician,random,,5,21,305
facebook_politician,random,,5,22,308
facebook_politician,random,,5,23,316
facebook_politician,random,,5,24,319
facebook_politician,random,,5,25,340
facebook_politician,random,,5,26,343
facebook_politician,random,,5,27,362
facebook_politician,random,,5,28,371
facebook_politician,random,,5,29,377
facebook_politician,random,,5,30,382
facebook_politician,random,,6,1,44
facebook_politician,random,,6,2,72
facebook_politician,random,,6,3,98
facebook_politician,random,,6,4,102
facebook_politician,random,,6,5,106
facebook_politician,random,,6,6,110
facebook_politician,random,,6,7,114
facebook_politician,random,,6,8,122
facebook_politician,random,,6,9,124
facebook_politician,random,,6,10,133
facebook_politician,random,,6,11,178
facebook_politician,random,,6,12,180
facebook_politician,random,,6,13,196
facebook_politician,random,,6,14,221
facebook_politician,random,,6,15,223
facebook_politician,random,,6,16,275
facebook_politician,random,,6,17,279
facebook_politician,random,,6,18,314
facebook_politician,random,,6,19,333
facebook_politician,random,,6,20,334
facebook_politician,random,,6,21,357
facebook_politician,random,,6,22,359
facebook_politician,random,,6,23,369
facebook_politician,random,,6,24,378
facebook_politician,random,,6,25,385
facebook_politician,random,,6,26,409
facebook_politician,random,,6,27,426
facebook_politician,random,,6,28,427
facebook_politician,random,,6,29,434
facebook_politician,random,,6,30,437
facebook_politician,random,,7,1,18
facebook_politician,random,,7,2,26
facebook_politician,random,,7,3,31
facebook_politician,random,,7,4,52
facebook_politician,random,,7,5,96
facebook_politician,random,,7,6,98
facebook_politician,random,,7,7,109
facebook_politician,random,,7,8,137
facebook_politician,random,,7,9,142
facebook_politician,random,,7,10,147
facebook_politician,random,,7,11,243
facebook_politician,random,,7,12,251
facebook_politician,random,,7,13,263
facebook_politician,random,,7,14,280
facebook_politician,random,,7,15,282
facebook_politician,random,,7,16,290
facebook_politician,random,,7,17,317
facebook_politician,random,,7,18,345
facebook_politician,random,,7,19,380
facebook_politician,random,,7,20,395
facebook_politician,random,,7,21,396
facebook_politician,random,,7,22,399
facebook_politician,random,,7,23,400
facebook_politician,random,,7,24,402
facebook_politician,random,,7,25,404
facebook_politician,random,,7,26,412
facebook_politician,random,,7,27,416
facebook_politician,random,,7,28,450
facebook_politician,random,,7,29,452
facebook_politician,random,,7,30,454
facebook_politician,random,,8,1,35
facebook_politician,random,,8,2,46
facebook_politician,random,,8,3,60
facebook_politician,random,,8,4,76
facebook_politician,random,,8,5,104
facebook_politician,random,,8,6,109
facebook_politician,random,,8,7,111
facebook_politician,random,,8,8,185
facebook_politician,random,,8,9,188
facebook_politician,random,,8,10,190
facebook_politician,random,,8,11,217
facebook_politician,random,,8,12,220
facebook_politician,random,,8,13,224
facebook_politician,random,,8,14,227
facebook_politician,random,,8,15,239
facebook_politician,random,,8,16,256
facebook_politician,random,,8,17,259
facebook_politician,random,,8,18,280
facebook_politician,random,,8,19,312
facebook_politician,random,,8,20,354
facebook_politician,random,,8,21,362
facebook_politician,random,,8,22,362
facebook_politician,random,,8,23,370
facebook_politician,random,,8,24,372
facebook_politician,random,,8,25,375
facebook_politician,random,,8,26,394
facebook_politician,random,,8,27,398
facebook_politician,random,,8,28,419
facebook_politician,random,,8,29,426
facebook_politician,random,,8,30,432
facebook_politician,random,,9,1,22
facebook_politician,random,,9,2,29
facebook_politician,random,,9,3,39
facebook_politician,random,,9,4,57
facebook_politician,random,,9,5,70
facebook_politician,random,,9,6,73
facebook_politician,random,,9,7,80
facebook_politician,random,,9,8,85
facebook_politician,random,,9,9,111
facebook_politician,random,,9,10,113
facebook_politician,random,,9,11,131
facebook_politician,random,,9,12,148
facebook_politician,random,,9,13,150
facebook_politician,random,,9,14,155
facebook_politician,random,,9,15,168
facebook_politician,random,,9,16,181
facebook_politician,random,,9,17,206
facebook_politician,random,,9,18,210
facebook_politician,random,,9,19,215
facebook_politician,random,,9,20,218
facebook_politician,random,,9,21,225
facebook_politician,random,,9,22,228
facebook_politician,random,,9,23,237
facebook_politician,random,,9,24,273
facebook_politician,random,,9,25,277
facebook_politician,random,,9,26,293
facebook_politician,random,,9,27,301
facebook_politician,random,,9,28,306
facebook_politician,random,,9,29,309
facebook_politician,random,,9,30,314
facebook_politician,degree_obs,0.3,0,1,324
facebook_politician,degree_obs,0.3,0,2,415
facebook_politician,degree_obs,0.3,0,3,638
facebook_politician,degree_obs,0.3,0,4,852
facebook_politician,degree_obs,0.3,0,5,908
facebook_politician,degree_obs,0.3,0,6,938
facebook_politician,degree_obs,0.3,0,7,996
facebook_politician,degree_obs,0.3,0,8,1002
facebook_politician,degree_obs,0.3,0,9,1175
facebook_politician,degree_obs,0.3,0,10,1304
facebook_politician,degree_obs,0.3,0,11,1349
facebook_politician,degree_obs,0.3,0,12,1469
facebook_politician,degree_obs,0.3,0,13,1527
facebook_politician,degree_obs,0.3,0,14,1531
facebook_politician,degree_obs,0.3,0,15,1534
facebook_politician,degree_obs,0.3,0,16,1536
facebook_politician,degree_obs,0.3,0,17,1541
facebook_politician,degree_obs,0.3,0,18,1563
facebook_politician,degree_obs,0.3,0,19,1565
facebook_politician,degree_obs,0.3,0,20,1565
facebook_politician,degree_obs,0.3,0,21,1615
facebook_politician,degree_obs,0.3,0,22,1615
facebook_politician,degree_obs,0.3,0,23,1616
facebook_politician,degree_obs,0.3,0,24,1624
facebook_politician,degree_obs,0.3,0,25,1758
facebook_politician,degree_obs,0.3,0,26,1775
facebook_politician,degree_obs,0.3,0,27,1800
facebook_politician,degree_obs,0.3,0,28,1898
facebook_politician,degree_obs,0.3,0,29,1898
facebook_politician,degree_obs,0.3,0,30,1899
facebook_politician,degree_obs,0.3,1,1,324
facebook_politician,degree_obs,0.3,1,2,551
facebook_politician,degree_obs,0.3,1,3,769
facebook_politician,degree_obs,0.3,1,4,833
facebook_politician,degree_obs,0.3,1,5,917
facebook_politician,degree_obs,0.3,1,6,969
facebook_politician,degree_obs,0.3,1,7,1124
facebook_politician,degree_obs,0.3,1,8,1182
facebook_politician,degree_obs,0.3,1,9,1355
facebook_politician,degree_obs,0.3,1,10,1364
facebook_politician,degree_obs,0.3,1,11,1379
facebook_politician,degree_obs,0.3,1,12,1384
facebook_politician,degree_obs,0.3,1,13,1392
facebook_politician,degree_obs,0.3,1,14,1415
facebook_politician,degree_obs,0.3,1,15,1549
facebook_politician,degree_obs,0.3,1,16,1551
facebook_politician,degree_obs,0.3,1,17,1563
facebook_politician,degree_obs,0.3,1,18,1563
facebook_politician,degree_obs,0.3,1,19,1686
facebook_politician,degree_obs,0.3,1,20,1688
facebook_politician,degree_obs,0.3,1,21,1690
facebook_politician,degree_obs,0.3,1,22,1692
facebook_politician,degree_obs,0.3,1,23,1692
facebook_politician,degree_obs,0.3,1,24,1802
facebook_politician,degree_obs,0.3,1,25,1813
facebook_politician,degree_obs,0.3,1,26,1831
facebook_politician,degree_obs,0.3,1,27,1847
facebook_politician,degree_obs,0.3,1,28,1847
facebook_politician,degree_obs,0.3,1,29,1886
facebook_politician,degree_obs,0.3,1,30,1979
facebook_politician,degree_obs,0.3,2,1,324
facebook_politician,degree_obs,0.3,2,2,415
facebook_politician,degree_obs,0.3,2,3,610
facebook_politician,degree_obs,0.3,2,4,680
facebook_politician,degree_obs,0.3,2,5,885
facebook_politician,degree_obs,0.3,2,6,975
facebook_politician,degree_obs,0.3,2,7,996
facebook_politician,degree_obs,0.3,2,8,1030
facebook_politician,degree_obs,0.3,2,9,1203
facebook_politician,degree_obs,0.3,2,10,1360
facebook_politician,degree_obs,0.3,2,11,1399
facebook_politician,degree_obs,0.3,2,12,1427
facebook_politician,degree_obs,0.3,2,13,1428
facebook_politician,degree_obs,0.3,2,14,1429
facebook_politician,degree_obs,0.3,2,15,1551
facebook_politician,degree_obs,0.3,2,16,1553
facebook_politician,degree_obs,0.3,2,17,1557
facebook_politician,degree_obs,0.3,2,18,1560
facebook_politician,degree_obs,0.3,2,19,1608
facebook_politician,degree_obs,0.3,2,20,1643
facebook_politician,degree_obs,0.3,2,21,1644
facebook_politician,degree_obs,0.3,2,22,1778
facebook_politician,degree_obs,0.3,2,23,1789
facebook_politician,degree_obs,0.3,2,24,1790
facebook_politician,degree_obs,0.3,2,25,1794
facebook_politician,degree_obs,0.3,2,26,1898
facebook_politician,degree_obs,0.3,2,27,1937
facebook_politician,degree_obs,0.3,2,28,1938
facebook_politician,degree_obs,0.3,2,29,1940
facebook_politician,degree_obs,0.3,2,30,1994
facebook_politician,degree_obs,0.3,3,1,324
facebook_politician,degree_obs,0.3,3,2,415
facebook_politician,degree_obs,0.3,3,3,642
facebook_politician,degree_obs,0.3,3,4,859
facebook_politician,degree_obs,0.3,3,5,890
facebook_politician,degree_obs,0.3,3,6,949
facebook_politician,degree_obs,0.3,3,7,1000
facebook_politician,degree_obs,0.3,3,8,1042
facebook_politician,degree_obs,0.3,3,9,1047
facebook_politician,degree_obs,0.3,3,10,1052
facebook_politician,degree_obs,0.3,3,11,1078
facebook_politician,degree_obs,0.3,3,12,1078
facebook_politician,degree_obs,0.3,3,13,1235
facebook_politician,degree_obs,0.3,3,14,1235
facebook_politician,degree_obs,0.3,3,15,1239
facebook_politician,degree_obs,0.3,3,16,1361
facebook_politician,degree_obs,0.3,3,17,1369
facebook_politician,degree_obs,0.3,3,18,1374
facebook_politician,degree_obs,0.3,3,19,1399
facebook_politician,degree_obs,0.3,3,20,1457
facebook_politician,degree_obs,0.3,3,21,1630
facebook_politician,degree_obs,0.3,3,22,1633
facebook_politician,degree_obs,0.3,3,23,1658
facebook_politician,degree_obs,0.3,3,24,1660
facebook_politician,degree_obs,0.3,3,25,1663
facebook_politician,degree_obs,0.3,3,26,1797
facebook_politician,degree_obs,0.3,3,27,1804
facebook_politician,degree_obs,0.3,3,28,1909
facebook_politician,degree_obs,0.3,3,29,1918
facebook_politician,degree_obs,0.3,3,30,2029
facebook_politician,degree_obs,0.3,4,1,324
facebook_politician,degree_obs,0.3,4,2,415
facebook_politician,degree_obs,0.3,4,3,635
facebook_politician,degree_obs,0.3,4,4,692
facebook_politician,degree_obs,0.3,4,5,722
facebook_politician,degree_obs,0.3,4,6,773
facebook_politician,degree_obs,0.3,4,7,984
facebook_politician,degree_obs,0.3,4,8,1011
facebook_politician,degree_obs,0.3,4,9,1165
facebook_politician,degree_obs,0.3,4,10,1223
facebook_politician,degree_obs,0.3,4,11,1224
facebook_politician,degree_obs,0.3,4,12,1236
facebook_politician,degree_obs,0.3,4,13,1236
facebook_politician,degree_obs,0.3,4,14,1356
facebook_politician,degree_obs,0.3,4,15,1467
facebook_politician,degree_obs,0.3,4,16,1516
facebook_politician,degree_obs,0.3,4,17,1524
facebook_politician,degree_obs,0.3,4,18,1527
facebook_politician,degree_obs,0.3,4,19,1529
facebook_politician,degree_obs,0.3,4,20,1540
facebook_politician,degree_obs,0.3,4,21,1713
facebook_politician,degree_obs,0.3,4,22,1715
facebook_politician,degree_obs,0.3,4,23,1717
facebook_politician,degree_obs,0.3,4,24,1741
facebook_politician,degree_obs,0.3,4,25,1742
facebook_politician,degree_obs,0.3,4,26,1858
facebook_politician,degree_obs,0.3,4,27,1861
facebook_politician,degree_obs,0.3,4,28,1863
facebook_politician,degree_obs,0.3,4,29,1898
facebook_politician,degree_obs,0.3,4,30,1988
facebook_politician,degree_obs,0.3,5,1,324
facebook_politician,degree_obs,0.3,5,2,415
facebook_politician,degree_obs,0.3,5,3,610
facebook_politician,degree_obs,0.3,5,4,827
facebook_politician,degree_obs,0.3,5,5,917
facebook_politician,degree_obs,0.3,5,6,938
facebook_politician,degree_obs,0.3,5,7,996
facebook_politician,degree_obs,0.3,5,8,1042
facebook_politician,degree_obs,0.3,5,9,1070
facebook_politician,degree_obs,0.3,5,10,1070
facebook_politician,degree_obs,0.3,5,11,1190
facebook_politician,degree_obs,0.3,5,12,1347
facebook_politician,degree_obs,0.3,5,13,1348
facebook_politician,degree_obs,0.3,5,14,1353
facebook_politician,degree_obs,0.3,5,15,1356
facebook_politician,degree_obs,0.3,5,16,1400
facebook_politician,degree_obs,0.3,5,17,1402
facebook_politician,degree_obs,0.3,5,18,1575
facebook_politician,degree_obs,0.3,5,19,1578
facebook_politician,degree_obs,0.3,5,20,1588
facebook_politician,degree_obs,0.3,5,21,1590
facebook_politician,degree_obs,0.3,5,22,1699
facebook_politician,degree_obs,0.3,5,23,1701
facebook_politician,degree_obs,0.3,5,24,1707
facebook_politician,degree_obs,0.3,5,25,1719
facebook_politician,degree_obs,0.3,5,26,1742
facebook_politician,degree_obs,0.3,5,27,1854
facebook_politician,degree_obs,0.3,5,28,1875
facebook_politician,degree_obs,0.3,5,29,1878
facebook_politician,degree_obs,0.3,5,30,1979
facebook_politician,degree_obs,0.3,6,1,324
facebook_politician,degree_obs,0.3,6,2,548
facebook_politician,degree_obs,0.3,6,3,763
facebook_politician,degree_obs,0.3,6,4,838
facebook_politician,degree_obs,0.3,6,5,923
facebook_politician,degree_obs,0.3,6,6,941
facebook_politician,degree_obs,0.3,6,7,984
facebook_politician,degree_obs,0.3,6,8,1042
facebook_politician,degree_obs,0.3,6,9,1050
facebook_politician,degree_obs,0.3,6,10,1053
facebook_politician,degree_obs,0.3,6,11,1199
facebook_politician,degree_obs,0.3,6,12,1204
facebook_politician,degree_obs,0.3,6,13,1227
facebook_politician,degree_obs,0.3,6,14,1347
facebook_politician,degree_obs,0.3,6,15,1359
facebook_politician,degree_obs,0.3,6,16,1359
facebook_politician,degree_obs,0.3,6,17,1376
facebook_politician,degree_obs,0.3,6,18,1377
facebook_politician,degree_obs,0.3,6,19,1386
facebook_politician,degree_obs,0.3,6,20,1559
facebook_politician,degree_obs,0.3,6,21,1693
facebook_politician,degree_obs,0.3,6,22,1695
facebook_politician,degree_obs,0.3,6,23,1701
facebook_politician,degree_obs,0.3,6,24,1750
facebook_politician,degree_obs,0.3,6,25,1842
facebook_politician,degree_obs,0.3,6,26,1867
facebook_politician,degree_obs,0.3,6,27,1868
facebook_politician,degree_obs,0.3,6,28,1869
facebook_politician,degree_obs,0.3,6,29,1904
facebook_politician,degree_obs,0.3,6,30,1908
facebook_politician,degree_obs,0.3,7,1,324
facebook_politician,degree_obs,0.3,7,2,551
facebook_politician,degree_obs,0.3,7,3,769
facebook_politician,degree_obs,0.3,7,4,859
facebook_politician,degree_obs,0.3,7,5,918
facebook_politician,degree_obs,0.3,7,6,979
facebook_politician,degree_obs,0.3,7,7,1027
facebook_politician,degree_obs,0.3,7,8,1056
facebook_politician,degree_obs,0.3,7,9,1057
facebook_politician,degree_obs,0.3,7,10,1070
facebook_politician,degree_obs,0.3,7,11,1215
facebook_politician,degree_obs,0.3,7,12,1216
facebook_politician,degree_obs,0.3,7,13,1233
facebook_politician,degree_obs,0.3,7,14,1406
facebook_politician,degree_obs,0.3,7,15,1408
facebook_politician,degree_obs,0.3,7,16,1411
facebook_politician,degree_obs,0.3,7,17,1533
facebook_politician,degree_obs,0.3,7,18,1537
facebook_politician,degree_obs,0.3,7,19,1671
facebook_politician,degree_obs,0.3,7,20,1674
facebook_politician,degree_obs,0.3,7,21,1779
facebook_politician,degree_obs,0.3,7,22,1788
facebook_politician,degree_obs,0.3,7,23,1836
facebook_politician,degree_obs,0.3,7,24,1927
facebook_politician,degree_obs,0.3,7,25,1951
facebook_politician,degree_obs,0.3,7,26,1952
facebook_politician,degree_obs,0.3,7,27,1956
facebook_politician,degree_obs,0.3,7,28,1991
facebook_politician,degree_obs,0.3,7,29,2086
facebook_politician,degree_obs,0.3,7,30,2094
facebook_politician,degree_obs,0.3,8,1,324
facebook_politician,degree_obs,0.3,8,2,545
facebook_politician,degree_obs,0.3,8,3,635
facebook_politician,degree_obs,0.3,8,4,674
facebook_politician,degree_obs,0.3,8,5,745
facebook_politician,degree_obs,0.3,8,6,949
facebook_politician,degree_obs,0.3,8,7,997
facebook_politician,degree_obs,0.3,8,8,1040
facebook_politician,degree_obs,0.3,8,9,1069
facebook_politician,degree_obs,0.3,8,10,1214
facebook_politician,degree_obs,0.3,8,11,1218
facebook_politician,degree_obs,0.3,8,12,1222
facebook_politician,degree_obs,0.3,8,13,1344
facebook_politician,degree_obs,0.3,8,14,1517
facebook_politician,degree_obs,0.3,8,15,1532
facebook_politician,degree_obs,0.3,8,16,1544
facebook_politician,degree_obs,0.3,8,17,1560
facebook_politician,degree_obs,0.3,8,18,1618
facebook_politician,degree_obs,0.3,8,19,1720
facebook_politician,degree_obs,0.3,8,20,1722
facebook_politician,degree_obs,0.3,8,21,1726
facebook_politician,degree_obs,0.3,8,22,1727
facebook_politician,degree_obs,0.3,8,23,1735
facebook_politician,degree_obs,0.3,8,24,1774
facebook_politician,degree_obs,0.3,8,25,1791
facebook_politician,degree_obs,0.3,8,26,1815
facebook_politician,degree_obs,0.3,8,27,1948
facebook_politician,degree_obs,0.3,8,28,1948
facebook_politician,degree_obs,0.3,8,29,1949
facebook_politician,degree_obs,0.3,8,30,1964
facebook_politician,degree_obs,0.3,9,1,324
facebook_politician,degree_obs,0.3,9,2,415
facebook_politician,degree_obs,0.3,9,3,642
facebook_politician,degree_obs,0.3,9,4,713
facebook_politician,degree_obs,0.3,9,5,745
facebook_politician,degree_obs,0.3,9,6,949
facebook_politician,degree_obs,0.3,9,7,1000
facebook_politician,degree_obs,0.3,9,8,1173
facebook_politician,degree_obs,0.3,9,9,1215
facebook_politician,degree_obs,0.3,9,10,1361
facebook_politician,degree_obs,0.3,9,11,1377
facebook_politician,degree_obs,0.3,9,12,1404
facebook_politician,degree_obs,0.3,9,13,1405
facebook_politician,degree_obs,0.3,9,14,1405
facebook_politician,degree_obs,0.3,9,15,1408
facebook_politician,degree_obs,0.3,9,16,1528
facebook_politician,degree_obs,0.3,9,17,1578
facebook_politician,degree_obs,0.3,9,18,1581
facebook_politician,degree_obs,0.3,9,19,1585
facebook_politician,degree_obs,0.3,9,20,1587
facebook_politician,degree_obs,0.3,9,21,1590
facebook_politician,degree_obs,0.3,9,22,1593
facebook_politician,degree_obs,0.3,9,23,1703
facebook_politician,degree_obs,0.3,9,24,1714
facebook_politician,degree_obs,0.3,9,25,1715
facebook_politician,degree_obs,0.3,9,26,1729
facebook_politician,degree_obs,0.3,9,27,1741
facebook_politician,degree_obs,0.3,9,28,1743
facebook_politician,degree_obs,0.3,9,29,1778
facebook_politician,degree_obs,0.3,9,30,1779
facebook_politician,degree_obs,0.3,10,1,324
facebook_politician,degree_obs,0.3,10,2,525
facebook_politician,degree_obs,0.3,10,3,616
facebook_politician,degree_obs,0.3,10,4,701
facebook_politician,degree_obs,0.3,10,5,917
facebook_politician,degree_obs,0.3,10,6,938
facebook_politician,degree_obs,0.3,10,7,972
facebook_politician,degree_obs,0.3,10,8,1030
facebook_politician,degree_obs,0.3,10,9,1069
facebook_politician,degree_obs,0.3,10,10,1073
facebook_politician,degree_obs,0.3,10,11,1074
facebook_politician,degree_obs,0.3,10,12,1077
facebook_politician,degree_obs,0.3,10,13,1078
facebook_politician,degree_obs,0.3,10,14,1206
facebook_politician,degree_obs,0.3,10,15,1210
facebook_politician,degree_obs,0.3,10,16,1212
facebook_politician,degree_obs,0.3,10,17,1334
facebook_politician,degree_obs,0.3,10,18,1468
facebook_politician,degree_obs,0.3,10,19,1516
facebook_politician,degree_obs,0.3,10,20,1529
facebook_politician,degree_obs,0.3,10,21,1530
facebook_politician,degree_obs,0.3,10,22,1538
facebook_politician,degree_obs,0.3,10,23,1545
facebook_politician,degree_obs,0.3,10,24,1545
facebook_politician,degree_obs,0.3,10,25,1547
facebook_politician,degree_obs,0.3,10,26,1595
facebook_politician,degree_obs,0.3,10,27,1687
facebook_politician,degree_obs,0.3,10,28,1698
facebook_politician,degree_obs,0.3,10,29,1702
facebook_politician,degree_obs,0.3,10,30,1703
facebook_politician,degree_obs,0.3,11,1,324
facebook_politician,degree_obs,0.3,11,2,548
facebook_politician,degree_obs,0.3,11,3,638
facebook_politician,degree_obs,0.3,11,4,859
facebook_politician,degree_obs,0.3,11,5,913
facebook_politician,degree_obs,0.3,11,6,940
facebook_politician,degree_obs,0.3,11,7,986
facebook_politician,degree_obs,0.3,11,8,1044
facebook_politician,degree_obs,0.3,11,9,1057
facebook_politician,degree_obs,0.3,11,10,1071
facebook_politician,degree_obs,0.3,11,11,1075
facebook_politician,degree_obs,0.3,11,12,1077
facebook_politician,degree_obs,0.3,11,13,1222
facebook_politician,degree_obs,0.3,11,14,1239
facebook_politician,degree_obs,0.3,11,15,1412
facebook_politician,degree_obs,0.3,11,16,1412
facebook_politician,degree_obs,0.3,11,17,1546
facebook_politician,degree_obs,0.3,11,18,1668
facebook_politician,degree_obs,0.3,11,19,1726
facebook_politician,degree_obs,0.3,11,20,1738
facebook_politician,degree_obs,0.3,11,21,1741
facebook_politician,degree_obs,0.3,11,22,1744
facebook_politician,degree_obs,0.3,11,23,1748
facebook_politician,degree_obs,0.3,11,24,1773
facebook_politician,degree_obs,0.3,11,25,1797
facebook_politician,degree_obs,0.3,11,26,1804
facebook_politician,degree_obs,0.3,11,27,1812
facebook_politician,degree_obs,0.3,11,28,1828
facebook_politician,degree_obs,0.3,11,29,1829
facebook_politician,degree_obs,0.3,11,30,1829
facebook_politician,degree_obs,0.3,12,1,324
facebook_politician,degree_obs,0.3,12,2,415
facebook_politician,degree_obs,0.3,12,3,635
facebook_politician,degree_obs,0.3,12,4,852
facebook_politician,degree_obs,0.3,12,5,890
facebook_politician,degree_obs,0.3,12,6,939
facebook_politician,degree_obs,0.3,12,7,972
facebook_politician,degree_obs,0.3,12,8,1030
facebook_politician,degree_obs,0.3,12,9,1069
facebook_politician,degree_obs,0.3,12,10,1070
facebook_politician,degree_obs,0.3,12,11,1198
facebook_politician,degree_obs,0.3,12,12,1371
facebook_politician,degree_obs,0.3,12,13,1482
facebook_politician,degree_obs,0.3,12,14,1605
facebook_politician,degree_obs,0.3,12,15,1611
facebook_politician,degree_obs,0.3,12,16,1745
facebook_politician,degree_obs,0.3,12,17,1745
facebook_politician,degree_obs,0.3,12,18,1802
facebook_politician,degree_obs,0.3,12,19,1844
facebook_politician,degree_obs,0.3,12,20,1848
facebook_politician,degree_obs,0.3,12,21,1851
facebook_politician,degree_obs,0.3,12,22,1876
facebook_politician,degree_obs,0.3,12,23,1966
facebook_politician,degree_obs,0.3,12,24,1982
facebook_politician,degree_obs,0.3,12,25,1983
facebook_politician,degree_obs,0.3,12,26,1995
facebook_politician,degree_obs,0.3,12,27,1996
facebook_politician,degree_obs,0.3,12,28,1997
facebook_politician,degree_obs,0.3,12,29,2013
facebook_politician,degree_obs,0.3,12,30,2020
facebook_politician,degree_obs,0.3,13,1,324
facebook_politician,degree_obs,0.3,13,2,551
facebook_politician,degree_obs,0.3,13,3,616
facebook_politician,degree_obs,0.3,13,4,701
facebook_politician,degree_obs,0.3,13,5,771
facebook_politician,degree_obs,0.3,13,6,792
facebook_politician,degree_obs,0.3,13,7,795
facebook_politician,degree_obs,0.3,13,8,842
facebook_politician,degree_obs,0.3,13,9,1043
facebook_politician,degree_obs,0.3,13,10,1048
facebook_politician,degree_obs,0.3,13,11,1207
facebook_politician,degree_obs,0.3,13,12,1231
facebook_politician,degree_obs,0.3,13,13,1259
facebook_politician,degree_obs,0.3,13,14,1432
facebook_politician,degree_obs,0.3,13,15,1434
facebook_politician,degree_obs,0.3,13,16,1435
facebook_politician,degree_obs,0.3,13,17,1547
facebook_politician,degree_obs,0.3,13,18,1548
facebook_politician,degree_obs,0.3,13,19,1549
facebook_politician,degree_obs,0.3,13,20,1655
facebook_politician,degree_obs,0.3,13,21,1670
facebook_politician,degree_obs,0.3,13,22,1673
facebook_politician,degree_obs,0.3,13,23,1793
facebook_politician,degree_obs,0.3,13,24,1837
facebook_politician,degree_obs,0.3,13,25,1913
facebook_politician,degree_obs,0.3,13,26,1915
facebook_politician,degree_obs,0.3,13,27,1923
facebook_politician,degree_obs,0.3,13,28,1926
facebook_politician,degree_obs,0.3,13,29,1935
facebook_politician,degree_obs,0.3,13,30,1935
facebook_politician,degree_obs,0.3,14,1,324
facebook_politician,degree_obs,0.3,14,2,551
facebook_politician,degree_obs,0.3,14,3,642
facebook_politician,degree_obs,0.3,14,4,859
facebook_politician,degree_obs,0.3,14,5,890
facebook_politician,degree_obs,0.3,14,6,939
facebook_politician,degree_obs,0.3,14,7,982
facebook_politician,degree_obs,0.3,14,8,986
facebook_politician,degree_obs,0.3,14,9,1015
facebook_politician,degree_obs,0.3,14,10,1138
facebook_politician,degree_obs,0.3,14,11,1195
facebook_politician,degree_obs,0.3,14,12,1323
facebook_politician,degree_obs,0.3,14,13,1325
facebook_politician,degree_obs,0.3,14,14,1326
facebook_politician,degree_obs,0.3,14,15,1336
facebook_politician,degree_obs,0.3,14,16,1379
facebook_politician,degree_obs,0.3,14,17,1395
facebook_politician,degree_obs,0.3,14,18,1487
facebook_politician,degree_obs,0.3,14,19,1621
facebook_politician,degree_obs,0.3,14,20,1679
facebook_politician,degree_obs,0.3,14,21,1852
facebook_politician,degree_obs,0.3,14,22,1852
facebook_politician,degree_obs,0.3,14,23,1906
facebook_politician,degree_obs,0.3,14,24,1947
facebook_politician,degree_obs,0.3,14,25,1950
facebook_politician,degree_obs,0.3,14,26,1950
facebook_politician,degree_obs,0.3,14,27,1957
facebook_politician,degree_obs,0.3,14,28,1959
facebook_politician,degree_obs,0.3,14,29,1961
facebook_politician,degree_obs,0.3,14,30,1965
facebook_politician,degree_obs,0.3,15,1,324
facebook_politician,degree_obs,0.3,15,2,415
facebook_politician,degree_obs,0.3,15,3,635
facebook_politician,degree_obs,0.3,15,4,674
facebook_politician,degree_obs,0.3,15,5,890
facebook_politician,degree_obs,0.3,15,6,938
facebook_politician,degree_obs,0.3,15,7,996
facebook_politician,degree_obs,0.3,15,8,1042
facebook_politician,degree_obs,0.3,15,9,1043
facebook_politician,degree_obs,0.3,15,10,1070
facebook_politician,degree_obs,0.3,15,11,1243
facebook_politician,degree_obs,0.3,15,12,1248
facebook_politician,degree_obs,0.3,15,13,1252
facebook_politician,degree_obs,0.3,15,14,1397
facebook_politician,degree_obs,0.3,15,15,1519
facebook_politician,degree_obs,0.3,15,16,1536
facebook_politician,degree_obs,0.3,15,17,1594
facebook_politician,degree_obs,0.3,15,18,1598
facebook_politician,degree_obs,0.3,15,19,1606
facebook_politician,degree_obs,0.3,15,20,1608
facebook_politician,degree_obs,0.3,15,21,1632
facebook_politician,degree_obs,0.3,15,22,1634
facebook_politician,degree_obs,0.3,15,23,1768
facebook_politician,degree_obs,0.3,15,24,1793
facebook_politician,degree_obs,0.3,15,25,1794
facebook_politician,degree_obs,0.3,15,26,1797
facebook_politician,degree_obs,0.3,15,27,1804
facebook_politician,degree_obs,0.3,15,28,1815
facebook_politician,degree_obs,0.3,15,29,1816
facebook_politician,degree_obs,0.3,15,30,1816
facebook_politician,degree_obs,0.3,16,1,324
facebook_politician,degree_obs,0.3,16,2,548
facebook_politician,degree_obs,0.3,16,3,638
facebook_politician,degree_obs,0.3,16,4,803
facebook_politician,degree_obs,0.3,16,5,920
facebook_politician,degree_obs,0.3,16,6,941
facebook_politician,degree_obs,0.3,16,7,982
facebook_politician,degree_obs,0.3,16,8,1011
facebook_politician,degree_obs,0.3,16,9,1184
facebook_politician,degree_obs,0.3,16,10,1242
facebook_politician,degree_obs,0.3,16,11,1243
facebook_politician,degree_obs,0.3,16,12,1244
facebook_politician,degree_obs,0.3,16,13,1367
facebook_politician,degree_obs,0.3,16,14,1524
facebook_politician,degree_obs,0.3,16,15,1535
facebook_politician,degree_obs,0.3,16,16,1563
facebook_politician,degree_obs,0.3,16,17,1566
facebook_politician,degree_obs,0.3,16,18,1700
facebook_politician,degree_obs,0.3,16,19,1756
facebook_politician,degree_obs,0.3,16,20,1758
facebook_politician,degree_obs,0.3,16,21,1761
facebook_politician,degree_obs,0.3,16,22,1761
facebook_politician,degree_obs,0.3,16,23,1786
facebook_politician,degree_obs,0.3,16,24,1878
facebook_politician,degree_obs,0.3,16,25,1881
facebook_politician,degree_obs,0.3,16,26,1892
facebook_politician,degree_obs,0.3,16,27,1894
facebook_politician,degree_obs,0.3,16,28,1895
facebook_politician,degree_obs,0.3,16,29,1896
facebook_politician,degree_obs,0.3,16,30,1999
facebook_politician,degree_obs,0.3,17,1,324
facebook_politician,degree_obs,0.3,17,2,551
facebook_politician,degree_obs,0.3,17,3,769
facebook_politician,degree_obs,0.3,17,4,833
facebook_politician,degree_obs,0.3,17,5,855
facebook_politician,degree_obs,0.3,17,6,938
facebook_politician,degree_obs,0.3,17,7,1111
facebook_politician,degree_obs,0.3,17,8,1145
facebook_politician,degree_obs,0.3,17,9,1162
facebook_politician,degree_obs,0.3,17,10,1196
facebook_politician,degree_obs,0.3,17,11,1197
facebook_politician,degree_obs,0.3,17,12,1321
facebook_politician,degree_obs,0.3,17,13,1325
facebook_politician,degree_obs,0.3,17,14,1382
facebook_politician,degree_obs,0.3,17,15,1388
facebook_politician,degree_obs,0.3,17,16,1429
facebook_politician,degree_obs,0.3,17,17,1429
facebook_politician,degree_obs,0.3,17,18,1431
facebook_politician,degree_obs,0.3,17,19,1588
facebook_politician,degree_obs,0.3,17,20,1588
facebook_politician,degree_obs,0.3,17,21,1616
facebook_politician,degree_obs,0.3,17,22,1750
facebook_politician,degree_obs,0.3,17,23,1759
facebook_politician,degree_obs,0.3,17,24,1790
facebook_politician,degree_obs,0.3,17,25,1796
facebook_politician,degree_obs,0.3,17,26,1850
facebook_politician,degree_obs,0.3,17,27,1852
facebook_politician,degree_obs,0.3,17,28,1853
facebook_politician,degree_obs,0.3,17,29,1855
facebook_politician,degree_obs,0.3,17,30,1871
facebook_politician,degree_obs,0.3,18,1,324
facebook_politician,degree_obs,0.3,18,2,415
facebook_politician,degree_obs,0.3,18,3,635
facebook_politician,degree_obs,0.3,18,4,852
facebook_politician,degree_obs,0.3,18,5,911
facebook_politician,degree_obs,0.3,18,6,982
facebook_politician,degree_obs,0.3,18,7,1027
facebook_politician,degree_obs,0.3,18,8,1186
facebook_politician,degree_obs,0.3,18,9,1201
facebook_politician,degree_obs,0.3,18,10,1206
facebook_politician,degree_obs,0.3,18,11,1230
facebook_politician,degree_obs,0.3,18,12,1235
facebook_politician,degree_obs,0.3,18,13,1240
facebook_politician,degree_obs,0.3,18,14,1413
facebook_politician,degree_obs,0.3,18,15,1413
facebook_politician,degree_obs,0.3,18,16,1438
facebook_politician,degree_obs,0.3,18,17,1561
facebook_politician,degree_obs,0.3,18,18,1562
facebook_politician,degree_obs,0.3,18,19,1563
facebook_politician,degree_obs,0.3,18,20,1567
facebook_politician,degree_obs,0.3,18,21,1568
facebook_politician,degree_obs,0.3,18,22,1625
facebook_politician,degree_obs,0.3,18,23,1741
facebook_politician,degree_obs,0.3,18,24,1852
facebook_politician,degree_obs,0.3,18,25,1906
facebook_politician,degree_obs,0.3,18,26,1918
facebook_politician,degree_obs,0.3,18,27,1921
facebook_politician,degree_obs,0.3,18,28,1922
facebook_politician,degree_obs,0.3,18,29,1950
facebook_politician,degree_obs,0.3,18,30,1975
facebook_politician,degree_obs,0.3,19,1,324
facebook_politician,degree_obs,0.3,19,2,415
facebook_politician,degree_obs,0.3,19,3,591
facebook_politician,degree_obs,0.3,19,4,803
facebook_politician,degree_obs,0.3,19,5,921
facebook_politician,degree_obs,0.3,19,6,969
facebook_politician,degree_obs,0.3,19,7,1000
facebook_politician,degree_obs,0.3,19,8,1011
facebook_politician,degree_obs,0.3,19,9,1184
facebook_politician,degree_obs,0.3,19,10,1185
facebook_politician,degree_obs,0.3,19,11,1342
facebook_politician,degree_obs,0.3,19,12,1466
facebook_politician,degree_obs,0.3,19,13,1471
facebook_politician,degree_obs,0.3,19,14,1528
facebook_politician,degree_obs,0.3,19,15,1553
facebook_politician,degree_obs,0.3,19,16,1554
facebook_politician,degree_obs,0.3,19,17,1559
facebook_politician,degree_obs,0.3,19,18,1562
facebook_politician,degree_obs,0.3,19,19,1563
facebook_politician,degree_obs,0.3,19,20,1564
facebook_politician,degree_obs,0.3,19,21,1573
facebook_politician,degree_obs,0.3,19,22,1574
facebook_politician,degree_obs,0.3,19,23,1615
facebook_politician,degree_obs,0.3,19,24,1655
facebook_politician,degree_obs,0.3,19,25,1789
facebook_politician,degree_obs,0.3,19,26,1791
facebook_politician,degree_obs,0.3,19,27,1791
facebook_politician,degree_obs,0.3,19,28,1887
facebook_politician,degree_obs,0.3,19,29,1998
facebook_politician,degree_obs,0.3,19,30,2001
facebook_politician,degree_obs,0.5,0,1,324
facebook_politician,degree_obs,0.5,0,2,415
facebook_politician,degree_obs,0.5,0,3,638
facebook_politician,degree_obs,0.5,0,4,852
facebook_politician,degree_obs,0.5,0,5,890
facebook_politician,degree_obs,0.5,0,6,938
facebook_politician,degree_obs,0.5,0,7,996
facebook_politician,degree_obs,0.5,0,8,1169
facebook_politician,degree_obs,0.5,0,9,1175
facebook_politician,degree_obs,0.5,0,10,1220
facebook_politician,degree_obs,0.5,0,11,1221
facebook_politician,degree_obs,0.5,0,12,1350
facebook_politician,degree_obs,0.5,0,13,1355
facebook_politician,degree_obs,0.5,0,14,1475
facebook_politician,degree_obs,0.5,0,15,1533
facebook_politician,degree_obs,0.5,0,16,1583
facebook_politician,degree_obs,0.5,0,17,1585
facebook_politician,degree_obs,0.5,0,18,1609
facebook_politician,degree_obs,0.5,0,19,1610
facebook_politician,degree_obs,0.5,0,20,1611
facebook_politician,degree_obs,0.5,0,21,1745
facebook_politician,degree_obs,0.5,0,22,1748
facebook_politician,degree_obs,0.5,0,23,1783
facebook_politician,degree_obs,0.5,0,24,1786
facebook_politician,degree_obs,0.5,0,25,1786
facebook_politician,degree_obs,0.5,0,26,1787
facebook_politician,degree_obs,0.5,0,27,1788
facebook_politician,degree_obs,0.5,0,28,1805
facebook_politician,degree_obs,0.5,0,29,1817
facebook_politician,degree_obs,0.5,0,30,1817
facebook_politician,degree_obs,0.5,1,1,324
facebook_politician,degree_obs,0.5,1,2,415
facebook_politician,degree_obs,0.5,1,3,642
facebook_politician,degree_obs,0.5,1,4,701
facebook_politician,degree_obs,0.5,1,5,917
facebook_politician,degree_obs,0.5,1,6,975
facebook_politician,degree_obs,0.5,1,7,1027
facebook_politician,degree_obs,0.5,1,8,1200
facebook_politician,degree_obs,0.5,1,9,1215
facebook_politician,degree_obs,0.5,1,10,1243
facebook_politician,degree_obs,0.5,1,11,1400
facebook_politician,degree_obs,0.5,1,12,1405
facebook_politician,degree_obs,0.5,1,13,1409
facebook_politician,degree_obs,0.5,1,14,1409
facebook_politician,degree_obs,0.5,1,15,1421
facebook_politician,degree_obs,0.5,1,16,1427
facebook_politician,degree_obs,0.5,1,17,1427
facebook_politician,degree_obs,0.5,1,18,1550
facebook_politician,degree_obs,0.5,1,19,1653
facebook_politician,degree_obs,0.5,1,20,1709
facebook_politician,degree_obs,0.5,1,21,1734
facebook_politician,degree_obs,0.5,1,22,1868
facebook_politician,degree_obs,0.5,1,23,1869
facebook_politician,degree_obs,0.5,1,24,1870
facebook_politician,degree_obs,0.5,1,25,1961
facebook_politician,degree_obs,0.5,1,26,1971
facebook_politician,degree_obs,0.5,1,27,1972
facebook_politician,degree_obs,0.5,1,28,1974
facebook_politician,degree_obs,0.5,1,29,1976
facebook_politician,degree_obs,0.5,1,30,2017
facebook_politician,degree_obs,0.5,2,1,324
facebook_politician,degree_obs,0.5,2,2,415
facebook_politician,degree_obs,0.5,2,3,610
facebook_politician,degree_obs,0.5,2,4,680
facebook_politician,degree_obs,0.5,2,5,771
facebook_politician,degree_obs,0.5,2,6,792
facebook_politician,degree_obs,0.5,2,7,996
facebook_politician,degree_obs,0.5,2,8,1030
facebook_politician,degree_obs,0.5,2,9,1069
facebook_politician,degree_obs,0.5,2,10,1242
facebook_politician,degree_obs,0.5,2,11,1243
facebook_politician,degree_obs,0.5,2,12,1247
facebook_politician,degree_obs,0.5,2,13,1248
facebook_politician,degree_obs,0.5,2,14,1402
facebook_politician,degree_obs,0.5,2,15,1410
facebook_politician,degree_obs,0.5,2,16,1435
facebook_politician,degree_obs,0.5,2,17,1555
facebook_politician,degree_obs,0.5,2,18,1605
facebook_politician,degree_obs,0.5,2,19,1606
facebook_politician,degree_obs,0.5,2,20,1641
facebook_politician,degree_obs,0.5,2,21,1642
facebook_politician,degree_obs,0.5,2,22,1645
facebook_politician,degree_obs,0.5,2,23,1649
facebook_politician,degree_obs,0.5,2,24,1783
facebook_politician,degree_obs,0.5,2,25,1785
facebook_politician,degree_obs,0.5,2,26,1797
facebook_politician,degree_obs,0.5,2,27,1808
facebook_politician,degree_obs,0.5,2,28,1816
facebook_politician,degree_obs,0.5,2,29,1817
facebook_politician,degree_obs,0.5,2,30,1820
facebook_politician,degree_obs,0.5,3,1,324
facebook_politician,degree_obs,0.5,3,2,415
facebook_politician,degree_obs,0.5,3,3,610
facebook_politician,degree_obs,0.5,3,4,701
facebook_politician,degree_obs,0.5,3,5,917
facebook_politician,degree_obs,0.5,3,6,975
facebook_politician,degree_obs,0.5,3,7,1027
facebook_politician,degree_obs,0.5,3,8,1042
facebook_politician,degree_obs,0.5,3,9,1215
facebook_politician,degree_obs,0.5,3,10,1216
facebook_politician,degree_obs,0.5,3,11,1375
facebook_politician,degree_obs,0.5,3,12,1379
facebook_politician,degree_obs,0.5,3,13,1502
facebook_politician,degree_obs,0.5,3,14,1530
facebook_politician,degree_obs,0.5,3,15,1535
facebook_politician,degree_obs,0.5,3,16,1559
facebook_politician,degree_obs,0.5,3,17,1559
facebook_politician,degree_obs,0.5,3,18,1616
facebook_politician,degree_obs,0.5,3,19,1620
facebook_politician,degree_obs,0.5,3,20,1623
facebook_politician,degree_obs,0.5,3,21,1757
facebook_politician,degree_obs,0.5,3,22,1759
facebook_politician,degree_obs,0.5,3,23,1761
facebook_politician,degree_obs,0.5,3,24,1866
facebook_politician,degree_obs,0.5,3,25,1891
facebook_politician,degree_obs,0.5,3,26,1891
facebook_politician,degree_obs,0.5,3,27,1899
facebook_politician,degree_obs,0.5,3,28,1908
facebook_politician,degree_obs,0.5,3,29,1911
facebook_politician,degree_obs,0.5,3,30,1912
facebook_politician,degree_obs,0.5,4,1,324
facebook_politician,degree_obs,0.5,4,2,415
facebook_politician,degree_obs,0.5,4,3,638
facebook_politician,degree_obs,0.5,4,4,852
facebook_politician,degree_obs,0.5,4,5,908
facebook_politician,degree_obs,0.5,4,6,966
facebook_politician,degree_obs,0.5,4,7,996
facebook_politician,degree_obs,0.5,4,8,1030
facebook_politician,degree_obs,0.5,4,9,1069
facebook_politician,degree_obs,0.5,4,10,1070
facebook_politician,degree_obs,0.5,4,11,1243
facebook_politician,degree_obs,0.5,4,12,1244
facebook_politician,degree_obs,0.5,4,13,1401
facebook_politician,degree_obs,0.5,4,14,1406
facebook_politician,degree_obs,0.5,4,15,1409
facebook_politician,degree_obs,0.5,4,16,1411
facebook_politician,degree_obs,0.5,4,17,1436
facebook_politician,degree_obs,0.5,4,18,1548
facebook_politician,degree_obs,0.5,4,19,1552
facebook_politician,degree_obs,0.5,4,20,1562
facebook_politician,degree_obs,0.5,4,21,1696
facebook_politician,degree_obs,0.5,4,22,1697
facebook_politician,degree_obs,0.5,4,23,1805
facebook_politician,degree_obs,0.5,4,24,1806
facebook_politician,degree_obs,0.5,4,25,1809
facebook_politician,degree_obs,0.5,4,26,1930
facebook_politician,degree_obs,0.5,4,27,1942
facebook_politician,degree_obs,0.5,4,28,1980
facebook_politician,degree_obs,0.5,4,29,1982
facebook_politician,degree_obs,0.5,4,30,1988
facebook_politician,degree_obs,0.5,5,1,324
facebook_politician,degree_obs,0.5,5,2,415
facebook_politician,degree_obs,0.5,5,3,610
facebook_politician,degree_obs,0.5,5,4,827
facebook_politician,degree_obs,0.5,5,5,917
facebook_politician,degree_obs,0.5,5,6,938
facebook_politician,degree_obs,0.5,5,7,996
facebook_politician,degree_obs,0.5,5,8,1042
facebook_politician,degree_obs,0.5,5,9,1162
facebook_politician,degree_obs,0.5,5,10,1317
facebook_politician,degree_obs,0.5,5,11,1490
facebook_politician,degree_obs,0.5,5,12,1491
facebook_politician,degree_obs,0.5,5,13,1518
facebook_politician,degree_obs,0.5,5,14,1518
facebook_politician,degree_obs,0.5,5,15,1526
facebook_politician,degree_obs,0.5,5,16,1531
facebook_politician,degree_obs,0.5,5,17,1533
facebook_politician,degree_obs,0.5,5,18,1577
facebook_politician,degree_obs,0.5,5,19,1581
facebook_politician,degree_obs,0.5,5,20,1582
facebook_politician,degree_obs,0.5,5,21,1691
facebook_politician,degree_obs,0.5,5,22,1825
facebook_politician,degree_obs,0.5,5,23,1828
facebook_politician,degree_obs,0.5,5,24,1837
facebook_politician,degree_obs,0.5,5,25,1839
facebook_politician,degree_obs,0.5,5,26,1857
facebook_politician,degree_obs,0.5,5,27,1859
facebook_politician,degree_obs,0.5,5,28,1861
facebook_politician,degree_obs,0.5,5,29,1883
facebook_politician,degree_obs,0.5,5,30,1906
facebook_politician,degree_obs,0.5,6,1,324
facebook_politician,degree_obs,0.5,6,2,548
facebook_politician,degree_obs,0.5,6,3,769
facebook_politician,degree_obs,0.5,6,4,833
facebook_politician,degree_obs,0.5,6,5,917
facebook_politician,degree_obs,0.5,6,6,938
facebook_politician,degree_obs,0.5,6,7,984
facebook_politician,degree_obs,0.5,6,8,1042
facebook_politician,degree_obs,0.5,6,9,1047
facebook_politician,degree_obs,0.5,6,10,1073
facebook_politician,degree_obs,0.5,6,11,1074
facebook_politician,degree_obs,0.5,6,12,1079
facebook_politician,degree_obs,0.5,6,13,1080
facebook_politician,degree_obs,0.5,6,14,1253
facebook_politician,degree_obs,0.5,6,15,1373
facebook_politician,degree_obs,0.5,6,16,1501
facebook_politician,degree_obs,0.5,6,17,1545
facebook_politician,degree_obs,0.5,6,18,1602
facebook_politician,degree_obs,0.5,6,19,1611
facebook_politician,degree_obs,0.5,6,20,1613
facebook_politician,degree_obs,0.5,6,21,1653
facebook_politician,degree_obs,0.5,6,22,1655
facebook_politician,degree_obs,0.5,6,23,1656
facebook_politician,degree_obs,0.5,6,24,1657
facebook_politician,degree_obs,0.5,6,25,1659
facebook_politician,degree_obs,0.5,6,26,1671
facebook_politician,degree_obs,0.5,6,27,1673
facebook_politician,degree_obs,0.5,6,28,1807
facebook_politician,degree_obs,0.5,6,29,1813
facebook_politician,degree_obs,0.5,6,30,1905
facebook_politician,degree_obs,0.5,7,1,324
facebook_politician,degree_obs,0.5,7,2,551
facebook_politician,degree_obs,0.5,7,3,769
facebook_politician,degree_obs,0.5,7,4,859
facebook_politician,degree_obs,0.5,7,5,917
facebook_politician,degree_obs,0.5,7,6,938
facebook_politician,degree_obs,0.5,7,7,996
facebook_politician,degree_obs,0.5,7,8,1042
facebook_politician,degree_obs,0.5,7,9,1069
facebook_politician,degree_obs,0.5,7,10,1242
facebook_politician,degree_obs,0.5,7,11,1399
facebook_politician,degree_obs,0.5,7,12,1400
facebook_politician,degree_obs,0.5,7,13,1401
facebook_politician,degree_obs,0.5,7,14,1406
facebook_politician,degree_obs,0.5,7,15,1408
facebook_politician,degree_obs,0.5,7,16,1412
facebook_politician,degree_obs,0.5,7,17,1415
facebook_politician,degree_obs,0.5,7,18,1420
facebook_politician,degree_obs,0.5,7,19,1542
facebook_politician,degree_obs,0.5,7,20,1544
facebook_politician,degree_obs,0.5,7,21,1546
facebook_politician,degree_obs,0.5,7,22,1594
facebook_politician,degree_obs,0.5,7,23,1606
facebook_politician,degree_obs,0.5,7,24,1629
facebook_politician,degree_obs,0.5,7,25,1637
facebook_politician,degree_obs,0.5,7,26,1639
facebook_politician,degree_obs,0.5,7,27,1674
facebook_politician,degree_obs,0.5,7,28,1675
facebook_politician,degree_obs,0.5,7,29,1809
facebook_politician,degree_obs,0.5,7,30,1911
facebook_politician,degree_obs,0.5,8,1,324
facebook_politician,degree_obs,0.5,8,2,415
facebook_politician,degree_obs,0.5,8,3,642
facebook_politician,degree_obs,0.5,8,4,674
facebook_politician,degree_obs,0.5,8,5,730
facebook_politician,degree_obs,0.5,8,6,799
facebook_politician,degree_obs,0.5,8,7,841
facebook_politician,degree_obs,0.5,8,8,1042
facebook_politician,degree_obs,0.5,8,9,1069
facebook_politician,degree_obs,0.5,8,10,1070
facebook_politician,degree_obs,0.5,8,11,1215
facebook_politician,degree_obs,0.5,8,12,1388
facebook_politician,degree_obs,0.5,8,13,1393
facebook_politician,degree_obs,0.5,8,14,1395
facebook_politician,degree_obs,0.5,8,15,1399
facebook_politician,degree_obs,0.5,8,16,1521
facebook_politician,degree_obs,0.5,8,17,1537
facebook_politician,degree_obs,0.5,8,18,1538
facebook_politician,degree_obs,0.5,8,19,1564
facebook_politician,degree_obs,0.5,8,20,1565
facebook_politician,degree_obs,0.5,8,21,1582
facebook_politician,degree_obs,0.5,8,22,1674
facebook_politician,degree_obs,0.5,8,23,1686
facebook_politician,degree_obs,0.5,8,24,1694
facebook_politician,degree_obs,0.5,8,25,1697
facebook_politician,degree_obs,0.5,8,26,1755
facebook_politician,degree_obs,0.5,8,27,1856
facebook_politician,degree_obs,0.5,8,28,1858
facebook_politician,degree_obs,0.5,8,29,1991
facebook_politician,degree_obs,0.5,8,30,1998
facebook_politician,degree_obs,0.5,9,1,324
facebook_politician,degree_obs,0.5,9,2,551
facebook_politician,degree_obs,0.5,9,3,642
facebook_politician,degree_obs,0.5,9,4,674
facebook_politician,degree_obs,0.5,9,5,890
facebook_politician,degree_obs,0.5,9,6,949
facebook_politician,degree_obs,0.5,9,7,996
facebook_politician,degree_obs,0.5,9,8,1029
facebook_politician,degree_obs,0.5,9,9,1202
facebook_politician,degree_obs,0.5,9,10,1243
facebook_politician,degree_obs,0.5,9,11,1243
facebook_politician,degree_obs,0.5,9,12,1247
facebook_politician,degree_obs,0.5,9,13,1401
facebook_politician,degree_obs,0.5,9,14,1402
facebook_politician,degree_obs,0.5,9,15,1405
facebook_politician,degree_obs,0.5,9,16,1413
facebook_politician,degree_obs,0.5,9,17,1535
facebook_politician,degree_obs,0.5,9,18,1593
facebook_politician,degree_obs,0.5,9,19,1595
facebook_politician,degree_obs,0.5,9,20,1599
facebook_politician,degree_obs,0.5,9,21,1624
facebook_politician,degree_obs,0.5,9,22,1648
facebook_politician,degree_obs,0.5,9,23,1656
facebook_politician,degree_obs,0.5,9,24,1658
facebook_politician,degree_obs,0.5,9,25,1774
facebook_politician,degree_obs,0.5,9,26,1884
facebook_politician,degree_obs,0.5,9,27,1886
facebook_politician,degree_obs,0.5,9,28,1887
facebook_politician,degree_obs,0.5,9,29,1888
facebook_politician,degree_obs,0.5,9,30,1890
facebook_politician,degree_obs,0.5,10,1,324
facebook_politician,degree_obs,0.5,10,2,415
facebook_politician,degree_obs,0.5,10,3,610
facebook_politician,degree_obs,0.5,10,4,827
facebook_politician,degree_obs,0.5,10,5,917
facebook_politician,degree_obs,0.5,10,6,938
facebook_politician,degree_obs,0.5,10,7,984
facebook_politician,degree_obs,0.5,10,8,1011
facebook_politician,degree_obs,0.5,10,9,1069
facebook_politician,degree_obs,0.5,10,10,1070
facebook_politician,degree_obs,0.5,10,11,1071
facebook_politician,degree_obs,0.5,10,12,1075
facebook_politician,degree_obs,0.5,10,13,1197
facebook_politician,degree_obs,0.5,10,14,1351
facebook_politician,degree_obs,0.5,10,15,1382
facebook_politician,degree_obs,0.5,10,16,1440
facebook_politician,degree_obs,0.5,10,17,1442
facebook_politician,degree_obs,0.5,10,18,1576
facebook_politician,degree_obs,0.5,10,19,1579
facebook_politician,degree_obs,0.5,10,20,1752
facebook_politician,degree_obs,0.5,10,21,1755
facebook_politician,degree_obs,0.5,10,22,1780
facebook_politician,degree_obs,0.5,10,23,1790
facebook_politician,degree_obs,0.5,10,24,1791
facebook_politician,degree_obs,0.5,10,25,1793
facebook_politician,degree_obs,0.5,10,26,1795
facebook_politician,degree_obs,0.5,10,27,1797
facebook_politician,degree_obs,0.5,10,28,1804
facebook_politician,degree_obs,0.5,10,29,1815
facebook_politician,degree_obs,0.5,10,30,1815
facebook_politician,degree_obs,0.5,11,1,324
facebook_politician,degree_obs,0.5,11,2,415
facebook_politician,degree_obs,0.5,11,3,638
facebook_politician,degree_obs,0.5,11,4,859
facebook_politician,degree_obs,0.5,11,5,917
facebook_politician,degree_obs,0.5,11,6,938
facebook_politician,degree_obs,0.5,11,7,996
facebook_politician,degree_obs,0.5,11,8,999
facebook_politician,degree_obs,0.5,11,9,1032
facebook_politician,degree_obs,0.5,11,10,1036
facebook_politician,degree_obs,0.5,11,11,1075
facebook_politician,degree_obs,0.5,11,12,1075
facebook_politician,degree_obs,0.5,11,13,1232
facebook_politician,degree_obs,0.5,11,14,1354
facebook_politician,degree_obs,0.5,11,15,1412
facebook_politician,degree_obs,0.5,11,16,1585
facebook_politician,degree_obs,0.5,11,17,1587
facebook_politician,degree_obs,0.5,11,18,1592
facebook_politician,degree_obs,0.5,11,19,1596
facebook_politician,degree_obs,0.5,11,20,1599
facebook_politician,degree_obs,0.5,11,21,1601
facebook_politician,degree_obs,0.5,11,22,1735
facebook_politician,degree_obs,0.5,11,23,1747
facebook_politician,degree_obs,0.5,11,24,1749
facebook_politician,degree_obs,0.5,11,25,1751
facebook_politician,degree_obs,0.5,11,26,1753
facebook_politician,degree_obs,0.5,11,27,1778
facebook_politician,degree_obs,0.5,11,28,1880
facebook_politician,degree_obs,0.5,11,29,1888
facebook_politician,degree_obs,0.5,11,30,1912
facebook_politician,degree_obs,0.5,12,1,324
facebook_politician,degree_obs,0.5,12,2,415
facebook_politician,degree_obs,0.5,12,3,635
facebook_politician,degree_obs,0.5,12,4,674
facebook_politician,degree_obs,0.5,12,5,890
facebook_politician,degree_obs,0.5,12,6,938
facebook_politician,degree_obs,0.5,12,7,996
facebook_politician,degree_obs,0.5,12,8,1030
facebook_politician,degree_obs,0.5,12,9,1069
facebook_politician,degree_obs,0.5,12,10,1242
facebook_politician,degree_obs,0.5,12,11,1243
facebook_politician,degree_obs,0.5,12,12,1244
facebook_politician,degree_obs,0.5,12,13,1249
facebook_politician,degree_obs,0.5,12,14,1253
facebook_politician,degree_obs,0.5,12,15,1375
facebook_politician,degree_obs,0.5,12,16,1433
facebook_politician,degree_obs,0.5,12,17,1567
facebook_politician,degree_obs,0.5,12,18,1721
facebook_politician,degree_obs,0.5,12,19,1723
facebook_politician,degree_obs,0.5,12,20,1729
facebook_politician,degree_obs,0.5,12,21,1733
facebook_politician,degree_obs,0.5,12,22,1735
facebook_politician,degree_obs,0.5,12,23,1759
facebook_politician,degree_obs,0.5,12,24,1761
facebook_politician,degree_obs,0.5,12,25,1786
facebook_politician,degree_obs,0.5,12,26,1787
facebook_politician,degree_obs,0.5,12,27,1841
facebook_politician,degree_obs,0.5,12,28,1844
facebook_politician,degree_obs,0.5,12,29,1936
facebook_politician,degree_obs,0.5,12,30,1952
facebook_politician,degree_obs,0.5,13,1,324
facebook_politician,degree_obs,0.5,13,2,551
facebook_politician,degree_obs,0.5,13,3,584
facebook_politician,degree_obs,0.5,13,4,674
facebook_politician,degree_obs,0.5,13,5,722
facebook_politician,degree_obs,0.5,13,6,938
facebook_politician,degree_obs,0.5,13,7,996
facebook_politician,degree_obs,0.5,13,8,1030
facebook_politician,degree_obs,0.5,13,9,1069
facebook_politician,degree_obs,0.5,13,10,1197
facebook_politician,degree_obs,0.5,13,11,1198
facebook_politician,degree_obs,0.5,13,12,1255
facebook_politician,degree_obs,0.5,13,13,1259
facebook_politician,degree_obs,0.5,13,14,1432
facebook_politician,degree_obs,0.5,13,15,1433
facebook_politician,degree_obs,0.5,13,16,1556
facebook_politician,degree_obs,0.5,13,17,1558
facebook_politician,degree_obs,0.5,13,18,1559
facebook_politician,degree_obs,0.5,13,19,1600
facebook_politician,degree_obs,0.5,13,20,1605
facebook_politician,degree_obs,0.5,13,21,1608
facebook_politician,degree_obs,0.5,13,22,1742
facebook_politician,degree_obs,0.5,13,23,1759
facebook_politician,degree_obs,0.5,13,24,1774
facebook_politician,degree_obs,0.5,13,25,1821
facebook_politician,degree_obs,0.5,13,26,1822
facebook_politician,degree_obs,0.5,13,27,1863
facebook_politician,degree_obs,0.5,13,28,1863
facebook_politician,degree_obs,0.5,13,29,1864
facebook_politician,degree_obs,0.5,13,30,1872
facebook_politician,degree_obs,0.5,14,1,324
facebook_politician,degree_obs,0.5,14,2,415
facebook_politician,degree_obs,0.5,14,3,638
facebook_politician,degree_obs,0.5,14,4,859
facebook_politician,degree_obs,0.5,14,5,917
facebook_politician,degree_obs,0.5,14,6,938
facebook_politician,degree_obs,0.5,14,7,972
facebook_politician,degree_obs,0.5,14,8,1011
facebook_politician,degree_obs,0.5,14,9,1069
facebook_politician,degree_obs,0.5,14,10,1070
facebook_politician,degree_obs,0.5,14,11,1192
facebook_politician,degree_obs,0.5,14,12,1196
facebook_politician,degree_obs,0.5,14,13,1202
facebook_politician,degree_obs,0.5,14,14,1202
facebook_politician,degree_obs,0.5,14,15,1330
facebook_politician,degree_obs,0.5,14,16,1464
facebook_politician,degree_obs,0.5,14,17,1521
facebook_politician,degree_obs,0.5,14,18,1694
facebook_politician,degree_obs,0.5,14,19,1695
facebook_politician,degree_obs,0.5,14,20,1697
facebook_politician,degree_obs,0.5,14,21,1755
facebook_politician,degree_obs,0.5,14,22,1756
facebook_politician,degree_obs,0.5,14,23,1764
facebook_politician,degree_obs,0.5,14,24,1766
facebook_politician,degree_obs,0.5,14,25,1791
facebook_politician,degree_obs,0.5,14,26,1798
facebook_politician,degree_obs,0.5,14,27,1809
facebook_politician,degree_obs,0.5,14,28,1811
facebook_politician,degree_obs,0.5,14,29,1903
facebook_politician,degree_obs,0.5,14,30,1918
facebook_politician,degree_obs,0.5,15,1,324
facebook_politician,degree_obs,0.5,15,2,415
facebook_politician,degree_obs,0.5,15,3,638
facebook_politician,degree_obs,0.5,15,4,859
facebook_politician,degree_obs,0.5,15,5,917
facebook_politician,degree_obs,0.5,15,6,938
facebook_politician,degree_obs,0.5,15,7,996
facebook_politician,degree_obs,0.5,15,8,1030
facebook_politician,degree_obs,0.5,15,9,1033
facebook_politician,degree_obs,0.5,15,10,1206
facebook_politician,degree_obs,0.5,15,11,1243
facebook_politician,degree_obs,0.5,15,12,1365
facebook_politician,degree_obs,0.5,15,13,1369
facebook_politician,degree_obs,0.5,15,14,1526
facebook_politician,degree_obs,0.5,15,15,1554
facebook_politician,degree_obs,0.5,15,16,1688
facebook_politician,degree_obs,0.5,15,17,1691
facebook_politician,degree_obs,0.5,15,18,1693
facebook_politician,degree_obs,0.5,15,19,1697
facebook_politician,degree_obs,0.5,15,20,1705
facebook_politician,degree_obs,0.5,15,21,1706
facebook_politician,degree_obs,0.5,15,22,1707
facebook_politician,degree_obs,0.5,15,23,1765
facebook_politician,degree_obs,0.5,15,24,1768
facebook_politician,degree_obs,0.5,15,25,1769
facebook_politician,degree_obs,0.5,15,26,1771
facebook_politician,degree_obs,0.5,15,27,1775
facebook_politician,degree_obs,0.5,15,28,1800
facebook_politician,degree_obs,0.5,15,29,1801
facebook_politician,degree_obs,0.5,15,30,1804
facebook_politician,degree_obs,0.5,16,1,324
facebook_politician,degree_obs,0.5,16,2,415
facebook_politician,degree_obs,0.5,16,3,642
facebook_politician,degree_obs,0.5,16,4,859
facebook_politician,degree_obs,0.5,16,5,917
facebook_politician,degree_obs,0.5,16,6,969
facebook_politician,degree_obs,0.5,16,7,1027
facebook_politician,degree_obs,0.5,16,8,1042
facebook_politician,degree_obs,0.5,16,9,1069
facebook_politician,degree_obs,0.5,16,10,1226
facebook_politician,degree_obs,0.5,16,11,1399
facebook_politician,degree_obs,0.5,16,12,1400
facebook_politician,degree_obs,0.5,16,13,1428
facebook_politician,degree_obs,0.5,16,14,1433
facebook_politician,degree_obs,0.5,16,15,1435
facebook_politician,degree_obs,0.5,16,16,1439
facebook_politician,degree_obs,0.5,16,17,1562
facebook_politician,degree_obs,0.5,16,18,1563
facebook_politician,degree_obs,0.5,16,19,1564
facebook_politician,degree_obs,0.5,16,20,1575
facebook_politician,degree_obs,0.5,16,21,1576
facebook_politician,degree_obs,0.5,16,22,1585
facebook_politician,degree_obs,0.5,16,23,1719
facebook_politician,degree_obs,0.5,16,24,1775
facebook_politician,degree_obs,0.5,16,25,1777
facebook_politician,degree_obs,0.5,16,26,1779
facebook_politician,degree_obs,0.5,16,27,1804
facebook_politician,degree_obs,0.5,16,28,1805
facebook_politician,degree_obs,0.5,16,29,1805
facebook_politician,degree_obs,0.5,16,30,1808
facebook_politician,degree_obs,0.5,17,1,324
facebook_politician,degree_obs,0.5,17,2,551
facebook_politician,degree_obs,0.5,17,3,769
facebook_politician,degree_obs,0.5,17,4,801
facebook_politician,degree_obs,0.5,17,5,890
facebook_politician,degree_obs,0.5,17,6,938
facebook_politician,degree_obs,0.5,17,7,984
facebook_politician,degree_obs,0.5,17,8,1011
facebook_politician,degree_obs,0.5,17,9,1069
facebook_politician,degree_obs,0.5,17,10,1242
facebook_politician,degree_obs,0.5,17,11,1243
facebook_politician,degree_obs,0.5,17,12,1244
facebook_politician,degree_obs,0.5,17,13,1248
facebook_politician,degree_obs,0.5,17,14,1405
facebook_politician,degree_obs,0.5,17,15,1408
facebook_politician,degree_obs,0.5,17,16,1413
facebook_politician,degree_obs,0.5,17,17,1547
facebook_politician,degree_obs,0.5,17,18,1667
facebook_politician,degree_obs,0.5,17,19,1711
facebook_politician,degree_obs,0.5,17,20,1715
facebook_politician,degree_obs,0.5,17,21,1756
facebook_politician,degree_obs,0.5,17,22,1758
facebook_politician,degree_obs,0.5,17,23,1770
facebook_politician,degree_obs,0.5,17,24,1794
facebook_politician,degree_obs,0.5,17,25,1795
facebook_politician,degree_obs,0.5,17,26,1796
facebook_politician,degree_obs,0.5,17,27,1798
facebook_politician,degree_obs,0.5,17,28,1806
facebook_politician,degree_obs,0.5,17,29,1806
facebook_politician,degree_obs,0.5,17,30,1812
facebook_politician,degree_obs,0.5,18,1,324
facebook_politician,degree_obs,0.5,18,2,415
facebook_politician,degree_obs,0.5,18,3,635
facebook_politician,degree_obs,0.5,18,4,852
facebook_politician,degree_obs,0.5,18,5,890
facebook_politician,degree_obs,0.5,18,6,941
facebook_politician,degree_obs,0.5,18,7,1000
facebook_politician,degree_obs,0.5,18,8,1042
facebook_politician,degree_obs,0.5,18,9,1197
facebook_politician,degree_obs,0.5,18,10,1202
facebook_politician,degree_obs,0.5,18,11,1227
facebook_politician,degree_obs,0.5,18,12,1235
facebook_politician,degree_obs,0.5,18,13,1408
facebook_politician,degree_obs,0.5,18,14,1409
facebook_politician,degree_obs,0.5,18,15,1410
facebook_politician,degree_obs,0.5,18,16,1532
facebook_politician,degree_obs,0.5,18,17,1534
facebook_politician,degree_obs,0.5,18,18,1538
facebook_politician,degree_obs,0.5,18,19,1596
facebook_politician,degree_obs,0.5,18,20,1597
facebook_politician,degree_obs,0.5,18,21,1601
facebook_politician,degree_obs,0.5,18,22,1735
facebook_politician,degree_obs,0.5,18,23,1738
facebook_politician,degree_obs,0.5,18,24,1762
facebook_politician,degree_obs,0.5,18,25,1774
facebook_politician,degree_obs,0.5,18,26,1799
facebook_politician,degree_obs,0.5,18,27,1801
facebook_politician,degree_obs,0.5,18,28,1802
facebook_politician,degree_obs,0.5,18,29,1803
facebook_politician,degree_obs,0.5,18,30,1806
facebook_politician,degree_obs,0.5,19,1,324
facebook_politician,degree_obs,0.5,19,2,415
facebook_politician,degree_obs,0.5,19,3,635
facebook_politician,degree_obs,0.5,19,4,852
facebook_politician,degree_obs,0.5,19,5,923
facebook_politician,degree_obs,0.5,19,6,969
facebook_politician,degree_obs,0.5,19,7,1027
facebook_politician,degree_obs,0.5,19,8,1058
facebook_politician,degree_obs,0.5,19,9,1069
facebook_politician,degree_obs,0.5,19,10,1242
facebook_politician,degree_obs,0.5,19,11,1365
facebook_politician,degree_obs,0.5,19,12,1366
facebook_politician,degree_obs,0.5,19,13,1367
facebook_politician,degree_obs,0.5,19,14,1524
facebook_politician,degree_obs,0.5,19,15,1529
facebook_politician,degree_obs,0.5,19,16,1531
facebook_politician,degree_obs,0.5,19,17,1535
facebook_politician,degree_obs,0.5,19,18,1576
facebook_politician,degree_obs,0.5,19,19,1600
facebook_politician,degree_obs,0.5,19,20,1603
facebook_politician,degree_obs,0.5,19,21,1604
facebook_politician,degree_obs,0.5,19,22,1606
facebook_politician,degree_obs,0.5,19,23,1647
facebook_politician,degree_obs,0.5,19,24,1651
facebook_politician,degree_obs,0.5,19,25,1785
facebook_politician,degree_obs,0.5,19,26,1793
facebook_politician,degree_obs,0.5,19,27,1794
facebook_politician,degree_obs,0.5,19,28,1796
facebook_politician,degree_obs,0.5,19,29,1812
facebook_politician,degree_obs,0.5,19,30,1820
facebook_politician,degree_obs,0.8,0,1,324
facebook_politician,degree_obs,0.8,0,2,415
facebook_politician,degree_obs,0.8,0,3,638
facebook_politician,degree_obs,0.8,0,4,859
facebook_politician,degree_obs,0.8,0,5,890
facebook_politician,degree_obs,0.8,0,6,938
facebook_politician,degree_obs,0.8,0,7,996
facebook_politician,degree_obs,0.8,0,8,1042
facebook_politician,degree_obs,0.8,0,9,1215
facebook_politician,degree_obs,0.8,0,10,1242
facebook_politician,degree_obs,0.8,0,11,1243
facebook_politician,degree_obs,0.8,0,12,1244
facebook_politician,degree_obs,0.8,0,13,1398
facebook_politician,degree_obs,0.8,0,14,1402
facebook_politician,degree_obs,0.8,0,15,1410
facebook_politician,degree_obs,0.8,0,16,1435
facebook_politician,degree_obs,0.8,0,17,1558
facebook_politician,degree_obs,0.8,0,18,1563
facebook_politician,degree_obs,0.8,0,19,1565
facebook_politician,degree_obs,0.8,0,20,1606
facebook_politician,degree_obs,0.8,0,21,1607
facebook_politician,degree_obs,0.8,0,22,1608
facebook_politician,degree_obs,0.8,0,23,1617
facebook_politician,degree_obs,0.8,0,24,1619
facebook_politician,degree_obs,0.8,0,25,1659
facebook_politician,degree_obs,0.8,0,26,1671
facebook_politician,degree_obs,0.8,0,27,1805
facebook_politician,degree_obs,0.8,0,28,1807
facebook_politician,degree_obs,0.8,0,29,1808
facebook_politician,degree_obs,0.8,0,30,1811
facebook_politician,degree_obs,0.8,1,1,324
facebook_politician,degree_obs,0.8,1,2,415
facebook_politician,degree_obs,0.8,1,3,638
facebook_politician,degree_obs,0.8,1,4,859
facebook_politician,degree_obs,0.8,1,5,890
facebook_politician,degree_obs,0.8,1,6,938
facebook_politician,degree_obs,0.8,1,7,996
facebook_politician,degree_obs,0.8,1,8,1042
facebook_politician,degree_obs,0.8,1,9,1069
facebook_politician,degree_obs,0.8,1,10,1242
facebook_politician,degree_obs,0.8,1,11,1399
facebook_politician,degree_obs,0.8,1,12,1400
facebook_politician,degree_obs,0.8,1,13,1404
facebook_politician,degree_obs,0.8,1,14,1405
facebook_politician,degree_obs,0.8,1,15,1410
facebook_politician,degree_obs,0.8,1,16,1415
facebook_politician,degree_obs,0.8,1,17,1538
facebook_politician,degree_obs,0.8,1,18,1595
facebook_politician,degree_obs,0.8,1,19,1620
facebook_politician,degree_obs,0.8,1,20,1622
facebook_politician,degree_obs,0.8,1,21,1624
facebook_politician,degree_obs,0.8,1,22,1648
facebook_politician,degree_obs,0.8,1,23,1651
facebook_politician,degree_obs,0.8,1,24,1652
facebook_politician,degree_obs,0.8,1,25,1786
facebook_politician,degree_obs,0.8,1,26,1798
facebook_politician,degree_obs,0.8,1,27,1806
facebook_politician,degree_obs,0.8,1,28,1808
facebook_politician,degree_obs,0.8,1,29,1814
facebook_politician,degree_obs,0.8,1,30,1815
facebook_politician,degree_obs,0.8,2,1,324
facebook_politician,degree_obs,0.8,2,2,415
facebook_politician,degree_obs,0.8,2,3,642
facebook_politician,degree_obs,0.8,2,4,701
facebook_politician,degree_obs,0.8,2,5,917
facebook_politician,degree_obs,0.8,2,6,938
facebook_politician,degree_obs,0.8,2,7,996
facebook_politician,degree_obs,0.8,2,8,1042
facebook_politician,degree_obs,0.8,2,9,1069
facebook_politician,degree_obs,0.8,2,10,1242
facebook_politician,degree_obs,0.8,2,11,1243
facebook_politician,degree_obs,0.8,2,12,1244
facebook_politician,degree_obs,0.8,2,13,1248
facebook_politician,degree_obs,0.8,2,14,1405
facebook_politician,degree_obs,0.8,2,15,1410
facebook_politician,degree_obs,0.8,2,16,1435
facebook_politician,degree_obs,0.8,2,17,1557
facebook_politician,degree_obs,0.8,2,18,1558
facebook_politician,degree_obs,0.8,2,19,1561
facebook_politician,degree_obs,0.8,2,20,1619
facebook_politician,degree_obs,0.8,2,21,1623
facebook_politician,degree_obs,0.8,2,22,1624
facebook_politician,degree_obs,0.8,2,23,1649
facebook_politician,degree_obs,0.8,2,24,1651
facebook_politician,degree_obs,0.8,2,25,1743
facebook_politician,degree_obs,0.8,2,26,1877
facebook_politician,degree_obs,0.8,2,27,1878
facebook_politician,degree_obs,0.8,2,28,1886
facebook_politician,degree_obs,0.8,2,29,1898
facebook_politician,degree_obs,0.8,2,30,1900
facebook_politician,degree_obs,0.8,3,1,324
facebook_politician,degree_obs,0.8,3,2,415
facebook_politician,degree_obs,0.8,3,3,642
facebook_politician,degree_obs,0.8,3,4,701
facebook_politician,degree_obs,0.8,3,5,917
facebook_politician,degree_obs,0.8,3,6,938
facebook_politician,degree_obs,0.8,3,7,996
facebook_politician,degree_obs,0.8,3,8,1042
facebook_politician,degree_obs,0.8,3,9,1043
facebook_politician,degree_obs,0.8,3,10,1070
facebook_politician,degree_obs,0.8,3,11,1074
facebook_politician,degree_obs,0.8,3,12,1075
facebook_politician,degree_obs,0.8,3,13,1248
facebook_politician,degree_obs,0.8,3,14,1405
facebook_politician,degree_obs,0.8,3,15,1525
facebook_politician,degree_obs,0.8,3,16,1575
facebook_politician,degree_obs,0.8,3,17,1580
facebook_politician,degree_obs,0.8,3,18,1585
facebook_politician,degree_obs,0.8,3,19,1587
facebook_politician,degree_obs,0.8,3,20,1589
facebook_politician,degree_obs,0.8,3,21,1590
facebook_politician,degree_obs,0.8,3,22,1625
facebook_politician,degree_obs,0.8,3,23,1649
facebook_politician,degree_obs,0.8,3,24,1657
facebook_politician,degree_obs,0.8,3,25,1660
facebook_politician,degree_obs,0.8,3,26,1661
facebook_politician,degree_obs,0.8,3,27,1663
facebook_politician,degree_obs,0.8,3,28,1797
facebook_politician,degree_obs,0.8,3,29,1799
facebook_politician,degree_obs,0.8,3,30,1811
facebook_politician,degree_obs,0.8,4,1,324
facebook_politician,degree_obs,0.8,4,2,415
facebook_politician,degree_obs,0.8,4,3,638
facebook_politician,degree_obs,0.8,4,4,827
facebook_politician,degree_obs,0.8,4,5,917
facebook_politician,degree_obs,0.8,4,6,938
facebook_politician,degree_obs,0.8,4,7,996
facebook_politician,degree_obs,0.8,4,8,1042
facebook_politician,degree_obs,0.8,4,9,1069
facebook_politician,degree_obs,0.8,4,10,1070
facebook_politician,degree_obs,0.8,4,11,1243
facebook_politician,degree_obs,0.8,4,12,1397
facebook_politician,degree_obs,0.8,4,13,1405
facebook_politician,degree_obs,0.8,4,14,1406
facebook_politician,degree_obs,0.8,4,15,1410
facebook_politician,degree_obs,0.8,4,16,1415
facebook_politician,degree_obs,0.8,4,17,1440
facebook_politician,degree_obs,0.8,4,18,1441
facebook_politician,degree_obs,0.8,4,19,1444
facebook_politician,degree_obs,0.8,4,20,1567
facebook_politician,degree_obs,0.8,4,21,1624
facebook_politician,degree_obs,0.8,4,22,1758
facebook_politician,degree_obs,0.8,4,23,1759
facebook_politician,degree_obs,0.8,4,24,1761
facebook_politician,degree_obs,0.8,4,25,1786
facebook_politician,degree_obs,0.8,4,26,1794
facebook_politician,degree_obs,0.8,4,27,1795
facebook_politician,degree_obs,0.8,4,28,1796
facebook_politician,degree_obs,0.8,4,29,1888
facebook_politician,degree_obs,0.8,4,30,1891
facebook_politician,degree_obs,0.8,5,1,324
facebook_politician,degree_obs,0.8,5,2,415
facebook_politician,degree_obs,0.8,5,3,610
facebook_politician,degree_obs,0.8,5,4,827
facebook_politician,degree_obs,0.8,5,5,917
facebook_politician,degree_obs,0.8,5,6,938
facebook_politician,degree_obs,0.8,5,7,996
facebook_politician,degree_obs,0.8,5,8,1042
facebook_politician,degree_obs,0.8,5,9,1215
facebook_politician,degree_obs,0.8,5,10,1242
facebook_politician,degree_obs,0.8,5,11,1243
facebook_politician,degree_obs,0.8,5,12,1397
facebook_politician,degree_obs,0.8,5,13,1401
facebook_politician,degree_obs,0.8,5,14,1524
facebook_politician,degree_obs,0.8,5,15,1525
facebook_politician,degree_obs,0.8,5,16,1566
facebook_politician,degree_obs,0.8,5,17,1574
facebook_politician,degree_obs,0.8,5,18,1579
facebook_politician,degree_obs,0.8,5,19,1620
facebook_politician,degree_obs,0.8,5,20,1622
facebook_politician,degree_obs,0.8,5,21,1756
facebook_politician,degree_obs,0.8,5,22,1758
facebook_politician,degree_obs,0.8,5,23,1782
facebook_politician,degree_obs,0.8,5,24,1790
facebook_politician,degree_obs,0.8,5,25,1791
facebook_politician,degree_obs,0.8,5,26,1793
facebook_politician,degree_obs,0.8,5,27,1795
facebook_politician,degree_obs,0.8,5,28,1807
facebook_politician,degree_obs,0.8,5,29,1808
facebook_politician,degree_obs,0.8,5,30,1811
facebook_politician,degree_obs,0.8,6,1,324
facebook_politician,degree_obs,0.8,6,2,548
facebook_politician,degree_obs,0.8,6,3,638
facebook_politician,degree_obs,0.8,6,4,859
facebook_politician,degree_obs,0.8,6,5,890
facebook_politician,degree_obs,0.8,6,6,938
facebook_politician,degree_obs,0.8,6,7,996
facebook_politician,degree_obs,0.8,6,8,1042
facebook_politician,degree_obs,0.8,6,9,1047
facebook_politician,degree_obs,0.8,6,10,1048
facebook_politician,degree_obs,0.8,6,11,1074
facebook_politician,degree_obs,0.8,6,12,1247
facebook_politician,degree_obs,0.8,6,13,1248
facebook_politician,degree_obs,0.8,6,14,1405
facebook_politician,degree_obs,0.8,6,15,1433
facebook_politician,degree_obs,0.8,6,16,1438
facebook_politician,degree_obs,0.8,6,17,1558
facebook_politician,degree_obs,0.8,6,18,1560
facebook_politician,degree_obs,0.8,6,19,1610
facebook_politician,degree_obs,0.8,6,20,1618
facebook_politician,degree_obs,0.8,6,21,1621
facebook_politician,degree_obs,0.8,6,22,1622
facebook_politician,degree_obs,0.8,6,23,1657
facebook_politician,degree_obs,0.8,6,24,1658
facebook_politician,degree_obs,0.8,6,25,1659
facebook_politician,degree_obs,0.8,6,26,1666
facebook_politician,degree_obs,0.8,6,27,1677
facebook_politician,degree_obs,0.8,6,28,1679
facebook_politician,degree_obs,0.8,6,29,1813
facebook_politician,degree_obs,0.8,6,30,1905
facebook_politician,degree_obs,0.8,7,1,324
facebook_politician,degree_obs,0.8,7,2,415
facebook_politician,degree_obs,0.8,7,3,642
facebook_politician,degree_obs,0.8,7,4,859
facebook_politician,degree_obs,0.8,7,5,918
facebook_politician,degree_obs,0.8,7,6,949
facebook_politician,degree_obs,0.8,7,7,996
facebook_politician,degree_obs,0.8,7,8,1042
facebook_politician,degree_obs,0.8,7,9,1069
facebook_politician,degree_obs,0.8,7,10,1070
facebook_politician,degree_obs,0.8,7,11,1074
facebook_politician,degree_obs,0.8,7,12,1247
facebook_politician,degree_obs,0.8,7,13,1248
facebook_politician,degree_obs,0.8,7,14,1402
facebook_politician,degree_obs,0.8,7,15,1410
facebook_politician,degree_obs,0.8,7,16,1415
facebook_politician,degree_obs,0.8,7,17,1538
facebook_politician,degree_obs,0.8,7,18,1540
facebook_politician,degree_obs,0.8,7,19,1581
facebook_politician,degree_obs,0.8,7,20,1622
facebook_politician,degree_obs,0.8,7,21,1624
facebook_politician,degree_obs,0.8,7,22,1758
facebook_politician,degree_obs,0.8,7,23,1782
facebook_politician,degree_obs,0.8,7,24,1783
facebook_politician,degree_obs,0.8,7,25,1785
facebook_politician,degree_obs,0.8,7,26,1786
facebook_politician,degree_obs,0.8,7,27,1788
facebook_politician,degree_obs,0.8,7,28,1791
facebook_politician,degree_obs,0.8,7,29,1803
facebook_politician,degree_obs,0.8,7,30,1905
facebook_politician,degree_obs,0.8,8,1,324
facebook_politician,degree_obs,0.8,8,2,415
facebook_politician,degree_obs,0.8,8,3,610
facebook_politician,degree_obs,0.8,8,4,701
facebook_politician,degree_obs,0.8,8,5,722
facebook_politician,degree_obs,0.8,8,6,938
facebook_politician,degree_obs,0.8,8,7,996
facebook_politician,degree_obs,0.8,8,8,1042
facebook_politician,degree_obs,0.8,8,9,1069
facebook_politician,degree_obs,0.8,8,10,1242
facebook_politician,degree_obs,0.8,8,11,1243
facebook_politician,degree_obs,0.8,8,12,1247
facebook_politician,degree_obs,0.8,8,13,1404
facebook_politician,degree_obs,0.8,8,14,1526
facebook_politician,degree_obs,0.8,8,15,1527
facebook_politician,degree_obs,0.8,8,16,1532
facebook_politician,degree_obs,0.8,8,17,1537
facebook_politician,degree_obs,0.8,8,18,1585
facebook_politician,degree_obs,0.8,8,19,1587
facebook_politician,degree_obs,0.8,8,20,1622
facebook_politician,degree_obs,0.8,8,21,1630
facebook_politician,degree_obs,0.8,8,22,1632
facebook_politician,degree_obs,0.8,8,23,1656
facebook_politician,degree_obs,0.8,8,24,1658
facebook_politician,degree_obs,0.8,8,25,1659
facebook_politician,degree_obs,0.8,8,26,1671
facebook_politician,degree_obs,0.8,8,27,1805
facebook_politician,degree_obs,0.8,8,28,1807
facebook_politician,degree_obs,0.8,8,29,1909
facebook_politician,degree_obs,0.8,8,30,1912
facebook_politician,degree_obs,0.8,9,1,324
facebook_politician,degree_obs,0.8,9,2,415
facebook_politician,degree_obs,0.8,9,3,642
facebook_politician,degree_obs,0.8,9,4,859
facebook_politician,degree_obs,0.8,9,5,890
facebook_politician,degree_obs,0.8,9,6,938
facebook_politician,degree_obs,0.8,9,7,996
facebook_politician,degree_obs,0.8,9,8,1042
facebook_politician,degree_obs,0.8,9,9,1070
facebook_politician,degree_obs,0.8,9,10,1070
facebook_politician,degree_obs,0.8,9,11,1227
facebook_politician,degree_obs,0.8,9,12,1231
facebook_politician,degree_obs,0.8,9,13,1232
facebook_politician,degree_obs,0.8,9,14,1405
facebook_politician,degree_obs,0.8,9,15,1410
facebook_politician,degree_obs,0.8,9,16,1530
facebook_politician,degree_obs,0.8,9,17,1533
facebook_politician,degree_obs,0.8,9,18,1577
facebook_politician,degree_obs,0.8,9,19,1602
facebook_politician,degree_obs,0.8,9,20,1606
facebook_politician,degree_obs,0.8,9,21,1647
facebook_politician,degree_obs,0.8,9,22,1648
facebook_politician,degree_obs,0.8,9,23,1656
facebook_politician,degree_obs,0.8,9,24,1658
facebook_politician,degree_obs,0.8,9,25,1661
facebook_politician,degree_obs,0.8,9,26,1662
facebook_politician,degree_obs,0.8,9,27,1663
facebook_politician,degree_obs,0.8,9,28,1675
facebook_politician,degree_obs,0.8,9,29,1777
facebook_politician,degree_obs,0.8,9,30,1911
facebook_politician,degree_obs,0.8,10,1,324
facebook_politician,degree_obs,0.8,10,2,415
facebook_politician,degree_obs,0.8,10,3,610
facebook_politician,degree_obs,0.8,10,4,701
facebook_politician,degree_obs,0.8,10,5,917
facebook_politician,degree_obs,0.8,10,6,938
facebook_politician,degree_obs,0.8,10,7,996
facebook_politician,degree_obs,0.8,10,8,1030
facebook_politician,degree_obs,0.8,10,9,1069
facebook_politician,degree_obs,0.8,10,10,1242
facebook_politician,degree_obs,0.8,10,11,1243
facebook_politician,degree_obs,0.8,10,12,1244
facebook_politician,degree_obs,0.8,10,13,1248
facebook_politician,degree_obs,0.8,10,14,1405
facebook_politician,degree_obs,0.8,10,15,1410
facebook_politician,degree_obs,0.8,10,16,1533
facebook_politician,degree_obs,0.8,10,17,1535
facebook_politician,degree_obs,0.8,10,18,1559
facebook_politician,degree_obs,0.8,10,19,1616
facebook_politician,degree_obs,0.8,10,20,1621
facebook_politician,degree_obs,0.8,10,21,1755
facebook_politician,degree_obs,0.8,10,22,1780
facebook_politician,degree_obs,0.8,10,23,1782
facebook_politician,degree_obs,0.8,10,24,1794
facebook_politician,degree_obs,0.8,10,25,1795
facebook_politician,degree_obs,0.8,10,26,1798
facebook_politician,degree_obs,0.8,10,27,1800
facebook_politician,degree_obs,0.8,10,28,1808
facebook_politician,degree_obs,0.8,10,29,1810
facebook_politician,degree_obs,0.8,10,30,1912
facebook_politician,degree_obs,0.8,11,1,324
facebook_politician,degree_obs,0.8,11,2,415
facebook_politician,degree_obs,0.8,11,3,642
facebook_politician,degree_obs,0.8,11,4,859
facebook_politician,degree_obs,0.8,11,5,890
facebook_politician,degree_obs,0.8,11,6,938
facebook_politician,degree_obs,0.8,11,7,996
facebook_politician,degree_obs,0.8,11,8,1042
facebook_politician,degree_obs,0.8,11,9,1215
facebook_politician,degree_obs,0.8,11,10,1216
facebook_politician,degree_obs,0.8,11,11,1244
facebook_politician,degree_obs,0.8,11,12,1398
facebook_politician,degree_obs,0.8,11,13,1398
facebook_politician,degree_obs,0.8,11,14,1402
facebook_politician,degree_obs,0.8,11,15,1410
facebook_politician,degree_obs,0.8,11,16,1532
facebook_politician,degree_obs,0.8,11,17,1537
facebook_politician,degree_obs,0.8,11,18,1545
facebook_politician,degree_obs,0.8,11,19,1603
facebook_politician,degree_obs,0.8,11,20,1628
facebook_politician,degree_obs,0.8,11,21,1630
facebook_politician,degree_obs,0.8,11,22,1654
facebook_politician,degree_obs,0.8,11,23,1788
facebook_politician,degree_obs,0.8,11,24,1790
facebook_politician,degree_obs,0.8,11,25,1793
facebook_politician,degree_obs,0.8,11,26,1795
facebook_politician,degree_obs,0.8,11,27,1796
facebook_politician,degree_obs,0.8,11,28,1797
facebook_politician,degree_obs,0.8,11,29,1799
facebook_politician,degree_obs,0.8,11,30,1811
facebook_politician,degree_obs,0.8,12,1,324
facebook_politician,degree_obs,0.8,12,2,415
facebook_politician,degree_obs,0.8,12,3,638
facebook_politician,degree_obs,0.8,12,4,852
facebook_politician,degree_obs,0.8,12,5,890
facebook_politician,degree_obs,0.8,12,6,938
facebook_politician,degree_obs,0.8,12,7,996
facebook_politician,degree_obs,0.8,12,8,1042
facebook_politician,degree_obs,0.8,12,9,1070
facebook_politician,degree_obs,0.8,12,10,1070
facebook_politician,degree_obs,0.8,12,11,1243
facebook_politician,degree_obs,0.8,12,12,1244
facebook_politician,degree_obs,0.8,12,13,1248
facebook_politician,degree_obs,0.8,12,14,1405
facebook_politician,degree_obs,0.8,12,15,1410
facebook_politician,degree_obs,0.8,12,16,1412
facebook_politician,degree_obs,0.8,12,17,1417
facebook_politician,degree_obs,0.8,12,18,1540
facebook_politician,degree_obs,0.8,12,19,1597
facebook_politician,degree_obs,0.8,12,20,1622
facebook_politician,degree_obs,0.8,12,21,1623
facebook_politician,degree_obs,0.8,12,22,1757
facebook_politician,degree_obs,0.8,12,23,1782
facebook_politician,degree_obs,0.8,12,24,1784
facebook_politician,degree_obs,0.8,12,25,1796
facebook_politician,degree_obs,0.8,12,26,1804
facebook_politician,degree_obs,0.8,12,27,1805
facebook_politician,degree_obs,0.8,12,28,1806
facebook_politician,degree_obs,0.8,12,29,1808
facebook_politician,degree_obs,0.8,12,30,1819
facebook_politician,degree_obs,0.8,13,1,324
facebook_politician,degree_obs,0.8,13,2,415
facebook_politician,degree_obs,0.8,13,3,642
facebook_politician,degree_obs,0.8,13,4,859
facebook_politician,degree_obs,0.8,13,5,917
facebook_politician,degree_obs,0.8,13,6,938
facebook_politician,degree_obs,0.8,13,7,996
facebook_politician,degree_obs,0.8,13,8,1042
facebook_politician,degree_obs,0.8,13,9,1069
facebook_politician,degree_obs,0.8,13,10,1070
facebook_politician,degree_obs,0.8,13,11,1074
facebook_politician,degree_obs,0.8,13,12,1228
facebook_politician,degree_obs,0.8,13,13,1401
facebook_politician,degree_obs,0.8,13,14,1402
facebook_politician,degree_obs,0.8,13,15,1522
facebook_politician,degree_obs,0.8,13,16,1527
facebook_politician,degree_obs,0.8,13,17,1577
facebook_politician,degree_obs,0.8,13,18,1584
facebook_politician,degree_obs,0.8,13,19,1587
facebook_politician,degree_obs,0.8,13,20,1588
facebook_politician,degree_obs,0.8,13,21,1612
facebook_politician,degree_obs,0.8,13,22,1615
facebook_politician,degree_obs,0.8,13,23,1650
facebook_politician,degree_obs,0.8,13,24,1651
facebook_politician,degree_obs,0.8,13,25,1652
facebook_politician,degree_obs,0.8,13,26,1664
facebook_politician,degree_obs,0.8,13,27,1667
facebook_politician,degree_obs,0.8,13,28,1669
facebook_politician,degree_obs,0.8,13,29,1803
facebook_politician,degree_obs,0.8,13,30,1818
facebook_politician,degree_obs,0.8,14,1,324
facebook_politician,degree_obs,0.8,14,2,415
facebook_politician,degree_obs,0.8,14,3,642
facebook_politician,degree_obs,0.8,14,4,859
facebook_politician,degree_obs,0.8,14,5,917
facebook_politician,degree_obs,0.8,14,6,938
facebook_politician,degree_obs,0.8,14,7,996
facebook_politician,degree_obs,0.8,14,8,1030
facebook_politician,degree_obs,0.8,14,9,1069
facebook_politician,degree_obs,0.8,14,10,1070
facebook_politician,degree_obs,0.8,14,11,1243
facebook_politician,degree_obs,0.8,14,12,1244
facebook_politician,degree_obs,0.8,14,13,1248
facebook_politician,degree_obs,0.8,14,14,1370
facebook_politician,degree_obs,0.8,14,15,1524
facebook_politician,degree_obs,0.8,14,16,1532
facebook_politician,degree_obs,0.8,14,17,1537
facebook_politician,degree_obs,0.8,14,18,1562
facebook_politician,degree_obs,0.8,14,19,1563
facebook_politician,degree_obs,0.8,14,20,1697
facebook_politician,degree_obs,0.8,14,21,1698
facebook_politician,degree_obs,0.8,14,22,1756
facebook_politician,degree_obs,0.8,14,23,1758
facebook_politician,degree_obs,0.8,14,24,1759
facebook_politician,degree_obs,0.8,14,25,1761
facebook_politician,degree_obs,0.8,14,26,1786
facebook_politician,degree_obs,0.8,14,27,1788
facebook_politician,degree_obs,0.8,14,28,1800
facebook_politician,degree_obs,0.8,14,29,1892
facebook_politician,degree_obs,0.8,14,30,1895
facebook_politician,degree_obs,0.8,15,1,324
facebook_politician,degree_obs,0.8,15,2,415
facebook_politician,degree_obs,0.8,15,3,638
facebook_politician,degree_obs,0.8,15,4,852
facebook_politician,degree_obs,0.8,15,5,908
facebook_politician,degree_obs,0.8,15,6,938
facebook_politician,degree_obs,0.8,15,7,996
facebook_politician,degree_obs,0.8,15,8,1042
facebook_politician,degree_obs,0.8,15,9,1069
facebook_politician,degree_obs,0.8,15,10,1070
facebook_politician,degree_obs,0.8,15,11,1243
facebook_politician,degree_obs,0.8,15,12,1247
facebook_politician,degree_obs,0.8,15,13,1404
facebook_politician,degree_obs,0.8,15,14,1526
facebook_politician,degree_obs,0.8,15,15,1531
facebook_politician,degree_obs,0.8,15,16,1556
facebook_politician,degree_obs,0.8,15,17,1557
facebook_politician,degree_obs,0.8,15,18,1562
facebook_politician,degree_obs,0.8,15,19,1696
facebook_politician,degree_obs,0.8,15,20,1697
facebook_politician,degree_obs,0.8,15,21,1699
facebook_politician,degree_obs,0.8,15,22,1700
facebook_politician,degree_obs,0.8,15,23,1701
facebook_politician,degree_obs,0.8,15,24,1709
facebook_politician,degree_obs,0.8,15,25,1757
facebook_politician,degree_obs,0.8,15,26,1759
facebook_politician,degree_obs,0.8,15,27,1761
facebook_politician,degree_obs,0.8,15,28,1796
facebook_politician,degree_obs,0.8,15,29,1799
facebook_politician,degree_obs,0.8,15,30,1811
facebook_politician,degree_obs,0.8,16,1,324
facebook_politician,degree_obs,0.8,16,2,415
facebook_politician,degree_obs,0.8,16,3,642
facebook_politician,degree_obs,0.8,16,4,859
facebook_politician,degree_obs,0.8,16,5,890
facebook_politician,degree_obs,0.8,16,6,949
facebook_politician,degree_obs,0.8,16,7,996
facebook_politician,degree_obs,0.8,16,8,1042
facebook_politician,degree_obs,0.8,16,9,1069
facebook_politician,degree_obs,0.8,16,10,1073
facebook_politician,degree_obs,0.8,16,11,1246
facebook_politician,degree_obs,0.8,16,12,1403
facebook_politician,degree_obs,0.8,16,13,1404
facebook_politician,degree_obs,0.8,16,14,1405
facebook_politician,degree_obs,0.8,16,15,1410
facebook_politician,degree_obs,0.8,16,16,1415
facebook_politician,degree_obs,0.8,16,17,1440
facebook_politician,degree_obs,0.8,16,18,1441
facebook_politician,degree_obs,0.8,16,19,1443
facebook_politician,degree_obs,0.8,16,20,1566
facebook_politician,degree_obs,0.8,16,21,1567
facebook_politician,degree_obs,0.8,16,22,1608
facebook_politician,degree_obs,0.8,16,23,1649
facebook_politician,degree_obs,0.8,16,24,1783
facebook_politician,degree_obs,0.8,16,25,1784
facebook_politician,degree_obs,0.8,16,26,1786
facebook_politician,degree_obs,0.8,16,27,1794
facebook_politician,degree_obs,0.8,16,28,1796
facebook_politician,degree_obs,0.8,16,29,1808
facebook_politician,degree_obs,0.8,16,30,1811
facebook_politician,degree_obs,0.8,17,1,324
facebook_politician,degree_obs,0.8,17,2,415
facebook_politician,degree_obs,0.8,17,3,642
facebook_politician,degree_obs,0.8,17,4,859
facebook_politician,degree_obs,0.8,17,5,918
facebook_politician,degree_obs,0.8,17,6,975
facebook_politician,degree_obs,0.8,17,7,996
facebook_politician,degree_obs,0.8,17,8,1042
facebook_politician,degree_obs,0.8,17,9,1069
facebook_politician,degree_obs,0.8,17,10,1242
facebook_politician,degree_obs,0.8,17,11,1243
facebook_politician,degree_obs,0.8,17,12,1247
facebook_politician,degree_obs,0.8,17,13,1248
facebook_politician,degree_obs,0.8,17,14,1405
facebook_politician,degree_obs,0.8,17,15,1410
facebook_politician,degree_obs,0.8,17,16,1530
facebook_politician,degree_obs,0.8,17,17,1535
facebook_politician,degree_obs,0.8,17,18,1537
facebook_politician,degree_obs,0.8,17,19,1581
facebook_politician,degree_obs,0.8,17,20,1583
facebook_politician,degree_obs,0.8,17,21,1607
facebook_politician,degree_obs,0.8,17,22,1616
facebook_politician,degree_obs,0.8,17,23,1656
facebook_politician,degree_obs,0.8,17,24,1790
facebook_politician,degree_obs,0.8,17,25,1792
facebook_politician,degree_obs,0.8,17,26,1793
facebook_politician,degree_obs,0.8,17,27,1794
facebook_politician,degree_obs,0.8,17,28,1796
facebook_politician,degree_obs,0.8,17,29,1799
facebook_politician,degree_obs,0.8,17,30,1811
facebook_politician,degree_obs,0.8,18,1,324
facebook_politician,degree_obs,0.8,18,2,415
facebook_politician,degree_obs,0.8,18,3,635
facebook_politician,degree_obs,0.8,18,4,852
facebook_politician,degree_obs,0.8,18,5,890
facebook_politician,degree_obs,0.8,18,6,938
facebook_politician,degree_obs,0.8,18,7,996
facebook_politician,degree_obs,0.8,18,8,1042
facebook_politician,degree_obs,0.8,18,9,1215
facebook_politician,degree_obs,0.8,18,10,1242
facebook_politician,degree_obs,0.8,18,11,1243
facebook_politician,degree_obs,0.8,18,12,1247
facebook_politician,degree_obs,0.8,18,13,1401
facebook_politician,degree_obs,0.8,18,14,1409
facebook_politician,degree_obs,0.8,18,15,1410
facebook_politician,degree_obs,0.8,18,16,1412
facebook_politician,degree_obs,0.8,18,17,1535
facebook_politician,degree_obs,0.8,18,18,1592
facebook_politician,degree_obs,0.8,18,19,1597
facebook_politician,degree_obs,0.8,18,20,1622
facebook_politician,degree_obs,0.8,18,21,1646
facebook_politician,degree_obs,0.8,18,22,1648
facebook_politician,degree_obs,0.8,18,23,1649
facebook_politician,degree_obs,0.8,18,24,1652
facebook_politician,degree_obs,0.8,18,25,1654
facebook_politician,degree_obs,0.8,18,26,1656
facebook_politician,degree_obs,0.8,18,27,1664
facebook_politician,degree_obs,0.8,18,28,1798
facebook_politician,degree_obs,0.8,18,29,1810
facebook_politician,degree_obs,0.8,18,30,1827
facebook_politician,degree_obs,0.8,19,1,324
facebook_politician,degree_obs,0.8,19,2,415
facebook_politician,degree_obs,0.8,19,3,638
facebook_politician,degree_obs,0.8,19,4,827
facebook_politician,degree_obs,0.8,19,5,908
facebook_politician,degree_obs,0.8,19,6,938
facebook_politician,degree_obs,0.8,19,7,996
facebook_politician,degree_obs,0.8,19,8,1042
facebook_politician,degree_obs,0.8,19,9,1215
facebook_politician,degree_obs,0.8,19,10,1242
facebook_politician,degree_obs,0.8,19,11,1243
facebook_politician,degree_obs,0.8,19,12,1247
facebook_politician,degree_obs,0.8,19,13,1248
facebook_politician,degree_obs,0.8,19,14,1405
facebook_politician,degree_obs,0.8,19,15,1410
facebook_politician,degree_obs,0.8,19,16,1533
facebook_politician,degree_obs,0.8,19,17,1535
facebook_politician,degree_obs,0.8,19,18,1576
facebook_politician,degree_obs,0.8,19,19,1710
facebook_politician,degree_obs,0.8,19,20,1715
facebook_politician,degree_obs,0.8,19,21,1717
facebook_politician,degree_obs,0.8,19,22,1758
facebook_politician,degree_obs,0.8,19,23,1770
facebook_politician,degree_obs,0.8,19,24,1771
facebook_politician,degree_obs,0.8,19,25,1773
facebook_politician,degree_obs,0.8,19,26,1796
facebook_politician,degree_obs,0.8,19,27,1804
facebook_politician,degree_obs,0.8,19,28,1806
facebook_politician,degree_obs,0.8,19,29,1809
facebook_politician,degree_obs,0.8,19,30,1811
facebook_government,greedy_f,,,1,698
facebook_government,greedy_f,,,2,1170
facebook_government,greedy_f,,,3,1437
facebook_government,greedy_f,,,4,1677
facebook_government,greedy_f,,,5,1820
facebook_government,greedy_f,,,6,1945
facebook_government,greedy_f,,,7,2067
facebook_government,greedy_f,,,8,2184
facebook_government,greedy_f,,,9,2297
facebook_government,greedy_f,,,10,2406
facebook_government,greedy_f,,,11,2509
facebook_government,greedy_f,,,12,2608
facebook_government,greedy_f,,,13,2707
facebook_government,greedy_f,,,14,2799
facebook_government,greedy_f,,,15,2883
facebook_government,greedy_f,,,16,2962
facebook_government,greedy_f,,,17,3035
facebook_government,greedy_f,,,18,3106
facebook_government,greedy_f,,,19,3175
facebook_government,greedy_f,,,20,3244
facebook_government,greedy_f,,,21,3311
facebook_government,greedy_f,,,22,3375
facebook_government,greedy_f,,,23,3436
facebook_government,greedy_f,,,24,3496
facebook_government,greedy_f,,,25,3555
facebook_government,greedy_f,,,26,3612
facebook_government,greedy_f,,,27,3667
facebook_government,greedy_f,,,28,3721
facebook_government,greedy_f,,,29,3775
facebook_government,greedy_f,,,30,3827
facebook_government,random,,0,1,14
facebook_government,random,,0,2,20
facebook_government,random,,0,3,46
facebook_government,random,,0,4,85
facebook_government,random,,0,5,114
facebook_government,random,,0,6,127
facebook_government,random,,0,7,130
facebook_government,random,,0,8,201
facebook_government,random,,0,9,226
facebook_government,random,,0,10,238
facebook_government,random,,0,11,253
facebook_government,random,,0,12,307
facebook_government,random,,0,13,326
facebook_government,random,,0,14,334
facebook_government,random,,0,15,341
facebook_government,random,,0,16,350
facebook_government,random,,0,17,386
facebook_government,random,,0,18,388
facebook_government,random,,0,19,391
facebook_government,random,,0,20,423
facebook_government,random,,0,21,426
facebook_government,random,,0,22,430
facebook_government,random,,0,23,456
facebook_government,random,,0,24,549
facebook_government,random,,0,25,552
facebook_government,random,,0,26,573
facebook_government,random,,0,27,576
facebook_government,random,,0,28,612
facebook_government,random,,0,29,623
facebook_government,random,,0,30,629
facebook_government,random,,1,1,3
facebook_government,random,,1,2,55
facebook_government,random,,1,3,58
facebook_government,random,,1,4,68
facebook_government,random,,1,5,75
facebook_government,random,,1,6,81
facebook_government,random,,1,7,105
facebook_government,random,,1,8,119
facebook_government,random,,1,9,185
facebook_government,random,,1,10,217
facebook_government,random,,1,11,249
facebook_government,random,,1,12,252
facebook_government,random,,1,13,315
facebook_government,random,,1,14,324
facebook_government,random,,1,15,328
facebook_government,random,,1,16,343
facebook_government,random,,1,17,346
facebook_government,random,,1,18,383
facebook_government,random,,1,19,408
facebook_government,random,,1,20,457
facebook_government,random,,1,21,461
facebook_government,random,,1,22,463
facebook_government,random,,1,23,484
facebook_government,random,,1,24,582
facebook_government,random,,1,25,590
facebook_government,random,,1,26,593
facebook_government,random,,1,27,597
facebook_government,random,,1,28,605
facebook_government,random,,1,29,623
facebook_government,random,,1,30,631
facebook_government,random,,2,1,65
facebook_government,random,,2,2,75
facebook_government,random,,2,3,93
facebook_government,random,,2,4,119
facebook_government,random,,2,5,356
facebook_government,random,,2,6,366
facebook_government,random,,2,7,395
facebook_government,random,,2,8,430
facebook_government,random,,2,9,436
facebook_government,random,,2,10,477
facebook_government,random,,2,11,486
facebook_government,random,,2,12,493
facebook_government,random,,2,13,501
facebook_government,random,,2,14,509
facebook_government,random,,2,15,513
facebook_government,random,,2,16,523
facebook_government,random,,2,17,541
facebook_government,random,,2,18,550
facebook_government,random,,2,19,554
facebook_government,random,,2,20,565
facebook_government,random,,2,21,587
facebook_government,random,,2,22,608
facebook_government,random,,2,23,612
facebook_government,random,,2,24,617
facebook_government,random,,2,25,656
facebook_government,random,,2,26,675
facebook_government,random,,2,27,689
facebook_government,random,,2,28,693
facebook_government,random,,2,29,755
facebook_government,random,,2,30,758
facebook_government,random,,3,1,56
facebook_government,random,,3,2,119
facebook_government,random,,3,3,132
facebook_government,random,,3,4,149
facebook_government,random,,3,5,156
facebook_government,random,,3,6,163
facebook_government,random,,3,7,177
facebook_government,random,,3,8,192
facebook_government,random,,3,9,222
facebook_government,random,,3,10,239
facebook_government,random,,3,11,344
facebook_government,random,,3,12,346
facebook_government,random,,3,13,354
facebook_government,random,,3,14,355
facebook_government,random,,3,15,381
facebook_government,random,,3,16,384
facebook_government,random,,3,17,422
facebook_government,random,,3,18,426
facebook_government,random,,3,19,441
facebook_government,random,,3,20,496
facebook_government,random,,3,21,506
facebook_government,random,,3,22,512
facebook_government,random,,3,23,520
facebook_government,random,,3,24,524
facebook_government,random,,3,25,532
facebook_government,random,,3,26,539
facebook_government,random,,3,27,545
facebook_government,random,,3,28,619
facebook_government,random,,3,29,646
facebook_government,random,,3,30,664
facebook_government,random,,4,1,5
facebook_government,random,,4,2,27
facebook_government,random,,4,3,38
facebook_government,random,,4,4,40
facebook_government,random,,4,5,85
facebook_government,random,,4,6,87
facebook_government,random,,4,7,102
facebook_government,random,,4,8,134
facebook_government,random,,4,9,192
facebook_government,random,,4,10,210
facebook_government,random,,4,11,212
facebook_government,random,,4,12,214
facebook_government,random,,4,13,224
facebook_government,random,,4,14,255
facebook_government,random,,4,15,301
facebook_government,random,,4,16,311
facebook_government,random,,4,17,311
facebook_government,random,,4,18,322
facebook_government,random,,4,19,333
facebook_government,random,,4,20,374
facebook_government,random,,4,21,379
facebook_government,random,,4,22,382
facebook_government,random,,4,23,404
facebook_government,random,,4,24,419
facebook_government,random,,4,25,436
facebook_government,random,,4,26,443
facebook_government,random,,4,27,448
facebook_government,random,,4,28,519
facebook_government,random,,4,29,554
facebook_government,random,,4,30,568
facebook_government,random,,5,1,5
facebook_government,random,,5,2,9
facebook_government,random,,5,3,18
facebook_government,random,,5,4,22
facebook_government,random,,5,5,42
facebook_government,random,,5,6,60
facebook_government,random,,5,7,89
facebook_government,random,,5,8,107
facebook_government,random,,5,9,175
facebook_government,random,,5,10,193
facebook_government,random,,5,11,204
facebook_government,random,,5,12,218
facebook_government,random,,5,13,229
facebook_government,random,,5,14,275
facebook_government,random,,5,15,304
facebook_government,random,,5,16,335
facebook_government,random,,5,17,342
facebook_government,random,,5,18,347
facebook_government,random,,5,19,361
facebook_government,random,,5,20,418
facebook_government,random,,5,21,433
facebook_government,random,,5,22,446
facebook_government,random,,5,23,456
facebook_government,random,,5,24,460
facebook_government,random,,5,25,512
facebook_government,random,,5,26,518
facebook_government,random,,5,27,587
facebook_government,random,,5,28,603
facebook_government,random,,5,29,609
facebook_government,random,,5,30,611
facebook_government,random,,6,1,11
facebook_government,random,,6,2,211
facebook_government,random,,6,3,262
facebook_government,random,,6,4,289
facebook_government,random,,6,5,292
facebook_government,random,,6,6,298
facebook_government,random,,6,7,324
facebook_government,random,,6,8,352
facebook_government,random,,6,9,366
facebook_government,random,,6,10,384
facebook_government,random,,6,11,423
facebook_government,random,,6,12,494
facebook_government,random,,6,13,505
facebook_government,random,,6,14,539
facebook_government,random,,6,15,574
facebook_government,random,,6,16,578
facebook_government,random,,6,17,618
facebook_government,random,,6,18,634
facebook_government,random,,6,19,647
facebook_government,random,,6,20,697
facebook_government,random,,6,21,706
facebook_government,random,,6,22,731
facebook_government,random,,6,23,798
facebook_government,random,,6,24,863
facebook_government,random,,6,25,865
facebook_government,random,,6,26,868
facebook_government,random,,6,27,895
facebook_government,random,,6,28,910
facebook_government,random,,6,29,935
facebook_government,random,,6,30,948
facebook_government,random,,7,1,2
facebook_government,random,,7,2,5
facebook_government,random,,7,3,18
facebook_government,random,,7,4,80
facebook_government,random,,7,5,83
facebook_government,random,,7,6,161
facebook_government,random,,7,7,162
facebook_government,random,,7,8,190
facebook_government,random,,7,9,215
facebook_government,random,,7,10,256
facebook_government,random,,7,11,286
facebook_government,random,,7,12,319
facebook_government,random,,7,13,329
facebook_government,random,,7,14,332
facebook_government,random,,7,15,397
facebook_government,random,,7,16,401
facebook_government,random,,7,17,406
facebook_government,random,,7,18,410
facebook_government,random,,7,19,456
facebook_government,random,,7,20,513
facebook_government,random,,7,21,592
facebook_government,random,,7,22,606
facebook_government,random,,7,23,613
facebook_government,random,,7,24,663
facebook_government,random,,7,25,690
facebook_government,random,,7,26,709
facebook_government,random,,7,27,717
facebook_government,random,,7,28,747
facebook_government,random,,7,29,755
facebook_government,random,,7,30,785
facebook_government,random,,8,1,11
facebook_government,random,,8,2,64
facebook_government,random,,8,3,74
facebook_government,random,,8,4,114
facebook_government,random,,8,5,137
facebook_government,random,,8,6,173
facebook_government,random,,8,7,186
facebook_government,random,,8,8,194
facebook_government,random,,8,9,197
facebook_government,random,,8,10,203
facebook_government,random,,8,11,205
facebook_government,random,,8,12,208
facebook_government,random,,8,13,238
facebook_government,random,,8,14,249
facebook_government,random,,8,15,259
facebook_government,random,,8,16,270
facebook_government,random,,8,17,613
facebook_government,random,,8,18,624
facebook_government,random,,8,19,636
facebook_government,random,,8,20,643
facebook_government,random,,8,21,662
facebook_government,random,,8,22,668
facebook_government,random,,8,23,682
facebook_government,random,,8,24,718
facebook_government,random,,8,25,740
facebook_government,random,,8,26,762
facebook_government,random,,8,27,776
facebook_government,random,,8,28,781
facebook_government,random,,8,29,799
facebook_government,random,,8,30,884
facebook_government,random,,9,1,12
facebook_government,random,,9,2,34
facebook_government,random,,9,3,68
facebook_government,random,,9,4,87
facebook_government,random,,9,5,123
facebook_government,random,,9,6,126
facebook_government,random,,9,7,131
facebook_government,random,,9,8,136
facebook_government,random,,9,9,139
facebook_government,random,,9,10,165
facebook_government,random,,9,11,189
facebook_government,random,,9,12,207
facebook_government,random,,9,13,271
facebook_government,random,,9,14,273
facebook_government,random,,9,15,291
facebook_government,random,,9,16,312
facebook_government,random,,9,17,316
facebook_government,random,,9,18,326
facebook_government,random,,9,19,350
facebook_government,random,,9,20,356
facebook_government,random,,9,21,368
facebook_government,random,,9,22,392
facebook_government,random,,9,23,402
facebook_government,random,,9,24,426
facebook_government,random,,9,25,444
facebook_government,random,,9,26,450
facebook_government,random,,9,27,491
facebook_government,random,,9,28,494
facebook_government,random,,9,29,499
facebook_government,random,,9,30,504
facebook_government,degree_obs,0.3,0,1,675
facebook_government,degree_obs,0.3,0,2,702
facebook_government,degree_obs,0.3,0,3,1172
facebook_government,degree_obs,0.3,0,4,1313
facebook_government,degree_obs,0.3,0,5,1569
facebook_government,degree_obs,0.3,0,6,1662
facebook_government,degree_obs,0.3,0,7,1749
facebook_government,degree_obs,0.3,0,8,1778
facebook_government,degree_obs,0.3,0,9,1830
facebook_government,degree_obs,0.3,0,10,1846
facebook_government,degree_obs,0.3,0,11,1871
facebook_government,degree_obs,0.3,0,12,1928
facebook_government,degree_obs,0.3,0,13,1971
facebook_government,degree_obs,0.3,0,14,2054
facebook_government,degree_obs,0.3,0,15,2067
facebook_government,degree_obs,0.3,0,16,2101
facebook_government,degree_obs,0.3,0,17,2123
facebook_government,degree_obs,0.3,0,18,2130
facebook_government,degree_obs,0.3,0,19,2141
facebook_government,degree_obs,0.3,0,20,2226
facebook_government,degree_obs,0.3,0,21,2230
facebook_government,degree_obs,0.3,0,22,2235
facebook_government,degree_obs,0.3,0,23,2270
facebook_government,degree_obs,0.3,0,24,2276
facebook_government,degree_obs,0.3,0,25,2294
facebook_government,degree_obs,0.3,0,26,2299
facebook_government,degree_obs,0.3,0,27,2299
facebook_government,degree_obs,0.3,0,28,2338
facebook_government,degree_obs,0.3,0,29,2339
facebook_government,degree_obs,0.3,0,30,2343
facebook_government,degree_obs,0.3,1,1,675
facebook_government,degree_obs,0.3,1,2,702
facebook_government,degree_obs,0.3,1,3,1172
facebook_government,degree_obs,0.3,1,4,1313
facebook_government,degree_obs,0.3,1,5,1414
facebook_government,degree_obs,0.3,1,6,1662
facebook_government,degree_obs,0.3,1,7,1757
facebook_government,degree_obs,0.3,1,8,1797
facebook_government,degree_obs,0.3,1,9,1815
facebook_government,degree_obs,0.3,1,10,1846
facebook_government,degree_obs,0.3,1,11,1871
facebook_government,degree_obs,0.3,1,12,1950
facebook_government,degree_obs,0.3,1,13,1954
facebook_government,degree_obs,0.3,1,14,2000
facebook_government,degree_obs,0.3,1,15,2003
facebook_government,degree_obs,0.3,1,16,2055
facebook_government,degree_obs,0.3,1,17,2069
facebook_government,degree_obs,0.3,1,18,2092
facebook_government,degree_obs,0.3,1,19,2132
facebook_government,degree_obs,0.3,1,20,2139
facebook_government,degree_obs,0.3,1,21,2147
facebook_government,degree_obs,0.3,1,22,2153
facebook_government,degree_obs,0.3,1,23,2367
facebook_government,degree_obs,0.3,1,24,2379
facebook_government,degree_obs,0.3,1,25,2382
facebook_government,degree_obs,0.3,1,26,2467
facebook_government,degree_obs,0.3,1,27,2491
facebook_government,degree_obs,0.3,1,28,2530
facebook_government,degree_obs,0.3,1,29,2597
facebook_government,degree_obs,0.3,1,30,2615
facebook_government,degree_obs,0.3,2,1,698
facebook_government,degree_obs,0.3,2,2,702
facebook_government,degree_obs,0.3,2,3,1172
facebook_government,degree_obs,0.3,2,4,1313
facebook_government,degree_obs,0.3,2,5,1414
facebook_government,degree_obs,0.3,2,6,1662
facebook_government,degree_obs,0.3,2,7,1711
facebook_government,degree_obs,0.3,2,8,1785
facebook_government,degree_obs,0.3,2,9,1804
facebook_government,degree_obs,0.3,2,10,1862
facebook_government,degree_obs,0.3,2,11,1885
facebook_government,degree_obs,0.3,2,12,1980
facebook_government,degree_obs,0.3,2,13,2012
facebook_government,degree_obs,0.3,2,14,2021
facebook_government,degree_obs,0.3,2,15,2032
facebook_government,degree_obs,0.3,2,16,2066
facebook_government,degree_obs,0.3,2,17,2102
facebook_government,degree_obs,0.3,2,18,2191
facebook_government,degree_obs,0.3,2,19,2230
facebook_government,degree_obs,0.3,2,20,2251
facebook_government,degree_obs,0.3,2,21,2255
facebook_government,degree_obs,0.3,2,22,2262
facebook_government,degree_obs,0.3,2,23,2267
facebook_government,degree_obs,0.3,2,24,2269
facebook_government,degree_obs,0.3,2,25,2314
facebook_government,degree_obs,0.3,2,26,2324
facebook_government,degree_obs,0.3,2,27,2508
facebook_government,degree_obs,0.3,2,28,2508
facebook_government,degree_obs,0.3,2,29,2546
facebook_government,degree_obs,0.3,2,30,2549
facebook_government,degree_obs,0.3,3,1,675
facebook_government,degree_obs,0.3,3,2,702
facebook_government,degree_obs,0.3,3,3,1172
facebook_government,degree_obs,0.3,3,4,1313
facebook_government,degree_obs,0.3,3,5,1414
facebook_government,degree_obs,0.3,3,6,1512
facebook_government,degree_obs,0.3,3,7,1533
facebook_government,degree_obs,0.3,3,8,1771
facebook_government,degree_obs,0.3,3,9,1804
facebook_government,degree_obs,0.3,3,10,1828
facebook_government,degree_obs,0.3,3,11,1928
facebook_government,degree_obs,0.3,3,12,1983
facebook_government,degree_obs,0.3,3,13,1987
facebook_government,degree_obs,0.3,3,14,2027
facebook_government,degree_obs,0.3,3,15,2039
facebook_government,degree_obs,0.3,3,16,2047
facebook_government,degree_obs,0.3,3,17,2061
facebook_government,degree_obs,0.3,3,18,2091
facebook_government,degree_obs,0.3,3,19,2112
facebook_government,degree_obs,0.3,3,20,2180
facebook_government,degree_obs,0.3,3,21,2186
facebook_government,degree_obs,0.3,3,22,2233
facebook_government,degree_obs,0.3,3,23,2274
facebook_government,degree_obs,0.3,3,24,2294
facebook_government,degree_obs,0.3,3,25,2506
facebook_government,degree_obs,0.3,3,26,2511
facebook_government,degree_obs,0.3,3,27,2512
facebook_government,degree_obs,0.3,3,28,2545
facebook_government,degree_obs,0.3,3,29,2549
facebook_government,degree_obs,0.3,3,30,2553
facebook_government,degree_obs,0.3,4,1,675
facebook_government,degree_obs,0.3,4,2,702
facebook_government,degree_obs,0.3,4,3,1172
facebook_government,degree_obs,0.3,4,4,1313
facebook_government,degree_obs,0.3,4,5,1569
facebook_government,degree_obs,0.3,4,6,1662
facebook_government,degree_obs,0.3,4,7,1711
facebook_government,degree_obs,0.3,4,8,1778
facebook_government,degree_obs,0.3,4,9,1836
facebook_government,degree_obs,0.3,4,10,1852
facebook_government,degree_obs,0.3,4,11,1904
facebook_government,degree_obs,0.3,4,12,1988
facebook_government,degree_obs,0.3,4,13,2012
facebook_government,degree_obs,0.3,4,14,2027
facebook_government,degree_obs,0.3,4,15,2063
facebook_government,degree_obs,0.3,4,16,2076
facebook_government,degree_obs,0.3,4,17,2084
facebook_government,degree_obs,0.3,4,18,2172
facebook_government,degree_obs,0.3,4,19,2202
facebook_government,degree_obs,0.3,4,20,2202
facebook_government,degree_obs,0.3,4,21,2208
facebook_government,degree_obs,0.3,4,22,2215
facebook_government,degree_obs,0.3,4,23,2219
facebook_government,degree_obs,0.3,4,24,2225
facebook_government,degree_obs,0.3,4,25,2267
facebook_government,degree_obs,0.3,4,26,2267
facebook_government,degree_obs,0.3,4,27,2304
facebook_government,degree_obs,0.3,4,28,2309
facebook_government,degree_obs,0.3,4,29,2312
facebook_government,degree_obs,0.3,4,30,2524
facebook_government,degree_obs,0.3,5,1,675
facebook_government,degree_obs,0.3,5,2,702
facebook_government,degree_obs,0.3,5,3,1172
facebook_government,degree_obs,0.3,5,4,1439
facebook_government,degree_obs,0.3,5,5,1569
facebook_government,degree_obs,0.3,5,6,1597
facebook_government,degree_obs,0.3,5,7,1684
facebook_government,degree_obs,0.3,5,8,1767
facebook_government,degree_obs,0.3,5,9,1794
facebook_government,degree_obs,0.3,5,10,1898
facebook_government,degree_obs,0.3,5,11,1939
facebook_government,degree_obs,0.3,5,12,1949
facebook_government,degree_obs,0.3,5,13,1989
facebook_government,degree_obs,0.3,5,14,2033
facebook_government,degree_obs,0.3,5,15,2057
facebook_government,degree_obs,0.3,5,16,2070
facebook_government,degree_obs,0.3,5,17,2158
facebook_government,degree_obs,0.3,5,18,2179
facebook_government,degree_obs,0.3,5,19,2183
facebook_government,degree_obs,0.3,5,20,2193
facebook_government,degree_obs,0.3,5,21,2201
facebook_government,degree_obs,0.3,5,22,2242
facebook_government,degree_obs,0.3,5,23,2252
facebook_government,degree_obs,0.3,5,24,2258
facebook_government,degree_obs,0.3,5,25,2263
facebook_government,degree_obs,0.3,5,26,2291
facebook_government,degree_obs,0.3,5,27,2505
facebook_government,degree_obs,0.3,5,28,2505
facebook_government,degree_obs,0.3,5,29,2510
facebook_government,degree_obs,0.3,5,30,2534
facebook_government,degree_obs,0.3,6,1,675
facebook_government,degree_obs,0.3,6,2,702
facebook_government,degree_obs,0.3,6,3,1172
facebook_government,degree_obs,0.3,6,4,1313
facebook_government,degree_obs,0.3,6,5,1569
facebook_government,degree_obs,0.3,6,6,1662
facebook_government,degree_obs,0.3,6,7,1711
facebook_government,degree_obs,0.3,6,8,1785
facebook_government,degree_obs,0.3,6,9,1804
facebook_government,degree_obs,0.3,6,10,1848
facebook_government,degree_obs,0.3,6,11,1871
facebook_government,degree_obs,0.3,6,12,1964
facebook_government,degree_obs,0.3,6,13,2012
facebook_government,degree_obs,0.3,6,14,2048
facebook_government,degree_obs,0.3,6,15,2138
facebook_government,degree_obs,0.3,6,16,2142
facebook_government,degree_obs,0.3,6,17,2151
facebook_government,degree_obs,0.3,6,18,2162
facebook_government,degree_obs,0.3,6,19,2167
facebook_government,degree_obs,0.3,6,20,2211
facebook_government,degree_obs,0.3,6,21,2216
facebook_government,degree_obs,0.3,6,22,2223
facebook_government,degree_obs,0.3,6,23,2228
facebook_government,degree_obs,0.3,6,24,2445
facebook_government,degree_obs,0.3,6,25,2456
facebook_government,degree_obs,0.3,6,26,2463
facebook_government,degree_obs,0.3,6,27,2478
facebook_government,degree_obs,0.3,6,28,2486
facebook_government,degree_obs,0.3,6,29,2491
facebook_government,degree_obs,0.3,6,30,2532
facebook_government,degree_obs,0.3,7,1,698
facebook_government,degree_obs,0.3,7,2,702
facebook_government,degree_obs,0.3,7,3,1172
facebook_government,degree_obs,0.3,7,4,1313
facebook_government,degree_obs,0.3,7,5,1569
facebook_government,degree_obs,0.3,7,6,1676
facebook_government,degree_obs,0.3,7,7,1751
facebook_government,degree_obs,0.3,7,8,1790
facebook_government,degree_obs,0.3,7,9,1850
facebook_government,degree_obs,0.3,7,10,1869
facebook_government,degree_obs,0.3,7,11,1885
facebook_government,degree_obs,0.3,7,12,1889
facebook_government,degree_obs,0.3,7,13,1932
facebook_government,degree_obs,0.3,7,14,2000
facebook_government,degree_obs,0.3,7,15,2052
facebook_government,degree_obs,0.3,7,16,2142
facebook_government,degree_obs,0.3,7,17,2153
facebook_government,degree_obs,0.3,7,18,2162
facebook_government,degree_obs,0.3,7,19,2172
facebook_government,degree_obs,0.3,7,20,2194
facebook_government,degree_obs,0.3,7,21,2200
facebook_government,degree_obs,0.3,7,22,2200
facebook_government,degree_obs,0.3,7,23,2231
facebook_government,degree_obs,0.3,7,24,2236
facebook_government,degree_obs,0.3,7,25,2241
facebook_government,degree_obs,0.3,7,26,2279
facebook_government,degree_obs,0.3,7,27,2286
facebook_government,degree_obs,0.3,7,28,2294
facebook_government,degree_obs,0.3,7,29,2332
facebook_government,degree_obs,0.3,7,30,2336
facebook_government,degree_obs,0.3,8,1,698
facebook_government,degree_obs,0.3,8,2,702
facebook_government,degree_obs,0.3,8,3,1172
facebook_government,degree_obs,0.3,8,4,1313
facebook_government,degree_obs,0.3,8,5,1414
facebook_government,degree_obs,0.3,8,6,1662
facebook_government,degree_obs,0.3,8,7,1711
facebook_government,degree_obs,0.3,8,8,1770
facebook_government,degree_obs,0.3,8,9,1868
facebook_government,degree_obs,0.3,8,10,1887
facebook_government,degree_obs,0.3,8,11,1959
facebook_government,degree_obs,0.3,8,12,1995
facebook_government,degree_obs,0.3,8,13,2024
facebook_government,degree_obs,0.3,8,14,2033
facebook_government,degree_obs,0.3,8,15,2057
facebook_government,degree_obs,0.3,8,16,2080
facebook_government,degree_obs,0.3,8,17,2094
facebook_government,degree_obs,0.3,8,18,2102
facebook_government,degree_obs,0.3,8,19,2190
facebook_government,degree_obs,0.3,8,20,2222
facebook_government,degree_obs,0.3,8,21,2227
facebook_government,degree_obs,0.3,8,22,2231
facebook_government,degree_obs,0.3,8,23,2237
facebook_government,degree_obs,0.3,8,24,2243
facebook_government,degree_obs,0.3,8,25,2248
facebook_government,degree_obs,0.3,8,26,2249
facebook_government,degree_obs,0.3,8,27,2256
facebook_government,degree_obs,0.3,8,28,2256
facebook_government,degree_obs,0.3,8,29,2297
facebook_government,degree_obs,0.3,8,30,2301
facebook_government,degree_obs,0.3,9,1,698
facebook_government,degree_obs,0.3,9,2,702
facebook_government,degree_obs,0.3,9,3,1172
facebook_government,degree_obs,0.3,9,4,1313
facebook_government,degree_obs,0.3,9,5,1569
facebook_government,degree_obs,0.3,9,6,1642
facebook_government,degree_obs,0.3,9,7,1711
facebook_government,degree_obs,0.3,9,8,1730
facebook_government,degree_obs,0.3,9,9,1789
facebook_government,degree_obs,0.3,9,10,1874
facebook_government,degree_obs,0.3,9,11,1904
facebook_government,degree_obs,0.3,9,12,1928
facebook_government,degree_obs,0.3,9,13,2012
facebook_government,degree_obs,0.3,9,14,2023
facebook_government,degree_obs,0.3,9,15,2027
facebook_government,degree_obs,0.3,9,16,2039
facebook_government,degree_obs,0.3,9,17,2071
facebook_government,degree_obs,0.3,9,18,2095
facebook_government,degree_obs,0.3,9,19,2096
facebook_government,degree_obs,0.3,9,20,2132
facebook_government,degree_obs,0.3,9,21,2138
facebook_government,degree_obs,0.3,9,22,2145
facebook_government,degree_obs,0.3,9,23,2153
facebook_government,degree_obs,0.3,9,24,2193
facebook_government,degree_obs,0.3,9,25,2199
facebook_government,degree_obs,0.3,9,26,2202
facebook_government,degree_obs,0.3,9,27,2207
facebook_government,degree_obs,0.3,9,28,2213
facebook_government,degree_obs,0.3,9,29,2221
facebook_government,degree_obs,0.3,9,30,2301
facebook_government,degree_obs,0.3,10,1,626
facebook_government,degree_obs,0.3,10,2,1147
facebook_government,degree_obs,0.3,10,3,1172
facebook_government,degree_obs,0.3,10,4,1313
facebook_government,degree_obs,0.3,10,5,1414
facebook_government,degree_obs,0.3,10,6,1662
facebook_government,degree_obs,0.3,10,7,1751
facebook_government,degree_obs,0.3,10,8,1790
facebook_government,degree_obs,0.3,10,9,1850
facebook_government,degree_obs,0.3,10,10,1869
facebook_government,degree_obs,0.3,10,11,1885
facebook_government,degree_obs,0.3,10,12,1928
facebook_government,degree_obs,0.3,10,13,2012
facebook_government,degree_obs,0.3,10,14,2021
facebook_government,degree_obs,0.3,10,15,2044
facebook_government,degree_obs,0.3,10,16,2048
facebook_government,degree_obs,0.3,10,17,2062
facebook_government,degree_obs,0.3,10,18,2098
facebook_government,degree_obs,0.3,10,19,2186
facebook_government,degree_obs,0.3,10,20,2197
facebook_government,degree_obs,0.3,10,21,2205
facebook_government,degree_obs,0.3,10,22,2233
facebook_government,degree_obs,0.3,10,23,2239
facebook_government,degree_obs,0.3,10,24,2244
facebook_government,degree_obs,0.3,10,25,2244
facebook_government,degree_obs,0.3,10,26,2244
facebook_government,degree_obs,0.3,10,27,2245
facebook_government,degree_obs,0.3,10,28,2249
facebook_government,degree_obs,0.3,10,29,2464
facebook_government,degree_obs,0.3,10,30,2469
facebook_government,degree_obs,0.3,11,1,675
facebook_government,degree_obs,0.3,11,2,702
facebook_government,degree_obs,0.3,11,3,1172
facebook_government,degree_obs,0.3,11,4,1313
facebook_government,degree_obs,0.3,11,5,1414
facebook_government,degree_obs,0.3,11,6,1662
facebook_government,degree_obs,0.3,11,7,1749
facebook_government,degree_obs,0.3,11,8,1767
facebook_government,degree_obs,0.3,11,9,1820
facebook_government,degree_obs,0.3,11,10,1846
facebook_government,degree_obs,0.3,11,11,1939
facebook_government,degree_obs,0.3,11,12,1944
facebook_government,degree_obs,0.3,11,13,1968
facebook_government,degree_obs,0.3,11,14,1972
facebook_government,degree_obs,0.3,11,15,2003
facebook_government,degree_obs,0.3,11,16,2042
facebook_government,degree_obs,0.3,11,17,2051
facebook_government,degree_obs,0.3,11,18,2140
facebook_government,degree_obs,0.3,11,19,2150
facebook_government,degree_obs,0.3,11,20,2162
facebook_government,degree_obs,0.3,11,21,2168
facebook_government,degree_obs,0.3,11,22,2174
facebook_government,degree_obs,0.3,11,23,2213
facebook_government,degree_obs,0.3,11,24,2248
facebook_government,degree_obs,0.3,11,25,2293
facebook_government,degree_obs,0.3,11,26,2295
facebook_government,degree_obs,0.3,11,27,2295
facebook_government,degree_obs,0.3,11,28,2324
facebook_government,degree_obs,0.3,11,29,2328
facebook_government,degree_obs,0.3,11,30,2537
facebook_government,degree_obs,0.3,12,1,698
facebook_government,degree_obs,0.3,12,2,702
facebook_government,degree_obs,0.3,12,3,1172
facebook_government,degree_obs,0.3,12,4,1313
facebook_government,degree_obs,0.3,12,5,1414
facebook_government,degree_obs,0.3,12,6,1662
facebook_government,degree_obs,0.3,12,7,1684
facebook_government,degree_obs,0.3,12,8,1767
facebook_government,degree_obs,0.3,12,9,1820
facebook_government,degree_obs,0.3,12,10,1850
facebook_government,degree_obs,0.3,12,11,1871
facebook_government,degree_obs,0.3,12,12,1950
facebook_government,degree_obs,0.3,12,13,2004
facebook_government,degree_obs,0.3,12,14,2048
facebook_government,degree_obs,0.3,12,15,2055
facebook_government,degree_obs,0.3,12,16,2079
facebook_government,degree_obs,0.3,12,17,2126
facebook_government,degree_obs,0.3,12,18,2208
facebook_government,degree_obs,0.3,12,19,2217
facebook_government,degree_obs,0.3,12,20,2230
facebook_government,degree_obs,0.3,12,21,2236
facebook_government,degree_obs,0.3,12,22,2243
facebook_government,degree_obs,0.3,12,23,2244
facebook_government,degree_obs,0.3,12,24,2248
facebook_government,degree_obs,0.3,12,25,2252
facebook_government,degree_obs,0.3,12,26,2257
facebook_government,degree_obs,0.3,12,27,2261
facebook_government,degree_obs,0.3,12,28,2280
facebook_government,degree_obs,0.3,12,29,2495
facebook_government,degree_obs,0.3,12,30,2527
facebook_government,degree_obs,0.3,13,1,675
facebook_government,degree_obs,0.3,13,2,702
facebook_government,degree_obs,0.3,13,3,1172
facebook_government,degree_obs,0.3,13,4,1313
facebook_government,degree_obs,0.3,13,5,1414
facebook_government,degree_obs,0.3,13,6,1510
facebook_government,degree_obs,0.3,13,7,1605
facebook_government,degree_obs,0.3,13,8,1813
facebook_government,degree_obs,0.3,13,9,1833
facebook_government,degree_obs,0.3,13,10,1862
facebook_government,degree_obs,0.3,13,11,1885
facebook_government,degree_obs,0.3,13,12,1895
facebook_government,degree_obs,0.3,13,13,1974
facebook_government,degree_obs,0.3,13,14,1990
facebook_government,degree_obs,0.3,13,15,2019
facebook_government,degree_obs,0.3,13,16,2113
facebook_government,degree_obs,0.3,13,17,2117
facebook_government,degree_obs,0.3,13,18,2161
facebook_government,degree_obs,0.3,13,19,2198
facebook_government,degree_obs,0.3,13,20,2245
facebook_government,degree_obs,0.3,13,21,2257
facebook_government,degree_obs,0.3,13,22,2275
facebook_government,degree_obs,0.3,13,23,2488
facebook_government,degree_obs,0.3,13,24,2495
facebook_government,degree_obs,0.3,13,25,2496
facebook_government,degree_obs,0.3,13,26,2502
facebook_government,degree_obs,0.3,13,27,2504
facebook_government,degree_obs,0.3,13,28,2508
facebook_government,degree_obs,0.3,13,29,2513
facebook_government,degree_obs,0.3,13,30,2568
facebook_government,degree_obs,0.3,14,1,675
facebook_government,degree_obs,0.3,14,2,702
facebook_government,degree_obs,0.3,14,3,1172
facebook_government,degree_obs,0.3,14,4,1295
facebook_government,degree_obs,0.3,14,5,1414
facebook_government,degree_obs,0.3,14,6,1510
facebook_government,degree_obs,0.3,14,7,1749
facebook_government,degree_obs,0.3,14,8,1767
facebook_government,degree_obs,0.3,14,9,1794
facebook_government,degree_obs,0.3,14,10,1798
facebook_government,degree_obs,0.3,14,11,1902
facebook_government,degree_obs,0.3,14,12,1936
facebook_government,degree_obs,0.3,14,13,1968
facebook_government,degree_obs,0.3,14,14,2016
facebook_government,degree_obs,0.3,14,15,2040
facebook_government,degree_obs,0.3,14,16,2052
facebook_government,degree_obs,0.3,14,17,2140
facebook_government,degree_obs,0.3,14,18,2150
facebook_government,degree_obs,0.3,14,19,2159
facebook_government,degree_obs,0.3,14,20,2165
facebook_government,degree_obs,0.3,14,21,2193
facebook_government,degree_obs,0.3,14,22,2229
facebook_government,degree_obs,0.3,14,23,2234
facebook_government,degree_obs,0.3,14,24,2243
facebook_government,degree_obs,0.3,14,25,2284
facebook_government,degree_obs,0.3,14,26,2329
facebook_government,degree_obs,0.3,14,27,2334
facebook_government,degree_obs,0.3,14,28,2334
facebook_government,degree_obs,0.3,14,29,2339
facebook_government,degree_obs,0.3,14,30,2341
facebook_government,degree_obs,0.3,15,1,698
facebook_government,degree_obs,0.3,15,2,702
facebook_government,degree_obs,0.3,15,3,1172
facebook_government,degree_obs,0.3,15,4,1313
facebook_government,degree_obs,0.3,15,5,1414
facebook_government,degree_obs,0.3,15,6,1662
facebook_government,degree_obs,0.3,15,7,1684
facebook_government,degree_obs,0.3,15,8,1771
facebook_government,degree_obs,0.3,15,9,1807
facebook_government,degree_obs,0.3,15,10,1828
facebook_government,degree_obs,0.3,15,11,1845
facebook_government,degree_obs,0.3,15,12,1855
facebook_government,degree_obs,0.3,15,13,1911
facebook_government,degree_obs,0.3,15,14,2006
facebook_government,degree_obs,0.3,15,15,2029
facebook_government,degree_obs,0.3,15,16,2069
facebook_government,degree_obs,0.3,15,17,2071
facebook_government,degree_obs,0.3,15,18,2075
facebook_government,degree_obs,0.3,15,19,2292
facebook_government,degree_obs,0.3,15,20,2299
facebook_government,degree_obs,0.3,15,21,2335
facebook_government,degree_obs,0.3,15,22,2347
facebook_government,degree_obs,0.3,15,23,2371
facebook_government,degree_obs,0.3,15,24,2379
facebook_government,degree_obs,0.3,15,25,2463
facebook_government,degree_obs,0.3,15,26,2469
facebook_government,degree_obs,0.3,15,27,2494
facebook_government,degree_obs,0.3,15,28,2498
facebook_government,degree_obs,0.3,15,29,2536
facebook_government,degree_obs,0.3,15,30,2579
facebook_government,degree_obs,0.3,16,1,698
facebook_government,degree_obs,0.3,16,2,1170
facebook_government,degree_obs,0.3,16,3,1172
facebook_government,degree_obs,0.3,16,4,1313
facebook_government,degree_obs,0.3,16,5,1569
facebook_government,degree_obs,0.3,16,6,1662
facebook_government,degree_obs,0.3,16,7,1749
facebook_government,degree_obs,0.3,16,8,1767
facebook_government,degree_obs,0.3,16,9,1794
facebook_government,degree_obs,0.3,16,10,1846
facebook_government,degree_obs,0.3,16,11,1867
facebook_government,degree_obs,0.3,16,12,1886
facebook_government,degree_obs,0.3,16,13,1979
facebook_government,degree_obs,0.3,16,14,2019
facebook_government,degree_obs,0.3,16,15,2051
facebook_government,degree_obs,0.3,16,16,2142
facebook_government,degree_obs,0.3,16,17,2153
facebook_government,degree_obs,0.3,16,18,2187
facebook_government,degree_obs,0.3,16,19,2191
facebook_government,degree_obs,0.3,16,20,2222
facebook_government,degree_obs,0.3,16,21,2260
facebook_government,degree_obs,0.3,16,22,2472
facebook_government,degree_obs,0.3,16,23,2479
facebook_government,degree_obs,0.3,16,24,2480
facebook_government,degree_obs,0.3,16,25,2485
facebook_government,degree_obs,0.3,16,26,2523
facebook_government,degree_obs,0.3,16,27,2528
facebook_government,degree_obs,0.3,16,28,2531
facebook_government,degree_obs,0.3,16,29,2548
facebook_government,degree_obs,0.3,16,30,2567
facebook_government,degree_obs,0.3,17,1,698
facebook_government,degree_obs,0.3,17,2,702
facebook_government,degree_obs,0.3,17,3,1172
facebook_government,degree_obs,0.3,17,4,1313
facebook_government,degree_obs,0.3,17,5,1414
facebook_government,degree_obs,0.3,17,6,1662
facebook_government,degree_obs,0.3,17,7,1749
facebook_government,degree_obs,0.3,17,8,1778
facebook_government,degree_obs,0.3,17,9,1794
facebook_government,degree_obs,0.3,17,10,1852
facebook_government,degree_obs,0.3,17,11,1933
facebook_government,degree_obs,0.3,17,12,1972
facebook_government,degree_obs,0.3,17,13,1993
facebook_government,degree_obs,0.3,17,14,2045
facebook_government,degree_obs,0.3,17,15,2049
facebook_government,degree_obs,0.3,17,16,2067
facebook_government,degree_obs,0.3,17,17,2075
facebook_government,degree_obs,0.3,17,18,2083
facebook_government,degree_obs,0.3,17,19,2172
facebook_government,degree_obs,0.3,17,20,2211
facebook_government,degree_obs,0.3,17,21,2222
facebook_government,degree_obs,0.3,17,22,2227
facebook_government,degree_obs,0.3,17,23,2247
facebook_government,degree_obs,0.3,17,24,2461
facebook_government,degree_obs,0.3,17,25,2461
facebook_government,degree_obs,0.3,17,26,2489
facebook_government,degree_obs,0.3,17,27,2495
facebook_government,degree_obs,0.3,17,28,2500
facebook_government,degree_obs,0.3,17,29,2551
facebook_government,degree_obs,0.3,17,30,2581
facebook_government,degree_obs,0.3,18,1,698
facebook_government,degree_obs,0.3,18,2,702
facebook_government,degree_obs,0.3,18,3,1172
facebook_government,degree_obs,0.3,18,4,1313
facebook_government,degree_obs,0.3,18,5,1414
facebook_government,degree_obs,0.3,18,6,1439
facebook_government,degree_obs,0.3,18,7,1684
facebook_government,degree_obs,0.3,18,8,1771
facebook_government,degree_obs,0.3,18,9,1817
facebook_government,degree_obs,0.3,18,10,1850
facebook_government,degree_obs,0.3,18,11,1950
facebook_government,degree_obs,0.3,18,12,1968
facebook_government,degree_obs,0.3,18,13,2056
facebook_government,degree_obs,0.3,18,14,2088
facebook_government,degree_obs,0.3,18,15,2096
facebook_government,degree_obs,0.3,18,16,2132
facebook_government,degree_obs,0.3,18,17,2168
facebook_government,degree_obs,0.3,18,18,2174
facebook_government,degree_obs,0.3,18,19,2211
facebook_government,degree_obs,0.3,18,20,2212
facebook_government,degree_obs,0.3,18,21,2222
facebook_government,degree_obs,0.3,18,22,2223
facebook_government,degree_obs,0.3,18,23,2234
facebook_government,degree_obs,0.3,18,24,2245
facebook_government,degree_obs,0.3,18,25,2245
facebook_government,degree_obs,0.3,18,26,2251
facebook_government,degree_obs,0.3,18,27,2255
facebook_government,degree_obs,0.3,18,28,2258
facebook_government,degree_obs,0.3,18,29,2264
facebook_government,degree_obs,0.3,18,30,2454
facebook_government,degree_obs,0.3,19,1,698
facebook_government,degree_obs,0.3,19,2,1170
facebook_government,degree_obs,0.3,19,3,1172
facebook_government,degree_obs,0.3,19,4,1313
facebook_government,degree_obs,0.3,19,5,1414
facebook_government,degree_obs,0.3,19,6,1662
facebook_government,degree_obs,0.3,19,7,1711
facebook_government,degree_obs,0.3,19,8,1785
facebook_government,degree_obs,0.3,19,9,1804
facebook_government,degree_obs,0.3,19,10,1862
facebook_government,degree_obs,0.3,19,11,1877
facebook_government,degree_obs,0.3,19,12,1920
facebook_government,degree_obs,0.3,19,13,1941
facebook_government,degree_obs,0.3,19,14,2009
facebook_government,degree_obs,0.3,19,15,2019
facebook_government,degree_obs,0.3,19,16,2069
facebook_government,degree_obs,0.3,19,17,2090
facebook_government,degree_obs,0.3,19,18,2142
facebook_government,degree_obs,0.3,19,19,2358
facebook_government,degree_obs,0.3,19,20,2388
facebook_government,degree_obs,0.3,19,21,2393
facebook_government,degree_obs,0.3,19,22,2428
facebook_government,degree_obs,0.3,19,23,2439
facebook_government,degree_obs,0.3,19,24,2443
facebook_government,degree_obs,0.3,19,25,2448
facebook_government,degree_obs,0.3,19,26,2464
facebook_government,degree_obs,0.3,19,27,2465
facebook_government,degree_obs,0.3,19,28,2465
facebook_government,degree_obs,0.3,19,29,2467
facebook_government,degree_obs,0.3,19,30,2547
facebook_government,degree_obs,0.5,0,1,698
facebook_government,degree_obs,0.5,0,2,702
facebook_government,degree_obs,0.5,0,3,1172
facebook_government,degree_obs,0.5,0,4,1313
facebook_government,degree_obs,0.5,0,5,1569
facebook_government,degree_obs,0.5,0,6,1662
facebook_government,degree_obs,0.5,0,7,1684
facebook_government,degree_obs,0.5,0,8,1767
facebook_government,degree_obs,0.5,0,9,1828
facebook_government,degree_obs,0.5,0,10,1852
facebook_government,degree_obs,0.5,0,11,1885
facebook_government,degree_obs,0.5,0,12,1928
facebook_government,degree_obs,0.5,0,13,2012
facebook_government,degree_obs,0.5,0,14,2102
facebook_government,degree_obs,0.5,0,15,2139
facebook_government,degree_obs,0.5,0,16,2143
facebook_government,degree_obs,0.5,0,17,2150
facebook_government,degree_obs,0.5,0,18,2161
facebook_government,degree_obs,0.5,0,19,2197
facebook_government,degree_obs,0.5,0,20,2202
facebook_government,degree_obs,0.5,0,21,2241
facebook_government,degree_obs,0.5,0,22,2262
facebook_government,degree_obs,0.5,0,23,2270
facebook_government,degree_obs,0.5,0,24,2310
facebook_government,degree_obs,0.5,0,25,2315
facebook_government,degree_obs,0.5,0,26,2322
facebook_government,degree_obs,0.5,0,27,2328
facebook_government,degree_obs,0.5,0,28,2328
facebook_government,degree_obs,0.5,0,29,2332
facebook_government,degree_obs,0.5,0,30,2332
facebook_government,degree_obs,0.5,1,1,698
facebook_government,degree_obs,0.5,1,2,702
facebook_government,degree_obs,0.5,1,3,1172
facebook_government,degree_obs,0.5,1,4,1313
facebook_government,degree_obs,0.5,1,5,1569
facebook_government,degree_obs,0.5,1,6,1662
facebook_government,degree_obs,0.5,1,7,1711
facebook_government,degree_obs,0.5,1,8,1730
facebook_government,degree_obs,0.5,1,9,1794
facebook_government,degree_obs,0.5,1,10,1828
facebook_government,degree_obs,0.5,1,11,1885
facebook_government,degree_obs,0.5,1,12,1928
facebook_government,degree_obs,0.5,1,13,1996
facebook_government,degree_obs,0.5,1,14,2037
facebook_government,degree_obs,0.5,1,15,2041
facebook_government,degree_obs,0.5,1,16,2050
facebook_government,degree_obs,0.5,1,17,2072
facebook_government,degree_obs,0.5,1,18,2124
facebook_government,degree_obs,0.5,1,19,2138
facebook_government,degree_obs,0.5,1,20,2139
facebook_government,degree_obs,0.5,1,21,2147
facebook_government,degree_obs,0.5,1,22,2361
facebook_government,degree_obs,0.5,1,23,2447
facebook_government,degree_obs,0.5,1,24,2486
facebook_government,degree_obs,0.5,1,25,2492
facebook_government,degree_obs,0.5,1,26,2496
facebook_government,degree_obs,0.5,1,27,2526
facebook_government,degree_obs,0.5,1,28,2533
facebook_government,degree_obs,0.5,1,29,2536
facebook_government,degree_obs,0.5,1,30,2541
facebook_government,degree_obs,0.5,2,1,698
facebook_government,degree_obs,0.5,2,2,702
facebook_government,degree_obs,0.5,2,3,1172
facebook_government,degree_obs,0.5,2,4,1313
facebook_government,degree_obs,0.5,2,5,1414
facebook_government,degree_obs,0.5,2,6,1662
facebook_government,degree_obs,0.5,2,7,1711
facebook_government,degree_obs,0.5,2,8,1785
facebook_government,degree_obs,0.5,2,9,1804
facebook_government,degree_obs,0.5,2,10,1828
facebook_government,degree_obs,0.5,2,11,1885
facebook_government,degree_obs,0.5,2,12,1895
facebook_government,degree_obs,0.5,2,13,1974
facebook_government,degree_obs,0.5,2,14,2005
facebook_government,degree_obs,0.5,2,15,2057
facebook_government,degree_obs,0.5,2,16,2093
facebook_government,degree_obs,0.5,2,17,2182
facebook_government,degree_obs,0.5,2,18,2204
facebook_government,degree_obs,0.5,2,19,2208
facebook_government,degree_obs,0.5,2,20,2216
facebook_government,degree_obs,0.5,2,21,2223
facebook_government,degree_obs,0.5,2,22,2229
facebook_government,degree_obs,0.5,2,23,2239
facebook_government,degree_obs,0.5,2,24,2277
facebook_government,degree_obs,0.5,2,25,2282
facebook_government,degree_obs,0.5,2,26,2287
facebook_government,degree_obs,0.5,2,27,2332
facebook_government,degree_obs,0.5,2,28,2371
facebook_government,degree_obs,0.5,2,29,2371
facebook_government,degree_obs,0.5,2,30,2374
facebook_government,degree_obs,0.5,3,1,698
facebook_government,degree_obs,0.5,3,2,702
facebook_government,degree_obs,0.5,3,3,1172
facebook_government,degree_obs,0.5,3,4,1313
facebook_government,degree_obs,0.5,3,5,1569
facebook_government,degree_obs,0.5,3,6,1662
facebook_government,degree_obs,0.5,3,7,1751
facebook_government,degree_obs,0.5,3,8,1771
facebook_government,degree_obs,0.5,3,9,1807
facebook_government,degree_obs,0.5,3,10,1828
facebook_government,degree_obs,0.5,3,11,1885
facebook_government,degree_obs,0.5,3,12,1928
facebook_government,degree_obs,0.5,3,13,2023
facebook_government,degree_obs,0.5,3,14,2091
facebook_government,degree_obs,0.5,3,15,2106
facebook_government,degree_obs,0.5,3,16,2110
facebook_government,degree_obs,0.5,3,17,2157
facebook_government,degree_obs,0.5,3,18,2164
facebook_government,degree_obs,0.5,3,19,2186
facebook_government,degree_obs,0.5,3,20,2219
facebook_government,degree_obs,0.5,3,21,2257
facebook_government,degree_obs,0.5,3,22,2265
facebook_government,degree_obs,0.5,3,23,2477
facebook_government,degree_obs,0.5,3,24,2484
facebook_government,degree_obs,0.5,3,25,2489
facebook_government,degree_obs,0.5,3,26,2528
facebook_government,degree_obs,0.5,3,27,2533
facebook_government,degree_obs,0.5,3,28,2538
facebook_government,degree_obs,0.5,3,29,2543
facebook_government,degree_obs,0.5,3,30,2546
facebook_government,degree_obs,0.5,4,1,675
facebook_government,degree_obs,0.5,4,2,702
facebook_government,degree_obs,0.5,4,3,1172
facebook_government,degree_obs,0.5,4,4,1313
facebook_government,degree_obs,0.5,4,5,1569
facebook_government,degree_obs,0.5,4,6,1662
facebook_government,degree_obs,0.5,4,7,1726
facebook_government,degree_obs,0.5,4,8,1770
facebook_government,degree_obs,0.5,4,9,1836
facebook_government,degree_obs,0.5,4,10,1852
facebook_government,degree_obs,0.5,4,11,1885
facebook_government,degree_obs,0.5,4,12,1928
facebook_government,degree_obs,0.5,4,13,2012
facebook_government,degree_obs,0.5,4,14,2025
facebook_government,degree_obs,0.5,4,15,2061
facebook_government,degree_obs,0.5,4,16,2150
facebook_government,degree_obs,0.5,4,17,2165
facebook_government,degree_obs,0.5,4,18,2169
facebook_government,degree_obs,0.5,4,19,2176
facebook_government,degree_obs,0.5,4,20,2183
facebook_government,degree_obs,0.5,4,21,2204
facebook_government,degree_obs,0.5,4,22,2204
facebook_government,degree_obs,0.5,4,23,2234
facebook_government,degree_obs,0.5,4,24,2272
facebook_government,degree_obs,0.5,4,25,2277
facebook_government,degree_obs,0.5,4,26,2283
facebook_government,degree_obs,0.5,4,27,2283
facebook_government,degree_obs,0.5,4,28,2495
facebook_government,degree_obs,0.5,4,29,2500
facebook_government,degree_obs,0.5,4,30,2505
facebook_government,degree_obs,0.5,5,1,675
facebook_government,degree_obs,0.5,5,2,702
facebook_government,degree_obs,0.5,5,3,1172
facebook_government,degree_obs,0.5,5,4,1313
facebook_government,degree_obs,0.5,5,5,1569
facebook_government,degree_obs,0.5,5,6,1662
facebook_government,degree_obs,0.5,5,7,1684
facebook_government,degree_obs,0.5,5,8,1767
facebook_government,degree_obs,0.5,5,9,1794
facebook_government,degree_obs,0.5,5,10,1828
facebook_government,degree_obs,0.5,5,11,1885
facebook_government,degree_obs,0.5,5,12,1980
facebook_government,degree_obs,0.5,5,13,2012
facebook_government,degree_obs,0.5,5,14,2102
facebook_government,degree_obs,0.5,5,15,2138
facebook_government,degree_obs,0.5,5,16,2161
facebook_government,degree_obs,0.5,5,17,2168
facebook_government,degree_obs,0.5,5,18,2179
facebook_government,degree_obs,0.5,5,19,2181
facebook_government,degree_obs,0.5,5,20,2189
facebook_government,degree_obs,0.5,5,21,2220
facebook_government,degree_obs,0.5,5,22,2224
facebook_government,degree_obs,0.5,5,23,2262
facebook_government,degree_obs,0.5,5,24,2272
facebook_government,degree_obs,0.5,5,25,2278
facebook_government,degree_obs,0.5,5,26,2283
facebook_government,degree_obs,0.5,5,27,2323
facebook_government,degree_obs,0.5,5,28,2327
facebook_government,degree_obs,0.5,5,29,2330
facebook_government,degree_obs,0.5,5,30,2373
facebook_government,degree_obs,0.5,6,1,675
facebook_government,degree_obs,0.5,6,2,702
facebook_government,degree_obs,0.5,6,3,1172
facebook_government,degree_obs,0.5,6,4,1313
facebook_government,degree_obs,0.5,6,5,1569
facebook_government,degree_obs,0.5,6,6,1662
facebook_government,degree_obs,0.5,6,7,1711
facebook_government,degree_obs,0.5,6,8,1730
facebook_government,degree_obs,0.5,6,9,1804
facebook_government,degree_obs,0.5,6,10,1848
facebook_government,degree_obs,0.5,6,11,1871
facebook_government,degree_obs,0.5,6,12,1928
facebook_government,degree_obs,0.5,6,13,2012
facebook_government,degree_obs,0.5,6,14,2016
facebook_government,degree_obs,0.5,6,15,2025
facebook_government,degree_obs,0.5,6,16,2038
facebook_government,degree_obs,0.5,6,17,2126
facebook_government,degree_obs,0.5,6,18,2162
facebook_government,degree_obs,0.5,6,19,2172
facebook_government,degree_obs,0.5,6,20,2184
facebook_government,degree_obs,0.5,6,21,2189
facebook_government,degree_obs,0.5,6,22,2195
facebook_government,degree_obs,0.5,6,23,2216
facebook_government,degree_obs,0.5,6,24,2257
facebook_government,degree_obs,0.5,6,25,2286
facebook_government,degree_obs,0.5,6,26,2290
facebook_government,degree_obs,0.5,6,27,2290
facebook_government,degree_obs,0.5,6,28,2297
facebook_government,degree_obs,0.5,6,29,2299
facebook_government,degree_obs,0.5,6,30,2513
facebook_government,degree_obs,0.5,7,1,698
facebook_government,degree_obs,0.5,7,2,702
facebook_government,degree_obs,0.5,7,3,1172
facebook_government,degree_obs,0.5,7,4,1313
facebook_government,degree_obs,0.5,7,5,1569
facebook_government,degree_obs,0.5,7,6,1662
facebook_government,degree_obs,0.5,7,7,1751
facebook_government,degree_obs,0.5,7,8,1771
facebook_government,degree_obs,0.5,7,9,1833
facebook_government,degree_obs,0.5,7,10,1862
facebook_government,degree_obs,0.5,7,11,1885
facebook_government,degree_obs,0.5,7,12,1928
facebook_government,degree_obs,0.5,7,13,1932
facebook_government,degree_obs,0.5,7,14,1956
facebook_government,degree_obs,0.5,7,15,2050
facebook_government,degree_obs,0.5,7,16,2057
facebook_government,degree_obs,0.5,7,17,2071
facebook_government,degree_obs,0.5,7,18,2139
facebook_government,degree_obs,0.5,7,19,2186
facebook_government,degree_obs,0.5,7,20,2197
facebook_government,degree_obs,0.5,7,21,2198
facebook_government,degree_obs,0.5,7,22,2228
facebook_government,degree_obs,0.5,7,23,2235
facebook_government,degree_obs,0.5,7,24,2241
facebook_government,degree_obs,0.5,7,25,2279
facebook_government,degree_obs,0.5,7,26,2283
facebook_government,degree_obs,0.5,7,27,2286
facebook_government,degree_obs,0.5,7,28,2325
facebook_government,degree_obs,0.5,7,29,2536
facebook_government,degree_obs,0.5,7,30,2541
facebook_government,degree_obs,0.5,8,1,675
facebook_government,degree_obs,0.5,8,2,702
facebook_government,degree_obs,0.5,8,3,1172
facebook_government,degree_obs,0.5,8,4,1313
facebook_government,degree_obs,0.5,8,5,1414
facebook_government,degree_obs,0.5,8,6,1662
facebook_government,degree_obs,0.5,8,7,1684
facebook_government,degree_obs,0.5,8,8,1730
facebook_government,degree_obs,0.5,8,9,1789
facebook_government,degree_obs,0.5,8,10,1874
facebook_government,degree_obs,0.5,8,11,1904
facebook_government,degree_obs,0.5,8,12,1928
facebook_government,degree_obs,0.5,8,13,2012
facebook_government,degree_obs,0.5,8,14,2021
facebook_government,degree_obs,0.5,8,15,2035
facebook_government,degree_obs,0.5,8,16,2058
facebook_government,degree_obs,0.5,8,17,2094
facebook_government,degree_obs,0.5,8,18,2102
facebook_government,degree_obs,0.5,8,19,2190
facebook_government,degree_obs,0.5,8,20,2194
facebook_government,degree_obs,0.5,8,21,2226
facebook_government,degree_obs,0.5,8,22,2227
facebook_government,degree_obs,0.5,8,23,2265
facebook_government,degree_obs,0.5,8,24,2270
facebook_government,degree_obs,0.5,8,25,2278
facebook_government,degree_obs,0.5,8,26,2282
facebook_government,degree_obs,0.5,8,27,2287
facebook_government,degree_obs,0.5,8,28,2292
facebook_government,degree_obs,0.5,8,29,2296
facebook_government,degree_obs,0.5,8,30,2300
facebook_government,degree_obs,0.5,9,1,698
facebook_government,degree_obs,0.5,9,2,702
facebook_government,degree_obs,0.5,9,3,1172
facebook_government,degree_obs,0.5,9,4,1313
facebook_government,degree_obs,0.5,9,5,1569
facebook_government,degree_obs,0.5,9,6,1662
facebook_government,degree_obs,0.5,9,7,1684
facebook_government,degree_obs,0.5,9,8,1730
facebook_government,degree_obs,0.5,9,9,1794
facebook_government,degree_obs,0.5,9,10,1846
facebook_government,degree_obs,0.5,9,11,1904
facebook_government,degree_obs,0.5,9,12,1928
facebook_government,degree_obs,0.5,9,13,1952
facebook_government,degree_obs,0.5,9,14,1956
facebook_government,degree_obs,0.5,9,15,2024
facebook_government,degree_obs,0.5,9,16,2076
facebook_government,degree_obs,0.5,9,17,2087
facebook_government,degree_obs,0.5,9,18,2094
facebook_government,degree_obs,0.5,9,19,2128
facebook_government,degree_obs,0.5,9,20,2216
facebook_government,degree_obs,0.5,9,21,2225
facebook_government,degree_obs,0.5,9,22,2263
facebook_government,degree_obs,0.5,9,23,2268
facebook_government,degree_obs,0.5,9,24,2276
facebook_government,degree_obs,0.5,9,25,2277
facebook_government,degree_obs,0.5,9,26,2283
facebook_government,degree_obs,0.5,9,27,2288
facebook_government,degree_obs,0.5,9,28,2327
facebook_government,degree_obs,0.5,9,29,2330
facebook_government,degree_obs,0.5,9,30,2541
facebook_government,degree_obs,0.5,10,1,698
facebook_government,degree_obs,0.5,10,2,702
facebook_government,degree_obs,0.5,10,3,1172
facebook_government,degree_obs,0.5,10,4,1313
facebook_government,degree_obs,0.5,10,5,1569
facebook_government,degree_obs,0.5,10,6,1662
facebook_government,degree_obs,0.5,10,7,1749
facebook_government,degree_obs,0.5,10,8,1778
facebook_government,degree_obs,0.5,10,9,1794
facebook_government,degree_obs,0.5,10,10,1828
facebook_government,degree_obs,0.5,10,11,1885
facebook_government,degree_obs,0.5,10,12,1928
facebook_government,degree_obs,0.5,10,13,1952
facebook_government,degree_obs,0.5,10,14,2036
facebook_government,degree_obs,0.5,10,15,2125
facebook_government,degree_obs,0.5,10,16,2129
facebook_government,degree_obs,0.5,10,17,2140
facebook_government,degree_obs,0.5,10,18,2176
facebook_government,degree_obs,0.5,10,19,2183
facebook_government,degree_obs,0.5,10,20,2197
facebook_government,degree_obs,0.5,10,21,2205
facebook_government,degree_obs,0.5,10,22,2213
facebook_government,degree_obs,0.5,10,23,2219
facebook_government,degree_obs,0.5,10,24,2247
facebook_government,degree_obs,0.5,10,25,2254
facebook_government,degree_obs,0.5,10,26,2469
facebook_government,degree_obs,0.5,10,27,2472
facebook_government,degree_obs,0.5,10,28,2472
facebook_government,degree_obs,0.5,10,29,2472
facebook_government,degree_obs,0.5,10,30,2506
facebook_government,degree_obs,0.5,11,1,675
facebook_government,degree_obs,0.5,11,2,702
facebook_government,degree_obs,0.5,11,3,1172
facebook_government,degree_obs,0.5,11,4,1313
facebook_government,degree_obs,0.5,11,5,1414
facebook_government,degree_obs,0.5,11,6,1662
facebook_government,degree_obs,0.5,11,7,1684
facebook_government,degree_obs,0.5,11,8,1730
facebook_government,degree_obs,0.5,11,9,1794
facebook_government,degree_obs,0.5,11,10,1846
facebook_government,degree_obs,0.5,11,11,1904
facebook_government,degree_obs,0.5,11,12,1928
facebook_government,degree_obs,0.5,11,13,2012
facebook_government,degree_obs,0.5,11,14,2036
facebook_government,degree_obs,0.5,11,15,2047
facebook_government,degree_obs,0.5,11,16,2059
facebook_government,degree_obs,0.5,11,17,2066
facebook_government,degree_obs,0.5,11,18,2154
facebook_government,degree_obs,0.5,11,19,2164
facebook_government,degree_obs,0.5,11,20,2200
facebook_government,degree_obs,0.5,11,21,2200
facebook_government,degree_obs,0.5,11,22,2204
facebook_government,degree_obs,0.5,11,23,2212
facebook_government,degree_obs,0.5,11,24,2214
facebook_government,degree_obs,0.5,11,25,2214
facebook_government,degree_obs,0.5,11,26,2431
facebook_government,degree_obs,0.5,11,27,2466
facebook_government,degree_obs,0.5,11,28,2508
facebook_government,degree_obs,0.5,11,29,2534
facebook_government,degree_obs,0.5,11,30,2548
facebook_government,degree_obs,0.5,12,1,675
facebook_government,degree_obs,0.5,12,2,702
facebook_government,degree_obs,0.5,12,3,1172
facebook_government,degree_obs,0.5,12,4,1313
facebook_government,degree_obs,0.5,12,5,1414
facebook_government,degree_obs,0.5,12,6,1662
facebook_government,degree_obs,0.5,12,7,1684
facebook_government,degree_obs,0.5,12,8,1767
facebook_government,degree_obs,0.5,12,9,1807
facebook_government,degree_obs,0.5,12,10,1850
facebook_government,degree_obs,0.5,12,11,1871
facebook_government,degree_obs,0.5,12,12,1905
facebook_government,degree_obs,0.5,12,13,1982
facebook_government,degree_obs,0.5,12,14,2036
facebook_government,degree_obs,0.5,12,15,2072
facebook_government,degree_obs,0.5,12,16,2161
facebook_government,degree_obs,0.5,12,17,2168
facebook_government,degree_obs,0.5,12,18,2204
facebook_government,degree_obs,0.5,12,19,2213
facebook_government,degree_obs,0.5,12,20,2217
facebook_government,degree_obs,0.5,12,21,2223
facebook_government,degree_obs,0.5,12,22,2228
facebook_government,degree_obs,0.5,12,23,2265
facebook_government,degree_obs,0.5,12,24,2275
facebook_government,degree_obs,0.5,12,25,2275
facebook_government,degree_obs,0.5,12,26,2280
facebook_government,degree_obs,0.5,12,27,2326
facebook_government,degree_obs,0.5,12,28,2330
facebook_government,degree_obs,0.5,12,29,2368
facebook_government,degree_obs,0.5,12,30,2371
facebook_government,degree_obs,0.5,13,1,675
facebook_government,degree_obs,0.5,13,2,702
facebook_government,degree_obs,0.5,13,3,1172
facebook_government,degree_obs,0.5,13,4,1313
facebook_government,degree_obs,0.5,13,5,1414
facebook_government,degree_obs,0.5,13,6,1662
facebook_government,degree_obs,0.5,13,7,1684
facebook_government,degree_obs,0.5,13,8,1771
facebook_government,degree_obs,0.5,13,9,1804
facebook_government,degree_obs,0.5,13,10,1862
facebook_government,degree_obs,0.5,13,11,1885
facebook_government,degree_obs,0.5,13,12,1895
facebook_government,degree_obs,0.5,13,13,1937
facebook_government,degree_obs,0.5,13,14,2005
facebook_government,degree_obs,0.5,13,15,2057
facebook_government,degree_obs,0.5,13,16,2080
facebook_government,degree_obs,0.5,13,17,2094
facebook_government,degree_obs,0.5,13,18,2098
facebook_government,degree_obs,0.5,13,19,2186
facebook_government,degree_obs,0.5,13,20,2187
facebook_government,degree_obs,0.5,13,21,2193
facebook_government,degree_obs,0.5,13,22,2204
facebook_government,degree_obs,0.5,13,23,2241
facebook_government,degree_obs,0.5,13,24,2249
facebook_government,degree_obs,0.5,13,25,2278
facebook_government,degree_obs,0.5,13,26,2490
facebook_government,degree_obs,0.5,13,27,2494
facebook_government,degree_obs,0.5,13,28,2532
facebook_government,degree_obs,0.5,13,29,2539
facebook_government,degree_obs,0.5,13,30,2545
facebook_government,degree_obs,0.5,14,1,698
facebook_government,degree_obs,0.5,14,2,702
facebook_government,degree_obs,0.5,14,3,1172
facebook_government,degree_obs,0.5,14,4,1313
facebook_government,degree_obs,0.5,14,5,1414
facebook_government,degree_obs,0.5,14,6,1662
facebook_government,degree_obs,0.5,14,7,1749
facebook_government,degree_obs,0.5,14,8,1767
facebook_government,degree_obs,0.5,14,9,1807
facebook_government,degree_obs,0.5,14,10,1850
facebook_government,degree_obs,0.5,14,11,1871
facebook_government,degree_obs,0.5,14,12,1964
facebook_government,degree_obs,0.5,14,13,1997
facebook_government,degree_obs,0.5,14,14,2036
facebook_government,degree_obs,0.5,14,15,2040
facebook_government,degree_obs,0.5,14,16,2076
facebook_government,degree_obs,0.5,14,17,2084
facebook_government,degree_obs,0.5,14,18,2096
facebook_government,degree_obs,0.5,14,19,2110
facebook_government,degree_obs,0.5,14,20,2118
facebook_government,degree_obs,0.5,14,21,2205
facebook_government,degree_obs,0.5,14,22,2233
facebook_government,degree_obs,0.5,14,23,2238
facebook_government,degree_obs,0.5,14,24,2243
facebook_government,degree_obs,0.5,14,25,2284
facebook_government,degree_obs,0.5,14,26,2284
facebook_government,degree_obs,0.5,14,27,2320
facebook_government,degree_obs,0.5,14,28,2325
facebook_government,degree_obs,0.5,14,29,2325
facebook_government,degree_obs,0.5,14,30,2325
facebook_government,degree_obs,0.5,15,1,698
facebook_government,degree_obs,0.5,15,2,702
facebook_government,degree_obs,0.5,15,3,1172
facebook_government,degree_obs,0.5,15,4,1313
facebook_government,degree_obs,0.5,15,5,1414
facebook_government,degree_obs,0.5,15,6,1662
facebook_government,degree_obs,0.5,15,7,1684
facebook_government,degree_obs,0.5,15,8,1767
facebook_government,degree_obs,0.5,15,9,1807
facebook_government,degree_obs,0.5,15,10,1828
facebook_government,degree_obs,0.5,15,11,1885
facebook_government,degree_obs,0.5,15,12,1895
facebook_government,degree_obs,0.5,15,13,1990
facebook_government,degree_obs,0.5,15,14,2006
facebook_government,degree_obs,0.5,15,15,2029
facebook_government,degree_obs,0.5,15,16,2119
facebook_government,degree_obs,0.5,15,17,2158
facebook_government,degree_obs,0.5,15,18,2185
facebook_government,degree_obs,0.5,15,19,2189
facebook_government,degree_obs,0.5,15,20,2224
facebook_government,degree_obs,0.5,15,21,2257
facebook_government,degree_obs,0.5,15,22,2265
facebook_government,degree_obs,0.5,15,23,2477
facebook_government,degree_obs,0.5,15,24,2484
facebook_government,degree_obs,0.5,15,25,2489
facebook_government,degree_obs,0.5,15,26,2494
facebook_government,degree_obs,0.5,15,27,2498
facebook_government,degree_obs,0.5,15,28,2498
facebook_government,degree_obs,0.5,15,29,2536
facebook_government,degree_obs,0.5,15,30,2541
facebook_government,degree_obs,0.5,16,1,698
facebook_government,degree_obs,0.5,16,2,702
facebook_government,degree_obs,0.5,16,3,1172
facebook_government,degree_obs,0.5,16,4,1313
facebook_government,degree_obs,0.5,16,5,1414
facebook_government,degree_obs,0.5,16,6,1662
facebook_government,degree_obs,0.5,16,7,1684
facebook_government,degree_obs,0.5,16,8,1767
facebook_government,degree_obs,0.5,16,9,1794
facebook_government,degree_obs,0.5,16,10,1828
facebook_government,degree_obs,0.5,16,11,1845
facebook_government,degree_obs,0.5,16,12,1886
facebook_government,degree_obs,0.5,16,13,1979
facebook_government,degree_obs,0.5,16,14,2019
facebook_government,degree_obs,0.5,16,15,2063
facebook_government,degree_obs,0.5,16,16,2067
facebook_government,degree_obs,0.5,16,17,2080
facebook_government,degree_obs,0.5,16,18,2103
facebook_government,degree_obs,0.5,16,19,2191
facebook_government,degree_obs,0.5,16,20,2197
facebook_government,degree_obs,0.5,16,21,2204
facebook_government,degree_obs,0.5,16,22,2234
facebook_government,degree_obs,0.5,16,23,2449
facebook_government,degree_obs,0.5,16,24,2490
facebook_government,degree_obs,0.5,16,25,2496
facebook_government,degree_obs,0.5,16,26,2538
facebook_government,degree_obs,0.5,16,27,2539
facebook_government,degree_obs,0.5,16,28,2541
facebook_government,degree_obs,0.5,16,29,2573
facebook_government,degree_obs,0.5,16,30,2576
facebook_government,degree_obs,0.5,17,1,698
facebook_government,degree_obs,0.5,17,2,702
facebook_government,degree_obs,0.5,17,3,1172
facebook_government,degree_obs,0.5,17,4,1313
facebook_government,degree_obs,0.5,17,5,1414
facebook_government,degree_obs,0.5,17,6,1662
facebook_government,degree_obs,0.5,17,7,1684
facebook_government,degree_obs,0.5,17,8,1730
facebook_government,degree_obs,0.5,17,9,1794
facebook_government,degree_obs,0.5,17,10,1852
facebook_government,degree_obs,0.5,17,11,1947
facebook_government,degree_obs,0.5,17,12,1951
facebook_government,degree_obs,0.5,17,13,1992
facebook_government,degree_obs,0.5,17,14,2016
facebook_government,degree_obs,0.5,17,15,2052
facebook_government,degree_obs,0.5,17,16,2061
facebook_government,degree_obs,0.5,17,17,2075
facebook_government,degree_obs,0.5,17,18,2164
facebook_government,degree_obs,0.5,17,19,2176
facebook_government,degree_obs,0.5,17,20,2206
facebook_government,degree_obs,0.5,17,21,2227
facebook_government,degree_obs,0.5,17,22,2234
facebook_government,degree_obs,0.5,17,23,2272
facebook_government,degree_obs,0.5,17,24,2277
facebook_government,degree_obs,0.5,17,25,2283
facebook_government,degree_obs,0.5,17,26,2495
facebook_government,degree_obs,0.5,17,27,2498
facebook_government,degree_obs,0.5,17,28,2536
facebook_government,degree_obs,0.5,17,29,2536
facebook_government,degree_obs,0.5,17,30,2541
facebook_government,degree_obs,0.5,18,1,698
facebook_government,degree_obs,0.5,18,2,702
facebook_government,degree_obs,0.5,18,3,1172
facebook_government,degree_obs,0.5,18,4,1313
facebook_government,degree_obs,0.5,18,5,1414
facebook_government,degree_obs,0.5,18,6,1662
facebook_government,degree_obs,0.5,18,7,1684
facebook_government,degree_obs,0.5,18,8,1771
facebook_government,degree_obs,0.5,18,9,1817
facebook_government,degree_obs,0.5,18,10,1850
facebook_government,degree_obs,0.5,18,11,1871
facebook_government,degree_obs,0.5,18,12,1964
facebook_government,degree_obs,0.5,18,13,2056
facebook_government,degree_obs,0.5,18,14,2088
facebook_government,degree_obs,0.5,18,15,2125
facebook_government,degree_obs,0.5,18,16,2132
facebook_government,degree_obs,0.5,18,17,2168
facebook_government,degree_obs,0.5,18,18,2172
facebook_government,degree_obs,0.5,18,19,2210
facebook_government,degree_obs,0.5,18,20,2215
facebook_government,degree_obs,0.5,18,21,2229
facebook_government,degree_obs,0.5,18,22,2230
facebook_government,degree_obs,0.5,18,23,2237
facebook_government,degree_obs,0.5,18,24,2247
facebook_government,degree_obs,0.5,18,25,2277
facebook_government,degree_obs,0.5,18,26,2283
facebook_government,degree_obs,0.5,18,27,2287
facebook_government,degree_obs,0.5,18,28,2327
facebook_government,degree_obs,0.5,18,29,2331
facebook_government,degree_obs,0.5,18,30,2334
facebook_government,degree_obs,0.5,19,1,698
facebook_government,degree_obs,0.5,19,2,1170
facebook_government,degree_obs,0.5,19,3,1172
facebook_government,degree_obs,0.5,19,4,1313
facebook_government,degree_obs,0.5,19,5,1414
facebook_government,degree_obs,0.5,19,6,1662
facebook_government,degree_obs,0.5,19,7,1684
facebook_government,degree_obs,0.5,19,8,1730
facebook_government,degree_obs,0.5,19,9,1804
facebook_government,degree_obs,0.5,19,10,1862
facebook_government,degree_obs,0.5,19,11,1885
facebook_government,degree_obs,0.5,19,12,1928
facebook_government,degree_obs,0.5,19,13,2012
facebook_government,degree_obs,0.5,19,14,2025
facebook_government,degree_obs,0.5,19,15,2048
facebook_government,degree_obs,0.5,19,16,2136
facebook_government,degree_obs,0.5,19,17,2143
facebook_government,degree_obs,0.5,19,18,2157
facebook_government,degree_obs,0.5,19,19,2193
facebook_government,degree_obs,0.5,19,20,2231
facebook_government,degree_obs,0.5,19,21,2236
facebook_government,degree_obs,0.5,19,22,2244
facebook_government,degree_obs,0.5,19,23,2249
facebook_government,degree_obs,0.5,19,24,2289
facebook_government,degree_obs,0.5,19,25,2293
facebook_government,degree_obs,0.5,19,26,2506
facebook_government,degree_obs,0.5,19,27,2512
facebook_government,degree_obs,0.5,19,28,2555
facebook_government,degree_obs,0.5,19,29,2570
facebook_government,degree_obs,0.5,19,30,2596
facebook_government,degree_obs,0.8,0,1,698
facebook_government,degree_obs,0.8,0,2,702
facebook_government,degree_obs,0.8,0,3,1172
facebook_government,degree_obs,0.8,0,4,1313
facebook_government,degree_obs,0.8,0,5,1569
facebook_government,degree_obs,0.8,0,6,1662
facebook_government,degree_obs,0.8,0,7,1749
facebook_government,degree_obs,0.8,0,8,1767
facebook_government,degree_obs,0.8,0,9,1828
facebook_government,degree_obs,0.8,0,10,1852
facebook_government,degree_obs,0.8,0,11,1885
facebook_government,degree_obs,0.8,0,12,1928
facebook_government,degree_obs,0.8,0,13,2012
facebook_government,degree_obs,0.8,0,14,2021
facebook_government,degree_obs,0.8,0,15,2110
facebook_government,degree_obs,0.8,0,16,2132
facebook_government,degree_obs,0.8,0,17,2136
facebook_government,degree_obs,0.8,0,18,2172
facebook_government,degree_obs,0.8,0,19,2183
facebook_government,degree_obs,0.8,0,20,2197
facebook_government,degree_obs,0.8,0,21,2235
facebook_government,degree_obs,0.8,0,22,2236
facebook_government,degree_obs,0.8,0,23,2266
facebook_government,degree_obs,0.8,0,24,2478
facebook_government,degree_obs,0.8,0,25,2483
facebook_government,degree_obs,0.8,0,26,2490
facebook_government,degree_obs,0.8,0,27,2494
facebook_government,degree_obs,0.8,0,28,2498
facebook_government,degree_obs,0.8,0,29,2536
facebook_government,degree_obs,0.8,0,30,2541
facebook_government,degree_obs,0.8,1,1,698
facebook_government,degree_obs,0.8,1,2,702
facebook_government,degree_obs,0.8,1,3,1172
facebook_government,degree_obs,0.8,1,4,1313
facebook_government,degree_obs,0.8,1,5,1569
facebook_government,degree_obs,0.8,1,6,1662
facebook_government,degree_obs,0.8,1,7,1711
facebook_government,degree_obs,0.8,1,8,1730
facebook_government,degree_obs,0.8,1,9,1794
facebook_government,degree_obs,0.8,1,10,1828
facebook_government,degree_obs,0.8,1,11,1885
facebook_government,degree_obs,0.8,1,12,1928
facebook_government,degree_obs,0.8,1,13,1996
facebook_government,degree_obs,0.8,1,14,2005
facebook_government,degree_obs,0.8,1,15,2028
facebook_government,degree_obs,0.8,1,16,2080
facebook_government,degree_obs,0.8,1,17,2084
facebook_government,degree_obs,0.8,1,18,2098
facebook_government,degree_obs,0.8,1,19,2110
facebook_government,degree_obs,0.8,1,20,2197
facebook_government,degree_obs,0.8,1,21,2235
facebook_government,degree_obs,0.8,1,22,2265
facebook_government,degree_obs,0.8,1,23,2272
facebook_government,degree_obs,0.8,1,24,2277
facebook_government,degree_obs,0.8,1,25,2277
facebook_government,degree_obs,0.8,1,26,2489
facebook_government,degree_obs,0.8,1,27,2494
facebook_government,degree_obs,0.8,1,28,2498
facebook_government,degree_obs,0.8,1,29,2536
facebook_government,degree_obs,0.8,1,30,2541
facebook_government,degree_obs,0.8,2,1,698
facebook_government,degree_obs,0.8,2,2,702
facebook_government,degree_obs,0.8,2,3,1172
facebook_government,degree_obs,0.8,2,4,1313
facebook_government,degree_obs,0.8,2,5,1414
facebook_government,degree_obs,0.8,2,6,1662
facebook_government,degree_obs,0.8,2,7,1684
facebook_government,degree_obs,0.8,2,8,1771
facebook_government,degree_obs,0.8,2,9,1807
facebook_government,degree_obs,0.8,2,10,1828
facebook_government,degree_obs,0.8,2,11,1885
facebook_government,degree_obs,0.8,2,12,1928
facebook_government,degree_obs,0.8,2,13,2012
facebook_government,degree_obs,0.8,2,14,2021
facebook_government,degree_obs,0.8,2,15,2110
facebook_government,degree_obs,0.8,2,16,2146
facebook_government,degree_obs,0.8,2,17,2168
facebook_government,degree_obs,0.8,2,18,2204
facebook_government,degree_obs,0.8,2,19,2212
facebook_government,degree_obs,0.8,2,20,2223
facebook_government,degree_obs,0.8,2,21,2227
facebook_government,degree_obs,0.8,2,22,2265
facebook_government,degree_obs,0.8,2,23,2272
facebook_government,degree_obs,0.8,2,24,2276
facebook_government,degree_obs,0.8,2,25,2281
facebook_government,degree_obs,0.8,2,26,2286
facebook_government,degree_obs,0.8,2,27,2498
facebook_government,degree_obs,0.8,2,28,2498
facebook_government,degree_obs,0.8,2,29,2540
facebook_government,degree_obs,0.8,2,30,2545
facebook_government,degree_obs,0.8,3,1,698
facebook_government,degree_obs,0.8,3,2,702
facebook_government,degree_obs,0.8,3,3,1172
facebook_government,degree_obs,0.8,3,4,1313
facebook_government,degree_obs,0.8,3,5,1569
facebook_government,degree_obs,0.8,3,6,1662
facebook_government,degree_obs,0.8,3,7,1684
facebook_government,degree_obs,0.8,3,8,1730
facebook_government,degree_obs,0.8,3,9,1804
facebook_government,degree_obs,0.8,3,10,1828
facebook_government,degree_obs,0.8,3,11,1871
facebook_government,degree_obs,0.8,3,12,1928
facebook_government,degree_obs,0.8,3,13,1932
facebook_government,degree_obs,0.8,3,14,1956
facebook_government,degree_obs,0.8,3,15,2040
facebook_government,degree_obs,0.8,3,16,2076
facebook_government,degree_obs,0.8,3,17,2084
facebook_government,degree_obs,0.8,3,18,2172
facebook_government,degree_obs,0.8,3,19,2183
facebook_government,degree_obs,0.8,3,20,2216
facebook_government,degree_obs,0.8,3,21,2227
facebook_government,degree_obs,0.8,3,22,2265
facebook_government,degree_obs,0.8,3,23,2266
facebook_government,degree_obs,0.8,3,24,2271
facebook_government,degree_obs,0.8,3,25,2277
facebook_government,degree_obs,0.8,3,26,2282
facebook_government,degree_obs,0.8,3,27,2286
facebook_government,degree_obs,0.8,3,28,2325
facebook_government,degree_obs,0.8,3,29,2536
facebook_government,degree_obs,0.8,3,30,2541
facebook_government,degree_obs,0.8,4,1,675
facebook_government,degree_obs,0.8,4,2,702
facebook_government,degree_obs,0.8,4,3,1172
facebook_government,degree_obs,0.8,4,4,1313
facebook_government,degree_obs,0.8,4,5,1569
facebook_government,degree_obs,0.8,4,6,1662
facebook_government,degree_obs,0.8,4,7,1684
facebook_government,degree_obs,0.8,4,8,1767
facebook_government,degree_obs,0.8,4,9,1794
facebook_government,degree_obs,0.8,4,10,1828
facebook_government,degree_obs,0.8,4,11,1885
facebook_government,degree_obs,0.8,4,12,1928
facebook_government,degree_obs,0.8,4,13,2012
facebook_government,degree_obs,0.8,4,14,2021
facebook_government,degree_obs,0.8,4,15,2025
facebook_government,degree_obs,0.8,4,16,2114
facebook_government,degree_obs,0.8,4,17,2150
facebook_government,degree_obs,0.8,4,18,2164
facebook_government,degree_obs,0.8,4,19,2176
facebook_government,degree_obs,0.8,4,20,2197
facebook_government,degree_obs,0.8,4,21,2227
facebook_government,degree_obs,0.8,4,22,2234
facebook_government,degree_obs,0.8,4,23,2272
facebook_government,degree_obs,0.8,4,24,2272
facebook_government,degree_obs,0.8,4,25,2277
facebook_government,degree_obs,0.8,4,26,2281
facebook_government,degree_obs,0.8,4,27,2286
facebook_government,degree_obs,0.8,4,28,2291
facebook_government,degree_obs,0.8,4,29,2503
facebook_government,degree_obs,0.8,4,30,2541
facebook_government,degree_obs,0.8,5,1,698
facebook_government,degree_obs,0.8,5,2,702
facebook_government,degree_obs,0.8,5,3,1172
facebook_government,degree_obs,0.8,5,4,1313
facebook_government,degree_obs,0.8,5,5,1569
facebook_government,degree_obs,0.8,5,6,1662
facebook_government,degree_obs,0.8,5,7,1684
facebook_government,degree_obs,0.8,5,8,1767
facebook_government,degree_obs,0.8,5,9,1794
facebook_government,degree_obs,0.8,5,10,1852
facebook_government,degree_obs,0.8,5,11,1885
facebook_government,degree_obs,0.8,5,12,1928
facebook_government,degree_obs,0.8,5,13,2012
facebook_government,degree_obs,0.8,5,14,2021
facebook_government,degree_obs,0.8,5,15,2110
facebook_government,degree_obs,0.8,5,16,2114
facebook_government,degree_obs,0.8,5,17,2136
facebook_government,degree_obs,0.8,5,18,2172
facebook_government,degree_obs,0.8,5,19,2210
facebook_government,degree_obs,0.8,5,20,2224
facebook_government,degree_obs,0.8,5,21,2235
facebook_government,degree_obs,0.8,5,22,2265
facebook_government,degree_obs,0.8,5,23,2266
facebook_government,degree_obs,0.8,5,24,2271
facebook_government,degree_obs,0.8,5,25,2277
facebook_government,degree_obs,0.8,5,26,2282
facebook_government,degree_obs,0.8,5,27,2286
facebook_government,degree_obs,0.8,5,28,2291
facebook_government,degree_obs,0.8,5,29,2330
facebook_government,degree_obs,0.8,5,30,2541
facebook_government,degree_obs,0.8,6,1,698
facebook_government,degree_obs,0.8,6,2,702
facebook_government,degree_obs,0.8,6,3,1172
facebook_government,degree_obs,0.8,6,4,1313
facebook_government,degree_obs,0.8,6,5,1569
facebook_government,degree_obs,0.8,6,6,1662
facebook_government,degree_obs,0.8,6,7,1684
facebook_government,degree_obs,0.8,6,8,1771
facebook_government,degree_obs,0.8,6,9,1804
facebook_government,degree_obs,0.8,6,10,1828
facebook_government,degree_obs,0.8,6,11,1871
facebook_government,degree_obs,0.8,6,12,1928
facebook_government,degree_obs,0.8,6,13,2012
facebook_government,degree_obs,0.8,6,14,2021
facebook_government,degree_obs,0.8,6,15,2034
facebook_government,degree_obs,0.8,6,16,2038
facebook_government,degree_obs,0.8,6,17,2074
facebook_government,degree_obs,0.8,6,18,2162
facebook_government,degree_obs,0.8,6,19,2176
facebook_government,degree_obs,0.8,6,20,2197
facebook_government,degree_obs,0.8,6,21,2227
facebook_government,degree_obs,0.8,6,22,2265
facebook_government,degree_obs,0.8,6,23,2270
facebook_government,degree_obs,0.8,6,24,2277
facebook_government,degree_obs,0.8,6,25,2282
facebook_government,degree_obs,0.8,6,26,2282
facebook_government,degree_obs,0.8,6,27,2494
facebook_government,degree_obs,0.8,6,28,2533
facebook_government,degree_obs,0.8,6,29,2536
facebook_government,degree_obs,0.8,6,30,2541
facebook_government,degree_obs,0.8,7,1,698
facebook_government,degree_obs,0.8,7,2,702
facebook_government,degree_obs,0.8,7,3,1172
facebook_government,degree_obs,0.8,7,4,1313
facebook_government,degree_obs,0.8,7,5,1414
facebook_government,degree_obs,0.8,7,6,1662
facebook_government,degree_obs,0.8,7,7,1711
facebook_government,degree_obs,0.8,7,8,1778
facebook_government,degree_obs,0.8,7,9,1812
facebook_government,degree_obs,0.8,7,10,1828
facebook_government,degree_obs,0.8,7,11,1885
facebook_government,degree_obs,0.8,7,12,1928
facebook_government,degree_obs,0.8,7,13,1952
facebook_government,degree_obs,0.8,7,14,1956
facebook_government,degree_obs,0.8,7,15,2040
facebook_government,degree_obs,0.8,7,16,2048
facebook_government,degree_obs,0.8,7,17,2136
facebook_government,degree_obs,0.8,7,18,2172
facebook_government,degree_obs,0.8,7,19,2186
facebook_government,degree_obs,0.8,7,20,2219
facebook_government,degree_obs,0.8,7,21,2226
facebook_government,degree_obs,0.8,7,22,2234
facebook_government,degree_obs,0.8,7,23,2235
facebook_government,degree_obs,0.8,7,24,2239
facebook_government,degree_obs,0.8,7,25,2245
facebook_government,degree_obs,0.8,7,26,2283
facebook_government,degree_obs,0.8,7,27,2286
facebook_government,degree_obs,0.8,7,28,2498
facebook_government,degree_obs,0.8,7,29,2503
facebook_government,degree_obs,0.8,7,30,2541
facebook_government,degree_obs,0.8,8,1,698
facebook_government,degree_obs,0.8,8,2,702
facebook_government,degree_obs,0.8,8,3,1172
facebook_government,degree_obs,0.8,8,4,1313
facebook_government,degree_obs,0.8,8,5,1414
facebook_government,degree_obs,0.8,8,6,1662
facebook_government,degree_obs,0.8,8,7,1684
facebook_government,degree_obs,0.8,8,8,1730
facebook_government,degree_obs,0.8,8,9,1794
facebook_government,degree_obs,0.8,8,10,1828
facebook_government,degree_obs,0.8,8,11,1885
facebook_government,degree_obs,0.8,8,12,1928
facebook_government,degree_obs,0.8,8,13,2012
facebook_government,degree_obs,0.8,8,14,2102
facebook_government,degree_obs,0.8,8,15,2138
facebook_government,degree_obs,0.8,8,16,2161
facebook_government,degree_obs,0.8,8,17,2168
facebook_government,degree_obs,0.8,8,18,2182
facebook_government,degree_obs,0.8,8,19,2186
facebook_government,degree_obs,0.8,8,20,2197
facebook_government,degree_obs,0.8,8,21,2227
facebook_government,degree_obs,0.8,8,22,2234
facebook_government,degree_obs,0.8,8,23,2272
facebook_government,degree_obs,0.8,8,24,2278
facebook_government,degree_obs,0.8,8,25,2278
facebook_government,degree_obs,0.8,8,26,2281
facebook_government,degree_obs,0.8,8,27,2286
facebook_government,degree_obs,0.8,8,28,2291
facebook_government,degree_obs,0.8,8,29,2330
facebook_government,degree_obs,0.8,8,30,2541
facebook_government,degree_obs,0.8,9,1,698
facebook_government,degree_obs,0.8,9,2,702
facebook_government,degree_obs,0.8,9,3,1172
facebook_government,degree_obs,0.8,9,4,1313
facebook_government,degree_obs,0.8,9,5,1569
facebook_government,degree_obs,0.8,9,6,1662
facebook_government,degree_obs,0.8,9,7,1684
facebook_government,degree_obs,0.8,9,8,1730
facebook_government,degree_obs,0.8,9,9,1794
facebook_government,degree_obs,0.8,9,10,1846
facebook_government,degree_obs,0.8,9,11,1871
facebook_government,degree_obs,0.8,9,12,1928
facebook_government,degree_obs,0.8,9,13,2012
facebook_government,degree_obs,0.8,9,14,2048
facebook_government,degree_obs,0.8,9,15,2072
facebook_government,degree_obs,0.8,9,16,2080
facebook_government,degree_obs,0.8,9,17,2084
facebook_government,degree_obs,0.8,9,18,2172
facebook_government,degree_obs,0.8,9,19,2208
facebook_government,degree_obs,0.8,9,20,2219
facebook_government,degree_obs,0.8,9,21,2225
facebook_government,degree_obs,0.8,9,22,2233
facebook_government,degree_obs,0.8,9,23,2271
facebook_government,degree_obs,0.8,9,24,2272
facebook_government,degree_obs,0.8,9,25,2278
facebook_government,degree_obs,0.8,9,26,2283
facebook_government,degree_obs,0.8,9,27,2286
facebook_government,degree_obs,0.8,9,28,2498
facebook_government,degree_obs,0.8,9,29,2503
facebook_government,degree_obs,0.8,9,30,2541
facebook_government,degree_obs,0.8,10,1,698
facebook_government,degree_obs,0.8,10,2,702
facebook_government,degree_obs,0.8,10,3,1172
facebook_government,degree_obs,0.8,10,4,1313
facebook_government,degree_obs,0.8,10,5,1569
facebook_government,degree_obs,0.8,10,6,1662
facebook_government,degree_obs,0.8,10,7,1684
facebook_government,degree_obs,0.8,10,8,1767
facebook_government,degree_obs,0.8,10,9,1807
facebook_government,degree_obs,0.8,10,10,1828
facebook_government,degree_obs,0.8,10,11,1885
facebook_government,degree_obs,0.8,10,12,1928
facebook_government,degree_obs,0.8,10,13,2012
facebook_government,degree_obs,0.8,10,14,2021
facebook_government,degree_obs,0.8,10,15,2044
facebook_government,degree_obs,0.8,10,16,2048
facebook_government,degree_obs,0.8,10,17,2084
facebook_government,degree_obs,0.8,10,18,2172
facebook_government,degree_obs,0.8,10,19,2186
facebook_government,degree_obs,0.8,10,20,2197
facebook_government,degree_obs,0.8,10,21,2235
facebook_government,degree_obs,0.8,10,22,2265
facebook_government,degree_obs,0.8,10,23,2266
facebook_government,degree_obs,0.8,10,24,2272
facebook_government,degree_obs,0.8,10,25,2277
facebook_government,degree_obs,0.8,10,26,2283
facebook_government,degree_obs,0.8,10,27,2286
facebook_government,degree_obs,0.8,10,28,2498
facebook_government,degree_obs,0.8,10,29,2536
facebook_government,degree_obs,0.8,10,30,2543
facebook_government,degree_obs,0.8,11,1,698
facebook_government,degree_obs,0.8,11,2,702
facebook_government,degree_obs,0.8,11,3,1172
facebook_government,degree_obs,0.8,11,4,1313
facebook_government,degree_obs,0.8,11,5,1414
facebook_government,degree_obs,0.8,11,6,1662
facebook_government,degree_obs,0.8,11,7,1684
facebook_government,degree_obs,0.8,11,8,1767
facebook_government,degree_obs,0.8,11,9,1794
facebook_government,degree_obs,0.8,11,10,1828
facebook_government,degree_obs,0.8,11,11,1871
facebook_government,degree_obs,0.8,11,12,1928
facebook_government,degree_obs,0.8,11,13,2012
facebook_government,degree_obs,0.8,11,14,2036
facebook_government,degree_obs,0.8,11,15,2072
facebook_government,degree_obs,0.8,11,16,2161
facebook_government,degree_obs,0.8,11,17,2168
facebook_government,degree_obs,0.8,11,18,2172
facebook_government,degree_obs,0.8,11,19,2210
facebook_government,degree_obs,0.8,11,20,2221
facebook_government,degree_obs,0.8,11,21,2254
facebook_government,degree_obs,0.8,11,22,2265
facebook_government,degree_obs,0.8,11,23,2266
facebook_government,degree_obs,0.8,11,24,2271
facebook_government,degree_obs,0.8,11,25,2277
facebook_government,degree_obs,0.8,11,26,2489
facebook_government,degree_obs,0.8,11,27,2495
facebook_government,degree_obs,0.8,11,28,2498
facebook_government,degree_obs,0.8,11,29,2540
facebook_government,degree_obs,0.8,11,30,2577
facebook_government,degree_obs,0.8,12,1,698
facebook_government,degree_obs,0.8,12,2,702
facebook_government,degree_obs,0.8,12,3,1172
facebook_government,degree_obs,0.8,12,4,1313
facebook_government,degree_obs,0.8,12,5,1414
facebook_government,degree_obs,0.8,12,6,1662
facebook_government,degree_obs,0.8,12,7,1684
facebook_government,degree_obs,0.8,12,8,1767
facebook_government,degree_obs,0.8,12,9,1794
facebook_government,degree_obs,0.8,12,10,1828
facebook_government,degree_obs,0.8,12,11,1871
facebook_government,degree_obs,0.8,12,12,1928
facebook_government,degree_obs,0.8,12,13,2012
facebook_government,degree_obs,0.8,12,14,2048
facebook_government,degree_obs,0.8,12,15,2072
facebook_government,degree_obs,0.8,12,16,2161
facebook_government,degree_obs,0.8,12,17,2165
facebook_government,degree_obs,0.8,12,18,2172
facebook_government,degree_obs,0.8,12,19,2183
facebook_government,degree_obs,0.8,12,20,2193
facebook_government,degree_obs,0.8,12,21,2231
facebook_government,degree_obs,0.8,12,22,2242
facebook_government,degree_obs,0.8,12,23,2272
facebook_government,degree_obs,0.8,12,24,2277
facebook_government,degree_obs,0.8,12,25,2277
facebook_government,degree_obs,0.8,12,26,2282
facebook_government,degree_obs,0.8,12,27,2322
facebook_government,degree_obs,0.8,12,28,2327
facebook_government,degree_obs,0.8,12,29,2330
facebook_government,degree_obs,0.8,12,30,2541
facebook_government,degree_obs,0.8,13,1,698
facebook_government,degree_obs,0.8,13,2,702
facebook_government,degree_obs,0.8,13,3,1172
facebook_government,degree_obs,0.8,13,4,1313
facebook_government,degree_obs,0.8,13,5,1569
facebook_government,degree_obs,0.8,13,6,1662
facebook_government,degree_obs,0.8,13,7,1684
facebook_government,degree_obs,0.8,13,8,1730
facebook_government,degree_obs,0.8,13,9,1794
facebook_government,degree_obs,0.8,13,10,1828
facebook_government,degree_obs,0.8,13,11,1885
facebook_government,degree_obs,0.8,13,12,1928
facebook_government,degree_obs,0.8,13,13,1937
facebook_government,degree_obs,0.8,13,14,2021
facebook_government,degree_obs,0.8,13,15,2057
facebook_government,degree_obs,0.8,13,16,2080
facebook_government,degree_obs,0.8,13,17,2168
facebook_government,degree_obs,0.8,13,18,2172
facebook_government,degree_obs,0.8,13,19,2186
facebook_government,degree_obs,0.8,13,20,2219
facebook_government,degree_obs,0.8,13,21,2257
facebook_government,degree_obs,0.8,13,22,2265
facebook_government,degree_obs,0.8,13,23,2270
facebook_government,degree_obs,0.8,13,24,2271
facebook_government,degree_obs,0.8,13,25,2278
facebook_government,degree_obs,0.8,13,26,2318
facebook_government,degree_obs,0.8,13,27,2324
facebook_government,degree_obs,0.8,13,28,2327
facebook_government,degree_obs,0.8,13,29,2538
facebook_government,degree_obs,0.8,13,30,2541
facebook_government,degree_obs,0.8,14,1,698
facebook_government,degree_obs,0.8,14,2,702
facebook_government,degree_obs,0.8,14,3,1172
facebook_government,degree_obs,0.8,14,4,1313
facebook_government,degree_obs,0.8,14,5,1414
facebook_government,degree_obs,0.8,14,6,1662
facebook_government,degree_obs,0.8,14,7,1684
facebook_government,degree_obs,0.8,14,8,1730
facebook_government,degree_obs,0.8,14,9,1804
facebook_government,degree_obs,0.8,14,10,1828
facebook_government,degree_obs,0.8,14,11,1871
facebook_government,degree_obs,0.8,14,12,1928
facebook_government,degree_obs,0.8,14,13,2012
facebook_government,degree_obs,0.8,14,14,2036
facebook_government,degree_obs,0.8,14,15,2044
facebook_government,degree_obs,0.8,14,16,2048
facebook_government,degree_obs,0.8,14,17,2136
facebook_government,degree_obs,0.8,14,18,2172
facebook_government,degree_obs,0.8,14,19,2186
facebook_government,degree_obs,0.8,14,20,2219
facebook_government,degree_obs,0.8,14,21,2227
facebook_government,degree_obs,0.8,14,22,2234
facebook_government,degree_obs,0.8,14,23,2234
facebook_government,degree_obs,0.8,14,24,2272
facebook_government,degree_obs,0.8,14,25,2278
facebook_government,degree_obs,0.8,14,26,2281
facebook_government,degree_obs,0.8,14,27,2286
facebook_government,degree_obs,0.8,14,28,2325
facebook_government,degree_obs,0.8,14,29,2330
facebook_government,degree_obs,0.8,14,30,2541
facebook_government,degree_obs,0.8,15,1,698
facebook_government,degree_obs,0.8,15,2,702
facebook_government,degree_obs,0.8,15,3,1172
facebook_government,degree_obs,0.8,15,4,1313
facebook_government,degree_obs,0.8,15,5,1569
facebook_government,degree_obs,0.8,15,6,1662
facebook_government,degree_obs,0.8,15,7,1684
facebook_government,degree_obs,0.8,15,8,1767
facebook_government,degree_obs,0.8,15,9,1794
facebook_government,degree_obs,0.8,15,10,1828
facebook_government,degree_obs,0.8,15,11,1885
facebook_government,degree_obs,0.8,15,12,1980
facebook_government,degree_obs,0.8,15,13,2012
facebook_government,degree_obs,0.8,15,14,2021
facebook_government,degree_obs,0.8,15,15,2044
facebook_government,degree_obs,0.8,15,16,2080
facebook_government,degree_obs,0.8,15,17,2094
facebook_government,degree_obs,0.8,15,18,2106
facebook_government,degree_obs,0.8,15,19,2193
facebook_government,degree_obs,0.8,15,20,2197
facebook_government,degree_obs,0.8,15,21,2203
facebook_government,degree_obs,0.8,15,22,2210
facebook_government,degree_obs,0.8,15,23,2247
facebook_government,degree_obs,0.8,15,24,2253
facebook_government,degree_obs,0.8,15,25,2282
facebook_government,degree_obs,0.8,15,26,2286
facebook_government,degree_obs,0.8,15,27,2325
facebook_government,degree_obs,0.8,15,28,2536
facebook_government,degree_obs,0.8,15,29,2536
facebook_government,degree_obs,0.8,15,30,2541
facebook_government,degree_obs,0.8,16,1,698
facebook_government,degree_obs,0.8,16,2,702
facebook_government,degree_obs,0.8,16,3,1172
facebook_government,degree_obs,0.8,16,4,1313
facebook_government,degree_obs,0.8,16,5,1569
facebook_government,degree_obs,0.8,16,6,1662
facebook_government,degree_obs,0.8,16,7,1684
facebook_government,degree_obs,0.8,16,8,1767
facebook_government,degree_obs,0.8,16,9,1807
facebook_government,degree_obs,0.8,16,10,1828
facebook_government,degree_obs,0.8,16,11,1871
facebook_government,degree_obs,0.8,16,12,1928
facebook_government,degree_obs,0.8,16,13,2012
facebook_government,degree_obs,0.8,16,14,2036
facebook_government,degree_obs,0.8,16,15,2072
facebook_government,degree_obs,0.8,16,16,2080
facebook_government,degree_obs,0.8,16,17,2094
facebook_government,degree_obs,0.8,16,18,2182
facebook_government,degree_obs,0.8,16,19,2186
facebook_government,degree_obs,0.8,16,20,2197
facebook_government,degree_obs,0.8,16,21,2227
facebook_government,degree_obs,0.8,16,22,2233
facebook_government,degree_obs,0.8,16,23,2240
facebook_government,degree_obs,0.8,16,24,2245
facebook_government,degree_obs,0.8,16,25,2249
facebook_government,degree_obs,0.8,16,26,2249
facebook_government,degree_obs,0.8,16,27,2286
facebook_government,degree_obs,0.8,16,28,2498
facebook_government,degree_obs,0.8,16,29,2536
facebook_government,degree_obs,0.8,16,30,2577
facebook_government,degree_obs,0.8,17,1,698
facebook_government,degree_obs,0.8,17,2,702
facebook_government,degree_obs,0.8,17,3,1172
facebook_government,degree_obs,0.8,17,4,1313
facebook_government,degree_obs,0.8,17,5,1569
facebook_government,degree_obs,0.8,17,6,1662
facebook_government,degree_obs,0.8,17,7,1684
facebook_government,degree_obs,0.8,17,8,1730
facebook_government,degree_obs,0.8,17,9,1794
facebook_government,degree_obs,0.8,17,10,1852
facebook_government,degree_obs,0.8,17,11,1904
facebook_government,degree_obs,0.8,17,12,1928
facebook_government,degree_obs,0.8,17,13,2012
facebook_government,degree_obs,0.8,17,14,2048
facebook_government,degree_obs,0.8,17,15,2072
facebook_government,degree_obs,0.8,17,16,2076
facebook_government,degree_obs,0.8,17,17,2165
facebook_government,degree_obs,0.8,17,18,2176
facebook_government,degree_obs,0.8,17,19,2183
facebook_government,degree_obs,0.8,17,20,2216
facebook_government,degree_obs,0.8,17,21,2227
facebook_government,degree_obs,0.8,17,22,2234
facebook_government,degree_obs,0.8,17,23,2272
facebook_government,degree_obs,0.8,17,24,2278
facebook_government,degree_obs,0.8,17,25,2281
facebook_government,degree_obs,0.8,17,26,2286
facebook_government,degree_obs,0.8,17,27,2286
facebook_government,degree_obs,0.8,17,28,2331
facebook_government,degree_obs,0.8,17,29,2336
facebook_government,degree_obs,0.8,17,30,2545
facebook_government,degree_obs,0.8,18,1,698
facebook_government,degree_obs,0.8,18,2,702
facebook_government,degree_obs,0.8,18,3,1172
facebook_government,degree_obs,0.8,18,4,1313
facebook_government,degree_obs,0.8,18,5,1414
facebook_government,degree_obs,0.8,18,6,1662
facebook_government,degree_obs,0.8,18,7,1684
facebook_government,degree_obs,0.8,18,8,1767
facebook_government,degree_obs,0.8,18,9,1807
facebook_government,degree_obs,0.8,18,10,1828
facebook_government,degree_obs,0.8,18,11,1871
facebook_government,degree_obs,0.8,18,12,1964
facebook_government,degree_obs,0.8,18,13,2012
facebook_government,degree_obs,0.8,18,14,2048
facebook_government,degree_obs,0.8,18,15,2057
facebook_government,degree_obs,0.8,18,16,2146
facebook_government,degree_obs,0.8,18,17,2160
facebook_government,degree_obs,0.8,18,18,2182
facebook_government,degree_obs,0.8,18,19,2193
facebook_government,degree_obs,0.8,18,20,2199
facebook_government,degree_obs,0.8,18,21,2236
facebook_government,degree_obs,0.8,18,22,2240
facebook_government,degree_obs,0.8,18,23,2241
facebook_government,degree_obs,0.8,18,24,2247
facebook_government,degree_obs,0.8,18,25,2277
facebook_government,degree_obs,0.8,18,26,2283
facebook_government,degree_obs,0.8,18,27,2322
facebook_government,degree_obs,0.8,18,28,2325
facebook_government,degree_obs,0.8,18,29,2330
facebook_government,degree_obs,0.8,18,30,2541
facebook_government,degree_obs,0.8,19,1,698
facebook_government,degree_obs,0.8,19,2,702
facebook_government,degree_obs,0.8,19,3,1172
facebook_government,degree_obs,0.8,19,4,1313
facebook_government,degree_obs,0.8,19,5,1569
facebook_government,degree_obs,0.8,19,6,1662
facebook_government,degree_obs,0.8,19,7,1749
facebook_government,degree_obs,0.8,19,8,1790
facebook_government,degree_obs,0.8,19,9,1812
facebook_government,degree_obs,0.8,19,10,1828
facebook_government,degree_obs,0.8,19,11,1885
facebook_government,degree_obs,0.8,19,12,1928
facebook_government,degree_obs,0.8,19,13,2012
facebook_government,degree_obs,0.8,19,14,2021
facebook_government,degree_obs,0.8,19,15,2035
facebook_government,degree_obs,0.8,19,16,2058
facebook_government,degree_obs,0.8,19,17,2094
facebook_government,degree_obs,0.8,19,18,2106
facebook_government,degree_obs,0.8,19,19,2146
facebook_government,degree_obs,0.8,19,20,2150
facebook_government,degree_obs,0.8,19,21,2235
facebook_government,degree_obs,0.8,19,22,2243
facebook_government,degree_obs,0.8,19,23,2248
facebook_government,degree_obs,0.8,19,24,2277
facebook_government,degree_obs,0.8,19,25,2281
facebook_government,degree_obs,0.8,19,26,2320
facebook_government,degree_obs,0.8,19,27,2320
facebook_government,degree_obs,0.8,19,28,2325
facebook_government,degree_obs,0.8,19,29,2330
facebook_government,degree_obs,0.8,19,30,2541
facebook_artist,greedy_f,,,1,1470
facebook_artist,greedy_f,,,2,2756
facebook_artist,greedy_f,,,3,3867
facebook_artist,greedy_f,,,4,4815
facebook_artist,greedy_f,,,5,5651
facebook_artist,greedy_f,,,6,6415
facebook_artist,greedy_f,,,7,7133
facebook_artist,greedy_f,,,8,7822
facebook_artist,greedy_f,,,9,8475
facebook_artist,greedy_f,,,10,9096
facebook_artist,greedy_f,,,11,9633
facebook_artist,greedy_f,,,12,10106
facebook_artist,greedy_f,,,13,10548
facebook_artist,greedy_f,,,14,10966
facebook_artist,greedy_f,,,15,11370
facebook_artist,greedy_f,,,16,11761
facebook_artist,greedy_f,,,17,12130
facebook_artist,greedy_f,,,18,12486
facebook_artist,greedy_f,,,19,12818
facebook_artist,greedy_f,,,20,13144
facebook_artist,greedy_f,,,21,13456
facebook_artist,greedy_f,,,22,13762
facebook_artist,greedy_f,,,23,14059
facebook_artist,greedy_f,,,24,14330
facebook_artist,greedy_f,,,25,14593
facebook_artist,greedy_f,,,26,14844
facebook_artist,greedy_f,,,27,15082
facebook_artist,greedy_f,,,28,15320
facebook_artist,greedy_f,,,29,15549
facebook_artist,greedy_f,,,30,15777
facebook_artist,random,,0,1,23
facebook_artist,random,,0,2,25
facebook_artist,random,,0,3,31
facebook_artist,random,,0,4,699
facebook_artist,random,,0,5,702
facebook_artist,random,,0,6,745
facebook_artist,random,,0,7,750
facebook_artist,random,,0,8,851
facebook_artist,random,,0,9,861
facebook_artist,random,,0,10,866
facebook_artist,random,,0,11,1108
facebook_artist,random,,0,12,1125
facebook_artist,random,,0,13,1135
facebook_artist,random,,0,14,1140
facebook_artist,random,,0,15,1153
facebook_artist,random,,0,16,1173
facebook_artist,random,,0,17,1176
facebook_artist,random,,0,18,1193
facebook_artist,random,,0,19,1209
facebook_artist,random,,0,20,1213
facebook_artist,random,,0,21,1216
facebook_artist,random,,0,22,1247
facebook_artist,random,,0,23,1252
facebook_artist,random,,0,24,1257
facebook_artist,random,,0,25,1318
facebook_artist,random,,0,26,1472
facebook_artist,random,,0,27,1486
facebook_artist,random,,0,28,1490
facebook_artist,random,,0,29,1498
facebook_artist,random,,0,30,1507
facebook_artist,random,,1,1,22
facebook_artist,random,,1,2,159
facebook_artist,random,,1,3,165
facebook_artist,random,,1,4,190
facebook_artist,random,,1,5,216
facebook_artist,random,,1,6,235
facebook_artist,random,,1,7,243
facebook_artist,random,,1,8,250
facebook_artist,random,,1,9,256
facebook_artist,random,,1,10,329
facebook_artist,random,,1,11,426
facebook_artist,random,,1,12,444
facebook_artist,random,,1,13,500
facebook_artist,random,,1,14,659
facebook_artist,random,,1,15,670
facebook_artist,random,,1,16,691
facebook_artist,random,,1,17,754
facebook_artist,random,,1,18,784
facebook_artist,random,,1,19,796
facebook_artist,random,,1,20,821
facebook_artist,random,,1,21,823
facebook_artist,random,,1,22,839
facebook_artist,random,,1,23,872
facebook_artist,random,,1,24,881
facebook_artist,random,,1,25,883
facebook_artist,random,,1,26,888
facebook_artist,random,,1,27,899
facebook_artist,random,,1,28,901
facebook_artist,random,,1,29,910
facebook_artist,random,,1,30,952
facebook_artist,random,,2,1,9
facebook_artist,random,,2,2,19
facebook_artist,random,,2,3,148
facebook_artist,random,,2,4,159
facebook_artist,random,,2,5,219
facebook_artist,random,,2,6,221
facebook_artist,random,,2,7,253
facebook_artist,random,,2,8,351
facebook_artist,random,,2,9,370
facebook_artist,random,,2,10,384
facebook_artist,random,,2,11,386
facebook_artist,random,,2,12,392
facebook_artist,random,,2,13,404
facebook_artist,random,,2,14,465
facebook_artist,random,,2,15,480
facebook_artist,random,,2,16,482
facebook_artist,random,,2,17,507
facebook_artist,random,,2,18,534
facebook_artist,random,,2,19,542
facebook_artist,random,,2,20,547
facebook_artist,random,,2,21,551
facebook_artist,random,,2,22,562
facebook_artist,random,,2,23,565
facebook_artist,random,,2,24,570
facebook_artist,random,,2,25,597
facebook_artist,random,,2,26,674
facebook_artist,random,,2,27,685
facebook_artist,random,,2,28,699
facebook_artist,random,,2,29,723
facebook_artist,random,,2,30,747
facebook_artist,random,,3,1,28
facebook_artist,random,,3,2,40
facebook_artist,random,,3,3,59
facebook_artist,random,,3,4,102
facebook_artist,random,,3,5,132
facebook_artist,random,,3,6,148
facebook_artist,random,,3,7,161
facebook_artist,random,,3,8,176
facebook_artist,random,,3,9,182
facebook_artist,random,,3,10,201
facebook_artist,random,,3,11,243
facebook_artist,random,,3,12,286
facebook_artist,random,,3,13,306
facebook_artist,random,,3,14,361
facebook_artist,random,,3,15,370
facebook_artist,random,,3,16,380
facebook_artist,random,,3,17,897
facebook_artist,random,,3,18,930
facebook_artist,random,,3,19,973
facebook_artist,random,,3,20,1078
facebook_artist,random,,3,21,1080
facebook_artist,random,,3,22,1082
facebook_artist,random,,3,23,1092
facebook_artist,random,,3,24,1097
facebook_artist,random,,3,25,1104
facebook_artist,random,,3,26,1111
facebook_artist,random,,3,27,1153
facebook_artist,random,,3,28,1196
facebook_artist,random,,3,29,1238
facebook_artist,random,,3,30,1261
facebook_artist,random,,4,1,8
facebook_artist,random,,4,2,28
facebook_artist,random,,4,3,36
facebook_artist,random,,4,4,62
facebook_artist,random,,4,5,64
facebook_artist,random,,4,6,82
facebook_artist,random,,4,7,135
facebook_artist,random,,4,8,138
facebook_artist,random,,4,9,142
facebook_artist,random,,4,10,155
facebook_artist,random,,4,11,289
facebook_artist,random,,4,12,302
facebook_artist,random,,4,13,304
facebook_artist,random,,4,14,348
facebook_artist,random,,4,15,372
facebook_artist,random,,4,16,443
facebook_artist,random,,4,17,450
facebook_artist,random,,4,18,463
facebook_artist,random,,4,19,504
facebook_artist,random,,4,20,509
facebook_artist,random,,4,21,517
facebook_artist,random,,4,22,683
facebook_artist,random,,4,23,704
facebook_artist,random,,4,24,716
facebook_artist,random,,4,25,730
facebook_artist,random,,4,26,737
facebook_artist,random,,4,27,751
facebook_artist,random,,4,28,759
facebook_artist,random,,4,29,824
facebook_artist,random,,4,30,855
facebook_artist,random,,5,1,10
facebook_artist,random,,5,2,13
facebook_artist,random,,5,3,24
facebook_artist,random,,5,4,76
facebook_artist,random,,5,5,129
facebook_artist,random,,5,6,144
facebook_artist,random,,5,7,178
facebook_artist,random,,5,8,181
facebook_artist,random,,5,9,312
facebook_artist,random,,5,10,322
facebook_artist,random,,5,11,345
facebook_artist,random,,5,12,457
facebook_artist,random,,5,13,468
facebook_artist,random,,5,14,499
facebook_artist,random,,5,15,544
facebook_artist,random,,5,16,550
facebook_artist,random,,5,17,636
facebook_artist,random,,5,18,744
facebook_artist,random,,5,19,746
facebook_artist,random,,5,20,773
facebook_artist,random,,5,21,776
facebook_artist,random,,5,22,787
facebook_artist,random,,5,23,795
facebook_artist,random,,5,24,812
facebook_artist,random,,5,25,816
facebook_artist,random,,5,26,888
facebook_artist,random,,5,27,897
facebook_artist,random,,5,28,931
facebook_artist,random,,5,29,1151
facebook_artist,random,,5,30,1166
facebook_artist,random,,6,1,18
facebook_artist,random,,6,2,36
facebook_artist,random,,6,3,53
facebook_artist,random,,6,4,56
facebook_artist,random,,6,5,62
facebook_artist,random,,6,6,68
facebook_artist,random,,6,7,87
facebook_artist,random,,6,8,128
facebook_artist,random,,6,9,172
facebook_artist,random,,6,10,185
facebook_artist,random,,6,11,207
facebook_artist,random,,6,12,209
facebook_artist,random,,6,13,228
facebook_artist,random,,6,14,252
facebook_artist,random,,6,15,277
facebook_artist,random,,6,16,299
facebook_artist,random,,6,17,319
facebook_artist,random,,6,18,345
facebook_artist,random,,6,19,382
facebook_artist,random,,6,20,435
facebook_artist,random,,6,21,438
facebook_artist,random,,6,22,507
facebook_artist,random,,6,23,554
facebook_artist,random,,6,24,558
facebook_artist,random,,6,25,601
facebook_artist,random,,6,26,695
facebook_artist,random,,6,27,699
facebook_artist,random,,6,28,952
facebook_artist,random,,6,29,959
facebook_artist,random,,6,30,961
facebook_artist,random,,7,1,8
facebook_artist,random,,7,2,10
facebook_artist,random,,7,3,20
facebook_artist,random,,7,4,79
facebook_artist,random,,7,5,85
facebook_artist,random,,7,6,95
facebook_artist,random,,7,7,114
facebook_artist,random,,7,8,144
facebook_artist,random,,7,9,159
facebook_artist,random,,7,10,164
facebook_artist,random,,7,11,184
facebook_artist,random,,7,12,223
facebook_artist,random,,7,13,252
facebook_artist,random,,7,14,415
facebook_artist,random,,7,15,517
facebook_artist,random,,7,16,532
facebook_artist,random,,7,17,620
facebook_artist,random,,7,18,622
facebook_artist,random,,7,19,635
facebook_artist,random,,7,20,674
facebook_artist,random,,7,21,699
facebook_artist,random,,7,22,714
facebook_artist,random,,7,23,720
facebook_artist,random,,7,24,732
facebook_artist,random,,7,25,743
facebook_artist,random,,7,26,746
facebook_artist,random,,7,27,761
facebook_artist,random,,7,28,773
facebook_artist,random,,7,29,780
facebook_artist,random,,7,30,804
facebook_artist,random,,8,1,12
facebook_artist,random,,8,2,20
facebook_artist,random,,8,3,24
facebook_artist,random,,8,4,29
facebook_artist,random,,8,5,35
facebook_artist,random,,8,6,43
facebook_artist,random,,8,7,48
facebook_artist,random,,8,8,54
facebook_artist,random,,8,9,61
facebook_artist,random,,8,10,64
facebook_artist,random,,8,11,79
facebook_artist,random,,8,12,96
facebook_artist,random,,8,13,103
facebook_artist,random,,8,14,105
facebook_artist,random,,8,15,115
facebook_artist,random,,8,16,121
facebook_artist,random,,8,17,133
facebook_artist,random,,8,18,155
facebook_artist,random,,8,19,181
facebook_artist,random,,8,20,189
facebook_artist,random,,8,21,247
facebook_artist,random,,8,22,309
facebook_artist,random,,8,23,332
facebook_artist,random,,8,24,361
facebook_artist,random,,8,25,366
facebook_artist,random,,8,26,381
facebook_artist,random,,8,27,435
facebook_artist,random,,8,28,451
facebook_artist,random,,8,29,481
facebook_artist,random,,8,30,524
facebook_artist,random,,9,1,83
facebook_artist,random,,9,2,113
facebook_artist,random,,9,3,123
facebook_artist,random,,9,4,232
facebook_artist,random,,9,5,251
facebook_artist,random,,9,6,254
facebook_artist,random,,9,7,258
facebook_artist,random,,9,8,270
facebook_artist,random,,9,9,288
facebook_artist,random,,9,10,295
facebook_artist,random,,9,11,335
facebook_artist,random,,9,12,393
facebook_artist,random,,9,13,407
facebook_artist,random,,9,14,437
facebook_artist,random,,9,15,440
facebook_artist,random,,9,16,446
facebook_artist,random,,9,17,674
facebook_artist,random,,9,18,741
facebook_artist,random,,9,19,756
facebook_artist,random,,9,20,760
facebook_artist,random,,9,21,767
facebook_artist,random,,9,22,769
facebook_artist,random,,9,23,793
facebook_artist,random,,9,24,805
facebook_artist,random,,9,25,809
facebook_artist,random,,9,26,824
facebook_artist,random,,9,27,827
facebook_artist,random,,9,28,906
facebook_artist,random,,9,29,909
facebook_artist,random,,9,30,929
facebook_artist,degree_obs,0.3,0,1,1463
facebook_artist,degree_obs,0.3,0,2,2753
facebook_artist,degree_obs,0.3,0,3,3629
facebook_artist,degree_obs,0.3,0,4,4653
facebook_artist,degree_obs,0.3,0,5,5161
facebook_artist,degree_obs,0.3,0,6,5463
facebook_artist,degree_obs,0.3,0,7,5930
facebook_artist,degree_obs,0.3,0,8,6286
facebook_artist,degree_obs,0.3,0,9,6950
facebook_artist,degree_obs,0.3,0,10,7693
facebook_artist,degree_obs,0.3,0,11,7810
facebook_artist,degree_obs,0.3,0,12,7978
facebook_artist,degree_obs,0.3,0,13,8602
facebook_artist,degree_obs,0.3,0,14,9040
facebook_artist,degree_obs,0.3,0,15,9041
facebook_artist,degree_obs,0.3,0,16,9433
facebook_artist,degree_obs,0.3,0,17,9550
facebook_artist,degree_obs,0.3,0,18,9987
facebook_artist,degree_obs,0.3,0,19,10126
facebook_artist,degree_obs,0.3,0,20,10212
facebook_artist,degree_obs,0.3,0,21,10951
facebook_artist,degree_obs,0.3,0,22,11034
facebook_artist,degree_obs,0.3,0,23,11288
facebook_artist,degree_obs,0.3,0,24,11464
facebook_artist,degree_obs,0.3,0,25,11668
facebook_artist,degree_obs,0.3,0,26,12024
facebook_artist,degree_obs,0.3,0,27,12086
facebook_artist,degree_obs,0.3,0,28,12284
facebook_artist,degree_obs,0.3,0,29,12312
facebook_artist,degree_obs,0.3,0,30,12406
facebook_artist,degree_obs,0.3,1,1,1463
facebook_artist,degree_obs,0.3,1,2,2382
facebook_artist,degree_obs,0.3,1,3,3629
facebook_artist,degree_obs,0.3,1,4,4149
facebook_artist,degree_obs,0.3,1,5,4683
facebook_artist,degree_obs,0.3,1,6,5596
facebook_artist,degree_obs,0.3,1,7,5857
facebook_artist,degree_obs,0.3,1,8,6683
facebook_artist,degree_obs,0.3,1,9,7312
facebook_artist,degree_obs,0.3,1,10,7994
facebook_artist,degree_obs,0.3,1,11,8767
facebook_artist,degree_obs,0.3,1,12,9111
facebook_artist,degree_obs,0.3,1,13,9288
facebook_artist,degree_obs,0.3,1,14,9866
facebook_artist,degree_obs,0.3,1,15,9980
facebook_artist,degree_obs,0.3,1,16,10382
facebook_artist,degree_obs,0.3,1,17,10384
facebook_artist,degree_obs,0.3,1,18,10458
facebook_artist,degree_obs,0.3,1,19,10685
facebook_artist,degree_obs,0.3,1,20,10935
facebook_artist,degree_obs,0.3,1,21,11061
facebook_artist,degree_obs,0.3,1,22,11145
facebook_artist,degree_obs,0.3,1,23,11379
facebook_artist,degree_obs,0.3,1,24,11458
facebook_artist,degree_obs,0.3,1,25,11641
facebook_artist,degree_obs,0.3,1,26,11745
facebook_artist,degree_obs,0.3,1,27,12097
facebook_artist,degree_obs,0.3,1,28,12255
facebook_artist,degree_obs,0.3,1,29,12357
facebook_artist,degree_obs,0.3,1,30,12381
facebook_artist,degree_obs,0.3,2,1,1470
facebook_artist,degree_obs,0.3,2,2,2382
facebook_artist,degree_obs,0.3,2,3,3425
facebook_artist,degree_obs,0.3,2,4,3795
facebook_artist,degree_obs,0.3,2,5,4262
facebook_artist,degree_obs,0.3,2,6,5463
facebook_artist,degree_obs,0.3,2,7,5857
facebook_artist,degree_obs,0.3,2,8,6691
facebook_artist,degree_obs,0.3,2,9,7087
facebook_artist,degree_obs,0.3,2,10,7722
facebook_artist,degree_obs,0.3,2,11,8156
facebook_artist,degree_obs,0.3,2,12,8334
facebook_artist,degree_obs,0.3,2,13,8956
facebook_artist,degree_obs,0.3,2,14,8957
facebook_artist,degree_obs,0.3,2,15,9351
facebook_artist,degree_obs,0.3,2,16,10105
facebook_artist,degree_obs,0.3,2,17,10183
facebook_artist,degree_obs,0.3,2,18,10385
facebook_artist,degree_obs,0.3,2,19,10817
facebook_artist,degree_obs,0.3,2,20,10921
facebook_artist,degree_obs,0.3,2,21,11028
facebook_artist,degree_obs,0.3,2,22,11241
facebook_artist,degree_obs,0.3,2,23,11356
facebook_artist,degree_obs,0.3,2,24,11619
facebook_artist,degree_obs,0.3,2,25,11815
facebook_artist,degree_obs,0.3,2,26,11908
facebook_artist,degree_obs,0.3,2,27,11938
facebook_artist,degree_obs,0.3,2,28,11990
facebook_artist,degree_obs,0.3,2,29,12342
facebook_artist,degree_obs,0.3,2,30,12557
facebook_artist,degree_obs,0.3,3,1,1470
facebook_artist,degree_obs,0.3,3,2,2382
facebook_artist,degree_obs,0.3,3,3,3425
facebook_artist,degree_obs,0.3,3,4,4653
facebook_artist,degree_obs,0.3,3,5,5161
facebook_artist,degree_obs,0.3,3,6,5596
facebook_artist,degree_obs,0.3,3,7,5905
facebook_artist,degree_obs,0.3,3,8,6564
facebook_artist,degree_obs,0.3,3,9,6963
facebook_artist,degree_obs,0.3,3,10,7756
facebook_artist,degree_obs,0.3,3,11,7918
facebook_artist,degree_obs,0.3,3,12,8526
facebook_artist,degree_obs,0.3,3,13,9288
facebook_artist,degree_obs,0.3,3,14,9866
facebook_artist,degree_obs,0.3,3,15,9999
facebook_artist,degree_obs,0.3,3,16,10115
facebook_artist,degree_obs,0.3,3,17,10226
facebook_artist,degree_obs,0.3,3,18,10228
facebook_artist,degree_obs,0.3,3,19,10499
facebook_artist,degree_obs,0.3,3,20,10845
facebook_artist,degree_obs,0.3,3,21,11063
facebook_artist,degree_obs,0.3,3,22,11131
facebook_artist,degree_obs,0.3,3,23,11181
facebook_artist,degree_obs,0.3,3,24,11416
facebook_artist,degree_obs,0.3,3,25,11614
facebook_artist,degree_obs,0.3,3,26,11679
facebook_artist,degree_obs,0.3,3,27,11777
facebook_artist,degree_obs,0.3,3,28,12017
facebook_artist,degree_obs,0.3,3,29,12092
facebook_artist,degree_obs,0.3,3,30,12248
facebook_artist,degree_obs,0.3,4,1,1463
facebook_artist,degree_obs,0.3,4,2,2319
facebook_artist,degree_obs,0.3,4,3,2921
facebook_artist,degree_obs,0.3,4,4,4149
facebook_artist,degree_obs,0.3,4,5,5161
facebook_artist,degree_obs,0.3,4,6,5463
facebook_artist,degree_obs,0.3,4,7,5857
facebook_artist,degree_obs,0.3,4,8,6563
facebook_artist,degree_obs,0.3,4,9,7212
facebook_artist,degree_obs,0.3,4,10,7438
facebook_artist,degree_obs,0.3,4,11,8205
facebook_artist,degree_obs,0.3,4,12,8207
facebook_artist,degree_obs,0.3,4,13,8976
facebook_artist,degree_obs,0.3,4,14,9290
facebook_artist,degree_obs,0.3,4,15,9868
facebook_artist,degree_obs,0.3,4,16,10016
facebook_artist,degree_obs,0.3,4,17,10110
facebook_artist,degree_obs,0.3,4,18,10224
facebook_artist,degree_obs,0.3,4,19,10476
facebook_artist,degree_obs,0.3,4,20,10701
facebook_artist,degree_obs,0.3,4,21,11045
facebook_artist,degree_obs,0.3,4,22,11290
facebook_artist,degree_obs,0.3,4,23,11355
facebook_artist,degree_obs,0.3,4,24,11607
facebook_artist,degree_obs,0.3,4,25,11670
facebook_artist,degree_obs,0.3,4,26,11743
facebook_artist,degree_obs,0.3,4,27,11905
facebook_artist,degree_obs,0.3,4,28,11939
facebook_artist,degree_obs,0.3,4,29,12020
facebook_artist,degree_obs,0.3,4,30,12236
facebook_artist,degree_obs,0.3,5,1,1463
facebook_artist,degree_obs,0.3,5,2,2382
facebook_artist,degree_obs,0.3,5,3,3629
facebook_artist,degree_obs,0.3,5,4,4149
facebook_artist,degree_obs,0.3,5,5,5161
facebook_artist,degree_obs,0.3,5,6,5596
facebook_artist,degree_obs,0.3,5,7,6261
facebook_artist,degree_obs,0.3,5,8,6962
facebook_artist,degree_obs,0.3,5,9,7746
facebook_artist,degree_obs,0.3,5,10,8543
facebook_artist,degree_obs,0.3,5,11,8988
facebook_artist,degree_obs,0.3,5,12,8990
facebook_artist,degree_obs,0.3,5,13,9204
facebook_artist,degree_obs,0.3,5,14,9407
facebook_artist,degree_obs,0.3,5,15,9714
facebook_artist,degree_obs,0.3,5,16,9987
facebook_artist,degree_obs,0.3,5,17,10349
facebook_artist,degree_obs,0.3,5,18,10746
facebook_artist,degree_obs,0.3,5,19,10818
facebook_artist,degree_obs,0.3,5,20,11051
facebook_artist,degree_obs,0.3,5,21,11273
facebook_artist,degree_obs,0.3,5,22,11374
facebook_artist,degree_obs,0.3,5,23,11442
facebook_artist,degree_obs,0.3,5,24,11615
facebook_artist,degree_obs,0.3,5,25,11691
facebook_artist,degree_obs,0.3,5,26,12045
facebook_artist,degree_obs,0.3,5,27,12239
facebook_artist,degree_obs,0.3,5,28,12284
facebook_artist,degree_obs,0.3,5,29,12498
facebook_artist,degree_obs,0.3,5,30,12669
facebook_artist,degree_obs,0.3,6,1,1463
facebook_artist,degree_obs,0.3,6,2,2382
facebook_artist,degree_obs,0.3,6,3,2921
facebook_artist,degree_obs,0.3,6,4,4149
facebook_artist,degree_obs,0.3,6,5,5161
facebook_artist,degree_obs,0.3,6,6,5463
facebook_artist,degree_obs,0.3,6,7,6138
facebook_artist,degree_obs,0.3,6,8,6139
facebook_artist,degree_obs,0.3,6,9,6520
facebook_artist,degree_obs,0.3,6,10,6768
facebook_artist,degree_obs,0.3,6,11,7440
facebook_artist,degree_obs,0.3,6,12,7997
facebook_artist,degree_obs,0.3,6,13,8436
facebook_artist,degree_obs,0.3,6,14,9205
facebook_artist,degree_obs,0.3,6,15,9727
facebook_artist,degree_obs,0.3,6,16,10021
facebook_artist,degree_obs,0.3,6,17,10095
facebook_artist,degree_obs,0.3,6,18,10205
facebook_artist,degree_obs,0.3,6,19,10578
facebook_artist,degree_obs,0.3,6,20,10803
facebook_artist,degree_obs,0.3,6,21,10928
facebook_artist,degree_obs,0.3,6,22,11217
facebook_artist,degree_obs,0.3,6,23,11268
facebook_artist,degree_obs,0.3,6,24,11484
facebook_artist,degree_obs,0.3,6,25,11537
facebook_artist,degree_obs,0.3,6,26,11594
facebook_artist,degree_obs,0.3,6,27,11839
facebook_artist,degree_obs,0.3,6,28,12017
facebook_artist,degree_obs,0.3,6,29,12174
facebook_artist,degree_obs,0.3,6,30,12236
facebook_artist,degree_obs,0.3,7,1,1470
facebook_artist,degree_obs,0.3,7,2,2382
facebook_artist,degree_obs,0.3,7,3,3629
facebook_artist,degree_obs,0.3,7,4,4686
facebook_artist,degree_obs,0.3,7,5,5591
facebook_artist,degree_obs,0.3,7,6,6051
facebook_artist,degree_obs,0.3,7,7,6695
facebook_artist,degree_obs,0.3,7,8,7110
facebook_artist,degree_obs,0.3,7,9,7514
facebook_artist,degree_obs,0.3,7,10,7722
facebook_artist,degree_obs,0.3,7,11,7903
facebook_artist,degree_obs,0.3,7,12,8489
facebook_artist,degree_obs,0.3,7,13,9274
facebook_artist,degree_obs,0.3,7,14,9866
facebook_artist,degree_obs,0.3,7,15,9980
facebook_artist,degree_obs,0.3,7,16,9982
facebook_artist,degree_obs,0.3,7,17,10058
facebook_artist,degree_obs,0.3,7,18,10230
facebook_artist,degree_obs,0.3,7,19,10607
facebook_artist,degree_obs,0.3,7,20,10867
facebook_artist,degree_obs,0.3,7,21,10951
facebook_artist,degree_obs,0.3,7,22,11228
facebook_artist,degree_obs,0.3,7,23,11407
facebook_artist,degree_obs,0.3,7,24,11464
facebook_artist,degree_obs,0.3,7,25,11668
facebook_artist,degree_obs,0.3,7,26,11893
facebook_artist,degree_obs,0.3,7,27,11928
facebook_artist,degree_obs,0.3,7,28,12119
facebook_artist,degree_obs,0.3,7,29,12181
facebook_artist,degree_obs,0.3,7,30,12236
facebook_artist,degree_obs,0.3,8,1,1470
facebook_artist,degree_obs,0.3,8,2,2382
facebook_artist,degree_obs,0.3,8,3,2921
facebook_artist,degree_obs,0.3,8,4,3952
facebook_artist,degree_obs,0.3,8,5,5161
facebook_artist,degree_obs,0.3,8,6,5596
facebook_artist,degree_obs,0.3,8,7,5905
facebook_artist,degree_obs,0.3,8,8,6318
facebook_artist,degree_obs,0.3,8,9,6501
facebook_artist,degree_obs,0.3,8,10,7145
facebook_artist,degree_obs,0.3,8,11,7146
facebook_artist,degree_obs,0.3,8,12,7920
facebook_artist,degree_obs,0.3,8,13,8693
facebook_artist,degree_obs,0.3,8,14,9290
facebook_artist,degree_obs,0.3,8,15,9868
facebook_artist,degree_obs,0.3,8,16,10044
facebook_artist,degree_obs,0.3,8,17,10336
facebook_artist,degree_obs,0.3,8,18,10440
facebook_artist,degree_obs,0.3,8,19,10525
facebook_artist,degree_obs,0.3,8,20,10597
facebook_artist,degree_obs,0.3,8,21,10706
facebook_artist,degree_obs,0.3,8,22,11034
facebook_artist,degree_obs,0.3,8,23,11105
facebook_artist,degree_obs,0.3,8,24,11352
facebook_artist,degree_obs,0.3,8,25,11609
facebook_artist,degree_obs,0.3,8,26,11777
facebook_artist,degree_obs,0.3,8,27,11955
facebook_artist,degree_obs,0.3,8,28,12146
facebook_artist,degree_obs,0.3,8,29,12194
facebook_artist,degree_obs,0.3,8,30,12218
facebook_artist,degree_obs,0.3,9,1,1463
facebook_artist,degree_obs,0.3,9,2,2382
facebook_artist,degree_obs,0.3,9,3,3425
facebook_artist,degree_obs,0.3,9,4,3795
facebook_artist,degree_obs,0.3,9,5,5013
facebook_artist,degree_obs,0.3,9,6,5320
facebook_artist,degree_obs,0.3,9,7,5745
facebook_artist,degree_obs,0.3,9,8,6471
facebook_artist,degree_obs,0.3,9,9,6847
facebook_artist,degree_obs,0.3,9,10,7491
facebook_artist,degree_obs,0.3,9,11,8251
facebook_artist,degree_obs,0.3,9,12,8526
facebook_artist,degree_obs,0.3,9,13,8955
facebook_artist,degree_obs,0.3,9,14,9349
facebook_artist,degree_obs,0.3,9,15,9700
facebook_artist,degree_obs,0.3,9,16,9779
facebook_artist,degree_obs,0.3,9,17,9780
facebook_artist,degree_obs,0.3,9,18,10526
facebook_artist,degree_obs,0.3,9,19,10623
facebook_artist,degree_obs,0.3,9,20,10806
facebook_artist,degree_obs,0.3,9,21,11032
facebook_artist,degree_obs,0.3,9,22,11300
facebook_artist,degree_obs,0.3,9,23,11404
facebook_artist,degree_obs,0.3,9,24,11502
facebook_artist,degree_obs,0.3,9,25,11672
facebook_artist,degree_obs,0.3,9,26,11707
facebook_artist,degree_obs,0.3,9,27,11764
facebook_artist,degree_obs,0.3,9,28,12118
facebook_artist,degree_obs,0.3,9,29,12190
facebook_artist,degree_obs,0.3,9,30,12253
facebook_artist,degree_obs,0.3,10,1,1470
facebook_artist,degree_obs,0.3,10,2,2382
facebook_artist,degree_obs,0.3,10,3,3629
facebook_artist,degree_obs,0.3,10,4,4149
facebook_artist,degree_obs,0.3,10,5,4683
facebook_artist,degree_obs,0.3,10,6,5596
facebook_artist,degree_obs,0.3,10,7,5857
facebook_artist,degree_obs,0.3,10,8,6563
facebook_artist,degree_obs,0.3,10,9,6950
facebook_artist,degree_obs,0.3,10,10,7722
facebook_artist,degree_obs,0.3,10,11,8349
facebook_artist,degree_obs,0.3,10,12,8527
facebook_artist,degree_obs,0.3,10,13,8970
facebook_artist,degree_obs,0.3,10,14,9350
facebook_artist,degree_obs,0.3,10,15,9580
facebook_artist,degree_obs,0.3,10,16,9898
facebook_artist,degree_obs,0.3,10,17,9899
facebook_artist,degree_obs,0.3,10,18,10647
facebook_artist,degree_obs,0.3,10,19,10719
facebook_artist,degree_obs,0.3,10,20,10828
facebook_artist,degree_obs,0.3,10,21,11047
facebook_artist,degree_obs,0.3,10,22,11134
facebook_artist,degree_obs,0.3,10,23,11399
facebook_artist,degree_obs,0.3,10,24,11468
facebook_artist,degree_obs,0.3,10,25,11670
facebook_artist,degree_obs,0.3,10,26,12025
facebook_artist,degree_obs,0.3,10,27,12193
facebook_artist,degree_obs,0.3,10,28,12284
facebook_artist,degree_obs,0.3,10,29,12312
facebook_artist,degree_obs,0.3,10,30,12366
facebook_artist,degree_obs,0.3,11,1,1463
facebook_artist,degree_obs,0.3,11,2,2382
facebook_artist,degree_obs,0.3,11,3,3425
facebook_artist,degree_obs,0.3,11,4,3795
facebook_artist,degree_obs,0.3,11,5,5013
facebook_artist,degree_obs,0.3,11,6,5463
facebook_artist,degree_obs,0.3,11,7,5857
facebook_artist,degree_obs,0.3,11,8,6691
facebook_artist,degree_obs,0.3,11,9,7342
facebook_artist,degree_obs,0.3,11,10,8123
facebook_artist,degree_obs,0.3,11,11,8349
facebook_artist,degree_obs,0.3,11,12,8692
facebook_artist,degree_obs,0.3,11,13,9289
facebook_artist,degree_obs,0.3,11,14,9867
facebook_artist,degree_obs,0.3,11,15,10020
facebook_artist,degree_obs,0.3,11,16,10094
facebook_artist,degree_obs,0.3,11,17,10372
facebook_artist,degree_obs,0.3,11,18,10373
facebook_artist,degree_obs,0.3,11,19,10719
facebook_artist,degree_obs,0.3,11,20,10945
facebook_artist,degree_obs,0.3,11,21,11032
facebook_artist,degree_obs,0.3,11,22,11389
facebook_artist,degree_obs,0.3,11,23,11503
facebook_artist,degree_obs,0.3,11,24,11543
facebook_artist,degree_obs,0.3,11,25,11795
facebook_artist,degree_obs,0.3,11,26,11852
facebook_artist,degree_obs,0.3,11,27,12029
facebook_artist,degree_obs,0.3,11,28,12226
facebook_artist,degree_obs,0.3,11,29,12312
facebook_artist,degree_obs,0.3,11,30,12526
facebook_artist,degree_obs,0.3,12,1,1463
facebook_artist,degree_obs,0.3,12,2,2382
facebook_artist,degree_obs,0.3,12,3,3629
facebook_artist,degree_obs,0.3,12,4,4686
facebook_artist,degree_obs,0.3,12,5,5202
facebook_artist,degree_obs,0.3,12,6,5651
facebook_artist,degree_obs,0.3,12,7,6309
facebook_artist,degree_obs,0.3,12,8,7125
facebook_artist,degree_obs,0.3,12,9,7307
facebook_artist,degree_obs,0.3,12,10,7579
facebook_artist,degree_obs,0.3,12,11,8185
facebook_artist,degree_obs,0.3,12,12,8361
facebook_artist,degree_obs,0.3,12,13,8676
facebook_artist,degree_obs,0.3,12,14,9408
facebook_artist,degree_obs,0.3,12,15,9491
facebook_artist,degree_obs,0.3,12,16,9743
facebook_artist,degree_obs,0.3,12,17,10141
facebook_artist,degree_obs,0.3,12,18,10513
facebook_artist,degree_obs,0.3,12,19,10853
facebook_artist,degree_obs,0.3,12,20,11063
facebook_artist,degree_obs,0.3,12,21,11064
facebook_artist,degree_obs,0.3,12,22,11158
facebook_artist,degree_obs,0.3,12,23,11341
facebook_artist,degree_obs,0.3,12,24,11564
facebook_artist,degree_obs,0.3,12,25,11917
facebook_artist,degree_obs,0.3,12,26,12080
facebook_artist,degree_obs,0.3,12,27,12156
facebook_artist,degree_obs,0.3,12,28,12255
facebook_artist,degree_obs,0.3,12,29,12287
facebook_artist,degree_obs,0.3,12,30,12526
facebook_artist,degree_obs,0.3,13,1,1463
facebook_artist,degree_obs,0.3,13,2,2382
facebook_artist,degree_obs,0.3,13,3,3425
facebook_artist,degree_obs,0.3,13,4,3952
facebook_artist,degree_obs,0.3,13,5,5161
facebook_artist,degree_obs,0.3,13,6,5596
facebook_artist,degree_obs,0.3,13,7,6455
facebook_artist,degree_obs,0.3,13,8,6739
facebook_artist,degree_obs,0.3,13,9,6922
facebook_artist,degree_obs,0.3,13,10,7570
facebook_artist,degree_obs,0.3,13,11,8008
facebook_artist,degree_obs,0.3,13,12,8334
facebook_artist,degree_obs,0.3,13,13,9119
facebook_artist,degree_obs,0.3,13,14,9712
facebook_artist,degree_obs,0.3,13,15,10172
facebook_artist,degree_obs,0.3,13,16,10249
facebook_artist,degree_obs,0.3,13,17,10618
facebook_artist,degree_obs,0.3,13,18,10619
facebook_artist,degree_obs,0.3,13,19,10719
facebook_artist,degree_obs,0.3,13,20,10806
facebook_artist,degree_obs,0.3,13,21,10915
facebook_artist,degree_obs,0.3,13,22,10994
facebook_artist,degree_obs,0.3,13,23,11105
facebook_artist,degree_obs,0.3,13,24,11352
facebook_artist,degree_obs,0.3,13,25,11709
facebook_artist,degree_obs,0.3,13,26,11884
facebook_artist,degree_obs,0.3,13,27,11912
facebook_artist,degree_obs,0.3,13,28,12114
facebook_artist,degree_obs,0.3,13,29,12337
facebook_artist,degree_obs,0.3,13,30,12526
facebook_artist,degree_obs,0.3,14,1,1463
facebook_artist,degree_obs,0.3,14,2,2382
facebook_artist,degree_obs,0.3,14,3,2921
facebook_artist,degree_obs,0.3,14,4,3952
facebook_artist,degree_obs,0.3,14,5,5161
facebook_artist,degree_obs,0.3,14,6,6044
facebook_artist,degree_obs,0.3,14,7,6455
facebook_artist,degree_obs,0.3,14,8,7128
facebook_artist,degree_obs,0.3,14,9,7358
facebook_artist,degree_obs,0.3,14,10,8158
facebook_artist,degree_obs,0.3,14,11,8513
facebook_artist,degree_obs,0.3,14,12,8693
facebook_artist,degree_obs,0.3,14,13,8783
facebook_artist,degree_obs,0.3,14,14,9373
facebook_artist,degree_obs,0.3,14,15,9374
facebook_artist,degree_obs,0.3,14,16,9794
facebook_artist,degree_obs,0.3,14,17,10183
facebook_artist,degree_obs,0.3,14,18,10404
facebook_artist,degree_obs,0.3,14,19,10719
facebook_artist,degree_obs,0.3,14,20,11012
facebook_artist,degree_obs,0.3,14,21,11075
facebook_artist,degree_obs,0.3,14,22,11300
facebook_artist,degree_obs,0.3,14,23,11546
facebook_artist,degree_obs,0.3,14,24,11644
facebook_artist,degree_obs,0.3,14,25,11747
facebook_artist,degree_obs,0.3,14,26,11811
facebook_artist,degree_obs,0.3,14,27,11989
facebook_artist,degree_obs,0.3,14,28,12146
facebook_artist,degree_obs,0.3,14,29,12174
facebook_artist,degree_obs,0.3,14,30,12526
facebook_artist,degree_obs,0.3,15,1,1463
facebook_artist,degree_obs,0.3,15,2,2382
facebook_artist,degree_obs,0.3,15,3,3425
facebook_artist,degree_obs,0.3,15,4,4653
facebook_artist,degree_obs,0.3,15,5,5013
facebook_artist,degree_obs,0.3,15,6,5463
facebook_artist,degree_obs,0.3,15,7,5930
facebook_artist,degree_obs,0.3,15,8,6286
facebook_artist,degree_obs,0.3,15,9,6501
facebook_artist,degree_obs,0.3,15,10,7145
facebook_artist,degree_obs,0.3,15,11,7779
facebook_artist,degree_obs,0.3,15,12,8553
facebook_artist,degree_obs,0.3,15,13,9278
facebook_artist,degree_obs,0.3,15,14,9733
facebook_artist,degree_obs,0.3,15,15,10104
facebook_artist,degree_obs,0.3,15,16,10105
facebook_artist,degree_obs,0.3,15,17,10183
facebook_artist,degree_obs,0.3,15,18,10526
facebook_artist,degree_obs,0.3,15,19,10689
facebook_artist,degree_obs,0.3,15,20,10858
facebook_artist,degree_obs,0.3,15,21,10969
facebook_artist,degree_obs,0.3,15,22,11233
facebook_artist,degree_obs,0.3,15,23,11302
facebook_artist,degree_obs,0.3,15,24,11659
facebook_artist,degree_obs,0.3,15,25,11871
facebook_artist,degree_obs,0.3,15,26,11921
facebook_artist,degree_obs,0.3,15,27,11949
facebook_artist,degree_obs,0.3,15,28,12149
facebook_artist,degree_obs,0.3,15,29,12369
facebook_artist,degree_obs,0.3,15,30,12526
facebook_artist,degree_obs,0.3,16,1,1470
facebook_artist,degree_obs,0.3,16,2,2756
facebook_artist,degree_obs,0.3,16,3,3629
facebook_artist,degree_obs,0.3,16,4,4149
facebook_artist,degree_obs,0.3,16,5,5161
facebook_artist,degree_obs,0.3,16,6,5596
facebook_artist,degree_obs,0.3,16,7,5905
facebook_artist,degree_obs,0.3,16,8,6593
facebook_artist,degree_obs,0.3,16,9,7408
facebook_artist,degree_obs,0.3,16,10,7771
facebook_artist,degree_obs,0.3,16,11,7949
facebook_artist,degree_obs,0.3,16,12,8693
facebook_artist,degree_obs,0.3,16,13,8783
facebook_artist,degree_obs,0.3,16,14,9219
facebook_artist,degree_obs,0.3,16,15,9808
facebook_artist,degree_obs,0.3,16,16,10256
facebook_artist,degree_obs,0.3,16,17,10257
facebook_artist,degree_obs,0.3,16,18,10369
facebook_artist,degree_obs,0.3,16,19,10587
facebook_artist,degree_obs,0.3,16,20,10812
facebook_artist,degree_obs,0.3,16,21,11061
facebook_artist,degree_obs,0.3,16,22,11241
facebook_artist,degree_obs,0.3,16,23,11312
facebook_artist,degree_obs,0.3,16,24,11419
facebook_artist,degree_obs,0.3,16,25,11657
facebook_artist,degree_obs,0.3,16,26,12009
facebook_artist,degree_obs,0.3,16,27,12262
facebook_artist,degree_obs,0.3,16,28,12381
facebook_artist,degree_obs,0.3,16,29,12445
facebook_artist,degree_obs,0.3,16,30,12488
facebook_artist,degree_obs,0.3,17,1,1470
facebook_artist,degree_obs,0.3,17,2,2382
facebook_artist,degree_obs,0.3,17,3,2921
facebook_artist,degree_obs,0.3,17,4,4149
facebook_artist,degree_obs,0.3,17,5,4578
facebook_artist,degree_obs,0.3,17,6,5265
facebook_artist,degree_obs,0.3,17,7,6186
facebook_artist,degree_obs,0.3,17,8,6564
facebook_artist,degree_obs,0.3,17,9,6766
facebook_artist,degree_obs,0.3,17,10,7438
facebook_artist,degree_obs,0.3,17,11,7440
facebook_artist,degree_obs,0.3,17,12,7780
facebook_artist,degree_obs,0.3,17,13,8513
facebook_artist,degree_obs,0.3,17,14,9279
facebook_artist,degree_obs,0.3,17,15,9365
facebook_artist,degree_obs,0.3,17,16,9674
facebook_artist,degree_obs,0.3,17,17,9963
facebook_artist,degree_obs,0.3,17,18,10074
facebook_artist,degree_obs,0.3,17,19,10255
facebook_artist,degree_obs,0.3,17,20,10618
facebook_artist,degree_obs,0.3,17,21,10926
facebook_artist,degree_obs,0.3,17,22,10994
facebook_artist,degree_obs,0.3,17,23,11208
facebook_artist,degree_obs,0.3,17,24,11418
facebook_artist,degree_obs,0.3,17,25,11670
facebook_artist,degree_obs,0.3,17,26,11766
facebook_artist,degree_obs,0.3,17,27,11794
facebook_artist,degree_obs,0.3,17,28,11990
facebook_artist,degree_obs,0.3,17,29,12344
facebook_artist,degree_obs,0.3,17,30,12501
facebook_artist,degree_obs,0.3,18,1,1463
facebook_artist,degree_obs,0.3,18,2,2382
facebook_artist,degree_obs,0.3,18,3,2921
facebook_artist,degree_obs,0.3,18,4,3952
facebook_artist,degree_obs,0.3,18,5,5161
facebook_artist,degree_obs,0.3,18,6,5514
facebook_artist,degree_obs,0.3,18,7,5745
facebook_artist,degree_obs,0.3,18,8,6505
facebook_artist,degree_obs,0.3,18,9,7173
facebook_artist,degree_obs,0.3,18,10,7503
facebook_artist,degree_obs,0.3,18,11,8144
facebook_artist,degree_obs,0.3,18,12,8285
facebook_artist,degree_obs,0.3,18,13,9053
facebook_artist,degree_obs,0.3,18,14,9594
facebook_artist,degree_obs,0.3,18,15,9858
facebook_artist,degree_obs,0.3,18,16,9936
facebook_artist,degree_obs,0.3,18,17,10215
facebook_artist,degree_obs,0.3,18,18,10730
facebook_artist,degree_obs,0.3,18,19,10920
facebook_artist,degree_obs,0.3,18,20,10921
facebook_artist,degree_obs,0.3,18,21,11050
facebook_artist,degree_obs,0.3,18,22,11259
facebook_artist,degree_obs,0.3,18,23,11356
facebook_artist,degree_obs,0.3,18,24,11419
facebook_artist,degree_obs,0.3,18,25,11459
facebook_artist,degree_obs,0.3,18,26,11707
facebook_artist,degree_obs,0.3,18,27,11903
facebook_artist,degree_obs,0.3,18,28,11958
facebook_artist,degree_obs,0.3,18,29,12312
facebook_artist,degree_obs,0.3,18,30,12356
facebook_artist,degree_obs,0.3,19,1,1470
facebook_artist,degree_obs,0.3,19,2,2382
facebook_artist,degree_obs,0.3,19,3,2921
facebook_artist,degree_obs,0.3,19,4,4149
facebook_artist,degree_obs,0.3,19,5,4683
facebook_artist,degree_obs,0.3,19,6,5596
facebook_artist,degree_obs,0.3,19,7,6052
facebook_artist,degree_obs,0.3,19,8,6286
facebook_artist,degree_obs,0.3,19,9,6501
facebook_artist,degree_obs,0.3,19,10,7144
facebook_artist,degree_obs,0.3,19,11,7778
facebook_artist,degree_obs,0.3,19,12,8314
facebook_artist,degree_obs,0.3,19,13,9079
facebook_artist,degree_obs,0.3,19,14,9536
facebook_artist,degree_obs,0.3,19,15,10032
facebook_artist,degree_obs,0.3,19,16,10395
facebook_artist,degree_obs,0.3,19,17,10397
facebook_artist,degree_obs,0.3,19,18,10507
facebook_artist,degree_obs,0.3,19,19,10698
facebook_artist,degree_obs,0.3,19,20,10923
facebook_artist,degree_obs,0.3,19,21,11015
facebook_artist,degree_obs,0.3,19,22,11076
facebook_artist,degree_obs,0.3,19,23,11275
facebook_artist,degree_obs,0.3,19,24,11511
facebook_artist,degree_obs,0.3,19,25,11772
facebook_artist,degree_obs,0.3,19,26,11868
facebook_artist,degree_obs,0.3,19,27,12222
facebook_artist,degree_obs,0.3,19,28,12596
facebook_artist,degree_obs,0.3,19,29,12631
facebook_artist,degree_obs,0.3,19,30,12686
facebook_artist,degree_obs,0.5,0,1,1463
facebook_artist,degree_obs,0.5,0,2,2382
facebook_artist,degree_obs,0.5,0,3,3629
facebook_artist,degree_obs,0.5,0,4,4653
facebook_artist,degree_obs,0.5,0,5,5161
facebook_artist,degree_obs,0.5,0,6,5596
facebook_artist,degree_obs,0.5,0,7,6052
facebook_artist,degree_obs,0.5,0,8,6721
facebook_artist,degree_obs,0.5,0,9,6950
facebook_artist,degree_obs,0.5,0,10,7145
facebook_artist,degree_obs,0.5,0,11,7779
facebook_artist,degree_obs,0.5,0,12,8527
facebook_artist,degree_obs,0.5,0,13,8884
facebook_artist,degree_obs,0.5,0,14,8885
facebook_artist,degree_obs,0.5,0,15,8963
facebook_artist,degree_obs,0.5,0,16,9715
facebook_artist,degree_obs,0.5,0,17,10048
facebook_artist,degree_obs,0.5,0,18,10235
facebook_artist,degree_obs,0.5,0,19,10344
facebook_artist,degree_obs,0.5,0,20,10682
facebook_artist,degree_obs,0.5,0,21,10875
facebook_artist,degree_obs,0.5,0,22,11034
facebook_artist,degree_obs,0.5,0,23,11211
facebook_artist,degree_obs,0.5,0,24,11464
facebook_artist,degree_obs,0.5,0,25,11820
facebook_artist,degree_obs,0.5,0,26,12024
facebook_artist,degree_obs,0.5,0,27,12222
facebook_artist,degree_obs,0.5,0,28,12284
facebook_artist,degree_obs,0.5,0,29,12312
facebook_artist,degree_obs,0.5,0,30,12526
facebook_artist,degree_obs,0.5,1,1,1463
facebook_artist,degree_obs,0.5,1,2,2382
facebook_artist,degree_obs,0.5,1,3,3629
facebook_artist,degree_obs,0.5,1,4,4149
facebook_artist,degree_obs,0.5,1,5,5161
facebook_artist,degree_obs,0.5,1,6,5596
facebook_artist,degree_obs,0.5,1,7,5857
facebook_artist,degree_obs,0.5,1,8,6109
facebook_artist,degree_obs,0.5,1,9,6793
facebook_artist,degree_obs,0.5,1,10,7145
facebook_artist,degree_obs,0.5,1,11,7903
facebook_artist,degree_obs,0.5,1,12,8526
facebook_artist,degree_obs,0.5,1,13,9109
facebook_artist,degree_obs,0.5,1,14,9866
facebook_artist,degree_obs,0.5,1,15,9980
facebook_artist,degree_obs,0.5,1,16,10382
facebook_artist,degree_obs,0.5,1,17,10457
facebook_artist,degree_obs,0.5,1,18,10458
facebook_artist,degree_obs,0.5,1,19,10578
facebook_artist,degree_obs,0.5,1,20,10708
facebook_artist,degree_obs,0.5,1,21,10951
facebook_artist,degree_obs,0.5,1,22,11034
facebook_artist,degree_obs,0.5,1,23,11105
facebook_artist,degree_obs,0.5,1,24,11316
facebook_artist,degree_obs,0.5,1,25,11522
facebook_artist,degree_obs,0.5,1,26,11745
facebook_artist,degree_obs,0.5,1,27,11903
facebook_artist,degree_obs,0.5,1,28,12255
facebook_artist,degree_obs,0.5,1,29,12498
facebook_artist,degree_obs,0.5,1,30,12526
facebook_artist,degree_obs,0.5,2,1,1470
facebook_artist,degree_obs,0.5,2,2,2382
facebook_artist,degree_obs,0.5,2,3,3425
facebook_artist,degree_obs,0.5,2,4,4653
facebook_artist,degree_obs,0.5,2,5,5161
facebook_artist,degree_obs,0.5,2,6,5463
facebook_artist,degree_obs,0.5,2,7,5857
facebook_artist,degree_obs,0.5,2,8,6286
facebook_artist,degree_obs,0.5,2,9,6501
facebook_artist,degree_obs,0.5,2,10,7286
facebook_artist,degree_obs,0.5,2,11,7903
facebook_artist,degree_obs,0.5,2,12,8526
facebook_artist,degree_obs,0.5,2,13,8528
facebook_artist,degree_obs,0.5,2,14,9290
facebook_artist,degree_obs,0.5,2,15,9714
facebook_artist,degree_obs,0.5,2,16,10105
facebook_artist,degree_obs,0.5,2,17,10183
facebook_artist,degree_obs,0.5,2,18,10619
facebook_artist,degree_obs,0.5,2,19,10846
facebook_artist,degree_obs,0.5,2,20,10951
facebook_artist,degree_obs,0.5,2,21,11082
facebook_artist,degree_obs,0.5,2,22,11183
facebook_artist,degree_obs,0.5,2,23,11356
facebook_artist,degree_obs,0.5,2,24,11419
facebook_artist,degree_obs,0.5,2,25,11618
facebook_artist,degree_obs,0.5,2,26,11868
facebook_artist,degree_obs,0.5,2,27,12222
facebook_artist,degree_obs,0.5,2,28,12436
facebook_artist,degree_obs,0.5,2,29,12471
facebook_artist,degree_obs,0.5,2,30,12526
facebook_artist,degree_obs,0.5,3,1,1470
facebook_artist,degree_obs,0.5,3,2,2382
facebook_artist,degree_obs,0.5,3,3,3425
facebook_artist,degree_obs,0.5,3,4,4653
facebook_artist,degree_obs,0.5,3,5,5050
facebook_artist,degree_obs,0.5,3,6,5514
facebook_artist,degree_obs,0.5,3,7,5905
facebook_artist,degree_obs,0.5,3,8,6739
facebook_artist,degree_obs,0.5,3,9,7387
facebook_artist,degree_obs,0.5,3,10,8028
facebook_artist,degree_obs,0.5,3,11,8367
facebook_artist,degree_obs,0.5,3,12,8526
facebook_artist,degree_obs,0.5,3,13,9288
facebook_artist,degree_obs,0.5,3,14,9290
facebook_artist,degree_obs,0.5,3,15,9410
facebook_artist,degree_obs,0.5,3,16,9848
facebook_artist,degree_obs,0.5,3,17,10222
facebook_artist,degree_obs,0.5,3,18,10658
facebook_artist,degree_obs,0.5,3,19,10757
facebook_artist,degree_obs,0.5,3,20,10845
facebook_artist,degree_obs,0.5,3,21,11070
facebook_artist,degree_obs,0.5,3,22,11278
facebook_artist,degree_obs,0.5,3,23,11341
facebook_artist,degree_obs,0.5,3,24,11391
facebook_artist,degree_obs,0.5,3,25,11493
facebook_artist,degree_obs,0.5,3,26,11716
facebook_artist,degree_obs,0.5,3,27,11874
facebook_artist,degree_obs,0.5,3,28,12119
facebook_artist,degree_obs,0.5,3,29,12174
facebook_artist,degree_obs,0.5,3,30,12526
facebook_artist,degree_obs,0.5,4,1,1463
facebook_artist,degree_obs,0.5,4,2,2382
facebook_artist,degree_obs,0.5,4,3,2921
facebook_artist,degree_obs,0.5,4,4,4149
facebook_artist,degree_obs,0.5,4,5,5161
facebook_artist,degree_obs,0.5,4,6,5596
facebook_artist,degree_obs,0.5,4,7,5857
facebook_artist,degree_obs,0.5,4,8,6691
facebook_artist,degree_obs,0.5,4,9,7358
facebook_artist,degree_obs,0.5,4,10,7722
facebook_artist,degree_obs,0.5,4,11,7903
facebook_artist,degree_obs,0.5,4,12,8526
facebook_artist,degree_obs,0.5,4,13,9288
facebook_artist,degree_obs,0.5,4,14,9290
facebook_artist,degree_obs,0.5,4,15,9410
facebook_artist,degree_obs,0.5,4,16,9832
facebook_artist,degree_obs,0.5,4,17,10067
facebook_artist,degree_obs,0.5,4,18,10418
facebook_artist,degree_obs,0.5,4,19,10539
facebook_artist,degree_obs,0.5,4,20,10729
facebook_artist,degree_obs,0.5,4,21,10817
facebook_artist,degree_obs,0.5,4,22,10882
facebook_artist,degree_obs,0.5,4,23,11152
facebook_artist,degree_obs,0.5,4,24,11468
facebook_artist,degree_obs,0.5,4,25,11670
facebook_artist,degree_obs,0.5,4,26,11766
facebook_artist,degree_obs,0.5,4,27,12121
facebook_artist,degree_obs,0.5,4,28,12284
facebook_artist,degree_obs,0.5,4,29,12312
facebook_artist,degree_obs,0.5,4,30,12374
facebook_artist,degree_obs,0.5,5,1,1470
facebook_artist,degree_obs,0.5,5,2,2382
facebook_artist,degree_obs,0.5,5,3,3629
facebook_artist,degree_obs,0.5,5,4,4149
facebook_artist,degree_obs,0.5,5,5,4683
facebook_artist,degree_obs,0.5,5,6,5596
facebook_artist,degree_obs,0.5,5,7,6309
facebook_artist,degree_obs,0.5,5,8,6563
facebook_artist,degree_obs,0.5,5,9,6793
facebook_artist,degree_obs,0.5,5,10,7438
facebook_artist,degree_obs,0.5,5,11,8219
facebook_artist,degree_obs,0.5,5,12,8552
facebook_artist,degree_obs,0.5,5,13,8554
facebook_artist,degree_obs,0.5,5,14,9279
facebook_artist,degree_obs,0.5,5,15,9714
facebook_artist,degree_obs,0.5,5,16,9794
facebook_artist,degree_obs,0.5,5,17,10048
facebook_artist,degree_obs,0.5,5,18,10158
facebook_artist,degree_obs,0.5,5,19,10483
facebook_artist,degree_obs,0.5,5,20,10828
facebook_artist,degree_obs,0.5,5,21,10951
facebook_artist,degree_obs,0.5,5,22,11228
facebook_artist,degree_obs,0.5,5,23,11304
facebook_artist,degree_obs,0.5,5,24,11518
facebook_artist,degree_obs,0.5,5,25,11691
facebook_artist,degree_obs,0.5,5,26,12045
facebook_artist,degree_obs,0.5,5,27,12075
facebook_artist,degree_obs,0.5,5,28,12118
facebook_artist,degree_obs,0.5,5,29,12354
facebook_artist,degree_obs,0.5,5,30,12526
facebook_artist,degree_obs,0.5,6,1,1463
facebook_artist,degree_obs,0.5,6,2,2382
facebook_artist,degree_obs,0.5,6,3,3629
facebook_artist,degree_obs,0.5,6,4,4149
facebook_artist,degree_obs,0.5,6,5,5161
facebook_artist,degree_obs,0.5,6,6,5924
facebook_artist,degree_obs,0.5,6,7,6309
facebook_artist,degree_obs,0.5,6,8,6963
facebook_artist,degree_obs,0.5,6,9,7241
facebook_artist,degree_obs,0.5,6,10,7439
facebook_artist,degree_obs,0.5,6,11,7440
facebook_artist,degree_obs,0.5,6,12,7780
facebook_artist,degree_obs,0.5,6,13,8528
facebook_artist,degree_obs,0.5,6,14,9290
facebook_artist,degree_obs,0.5,6,15,9729
facebook_artist,degree_obs,0.5,6,16,9809
facebook_artist,degree_obs,0.5,6,17,10346
facebook_artist,degree_obs,0.5,6,18,10469
facebook_artist,degree_obs,0.5,6,19,10578
facebook_artist,degree_obs,0.5,6,20,10803
facebook_artist,degree_obs,0.5,6,21,11047
facebook_artist,degree_obs,0.5,6,22,11134
facebook_artist,degree_obs,0.5,6,23,11248
facebook_artist,degree_obs,0.5,6,24,11319
facebook_artist,degree_obs,0.5,6,25,11522
facebook_artist,degree_obs,0.5,6,26,11687
facebook_artist,degree_obs,0.5,6,27,11719
facebook_artist,degree_obs,0.5,6,28,11781
facebook_artist,degree_obs,0.5,6,29,12020
facebook_artist,degree_obs,0.5,6,30,12236
facebook_artist,degree_obs,0.5,7,1,1470
facebook_artist,degree_obs,0.5,7,2,2382
facebook_artist,degree_obs,0.5,7,3,3629
facebook_artist,degree_obs,0.5,7,4,4149
facebook_artist,degree_obs,0.5,7,5,5161
facebook_artist,degree_obs,0.5,7,6,5514
facebook_artist,degree_obs,0.5,7,7,6246
facebook_artist,degree_obs,0.5,7,8,6646
facebook_artist,degree_obs,0.5,7,9,6965
facebook_artist,degree_obs,0.5,7,10,7145
facebook_artist,degree_obs,0.5,7,11,7903
facebook_artist,degree_obs,0.5,7,12,8527
facebook_artist,degree_obs,0.5,7,13,8528
facebook_artist,degree_obs,0.5,7,14,8971
facebook_artist,degree_obs,0.5,7,15,9729
facebook_artist,degree_obs,0.5,7,16,9848
facebook_artist,degree_obs,0.5,7,17,10384
facebook_artist,degree_obs,0.5,7,18,10536
facebook_artist,degree_obs,0.5,7,19,10796
facebook_artist,degree_obs,0.5,7,20,10867
facebook_artist,degree_obs,0.5,7,21,10951
facebook_artist,degree_obs,0.5,7,22,11228
facebook_artist,degree_obs,0.5,7,23,11304
facebook_artist,degree_obs,0.5,7,24,11518
facebook_artist,degree_obs,0.5,7,25,11718
facebook_artist,degree_obs,0.5,7,26,11885
facebook_artist,degree_obs,0.5,7,27,11915
facebook_artist,degree_obs,0.5,7,28,11958
facebook_artist,degree_obs,0.5,7,29,12174
facebook_artist,degree_obs,0.5,7,30,12236
facebook_artist,degree_obs,0.5,8,1,1463
facebook_artist,degree_obs,0.5,8,2,2382
facebook_artist,degree_obs,0.5,8,3,3629
facebook_artist,degree_obs,0.5,8,4,4653
facebook_artist,degree_obs,0.5,8,5,5161
facebook_artist,degree_obs,0.5,8,6,5463
facebook_artist,degree_obs,0.5,8,7,5857
facebook_artist,degree_obs,0.5,8,8,6109
facebook_artist,degree_obs,0.5,8,9,6501
facebook_artist,degree_obs,0.5,8,10,7286
facebook_artist,degree_obs,0.5,8,11,7903
facebook_artist,degree_obs,0.5,8,12,8527
facebook_artist,degree_obs,0.5,8,13,9289
facebook_artist,degree_obs,0.5,8,14,9290
facebook_artist,degree_obs,0.5,8,15,9374
facebook_artist,degree_obs,0.5,8,16,9945
facebook_artist,degree_obs,0.5,8,17,10250
facebook_artist,degree_obs,0.5,8,18,10619
facebook_artist,degree_obs,0.5,8,19,10756
facebook_artist,degree_obs,0.5,8,20,10843
facebook_artist,degree_obs,0.5,8,21,10951
facebook_artist,degree_obs,0.5,8,22,11034
facebook_artist,degree_obs,0.5,8,23,11247
facebook_artist,degree_obs,0.5,8,24,11316
facebook_artist,degree_obs,0.5,8,25,11487
facebook_artist,degree_obs,0.5,8,26,11519
facebook_artist,degree_obs,0.5,8,27,11758
facebook_artist,degree_obs,0.5,8,28,11958
facebook_artist,degree_obs,0.5,8,29,12312
facebook_artist,degree_obs,0.5,8,30,12526
facebook_artist,degree_obs,0.5,9,1,1463
facebook_artist,degree_obs,0.5,9,2,2382
facebook_artist,degree_obs,0.5,9,3,3425
facebook_artist,degree_obs,0.5,9,4,3952
facebook_artist,degree_obs,0.5,9,5,5161
facebook_artist,degree_obs,0.5,9,6,5514
facebook_artist,degree_obs,0.5,9,7,5745
facebook_artist,degree_obs,0.5,9,8,6109
facebook_artist,degree_obs,0.5,9,9,6793
facebook_artist,degree_obs,0.5,9,10,7145
facebook_artist,degree_obs,0.5,9,11,7903
facebook_artist,degree_obs,0.5,9,12,8334
facebook_artist,degree_obs,0.5,9,13,8956
facebook_artist,degree_obs,0.5,9,14,9713
facebook_artist,degree_obs,0.5,9,15,9714
facebook_artist,degree_obs,0.5,9,16,9974
facebook_artist,degree_obs,0.5,9,17,10048
facebook_artist,degree_obs,0.5,9,18,10271
facebook_artist,degree_obs,0.5,9,19,10461
facebook_artist,degree_obs,0.5,9,20,10571
facebook_artist,degree_obs,0.5,9,21,10915
facebook_artist,degree_obs,0.5,9,22,10965
facebook_artist,degree_obs,0.5,9,23,11223
facebook_artist,degree_obs,0.5,9,24,11441
facebook_artist,degree_obs,0.5,9,25,11618
facebook_artist,degree_obs,0.5,9,26,11814
facebook_artist,degree_obs,0.5,9,27,11903
facebook_artist,degree_obs,0.5,9,28,11958
facebook_artist,degree_obs,0.5,9,29,12032
facebook_artist,degree_obs,0.5,9,30,12384
facebook_artist,degree_obs,0.5,10,1,1470
facebook_artist,degree_obs,0.5,10,2,2382
facebook_artist,degree_obs,0.5,10,3,3629
facebook_artist,degree_obs,0.5,10,4,4149
facebook_artist,degree_obs,0.5,10,5,4683
facebook_artist,degree_obs,0.5,10,6,5651
facebook_artist,degree_obs,0.5,10,7,5969
facebook_artist,degree_obs,0.5,10,8,6593
facebook_artist,degree_obs,0.5,10,9,7391
facebook_artist,degree_obs,0.5,10,10,7742
facebook_artist,degree_obs,0.5,10,11,7903
facebook_artist,degree_obs,0.5,10,12,8527
facebook_artist,degree_obs,0.5,10,13,8956
facebook_artist,degree_obs,0.5,10,14,9713
facebook_artist,degree_obs,0.5,10,15,9714
facebook_artist,degree_obs,0.5,10,16,10174
facebook_artist,degree_obs,0.5,10,17,10545
facebook_artist,degree_obs,0.5,10,18,10778
facebook_artist,degree_obs,0.5,10,19,10884
facebook_artist,degree_obs,0.5,10,20,10982
facebook_artist,degree_obs,0.5,10,21,11070
facebook_artist,degree_obs,0.5,10,22,11134
facebook_artist,degree_obs,0.5,10,23,11213
facebook_artist,degree_obs,0.5,10,24,11319
facebook_artist,degree_obs,0.5,10,25,11566
facebook_artist,degree_obs,0.5,10,26,11766
facebook_artist,degree_obs,0.5,10,27,12121
facebook_artist,degree_obs,0.5,10,28,12284
facebook_artist,degree_obs,0.5,10,29,12312
facebook_artist,degree_obs,0.5,10,30,12366
facebook_artist,degree_obs,0.5,11,1,1470
facebook_artist,degree_obs,0.5,11,2,2382
facebook_artist,degree_obs,0.5,11,3,3629
facebook_artist,degree_obs,0.5,11,4,4149
facebook_artist,degree_obs,0.5,11,5,5161
facebook_artist,degree_obs,0.5,11,6,5463
facebook_artist,degree_obs,0.5,11,7,5857
facebook_artist,degree_obs,0.5,11,8,6563
facebook_artist,degree_obs,0.5,11,9,6950
facebook_artist,degree_obs,0.5,11,10,7145
facebook_artist,degree_obs,0.5,11,11,7903
facebook_artist,degree_obs,0.5,11,12,8527
facebook_artist,degree_obs,0.5,11,13,9289
facebook_artist,degree_obs,0.5,11,14,9290
facebook_artist,degree_obs,0.5,11,15,9714
facebook_artist,degree_obs,0.5,11,16,9974
facebook_artist,degree_obs,0.5,11,17,10299
facebook_artist,degree_obs,0.5,11,18,10373
facebook_artist,degree_obs,0.5,11,19,10719
facebook_artist,degree_obs,0.5,11,20,11012
facebook_artist,degree_obs,0.5,11,21,11123
facebook_artist,degree_obs,0.5,11,22,11344
facebook_artist,degree_obs,0.5,11,23,11404
facebook_artist,degree_obs,0.5,11,24,11760
facebook_artist,degree_obs,0.5,11,25,11795
facebook_artist,degree_obs,0.5,11,26,11892
facebook_artist,degree_obs,0.5,11,27,12094
facebook_artist,degree_obs,0.5,11,28,12149
facebook_artist,degree_obs,0.5,11,29,12312
facebook_artist,degree_obs,0.5,11,30,12526
facebook_artist,degree_obs,0.5,12,1,1470
facebook_artist,degree_obs,0.5,12,2,2382
facebook_artist,degree_obs,0.5,12,3,2921
facebook_artist,degree_obs,0.5,12,4,4149
facebook_artist,degree_obs,0.5,12,5,5161
facebook_artist,degree_obs,0.5,12,6,5924
facebook_artist,degree_obs,0.5,12,7,6309
facebook_artist,degree_obs,0.5,12,8,6721
facebook_artist,degree_obs,0.5,12,9,6965
facebook_artist,degree_obs,0.5,12,10,7145
facebook_artist,degree_obs,0.5,12,11,7949
facebook_artist,degree_obs,0.5,12,12,8693
facebook_artist,degree_obs,0.5,12,13,9288
facebook_artist,degree_obs,0.5,12,14,9712
facebook_artist,degree_obs,0.5,12,15,10103
facebook_artist,degree_obs,0.5,12,16,10220
facebook_artist,degree_obs,0.5,12,17,10222
facebook_artist,degree_obs,0.5,12,18,10442
facebook_artist,degree_obs,0.5,12,19,10757
facebook_artist,degree_obs,0.5,12,20,10845
facebook_artist,degree_obs,0.5,12,21,11203
facebook_artist,degree_obs,0.5,12,22,11273
facebook_artist,degree_obs,0.5,12,23,11351
facebook_artist,degree_obs,0.5,12,24,11568
facebook_artist,degree_obs,0.5,12,25,11773
facebook_artist,degree_obs,0.5,12,26,11877
facebook_artist,degree_obs,0.5,12,27,12121
facebook_artist,degree_obs,0.5,12,28,12341
facebook_artist,degree_obs,0.5,12,29,12369
facebook_artist,degree_obs,0.5,12,30,12526
facebook_artist,degree_obs,0.5,13,1,1463
facebook_artist,degree_obs,0.5,13,2,2382
facebook_artist,degree_obs,0.5,13,3,3425
facebook_artist,degree_obs,0.5,13,4,4653
facebook_artist,degree_obs,0.5,13,5,5161
facebook_artist,degree_obs,0.5,13,6,5596
facebook_artist,degree_obs,0.5,13,7,6309
facebook_artist,degree_obs,0.5,13,8,6593
facebook_artist,degree_obs,0.5,13,9,7391
facebook_artist,degree_obs,0.5,13,10,7742
facebook_artist,degree_obs,0.5,13,11,7903
facebook_artist,degree_obs,0.5,13,12,8527
facebook_artist,degree_obs,0.5,13,13,9289
facebook_artist,degree_obs,0.5,13,14,9713
facebook_artist,degree_obs,0.5,13,15,9714
facebook_artist,degree_obs,0.5,13,16,9974
facebook_artist,degree_obs,0.5,13,17,10332
facebook_artist,degree_obs,0.5,13,18,10647
facebook_artist,degree_obs,0.5,13,19,10719
facebook_artist,degree_obs,0.5,13,20,10806
facebook_artist,degree_obs,0.5,13,21,10915
facebook_artist,degree_obs,0.5,13,22,11034
facebook_artist,degree_obs,0.5,13,23,11105
facebook_artist,degree_obs,0.5,13,24,11462
facebook_artist,degree_obs,0.5,13,25,11716
facebook_artist,degree_obs,0.5,13,26,11963
facebook_artist,degree_obs,0.5,13,27,12147
facebook_artist,degree_obs,0.5,13,28,12309
facebook_artist,degree_obs,0.5,13,29,12337
facebook_artist,degree_obs,0.5,13,30,12526
facebook_artist,degree_obs,0.5,14,1,1470
facebook_artist,degree_obs,0.5,14,2,2382
facebook_artist,degree_obs,0.5,14,3,2921
facebook_artist,degree_obs,0.5,14,4,3952
facebook_artist,degree_obs,0.5,14,5,5161
facebook_artist,degree_obs,0.5,14,6,5463
facebook_artist,degree_obs,0.5,14,7,5857
facebook_artist,degree_obs,0.5,14,8,6109
facebook_artist,degree_obs,0.5,14,9,6934
facebook_artist,degree_obs,0.5,14,10,7732
facebook_artist,degree_obs,0.5,14,11,8087
facebook_artist,degree_obs,0.5,14,12,8693
facebook_artist,degree_obs,0.5,14,13,9288
facebook_artist,degree_obs,0.5,14,14,9373
facebook_artist,degree_obs,0.5,14,15,9793
facebook_artist,degree_obs,0.5,14,16,10047
facebook_artist,degree_obs,0.5,14,17,10048
facebook_artist,degree_obs,0.5,14,18,10404
facebook_artist,degree_obs,0.5,14,19,10719
facebook_artist,degree_obs,0.5,14,20,10806
facebook_artist,degree_obs,0.5,14,21,11032
facebook_artist,degree_obs,0.5,14,22,11134
facebook_artist,degree_obs,0.5,14,23,11399
facebook_artist,degree_obs,0.5,14,24,11502
facebook_artist,degree_obs,0.5,14,25,11622
facebook_artist,degree_obs,0.5,14,26,11791
facebook_artist,degree_obs,0.5,14,27,12145
facebook_artist,degree_obs,0.5,14,28,12173
facebook_artist,degree_obs,0.5,14,29,12369
facebook_artist,degree_obs,0.5,14,30,12406
facebook_artist,degree_obs,0.5,15,1,1470
facebook_artist,degree_obs,0.5,15,2,2382
facebook_artist,degree_obs,0.5,15,3,3629
facebook_artist,degree_obs,0.5,15,4,4653
facebook_artist,degree_obs,0.5,15,5,5161
facebook_artist,degree_obs,0.5,15,6,5514
facebook_artist,degree_obs,0.5,15,7,5745
facebook_artist,degree_obs,0.5,15,8,6167
facebook_artist,degree_obs,0.5,15,9,6501
facebook_artist,degree_obs,0.5,15,10,7145
facebook_artist,degree_obs,0.5,15,11,7779
facebook_artist,degree_obs,0.5,15,12,8553
facebook_artist,degree_obs,0.5,15,13,8554
facebook_artist,degree_obs,0.5,15,14,9290
facebook_artist,degree_obs,0.5,15,15,9714
facebook_artist,degree_obs,0.5,15,16,10105
facebook_artist,degree_obs,0.5,15,17,10183
facebook_artist,degree_obs,0.5,15,18,10404
facebook_artist,degree_obs,0.5,15,19,10623
facebook_artist,degree_obs,0.5,15,20,10767
facebook_artist,degree_obs,0.5,15,21,10926
facebook_artist,degree_obs,0.5,15,22,11034
facebook_artist,degree_obs,0.5,15,23,11288
facebook_artist,degree_obs,0.5,15,24,11502
facebook_artist,degree_obs,0.5,15,25,11566
facebook_artist,degree_obs,0.5,15,26,11736
facebook_artist,degree_obs,0.5,15,27,11764
facebook_artist,degree_obs,0.5,15,28,12118
facebook_artist,degree_obs,0.5,15,29,12312
facebook_artist,degree_obs,0.5,15,30,12526
facebook_artist,degree_obs,0.5,16,1,1463
facebook_artist,degree_obs,0.5,16,2,2382
facebook_artist,degree_obs,0.5,16,3,3629
facebook_artist,degree_obs,0.5,16,4,4149
facebook_artist,degree_obs,0.5,16,5,5161
facebook_artist,degree_obs,0.5,16,6,5596
facebook_artist,degree_obs,0.5,16,7,6309
facebook_artist,degree_obs,0.5,16,8,6721
facebook_artist,degree_obs,0.5,16,9,6965
facebook_artist,degree_obs,0.5,16,10,7145
facebook_artist,degree_obs,0.5,16,11,7903
facebook_artist,degree_obs,0.5,16,12,8693
facebook_artist,degree_obs,0.5,16,13,9288
facebook_artist,degree_obs,0.5,16,14,9290
facebook_artist,degree_obs,0.5,16,15,9764
facebook_artist,degree_obs,0.5,16,16,9842
facebook_artist,degree_obs,0.5,16,17,10149
facebook_artist,degree_obs,0.5,16,18,10262
facebook_artist,degree_obs,0.5,16,19,10638
facebook_artist,degree_obs,0.5,16,20,10842
facebook_artist,degree_obs,0.5,16,21,10915
facebook_artist,degree_obs,0.5,16,22,11134
facebook_artist,degree_obs,0.5,16,23,11399
facebook_artist,degree_obs,0.5,16,24,11644
facebook_artist,degree_obs,0.5,16,25,11826
facebook_artist,degree_obs,0.5,16,26,12179
facebook_artist,degree_obs,0.5,16,27,12341
facebook_artist,degree_obs,0.5,16,28,12383
facebook_artist,degree_obs,0.5,16,29,12441
facebook_artist,degree_obs,0.5,16,30,12526
facebook_artist,degree_obs,0.5,17,1,1470
facebook_artist,degree_obs,0.5,17,2,2382
facebook_artist,degree_obs,0.5,17,3,3629
facebook_artist,degree_obs,0.5,17,4,4149
facebook_artist,degree_obs,0.5,17,5,4489
facebook_artist,degree_obs,0.5,17,6,4828
facebook_artist,degree_obs,0.5,17,7,5745
facebook_artist,degree_obs,0.5,17,8,6415
facebook_artist,degree_obs,0.5,17,9,7127
facebook_artist,degree_obs,0.5,17,10,7129
facebook_artist,degree_obs,0.5,17,11,7440
facebook_artist,degree_obs,0.5,17,12,8187
facebook_artist,degree_obs,0.5,17,13,8513
facebook_artist,degree_obs,0.5,17,14,9279
facebook_artist,degree_obs,0.5,17,15,9714
facebook_artist,degree_obs,0.5,17,16,10174
facebook_artist,degree_obs,0.5,17,17,10288
facebook_artist,degree_obs,0.5,17,18,10658
facebook_artist,degree_obs,0.5,17,19,10757
facebook_artist,degree_obs,0.5,17,20,10828
facebook_artist,degree_obs,0.5,17,21,10915
facebook_artist,degree_obs,0.5,17,22,11181
facebook_artist,degree_obs,0.5,17,23,11250
facebook_artist,degree_obs,0.5,17,24,11468
facebook_artist,degree_obs,0.5,17,25,11566
facebook_artist,degree_obs,0.5,17,26,11921
facebook_artist,degree_obs,0.5,17,27,12121
facebook_artist,degree_obs,0.5,17,28,12149
facebook_artist,degree_obs,0.5,17,29,12244
facebook_artist,degree_obs,0.5,17,30,12406
facebook_artist,degree_obs,0.5,18,1,1463
facebook_artist,degree_obs,0.5,18,2,2382
facebook_artist,degree_obs,0.5,18,3,2921
facebook_artist,degree_obs,0.5,18,4,3952
facebook_artist,degree_obs,0.5,18,5,5161
facebook_artist,degree_obs,0.5,18,6,5463
facebook_artist,degree_obs,0.5,18,7,5745
facebook_artist,degree_obs,0.5,18,8,6415
facebook_artist,degree_obs,0.5,18,9,7127
facebook_artist,degree_obs,0.5,18,10,7438
facebook_artist,degree_obs,0.5,18,11,7778
facebook_artist,degree_obs,0.5,18,12,8526
facebook_artist,degree_obs,0.5,18,13,8969
facebook_artist,degree_obs,0.5,18,14,9516
facebook_artist,degree_obs,0.5,18,15,9596
facebook_artist,degree_obs,0.5,18,16,10345
facebook_artist,degree_obs,0.5,18,17,10618
facebook_artist,degree_obs,0.5,18,18,10619
facebook_artist,degree_obs,0.5,18,19,10731
facebook_artist,degree_obs,0.5,18,20,10842
facebook_artist,degree_obs,0.5,18,21,10969
facebook_artist,degree_obs,0.5,18,22,11047
facebook_artist,degree_obs,0.5,18,23,11105
facebook_artist,degree_obs,0.5,18,24,11352
facebook_artist,degree_obs,0.5,18,25,11528
facebook_artist,degree_obs,0.5,18,26,11884
facebook_artist,degree_obs,0.5,18,27,11912
facebook_artist,degree_obs,0.5,18,28,12114
facebook_artist,degree_obs,0.5,18,29,12312
facebook_artist,degree_obs,0.5,18,30,12356
facebook_artist,degree_obs,0.5,19,1,1470
facebook_artist,degree_obs,0.5,19,2,2382
facebook_artist,degree_obs,0.5,19,3,3629
facebook_artist,degree_obs,0.5,19,4,4149
facebook_artist,degree_obs,0.5,19,5,4489
facebook_artist,degree_obs,0.5,19,6,5116
facebook_artist,degree_obs,0.5,19,7,5383
facebook_artist,degree_obs,0.5,19,8,6167
facebook_artist,degree_obs,0.5,19,9,6501
facebook_artist,degree_obs,0.5,19,10,7145
facebook_artist,degree_obs,0.5,19,11,7949
facebook_artist,degree_obs,0.5,19,12,8517
facebook_artist,degree_obs,0.5,19,13,9133
facebook_artist,degree_obs,0.5,19,14,9727
facebook_artist,degree_obs,0.5,19,15,10032
facebook_artist,degree_obs,0.5,19,16,10330
facebook_artist,degree_obs,0.5,19,17,10645
facebook_artist,degree_obs,0.5,19,18,10647
facebook_artist,degree_obs,0.5,19,19,10757
facebook_artist,degree_obs,0.5,19,20,10828
facebook_artist,degree_obs,0.5,19,21,11047
facebook_artist,degree_obs,0.5,19,22,11165
facebook_artist,degree_obs,0.5,19,23,11442
facebook_artist,degree_obs,0.5,19,24,11644
facebook_artist,degree_obs,0.5,19,25,11704
facebook_artist,degree_obs,0.5,19,26,12059
facebook_artist,degree_obs,0.5,19,27,12094
facebook_artist,degree_obs,0.5,19,28,12149
facebook_artist,degree_obs,0.5,19,29,12217
facebook_artist,degree_obs,0.5,19,30,12374
facebook_artist,degree_obs,0.8,0,1,1470
facebook_artist,degree_obs,0.8,0,2,2382
facebook_artist,degree_obs,0.8,0,3,3629
facebook_artist,degree_obs,0.8,0,4,4149
facebook_artist,degree_obs,0.8,0,5,5161
facebook_artist,degree_obs,0.8,0,6,5596
facebook_artist,degree_obs,0.8,0,7,6309
facebook_artist,degree_obs,0.8,0,8,6593
facebook_artist,degree_obs,0.8,0,9,6965
facebook_artist,degree_obs,0.8,0,10,7145
facebook_artist,degree_obs,0.8,0,11,7779
facebook_artist,degree_obs,0.8,0,12,8527
facebook_artist,degree_obs,0.8,0,13,8528
facebook_artist,degree_obs,0.8,0,14,9290
facebook_artist,degree_obs,0.8,0,15,9729
facebook_artist,degree_obs,0.8,0,16,10105
facebook_artist,degree_obs,0.8,0,17,10183
facebook_artist,degree_obs,0.8,0,18,10619
facebook_artist,degree_obs,0.8,0,19,10719
facebook_artist,degree_obs,0.8,0,20,10806
facebook_artist,degree_obs,0.8,0,21,10926
facebook_artist,degree_obs,0.8,0,22,11034
facebook_artist,degree_obs,0.8,0,23,11248
facebook_artist,degree_obs,0.8,0,24,11419
facebook_artist,degree_obs,0.8,0,25,11672
facebook_artist,degree_obs,0.8,0,26,12026
facebook_artist,degree_obs,0.8,0,27,12061
facebook_artist,degree_obs,0.8,0,28,12118
facebook_artist,degree_obs,0.8,0,29,12312
facebook_artist,degree_obs,0.8,0,30,12526
facebook_artist,degree_obs,0.8,1,1,1463
facebook_artist,degree_obs,0.8,1,2,2382
facebook_artist,degree_obs,0.8,1,3,3629
facebook_artist,degree_obs,0.8,1,4,4149
facebook_artist,degree_obs,0.8,1,5,5161
facebook_artist,degree_obs,0.8,1,6,5596
facebook_artist,degree_obs,0.8,1,7,5905
facebook_artist,degree_obs,0.8,1,8,6318
facebook_artist,degree_obs,0.8,1,9,6501
facebook_artist,degree_obs,0.8,1,10,7145
facebook_artist,degree_obs,0.8,1,11,7778
facebook_artist,degree_obs,0.8,1,12,7780
facebook_artist,degree_obs,0.8,1,13,8528
facebook_artist,degree_obs,0.8,1,14,8650
facebook_artist,degree_obs,0.8,1,15,9410
facebook_artist,degree_obs,0.8,1,16,9832
facebook_artist,degree_obs,0.8,1,17,10288
facebook_artist,degree_obs,0.8,1,18,10363
facebook_artist,degree_obs,0.8,1,19,10731
facebook_artist,degree_obs,0.8,1,20,10951
facebook_artist,degree_obs,0.8,1,21,11047
facebook_artist,degree_obs,0.8,1,22,11134
facebook_artist,degree_obs,0.8,1,23,11248
facebook_artist,degree_obs,0.8,1,24,11319
facebook_artist,degree_obs,0.8,1,25,11490
facebook_artist,degree_obs,0.8,1,26,11844
facebook_artist,degree_obs,0.8,1,27,12090
facebook_artist,degree_obs,0.8,1,28,12284
facebook_artist,degree_obs,0.8,1,29,12312
facebook_artist,degree_obs,0.8,1,30,12526
facebook_artist,degree_obs,0.8,2,1,1470
facebook_artist,degree_obs,0.8,2,2,2382
facebook_artist,degree_obs,0.8,2,3,3629
facebook_artist,degree_obs,0.8,2,4,4653
facebook_artist,degree_obs,0.8,2,5,5161
facebook_artist,degree_obs,0.8,2,6,5463
facebook_artist,degree_obs,0.8,2,7,5857
facebook_artist,degree_obs,0.8,2,8,6109
facebook_artist,degree_obs,0.8,2,9,6501
facebook_artist,degree_obs,0.8,2,10,7145
facebook_artist,degree_obs,0.8,2,11,7903
facebook_artist,degree_obs,0.8,2,12,8693
facebook_artist,degree_obs,0.8,2,13,9289
facebook_artist,degree_obs,0.8,2,14,9290
facebook_artist,degree_obs,0.8,2,15,9714
facebook_artist,degree_obs,0.8,2,16,10105
facebook_artist,degree_obs,0.8,2,17,10183
facebook_artist,degree_obs,0.8,2,18,10619
facebook_artist,degree_obs,0.8,2,19,10731
facebook_artist,degree_obs,0.8,2,20,10828
facebook_artist,degree_obs,0.8,2,21,11047
facebook_artist,degree_obs,0.8,2,22,11134
facebook_artist,degree_obs,0.8,2,23,11248
facebook_artist,degree_obs,0.8,2,24,11502
facebook_artist,degree_obs,0.8,2,25,11857
facebook_artist,degree_obs,0.8,2,26,12059
facebook_artist,degree_obs,0.8,2,27,12222
facebook_artist,degree_obs,0.8,2,28,12257
facebook_artist,degree_obs,0.8,2,29,12312
facebook_artist,degree_obs,0.8,2,30,12526
facebook_artist,degree_obs,0.8,3,1,1470
facebook_artist,degree_obs,0.8,3,2,2382
facebook_artist,degree_obs,0.8,3,3,3629
facebook_artist,degree_obs,0.8,3,4,4149
facebook_artist,degree_obs,0.8,3,5,5161
facebook_artist,degree_obs,0.8,3,6,5514
facebook_artist,degree_obs,0.8,3,7,5745
facebook_artist,degree_obs,0.8,3,8,6167
facebook_artist,degree_obs,0.8,3,9,6501
facebook_artist,degree_obs,0.8,3,10,7145
facebook_artist,degree_obs,0.8,3,11,7779
facebook_artist,degree_obs,0.8,3,12,8527
facebook_artist,degree_obs,0.8,3,13,9289
facebook_artist,degree_obs,0.8,3,14,9290
facebook_artist,degree_obs,0.8,3,15,9868
facebook_artist,degree_obs,0.8,3,16,9982
facebook_artist,degree_obs,0.8,3,17,10384
facebook_artist,degree_obs,0.8,3,18,10658
facebook_artist,degree_obs,0.8,3,19,10757
facebook_artist,degree_obs,0.8,3,20,10828
facebook_artist,degree_obs,0.8,3,21,10915
facebook_artist,degree_obs,0.8,3,22,11134
facebook_artist,degree_obs,0.8,3,23,11248
facebook_artist,degree_obs,0.8,3,24,11453
facebook_artist,degree_obs,0.8,3,25,11704
facebook_artist,degree_obs,0.8,3,26,11868
facebook_artist,degree_obs,0.8,3,27,11930
facebook_artist,degree_obs,0.8,3,28,12284
facebook_artist,degree_obs,0.8,3,29,12312
facebook_artist,degree_obs,0.8,3,30,12526
facebook_artist,degree_obs,0.8,4,1,1463
facebook_artist,degree_obs,0.8,4,2,2382
facebook_artist,degree_obs,0.8,4,3,3629
facebook_artist,degree_obs,0.8,4,4,4149
facebook_artist,degree_obs,0.8,4,5,5161
facebook_artist,degree_obs,0.8,4,6,5596
facebook_artist,degree_obs,0.8,4,7,5857
facebook_artist,degree_obs,0.8,4,8,6286
facebook_artist,degree_obs,0.8,4,9,6950
facebook_artist,degree_obs,0.8,4,10,7145
facebook_artist,degree_obs,0.8,4,11,7903
facebook_artist,degree_obs,0.8,4,12,8526
facebook_artist,degree_obs,0.8,4,13,8528
facebook_artist,degree_obs,0.8,4,14,9290
facebook_artist,degree_obs,0.8,4,15,9729
facebook_artist,degree_obs,0.8,4,16,10105
facebook_artist,degree_obs,0.8,4,17,10222
facebook_artist,degree_obs,0.8,4,18,10658
facebook_artist,degree_obs,0.8,4,19,10757
facebook_artist,degree_obs,0.8,4,20,10828
facebook_artist,degree_obs,0.8,4,21,11047
facebook_artist,degree_obs,0.8,4,22,11134
facebook_artist,degree_obs,0.8,4,23,11490
facebook_artist,degree_obs,0.8,4,24,11697
facebook_artist,degree_obs,0.8,4,25,11959
facebook_artist,degree_obs,0.8,4,26,12025
facebook_artist,degree_obs,0.8,4,27,12121
facebook_artist,degree_obs,0.8,4,28,12284
facebook_artist,degree_obs,0.8,4,29,12312
facebook_artist,degree_obs,0.8,4,30,12526
facebook_artist,degree_obs,0.8,5,1,1470
facebook_artist,degree_obs,0.8,5,2,2382
facebook_artist,degree_obs,0.8,5,3,3629
facebook_artist,degree_obs,0.8,5,4,4149
facebook_artist,degree_obs,0.8,5,5,5161
facebook_artist,degree_obs,0.8,5,6,5596
facebook_artist,degree_obs,0.8,5,7,5857
facebook_artist,degree_obs,0.8,5,8,6109
facebook_artist,degree_obs,0.8,5,9,6793
facebook_artist,degree_obs,0.8,5,10,7145
facebook_artist,degree_obs,0.8,5,11,7903
facebook_artist,degree_obs,0.8,5,12,8526
facebook_artist,degree_obs,0.8,5,13,8955
facebook_artist,degree_obs,0.8,5,14,8957
facebook_artist,degree_obs,0.8,5,15,9714
facebook_artist,degree_obs,0.8,5,16,10174
facebook_artist,degree_obs,0.8,5,17,10250
facebook_artist,degree_obs,0.8,5,18,10619
facebook_artist,degree_obs,0.8,5,19,10731
facebook_artist,degree_obs,0.8,5,20,10828
facebook_artist,degree_obs,0.8,5,21,10915
facebook_artist,degree_obs,0.8,5,22,11034
facebook_artist,degree_obs,0.8,5,23,11288
facebook_artist,degree_obs,0.8,5,24,11502
facebook_artist,degree_obs,0.8,5,25,11857
facebook_artist,degree_obs,0.8,5,26,11921
facebook_artist,degree_obs,0.8,5,27,12090
facebook_artist,degree_obs,0.8,5,28,12118
facebook_artist,degree_obs,0.8,5,29,12354
facebook_artist,degree_obs,0.8,5,30,12526
facebook_artist,degree_obs,0.8,6,1,1470
facebook_artist,degree_obs,0.8,6,2,2382
facebook_artist,degree_obs,0.8,6,3,3629
facebook_artist,degree_obs,0.8,6,4,4149
facebook_artist,degree_obs,0.8,6,5,5161
facebook_artist,degree_obs,0.8,6,6,5663
facebook_artist,degree_obs,0.8,6,7,6052
facebook_artist,degree_obs,0.8,6,8,6318
facebook_artist,degree_obs,0.8,6,9,6965
facebook_artist,degree_obs,0.8,6,10,7145
facebook_artist,degree_obs,0.8,6,11,7903
facebook_artist,degree_obs,0.8,6,12,8527
facebook_artist,degree_obs,0.8,6,13,8528
facebook_artist,degree_obs,0.8,6,14,9290
facebook_artist,degree_obs,0.8,6,15,9641
facebook_artist,degree_obs,0.8,6,16,10021
facebook_artist,degree_obs,0.8,6,17,10397
facebook_artist,degree_obs,0.8,6,18,10647
facebook_artist,degree_obs,0.8,6,19,10719
facebook_artist,degree_obs,0.8,6,20,10828
facebook_artist,degree_obs,0.8,6,21,10915
facebook_artist,degree_obs,0.8,6,22,11034
facebook_artist,degree_obs,0.8,6,23,11248
facebook_artist,degree_obs,0.8,6,24,11453
facebook_artist,degree_obs,0.8,6,25,11618
facebook_artist,degree_obs,0.8,6,26,11687
facebook_artist,degree_obs,0.8,6,27,11719
facebook_artist,degree_obs,0.8,6,28,11958
facebook_artist,degree_obs,0.8,6,29,12312
facebook_artist,degree_obs,0.8,6,30,12526
facebook_artist,degree_obs,0.8,7,1,1463
facebook_artist,degree_obs,0.8,7,2,2382
facebook_artist,degree_obs,0.8,7,3,3629
facebook_artist,degree_obs,0.8,7,4,4149
facebook_artist,degree_obs,0.8,7,5,5161
facebook_artist,degree_obs,0.8,7,6,5596
facebook_artist,degree_obs,0.8,7,7,6309
facebook_artist,degree_obs,0.8,7,8,6593
facebook_artist,degree_obs,0.8,7,9,6793
facebook_artist,degree_obs,0.8,7,10,7145
facebook_artist,degree_obs,0.8,7,11,7903
facebook_artist,degree_obs,0.8,7,12,8526
facebook_artist,degree_obs,0.8,7,13,8528
facebook_artist,degree_obs,0.8,7,14,8971
facebook_artist,degree_obs,0.8,7,15,9729
facebook_artist,degree_obs,0.8,7,16,10271
facebook_artist,degree_obs,0.8,7,17,10346
facebook_artist,degree_obs,0.8,7,18,10458
facebook_artist,degree_obs,0.8,7,19,10578
facebook_artist,degree_obs,0.8,7,20,10828
facebook_artist,degree_obs,0.8,7,21,11047
facebook_artist,degree_obs,0.8,7,22,11165
facebook_artist,degree_obs,0.8,7,23,11248
facebook_artist,degree_obs,0.8,7,24,11502
facebook_artist,degree_obs,0.8,7,25,11537
facebook_artist,degree_obs,0.8,7,26,11594
facebook_artist,degree_obs,0.8,7,27,11764
facebook_artist,degree_obs,0.8,7,28,11958
facebook_artist,degree_obs,0.8,7,29,12312
facebook_artist,degree_obs,0.8,7,30,12526
facebook_artist,degree_obs,0.8,8,1,1470
facebook_artist,degree_obs,0.8,8,2,2382
facebook_artist,degree_obs,0.8,8,3,3629
facebook_artist,degree_obs,0.8,8,4,4149
facebook_artist,degree_obs,0.8,8,5,5161
facebook_artist,degree_obs,0.8,8,6,5596
facebook_artist,degree_obs,0.8,8,7,5857
facebook_artist,degree_obs,0.8,8,8,6286
facebook_artist,degree_obs,0.8,8,9,7087
facebook_artist,degree_obs,0.8,8,10,7286
facebook_artist,degree_obs,0.8,8,11,7903
facebook_artist,degree_obs,0.8,8,12,8693
facebook_artist,degree_obs,0.8,8,13,9289
facebook_artist,degree_obs,0.8,8,14,9290
facebook_artist,degree_obs,0.8,8,15,9868
facebook_artist,degree_obs,0.8,8,16,9945
facebook_artist,degree_obs,0.8,8,17,10250
facebook_artist,degree_obs,0.8,8,18,10363
facebook_artist,degree_obs,0.8,8,19,10731
facebook_artist,degree_obs,0.8,8,20,10828
facebook_artist,degree_obs,0.8,8,21,10915
facebook_artist,degree_obs,0.8,8,22,11181
facebook_artist,degree_obs,0.8,8,23,11288
facebook_artist,degree_obs,0.8,8,24,11464
facebook_artist,degree_obs,0.8,8,25,11528
facebook_artist,degree_obs,0.8,8,26,11736
facebook_artist,degree_obs,0.8,8,27,11764
facebook_artist,degree_obs,0.8,8,28,11958
facebook_artist,degree_obs,0.8,8,29,12312
facebook_artist,degree_obs,0.8,8,30,12526
facebook_artist,degree_obs,0.8,9,1,1463
facebook_artist,degree_obs,0.8,9,2,2382
facebook_artist,degree_obs,0.8,9,3,3629
facebook_artist,degree_obs,0.8,9,4,4149
facebook_artist,degree_obs,0.8,9,5,5161
facebook_artist,degree_obs,0.8,9,6,5514
facebook_artist,degree_obs,0.8,9,7,5745
facebook_artist,degree_obs,0.8,9,8,6109
facebook_artist,degree_obs,0.8,9,9,6501
facebook_artist,degree_obs,0.8,9,10,7145
facebook_artist,degree_obs,0.8,9,11,7903
facebook_artist,degree_obs,0.8,9,12,8693
facebook_artist,degree_obs,0.8,9,13,9289
facebook_artist,degree_obs,0.8,9,14,9290
facebook_artist,degree_obs,0.8,9,15,9714
facebook_artist,degree_obs,0.8,9,16,10174
facebook_artist,degree_obs,0.8,9,17,10545
facebook_artist,degree_obs,0.8,9,18,10619
facebook_artist,degree_obs,0.8,9,19,10719
facebook_artist,degree_obs,0.8,9,20,10828
facebook_artist,degree_obs,0.8,9,21,11047
facebook_artist,degree_obs,0.8,9,22,11165
facebook_artist,degree_obs,0.8,9,23,11248
facebook_artist,degree_obs,0.8,9,24,11502
facebook_artist,degree_obs,0.8,9,25,11537
facebook_artist,degree_obs,0.8,9,26,11739
facebook_artist,degree_obs,0.8,9,27,11903
facebook_artist,degree_obs,0.8,9,28,11958
facebook_artist,degree_obs,0.8,9,29,12312
facebook_artist,degree_obs,0.8,9,30,12526
facebook_artist,degree_obs,0.8,10,1,1463
facebook_artist,degree_obs,0.8,10,2,2382
facebook_artist,degree_obs,0.8,10,3,3629
facebook_artist,degree_obs,0.8,10,4,4149
facebook_artist,degree_obs,0.8,10,5,5161
facebook_artist,degree_obs,0.8,10,6,5596
facebook_artist,degree_obs,0.8,10,7,5857
facebook_artist,degree_obs,0.8,10,8,6563
facebook_artist,degree_obs,0.8,10,9,6793
facebook_artist,degree_obs,0.8,10,10,7145
facebook_artist,degree_obs,0.8,10,11,7903
facebook_artist,degree_obs,0.8,10,12,8693
facebook_artist,degree_obs,0.8,10,13,9289
facebook_artist,degree_obs,0.8,10,14,9867
facebook_artist,degree_obs,0.8,10,15,9868
facebook_artist,degree_obs,0.8,10,16,10271
facebook_artist,degree_obs,0.8,10,17,10545
facebook_artist,degree_obs,0.8,10,18,10647
facebook_artist,degree_obs,0.8,10,19,10757
facebook_artist,degree_obs,0.8,10,20,10828
facebook_artist,degree_obs,0.8,10,21,10915
facebook_artist,degree_obs,0.8,10,22,11134
facebook_artist,degree_obs,0.8,10,23,11399
facebook_artist,degree_obs,0.8,10,24,11502
facebook_artist,degree_obs,0.8,10,25,11566
facebook_artist,degree_obs,0.8,10,26,11921
facebook_artist,degree_obs,0.8,10,27,12121
facebook_artist,degree_obs,0.8,10,28,12149
facebook_artist,degree_obs,0.8,10,29,12312
facebook_artist,degree_obs,0.8,10,30,12526
facebook_artist,degree_obs,0.8,11,1,1470
facebook_artist,degree_obs,0.8,11,2,2382
facebook_artist,degree_obs,0.8,11,3,3629
facebook_artist,degree_obs,0.8,11,4,4149
facebook_artist,degree_obs,0.8,11,5,5161
facebook_artist,degree_obs,0.8,11,6,5596
facebook_artist,degree_obs,0.8,11,7,5905
facebook_artist,degree_obs,0.8,11,8,6593
facebook_artist,degree_obs,0.8,11,9,6793
facebook_artist,degree_obs,0.8,11,10,7145
facebook_artist,degree_obs,0.8,11,11,7779
facebook_artist,degree_obs,0.8,11,12,8527
facebook_artist,degree_obs,0.8,11,13,9289
facebook_artist,degree_obs,0.8,11,14,9290
facebook_artist,degree_obs,0.8,11,15,9714
facebook_artist,degree_obs,0.8,11,16,10105
facebook_artist,degree_obs,0.8,11,17,10332
facebook_artist,degree_obs,0.8,11,18,10404
facebook_artist,degree_obs,0.8,11,19,10719
facebook_artist,degree_obs,0.8,11,20,10843
facebook_artist,degree_obs,0.8,11,21,10951
facebook_artist,degree_obs,0.8,11,22,11034
facebook_artist,degree_obs,0.8,11,23,11248
facebook_artist,degree_obs,0.8,11,24,11502
facebook_artist,degree_obs,0.8,11,25,11537
facebook_artist,degree_obs,0.8,11,26,11892
facebook_artist,degree_obs,0.8,11,27,12094
facebook_artist,degree_obs,0.8,11,28,12257
facebook_artist,degree_obs,0.8,11,29,12471
facebook_artist,degree_obs,0.8,11,30,12526
facebook_artist,degree_obs,0.8,12,1,1463
facebook_artist,degree_obs,0.8,12,2,2382
facebook_artist,degree_obs,0.8,12,3,2921
facebook_artist,degree_obs,0.8,12,4,4149
facebook_artist,degree_obs,0.8,12,5,5161
facebook_artist,degree_obs,0.8,12,6,5514
facebook_artist,degree_obs,0.8,12,7,5905
facebook_artist,degree_obs,0.8,12,8,6593
facebook_artist,degree_obs,0.8,12,9,6793
facebook_artist,degree_obs,0.8,12,10,7145
facebook_artist,degree_obs,0.8,12,11,7949
facebook_artist,degree_obs,0.8,12,12,8693
facebook_artist,degree_obs,0.8,12,13,9289
facebook_artist,degree_obs,0.8,12,14,9290
facebook_artist,degree_obs,0.8,12,15,9714
facebook_artist,degree_obs,0.8,12,16,10105
facebook_artist,degree_obs,0.8,12,17,10545
facebook_artist,degree_obs,0.8,12,18,10658
facebook_artist,degree_obs,0.8,12,19,10757
facebook_artist,degree_obs,0.8,12,20,10828
facebook_artist,degree_obs,0.8,12,21,10915
facebook_artist,degree_obs,0.8,12,22,11134
facebook_artist,degree_obs,0.8,12,23,11248
facebook_artist,degree_obs,0.8,12,24,11319
facebook_artist,degree_obs,0.8,12,25,11566
facebook_artist,degree_obs,0.8,12,26,11921
facebook_artist,degree_obs,0.8,12,27,12121
facebook_artist,degree_obs,0.8,12,28,12149
facebook_artist,degree_obs,0.8,12,29,12312
facebook_artist,degree_obs,0.8,12,30,12526
facebook_artist,degree_obs,0.8,13,1,1463
facebook_artist,degree_obs,0.8,13,2,2382
facebook_artist,degree_obs,0.8,13,3,3629
facebook_artist,degree_obs,0.8,13,4,4149
facebook_artist,degree_obs,0.8,13,5,5161
facebook_artist,degree_obs,0.8,13,6,5596
facebook_artist,degree_obs,0.8,13,7,6309
facebook_artist,degree_obs,0.8,13,8,6593
facebook_artist,degree_obs,0.8,13,9,6793
facebook_artist,degree_obs,0.8,13,10,7145
facebook_artist,degree_obs,0.8,13,11,7903
facebook_artist,degree_obs,0.8,13,12,8693
facebook_artist,degree_obs,0.8,13,13,9289
facebook_artist,degree_obs,0.8,13,14,9290
facebook_artist,degree_obs,0.8,13,15,9714
facebook_artist,degree_obs,0.8,13,16,10105
facebook_artist,degree_obs,0.8,13,17,10332
facebook_artist,degree_obs,0.8,13,18,10647
facebook_artist,degree_obs,0.8,13,19,10757
facebook_artist,degree_obs,0.8,13,20,10828
facebook_artist,degree_obs,0.8,13,21,10951
facebook_artist,degree_obs,0.8,13,22,11034
facebook_artist,degree_obs,0.8,13,23,11391
facebook_artist,degree_obs,0.8,13,24,11603
facebook_artist,degree_obs,0.8,13,25,11674
facebook_artist,degree_obs,0.8,13,26,11844
facebook_artist,degree_obs,0.8,13,27,12090
facebook_artist,degree_obs,0.8,13,28,12118
facebook_artist,degree_obs,0.8,13,29,12312
facebook_artist,degree_obs,0.8,13,30,12526
facebook_artist,degree_obs,0.8,14,1,1470
facebook_artist,degree_obs,0.8,14,2,2382
facebook_artist,degree_obs,0.8,14,3,3629
facebook_artist,degree_obs,0.8,14,4,4653
facebook_artist,degree_obs,0.8,14,5,5161
facebook_artist,degree_obs,0.8,14,6,5596
facebook_artist,degree_obs,0.8,14,7,6052
facebook_artist,degree_obs,0.8,14,8,6318
facebook_artist,degree_obs,0.8,14,9,6501
facebook_artist,degree_obs,0.8,14,10,7145
facebook_artist,degree_obs,0.8,14,11,7949
facebook_artist,degree_obs,0.8,14,12,8693
facebook_artist,degree_obs,0.8,14,13,9289
facebook_artist,degree_obs,0.8,14,14,9290
facebook_artist,degree_obs,0.8,14,15,9714
facebook_artist,degree_obs,0.8,14,16,10105
facebook_artist,degree_obs,0.8,14,17,10545
facebook_artist,degree_obs,0.8,14,18,10647
facebook_artist,degree_obs,0.8,14,19,10719
facebook_artist,degree_obs,0.8,14,20,10945
facebook_artist,degree_obs,0.8,14,21,11047
facebook_artist,degree_obs,0.8,14,22,11134
facebook_artist,degree_obs,0.8,14,23,11248
facebook_artist,degree_obs,0.8,14,24,11502
facebook_artist,degree_obs,0.8,14,25,11857
facebook_artist,degree_obs,0.8,14,26,12059
facebook_artist,degree_obs,0.8,14,27,12121
facebook_artist,degree_obs,0.8,14,28,12149
facebook_artist,degree_obs,0.8,14,29,12369
facebook_artist,degree_obs,0.8,14,30,12526
facebook_artist,degree_obs,0.8,15,1,1470
facebook_artist,degree_obs,0.8,15,2,2382
facebook_artist,degree_obs,0.8,15,3,3629
facebook_artist,degree_obs,0.8,15,4,4653
facebook_artist,degree_obs,0.8,15,5,5161
facebook_artist,degree_obs,0.8,15,6,5463
facebook_artist,degree_obs,0.8,15,7,5745
facebook_artist,degree_obs,0.8,15,8,6471
facebook_artist,degree_obs,0.8,15,9,6847
facebook_artist,degree_obs,0.8,15,10,7145
facebook_artist,degree_obs,0.8,15,11,7903
facebook_artist,degree_obs,0.8,15,12,8527
facebook_artist,degree_obs,0.8,15,13,8528
facebook_artist,degree_obs,0.8,15,14,9290
facebook_artist,degree_obs,0.8,15,15,9714
facebook_artist,degree_obs,0.8,15,16,10105
facebook_artist,degree_obs,0.8,15,17,10332
facebook_artist,degree_obs,0.8,15,18,10647
facebook_artist,degree_obs,0.8,15,19,10757
facebook_artist,degree_obs,0.8,15,20,10828
facebook_artist,degree_obs,0.8,15,21,10915
facebook_artist,degree_obs,0.8,15,22,11034
facebook_artist,degree_obs,0.8,15,23,11248
facebook_artist,degree_obs,0.8,15,24,11502
facebook_artist,degree_obs,0.8,15,25,11857
facebook_artist,degree_obs,0.8,15,26,12059
facebook_artist,degree_obs,0.8,15,27,12121
facebook_artist,degree_obs,0.8,15,28,12149
facebook_artist,degree_obs,0.8,15,29,12312
facebook_artist,degree_obs,0.8,15,30,12526
facebook_artist,degree_obs,0.8,16,1,1470
facebook_artist,degree_obs,0.8,16,2,2382
facebook_artist,degree_obs,0.8,16,3,3629
facebook_artist,degree_obs,0.8,16,4,4149
facebook_artist,degree_obs,0.8,16,5,5161
facebook_artist,degree_obs,0.8,16,6,5596
facebook_artist,degree_obs,0.8,16,7,5905
facebook_artist,degree_obs,0.8,16,8,6109
facebook_artist,degree_obs,0.8,16,9,6501
facebook_artist,degree_obs,0.8,16,10,7145
facebook_artist,degree_obs,0.8,16,11,7903
facebook_artist,degree_obs,0.8,16,12,8527
facebook_artist,degree_obs,0.8,16,13,8528
facebook_artist,degree_obs,0.8,16,14,9290
facebook_artist,degree_obs,0.8,16,15,9714
facebook_artist,degree_obs,0.8,16,16,9794
facebook_artist,degree_obs,0.8,16,17,10183
facebook_artist,degree_obs,0.8,16,18,10298
facebook_artist,degree_obs,0.8,16,19,10513
facebook_artist,degree_obs,0.8,16,20,10828
facebook_artist,degree_obs,0.8,16,21,10915
facebook_artist,degree_obs,0.8,16,22,11034
facebook_artist,degree_obs,0.8,16,23,11248
facebook_artist,degree_obs,0.8,16,24,11453
facebook_artist,degree_obs,0.8,16,25,11808
facebook_artist,degree_obs,0.8,16,26,12059
facebook_artist,degree_obs,0.8,16,27,12222
facebook_artist,degree_obs,0.8,16,28,12257
facebook_artist,degree_obs,0.8,16,29,12312
facebook_artist,degree_obs,0.8,16,30,12526
facebook_artist,degree_obs,0.8,17,1,1470
facebook_artist,degree_obs,0.8,17,2,2382
facebook_artist,degree_obs,0.8,17,3,3629
facebook_artist,degree_obs,0.8,17,4,4149
facebook_artist,degree_obs,0.8,17,5,5161
facebook_artist,degree_obs,0.8,17,6,5514
facebook_artist,degree_obs,0.8,17,7,5745
facebook_artist,degree_obs,0.8,17,8,6109
facebook_artist,degree_obs,0.8,17,9,6501
facebook_artist,degree_obs,0.8,17,10,7145
facebook_artist,degree_obs,0.8,17,11,7903
facebook_artist,degree_obs,0.8,17,12,8526
facebook_artist,degree_obs,0.8,17,13,8955
facebook_artist,degree_obs,0.8,17,14,9712
facebook_artist,degree_obs,0.8,17,15,9714
facebook_artist,degree_obs,0.8,17,16,9794
facebook_artist,degree_obs,0.8,17,17,10183
facebook_artist,degree_obs,0.8,17,18,10298
facebook_artist,degree_obs,0.8,17,19,10513
facebook_artist,degree_obs,0.8,17,20,10828
facebook_artist,degree_obs,0.8,17,21,11047
facebook_artist,degree_obs,0.8,17,22,11134
facebook_artist,degree_obs,0.8,17,23,11248
facebook_artist,degree_obs,0.8,17,24,11502
facebook_artist,degree_obs,0.8,17,25,11566
facebook_artist,degree_obs,0.8,17,26,11766
facebook_artist,degree_obs,0.8,17,27,12121
facebook_artist,degree_obs,0.8,17,28,12149
facebook_artist,degree_obs,0.8,17,29,12312
facebook_artist,degree_obs,0.8,17,30,12526
facebook_artist,degree_obs,0.8,18,1,1463
facebook_artist,degree_obs,0.8,18,2,2382
facebook_artist,degree_obs,0.8,18,3,2921
facebook_artist,degree_obs,0.8,18,4,3952
facebook_artist,degree_obs,0.8,18,5,5161
facebook_artist,degree_obs,0.8,18,6,5514
facebook_artist,degree_obs,0.8,18,7,5745
facebook_artist,degree_obs,0.8,18,8,6109
facebook_artist,degree_obs,0.8,18,9,6501
facebook_artist,degree_obs,0.8,18,10,7145
facebook_artist,degree_obs,0.8,18,11,7903
facebook_artist,degree_obs,0.8,18,12,8693
facebook_artist,degree_obs,0.8,18,13,9133
facebook_artist,degree_obs,0.8,18,14,9727
facebook_artist,degree_obs,0.8,18,15,9729
facebook_artist,degree_obs,0.8,18,16,10271
facebook_artist,degree_obs,0.8,18,17,10346
facebook_artist,degree_obs,0.8,18,18,10619
facebook_artist,degree_obs,0.8,18,19,10731
facebook_artist,degree_obs,0.8,18,20,10828
facebook_artist,degree_obs,0.8,18,21,10951
facebook_artist,degree_obs,0.8,18,22,11034
facebook_artist,degree_obs,0.8,18,23,11248
facebook_artist,degree_obs,0.8,18,24,11319
facebook_artist,degree_obs,0.8,18,25,11566
facebook_artist,degree_obs,0.8,18,26,11736
facebook_artist,degree_obs,0.8,18,27,12090
facebook_artist,degree_obs,0.8,18,28,12284
facebook_artist,degree_obs,0.8,18,29,12312
facebook_artist,degree_obs,0.8,18,30,12526
facebook_artist,degree_obs,0.8,19,1,1463
facebook_artist,degree_obs,0.8,19,2,2382
facebook_artist,degree_obs,0.8,19,3,3629
facebook_artist,degree_obs,0.8,19,4,4149
facebook_artist,degree_obs,0.8,19,5,5161
facebook_artist,degree_obs,0.8,19,6,5596
facebook_artist,degree_obs,0.8,19,7,5905
facebook_artist,degree_obs,0.8,19,8,6109
facebook_artist,degree_obs,0.8,19,9,6793
facebook_artist,degree_obs,0.8,19,10,7145
facebook_artist,degree_obs,0.8,19,11,7903
facebook_artist,degree_obs,0.8,19,12,8526
facebook_artist,degree_obs,0.8,19,13,8955
facebook_artist,degree_obs,0.8,19,14,9712
facebook_artist,degree_obs,0.8,19,15,9714
facebook_artist,degree_obs,0.8,19,16,10105
facebook_artist,degree_obs,0.8,19,17,10545
facebook_artist,degree_obs,0.8,19,18,10619
facebook_artist,degree_obs,0.8,19,19,10719
facebook_artist,degree_obs,0.8,19,20,10806
facebook_artist,degree_obs,0.8,19,21,10915
facebook_artist,degree_obs,0.8,19,22,11034
facebook_artist,degree_obs,0.8,19,23,11248
facebook_artist,degree_obs,0.8,19,24,11502
facebook_artist,degree_obs,0.8,19,25,11566
facebook_artist,degree_obs,0.8,19,26,11921
facebook_artist,degree_obs,0.8,19,27,12121
facebook_artist,degree_obs,0.8,19,28,12149
facebook_artist,degree_obs,0.8,19,29,12312
facebook_artist,degree_obs,0.8,19,30,12526
