task,dataset,K,seed,ratio,eta_sel,eta_path_trimmed,viol_sign_pct,LK_eta_sel,LK_eta_path,n_steps_nonpos,frac_steps_nonpos,p
E2,email_eu_core,1,0,1.000000,1,13,0.00,1.000000,0.076923,0,0.000000,0.3
E2,email_eu_core,2,0,0.964371,1.20833,65,0.00,0.656361,0.015325,0,0.000000,0.3
E2,email_eu_core,3,0,0.918750,1.68571,65,0.00,0.483649,0.015306,0,0.000000,0.3
E2,email_eu_core,4,0,0.930189,1.68571,143,0.00,0.473818,0.006975,0,0.000000,0.3
E2,email_eu_core,5,0,0.934028,1.68571,143,0.00,0.468190,0.006973,0,0.000000,0.3
E2,email_eu_core,6,0,0.909688,2.75,143,0.00,0.312795,0.006973,0,0.000000,0.3
E2,email_eu_core,7,0,0.924528,2.75,143,0.00,0.311625,0.006972,0,0.000000,0.3
E2,email_eu_core,8,0,0.946809,2.75,143,0.00,0.310756,0.006972,0,0.000000,0.3
E2,email_eu_core,9,0,0.931852,5,156,0.00,0.183114,0.006392,0,0.000000,0.3
E2,email_eu_core,10,0,0.946221,5,156,0.00,0.182927,0.006392,0,0.000000,0.3
E2,email_eu_core,11,0,0.948571,5,156,0.00,0.182775,0.006392,0,0.000000,0.3
E2,email_eu_core,12,0,0.947961,5,156,0.00,0.182648,0.006391,0,0.000000,0.3
E2,email_eu_core,13,0,0.945908,5,156,0.00,0.182541,0.006391,0,0.000000,0.3
E2,email_eu_core,14,0,0.957592,5,156,0.00,0.182449,0.006391,0,0.000000,0.3
E2,email_eu_core,15,0,0.947368,8,156,0.00,0.117965,0.006391,0,0.000000,0.3
E2,email_eu_core,16,0,0.949333,8,156,0.00,0.117936,0.006391,0,0.000000,0.3
E2,email_eu_core,17,0,0.948617,8,156,0.00,0.117911,0.006391,0,0.000000,0.3
E2,email_eu_core,18,0,0.949219,8,156,0.00,0.117888,0.006391,0,0.000000,0.3
E2,email_eu_core,19,0,0.961290,8,156,0.00,0.117867,0.006391,0,0.000000,0.3
E2,email_eu_core,20,0,0.956522,8,156,0.00,0.117849,0.006391,0,0.000000,0.3
E2,email_eu_core,21,0,0.955584,8,156,0.00,0.117833,0.006391,0,0.000000,0.3
E2,email_eu_core,22,0,0.957179,8,156,0.00,0.117818,0.006391,0,0.000000,0.3
E2,email_eu_core,23,0,0.956250,8,156,0.00,0.117804,0.006391,0,0.000000,0.3
E2,email_eu_core,24,0,0.952795,8,156,0.00,0.117791,0.006391,0,0.000000,0.3
E2,email_eu_core,25,0,0.949383,8,156,0.00,0.117780,0.006391,0,0.000000,0.3
E2,email_eu_core,26,0,0.949693,8,156,0.00,0.117769,0.006391,0,0.000000,0.3
E2,email_eu_core,27,0,0.949939,8,156,0.00,0.117759,0.006391,0,0.000000,0.3
E2,email_eu_core,28,0,0.947752,8,156,0.00,0.117750,0.006390,0,0.000000,0.3
E2,email_eu_core,29,0,0.950423,8,156,0.00,0.117741,0.006390,0,0.000000,0.3
E2,email_eu_core,30,0,0.951865,8,156,0.00,0.117734,0.006390,0,0.000000,0.3
E2,email_eu_core,1,1,1.000000,1,10,0.00,1.000000,0.100000,0,0.000000,0.3
E2,email_eu_core,2,1,0.964371,1.20833,50,0.00,0.656361,0.019900,0,0.000000,0.3
E2,email_eu_core,3,1,0.902083,2.18519,50,0.00,0.391369,0.019867,0,0.000000,0.3
E2,email_eu_core,4,1,0.913208,2.18519,50,0.00,0.384912,0.019850,0,0.000000,0.3
E2,email_eu_core,5,1,0.911458,2.18519,60,0.00,0.381181,0.016556,0,0.000000,0.3
E2,email_eu_core,6,1,0.926108,2.18519,60,0.00,0.378749,0.016551,0,0.000000,0.3
E2,email_eu_core,7,1,0.926101,2.18519,60,0.00,0.377039,0.016548,0,0.000000,0.3
E2,email_eu_core,8,1,0.911854,3.27273,90,0.00,0.267684,0.011057,0,0.000000,0.3
E2,email_eu_core,9,1,0.906667,3.27273,90,0.00,0.267186,0.011056,0,0.000000,0.3
E2,email_eu_core,10,1,0.912791,3.27273,90,0.00,0.266789,0.011056,0,0.000000,0.3
E2,email_eu_core,11,1,0.912857,3.27273,90,0.00,0.266465,0.011055,0,0.000000,0.3
E2,email_eu_core,12,1,0.933896,3.27273,90,0.00,0.266196,0.011055,0,0.000000,0.3
E2,email_eu_core,13,1,0.933426,3.27273,90,0.00,0.265969,0.011054,0,0.000000,0.3
E2,email_eu_core,14,1,0.930233,3.42857,90,0.00,0.255281,0.011054,0,0.000000,0.3
E2,email_eu_core,15,1,0.924426,4.8,90,0.00,0.189248,0.011054,0,0.000000,0.3
E2,email_eu_core,16,1,0.924000,4.8,90,0.00,0.189174,0.011053,0,0.000000,0.3
E2,email_eu_core,17,1,0.920949,4.8,90,0.00,0.189108,0.011053,0,0.000000,0.3
E2,email_eu_core,18,1,0.923177,4.8,90,0.00,0.189050,0.011053,0,0.000000,0.3
E2,email_eu_core,19,1,0.917419,10.5,90,0.00,0.091061,0.011053,0,0.000000,0.3
E2,email_eu_core,20,1,0.911765,10.5,90,0.00,0.091050,0.011053,0,0.000000,0.3
E2,email_eu_core,21,1,0.931472,10.5,90,0.00,0.091040,0.011053,0,0.000000,0.3
E2,email_eu_core,22,1,0.930730,10.5,90,0.00,0.091031,0.011052,0,0.000000,0.3
E2,email_eu_core,23,1,0.930000,10.5,90,0.00,0.091023,0.011052,0,0.000000,0.3
E2,email_eu_core,24,1,0.930435,10.5,90,0.00,0.091016,0.011052,0,0.000000,0.3
E2,email_eu_core,25,1,0.929630,10.5,90,0.00,0.091009,0.011052,0,0.000000,0.3
E2,email_eu_core,26,1,0.932515,10.5,90,0.00,0.091003,0.011052,0,0.000000,0.3
E2,email_eu_core,27,1,0.932845,10.5,90,0.00,0.090997,0.011052,0,0.000000,0.3
E2,email_eu_core,28,1,0.931956,10.5,90,0.00,0.090991,0.011052,0,0.000000,0.3
E2,email_eu_core,29,1,0.929867,10.5,90,0.00,0.090986,0.011052,0,0.000000,0.3
E2,email_eu_core,30,1,0.936221,10.5,90,0.00,0.090981,0.011052,0,0.000000,0.3
E2,email_eu_core,1,2,1.000000,1,14,0.00,1.000000,0.071429,0,0.000000,0.3
E2,email_eu_core,2,2,0.964371,1.20833,60,0.00,0.656361,0.016597,0,0.000000,0.3
E2,email_eu_core,3,2,0.958333,1.20833,75,0.00,0.620280,0.013274,0,0.000000,0.3
E2,email_eu_core,4,2,0.950943,1.20833,120,0.00,0.604343,0.008307,0,0.000000,0.3
E2,email_eu_core,5,2,0.944444,1.20833,120,0.00,0.595343,0.008306,0,0.000000,0.3
E2,email_eu_core,6,2,0.914614,3,127.5,0.00,0.290327,0.007818,0,0.000000,0.3
E2,email_eu_core,7,2,0.921384,3,150,0.00,0.289319,0.006648,0,0.000000,0.3
E2,email_eu_core,8,2,0.898176,7.2,150,0.00,0.130736,0.006647,0,0.000000,0.3
E2,email_eu_core,9,2,0.928889,7.2,150,0.00,0.130617,0.006647,0,0.000000,0.3
E2,email_eu_core,10,2,0.944767,7.2,150,0.00,0.130522,0.006647,0,0.000000,0.3
E2,email_eu_core,11,2,0.951429,7.2,150,0.00,0.130445,0.006647,0,0.000000,0.3
E2,email_eu_core,12,2,0.947961,7.2,150,0.00,0.130380,0.006646,0,0.000000,0.3
E2,email_eu_core,13,2,0.944521,7.2,165,0.00,0.130325,0.006044,0,0.000000,0.3
E2,email_eu_core,14,2,0.941176,7.2,165,0.00,0.130279,0.006044,0,0.000000,0.3
E2,email_eu_core,15,2,0.939271,7.2,165,0.00,0.130238,0.006043,0,0.000000,0.3
E2,email_eu_core,16,2,0.956000,7.2,165,0.00,0.130203,0.006043,0,0.000000,0.3
E2,email_eu_core,17,2,0.955204,7.2,165,0.00,0.130172,0.006043,0,0.000000,0.3
E2,email_eu_core,18,2,0.947917,7.2,165,0.00,0.130144,0.006043,0,0.000000,0.3
E2,email_eu_core,19,2,0.947097,7.2,165,0.00,0.130119,0.006043,0,0.000000,0.3
E2,email_eu_core,20,2,0.939898,10,165,0.00,0.095390,0.006043,0,0.000000,0.3
E2,email_eu_core,21,2,0.935279,10,165,0.00,0.095379,0.006043,0,0.000000,0.3
E2,email_eu_core,22,2,0.937028,10,165,0.00,0.095369,0.006043,0,0.000000,0.3
E2,email_eu_core,23,2,0.931250,10,165,0.00,0.095360,0.006043,0,0.000000,0.3
E2,email_eu_core,24,2,0.926708,10,165,0.00,0.095352,0.006043,0,0.000000,0.3
E2,email_eu_core,25,2,0.929630,10,165,0.00,0.095344,0.006043,0,0.000000,0.3
E2,email_eu_core,26,2,0.927607,10,165,0.00,0.095337,0.006043,0,0.000000,0.3
E2,email_eu_core,27,2,0.926740,10,165,0.00,0.095331,0.006043,0,0.000000,0.3
E2,email_eu_core,28,2,0.928311,10,165,0.00,0.095325,0.006043,0,0.000000,0.3
E2,email_eu_core,29,2,0.928658,10,165,0.00,0.095319,0.006043,0,0.000000,0.3
E2,email_eu_core,30,2,0.930205,10,165,0.00,0.095314,0.006043,0,0.000000,0.3
E2,email_eu_core,1,3,1.000000,1,13,0.00,1.000000,0.076923,0,0.000000,0.3
E2,email_eu_core,2,3,0.988124,1.06098,52,0.00,0.720439,0.019138,0,0.000000,0.3
E2,email_eu_core,3,3,0.979167,1.16667,58.5,0.00,0.635569,0.016997,0,0.000000,0.3
E2,email_eu_core,4,3,0.977358,1.16667,91,0.00,0.618883,0.010944,0,0.000000,0.3
E2,email_eu_core,5,3,0.923611,3,143,0.00,0.291754,0.006973,0,0.000000,0.3
E2,email_eu_core,6,3,0.927750,3,143,0.00,0.290327,0.006973,0,0.000000,0.3
E2,email_eu_core,7,3,0.944969,3,143,0.00,0.289319,0.006972,0,0.000000,0.3
E2,email_eu_core,8,3,0.927052,3.66667,143,0.00,0.242313,0.006972,0,0.000000,0.3
E2,email_eu_core,9,3,0.934815,3.66667,143,0.00,0.241904,0.006971,0,0.000000,0.3
E2,email_eu_core,10,3,0.936047,3.66667,143,0.00,0.241578,0.006971,0,0.000000,0.3
E2,email_eu_core,11,3,0.931429,3.875,143,0.00,0.229827,0.006971,0,0.000000,0.3
E2,email_eu_core,12,3,0.957806,3.875,143,0.00,0.229627,0.006971,0,0.000000,0.3
E2,email_eu_core,13,3,0.950069,5,143,0.00,0.182541,0.006970,0,0.000000,0.3
E2,email_eu_core,14,3,0.956224,5,143,0.00,0.182449,0.006970,0,0.000000,0.3
E2,email_eu_core,15,3,0.960864,5,143,0.00,0.182370,0.006970,0,0.000000,0.3
E2,email_eu_core,16,3,0.953333,5,143,0.00,0.182301,0.006970,0,0.000000,0.3
E2,email_eu_core,17,3,0.960474,5,143,0.00,0.182240,0.006970,0,0.000000,0.3
E2,email_eu_core,18,3,0.958333,5,143,0.00,0.182185,0.006970,0,0.000000,0.3
E2,email_eu_core,19,3,0.956129,5,143,0.00,0.182137,0.006970,0,0.000000,0.3
E2,email_eu_core,20,3,0.951407,5,143,0.00,0.182093,0.006970,0,0.000000,0.3
E2,email_eu_core,21,3,0.951777,5,143,0.00,0.182054,0.006970,0,0.000000,0.3
E2,email_eu_core,22,3,0.948363,5,143,0.00,0.182018,0.006970,0,0.000000,0.3
E2,email_eu_core,23,3,0.945000,5,143,0.00,0.181985,0.006970,0,0.000000,0.3
E2,email_eu_core,24,3,0.942857,5,143,0.00,0.181955,0.006970,0,0.000000,0.3
E2,email_eu_core,25,3,0.938272,9,143,0.00,0.105382,0.006970,0,0.000000,0.3
E2,email_eu_core,26,3,0.934969,9,143,0.00,0.105374,0.006970,0,0.000000,0.3
E2,email_eu_core,27,3,0.935287,9,143,0.00,0.105366,0.006970,0,0.000000,0.3
E2,email_eu_core,28,3,0.938032,9,143,0.00,0.105358,0.006969,0,0.000000,0.3
E2,email_eu_core,29,3,0.937122,9,143,0.00,0.105352,0.006969,0,0.000000,0.3
E2,email_eu_core,30,3,0.936221,9,143,0.00,0.105345,0.006969,0,0.000000,0.3
E2,email_eu_core,1,4,1.000000,1,12,0.00,1.000000,0.083333,0,0.000000,0.3
E2,email_eu_core,2,4,0.988124,1.06098,60,0.00,0.720439,0.016597,0,0.000000,0.3
E2,email_eu_core,3,4,0.918750,2.52,72,0.00,0.346650,0.013825,0,0.000000,0.3
E2,email_eu_core,4,4,0.873585,2.52,108,0.00,0.341583,0.009227,0,0.000000,0.3
E2,email_eu_core,5,4,0.883681,2.52,108,0.00,0.338641,0.009225,0,0.000000,0.3
E2,email_eu_core,6,4,0.885057,2.52,108,0.00,0.336719,0.009224,0,0.000000,0.3
E2,email_eu_core,7,4,0.878931,2.52,108,0.00,0.335365,0.009223,0,0.000000,0.3
E2,email_eu_core,8,4,0.887538,2.52,108,0.00,0.334359,0.009222,0,0.000000,0.3
E2,email_eu_core,9,4,0.903704,2.52,108,0.00,0.333583,0.009221,0,0.000000,0.3
E2,email_eu_core,10,4,0.914244,2.52,108,0.00,0.332966,0.009221,0,0.000000,0.3
E2,email_eu_core,11,4,0.910000,4.25,108,0.00,0.211677,0.009220,0,0.000000,0.3
E2,email_eu_core,12,4,0.917018,4.25,108,0.00,0.211507,0.009220,0,0.000000,0.3
E2,email_eu_core,13,4,0.926491,4.25,108,0.00,0.211363,0.009220,0,0.000000,0.3
E2,email_eu_core,14,4,0.916553,14,108,0.00,0.069107,0.009220,0,0.000000,0.3
E2,email_eu_core,15,4,0.929825,14,108,0.00,0.069096,0.009219,0,0.000000,0.3
E2,email_eu_core,16,4,0.942667,14,108,0.00,0.069086,0.009219,0,0.000000,0.3
E2,email_eu_core,17,4,0.938076,14,108,0.00,0.069077,0.009219,0,0.000000,0.3
E2,email_eu_core,18,4,0.936198,14,108,0.00,0.069070,0.009219,0,0.000000,0.3
E2,email_eu_core,19,4,0.938065,14,108,0.00,0.069063,0.009219,0,0.000000,0.3
E2,email_eu_core,20,4,0.937340,14,108,0.00,0.069056,0.009219,0,0.000000,0.3
E2,email_eu_core,21,4,0.941624,14,108,0.00,0.069051,0.009219,0,0.000000,0.3
E2,email_eu_core,22,4,0.942065,14,108,0.00,0.069045,0.009218,0,0.000000,0.3
E2,email_eu_core,23,4,0.956250,14,108,0.00,0.069041,0.009218,0,0.000000,0.3
E2,email_eu_core,24,4,0.954037,14,108,0.00,0.069036,0.009218,0,0.000000,0.3
E2,email_eu_core,25,4,0.950617,14,108,0.00,0.069032,0.009218,0,0.000000,0.3
E2,email_eu_core,26,4,0.949693,14,108,0.00,0.069029,0.009218,0,0.000000,0.3
E2,email_eu_core,27,4,0.947497,14,108,0.00,0.069025,0.009218,0,0.000000,0.3
E2,email_eu_core,28,4,0.945322,14,108,0.00,0.069022,0.009218,0,0.000000,0.3
E2,email_eu_core,29,4,0.944377,14,108,0.00,0.069019,0.009218,0,0.000000,0.3
E2,email_eu_core,30,4,0.945848,14,108,0.00,0.069017,0.009218,0,0.000000,0.3
E2,email_eu_core,1,5,1.000000,1,11,0.00,1.000000,0.090909,0,0.000000,0.3
E2,email_eu_core,2,5,0.964371,1.20833,66,0.00,0.656361,0.015094,0,0.000000,0.3
E2,email_eu_core,3,5,0.895833,2.45833,66,0.00,0.354116,0.015075,0,0.000000,0.3
E2,email_eu_core,4,5,0.907547,2.45833,88,0.00,0.348828,0.011315,0,0.000000,0.3
E2,email_eu_core,5,5,0.913194,2.45833,88,0.00,0.345761,0.011312,0,0.000000,0.3
E2,email_eu_core,6,5,0.922824,2.45833,88,0.00,0.343758,0.011310,0,0.000000,0.3
E2,email_eu_core,7,5,0.940252,2.45833,88,0.00,0.342347,0.011308,0,0.000000,0.3
E2,email_eu_core,8,5,0.934650,2.45833,88,0.00,0.341299,0.011307,0,0.000000,0.3
E2,email_eu_core,9,5,0.951111,2.45833,88,0.00,0.340491,0.011306,0,0.000000,0.3
E2,email_eu_core,10,5,0.946221,3.11111,88,0.00,0.278706,0.011306,0,0.000000,0.3
E2,email_eu_core,11,5,0.951429,3.11111,88,0.00,0.278352,0.011305,0,0.000000,0.3
E2,email_eu_core,12,5,0.957806,3.11111,88,0.00,0.278059,0.011305,0,0.000000,0.3
E2,email_eu_core,13,5,0.970874,3.11111,88,0.00,0.277811,0.011304,0,0.000000,0.3
E2,email_eu_core,14,5,0.969904,3.11111,132,0.00,0.277600,0.007549,0,0.000000,0.3
E2,email_eu_core,15,5,0.967611,3.11111,132,0.00,0.277417,0.007549,0,0.000000,0.3
E2,email_eu_core,16,5,0.961333,3.11111,132,0.00,0.277257,0.007549,0,0.000000,0.3
E2,email_eu_core,17,5,0.963109,3.11111,132,0.00,0.277116,0.007549,0,0.000000,0.3
E2,email_eu_core,18,5,0.958333,3.11111,132,0.00,0.276991,0.007549,0,0.000000,0.3
E2,email_eu_core,19,5,0.965161,3.11111,132,0.00,0.276879,0.007549,0,0.000000,0.3
E2,email_eu_core,20,5,0.959079,4.5,132,0.00,0.200258,0.007549,0,0.000000,0.3
E2,email_eu_core,21,5,0.954315,4.5,132,0.00,0.200210,0.007548,0,0.000000,0.3
E2,email_eu_core,22,5,0.955919,4.5,132,0.00,0.200167,0.007548,0,0.000000,0.3
E2,email_eu_core,23,5,0.956250,4.5,132,0.00,0.200127,0.007548,0,0.000000,0.3
E2,email_eu_core,24,5,0.956522,4.5,132,0.00,0.200091,0.007548,0,0.000000,0.3
E2,email_eu_core,25,5,0.953086,4.5,132,0.00,0.200058,0.007548,0,0.000000,0.3
E2,email_eu_core,26,5,0.955828,4.5,132,0.00,0.200027,0.007548,0,0.000000,0.3
E2,email_eu_core,27,5,0.956044,4.5,132,0.00,0.199999,0.007548,0,0.000000,0.3
E2,email_eu_core,28,5,0.956258,4.5,132,0.00,0.199972,0.007548,0,0.000000,0.3
E2,email_eu_core,29,5,0.955260,4.5,132,0.00,0.199948,0.007548,0,0.000000,0.3
E2,email_eu_core,30,5,0.960289,4.5,132,0.00,0.199925,0.007548,0,0.000000,0.3
E2,email_eu_core,1,6,1.000000,1,16,0.00,1.000000,0.062500,0,0.000000,0.3
E2,email_eu_core,2,6,0.988124,1.06098,64,0.00,0.720439,0.015564,0,0.000000,0.3
E2,email_eu_core,3,6,0.979167,1.16667,64,0.00,0.635569,0.015544,0,0.000000,0.3
E2,email_eu_core,4,6,0.926415,2.28571,96,0.00,0.370813,0.010376,0,0.000000,0.3
E2,email_eu_core,5,6,0.885417,2.36842,160,0.00,0.356685,0.006234,0,0.000000,0.3
E2,email_eu_core,6,6,0.903120,2.36842,160,0.00,0.354554,0.006234,0,0.000000,0.3
E2,email_eu_core,7,6,0.877358,4.75,160,0.00,0.192455,0.006233,0,0.000000,0.3
E2,email_eu_core,8,6,0.896657,4.75,160,0.00,0.192123,0.006233,0,0.000000,0.3
E2,email_eu_core,9,6,0.918519,4.75,160,0.00,0.191866,0.006233,0,0.000000,0.3
E2,email_eu_core,10,6,0.917151,4.75,160,0.00,0.191661,0.006232,0,0.000000,0.3
E2,email_eu_core,11,6,0.927143,4.75,160,0.00,0.191494,0.006232,0,0.000000,0.3
E2,email_eu_core,12,6,0.959212,4.75,160,0.00,0.191355,0.006232,0,0.000000,0.3
E2,email_eu_core,13,6,0.959778,4.75,160,0.00,0.191237,0.006232,0,0.000000,0.3
E2,email_eu_core,14,6,0.971272,4.75,160,0.00,0.191137,0.006232,0,0.000000,0.3
E2,email_eu_core,15,6,0.968961,4.75,160,0.00,0.191050,0.006232,0,0.000000,0.3
E2,email_eu_core,16,6,0.962667,4.75,160,0.00,0.190974,0.006232,0,0.000000,0.3
E2,email_eu_core,17,6,0.953887,7.5,160,0.00,0.125287,0.006232,0,0.000000,0.3
E2,email_eu_core,18,6,0.957031,7.5,160,0.00,0.125261,0.006232,0,0.000000,0.3
E2,email_eu_core,19,6,0.956129,7.5,160,0.00,0.125238,0.006232,0,0.000000,0.3
E2,email_eu_core,20,6,0.957801,7.5,160,0.00,0.125217,0.006231,0,0.000000,0.3
E2,email_eu_core,21,6,0.954315,7.5,160,0.00,0.125199,0.006231,0,0.000000,0.3
E2,email_eu_core,22,6,0.949622,7.5,160,0.00,0.125182,0.006231,0,0.000000,0.3
E2,email_eu_core,23,6,0.948750,7.5,160,0.00,0.125166,0.006231,0,0.000000,0.3
E2,email_eu_core,24,6,0.947826,7.5,160,0.00,0.125152,0.006231,0,0.000000,0.3
E2,email_eu_core,25,6,0.948148,7.5,160,0.00,0.125139,0.006231,0,0.000000,0.3
E2,email_eu_core,26,6,0.946012,7.5,160,0.00,0.125127,0.006231,0,0.000000,0.3
E2,email_eu_core,27,6,0.952381,7.5,160,0.00,0.125116,0.006231,0,0.000000,0.3
E2,email_eu_core,28,6,0.952612,7.5,160,0.00,0.125105,0.006231,0,0.000000,0.3
E2,email_eu_core,29,6,0.952842,7.5,160,0.00,0.125096,0.006231,0,0.000000,0.3
E2,email_eu_core,30,6,0.960289,7.5,160,0.00,0.125087,0.006231,0,0.000000,0.3
E2,email_eu_core,1,7,1.000000,1,24,0.00,1.000000,0.041667,0,0.000000,0.3
E2,email_eu_core,2,7,0.964371,1.20833,120,0.00,0.656361,0.008316,0,0.000000,0.3
E2,email_eu_core,3,7,0.902083,2.18519,192,0.00,0.391369,0.005199,0,0.000000,0.3
E2,email_eu_core,4,7,0.909434,2.18519,192,0.00,0.384912,0.005198,0,0.000000,0.3
E2,email_eu_core,5,7,0.913194,2.18519,192,0.00,0.381181,0.005197,0,0.000000,0.3
E2,email_eu_core,6,7,0.924466,2.18519,192,0.00,0.378749,0.005197,0,0.000000,0.3
E2,email_eu_core,7,7,0.933962,2.18519,192,0.00,0.377039,0.005197,0,0.000000,0.3
E2,email_eu_core,8,7,0.939210,2.18519,192,0.00,0.375771,0.005196,0,0.000000,0.3
E2,email_eu_core,9,7,0.942222,2.18519,216,0.00,0.374793,0.004620,0,0.000000,0.3
E2,email_eu_core,10,7,0.931686,5.4,216,0.00,0.170491,0.004620,0,0.000000,0.3
E2,email_eu_core,11,7,0.935714,5.4,288,0.00,0.170359,0.003467,0,0.000000,0.3
E2,email_eu_core,12,7,0.932489,5.4,288,0.00,0.170248,0.003467,0,0.000000,0.3
E2,email_eu_core,13,7,0.932039,5.4,288,0.00,0.170155,0.003467,0,0.000000,0.3
E2,email_eu_core,14,7,0.927497,5.4,288,0.00,0.170076,0.003467,0,0.000000,0.3
E2,email_eu_core,15,7,0.927126,5.4,288,0.00,0.170007,0.003467,0,0.000000,0.3
E2,email_eu_core,16,7,0.929333,5.4,288,0.00,0.169947,0.003467,0,0.000000,0.3
E2,email_eu_core,17,7,0.931489,5.4,288,0.00,0.169893,0.003467,0,0.000000,0.3
E2,email_eu_core,18,7,0.929688,5.4,288,0.00,0.169846,0.003467,0,0.000000,0.3
E2,email_eu_core,19,7,0.930323,5.4,288,0.00,0.169804,0.003467,0,0.000000,0.3
E2,email_eu_core,20,7,0.936061,5.4,288,0.00,0.169766,0.003467,0,0.000000,0.3
E2,email_eu_core,21,7,0.931472,8,288,0.00,0.117833,0.003466,0,0.000000,0.3
E2,email_eu_core,22,7,0.931990,8,288,0.00,0.117818,0.003466,0,0.000000,0.3
E2,email_eu_core,23,7,0.943750,8,288,0.00,0.117804,0.003466,0,0.000000,0.3
E2,email_eu_core,24,7,0.946584,8,288,0.00,0.117791,0.003466,0,0.000000,0.3
E2,email_eu_core,25,7,0.948148,8,288,0.00,0.117780,0.003466,0,0.000000,0.3
E2,email_eu_core,26,7,0.946012,8,288,0.00,0.117769,0.003466,0,0.000000,0.3
E2,email_eu_core,27,7,0.946276,8,288,0.00,0.117759,0.003466,0,0.000000,0.3
E2,email_eu_core,28,7,0.942892,9,288,0.00,0.105358,0.003466,0,0.000000,0.3
E2,email_eu_core,29,7,0.943168,9,288,0.00,0.105352,0.003466,0,0.000000,0.3
E2,email_eu_core,30,7,0.944645,9,288,0.00,0.105345,0.003466,0,0.000000,0.3
E2,email_eu_core,1,8,1.000000,1,12,0.00,1.000000,0.083333,0,0.000000,0.3
E2,email_eu_core,2,8,0.964371,1.20833,54,0.00,0.656361,0.018433,0,0.000000,0.3
E2,email_eu_core,3,8,0.966667,1.20833,72,0.00,0.620280,0.013825,0,0.000000,0.3
E2,email_eu_core,4,8,0.950943,1.225,108,0.00,0.598695,0.009227,0,0.000000,0.3
E2,email_eu_core,5,8,0.923611,1.53571,108,0.00,0.502245,0.009225,0,0.000000,0.3
E2,email_eu_core,6,8,0.909688,1.86364,108,0.00,0.429997,0.009224,0,0.000000,0.3
E2,email_eu_core,7,8,0.929245,1.86364,108,0.00,0.427800,0.009223,0,0.000000,0.3
E2,email_eu_core,8,8,0.942249,1.86364,120,0.00,0.426173,0.008303,0,0.000000,0.3
E2,email_eu_core,9,8,0.936296,2.25,120,0.00,0.366055,0.008303,0,0.000000,0.3
E2,email_eu_core,10,8,0.933140,2.4,120,0.00,0.346620,0.008302,0,0.000000,0.3
E2,email_eu_core,11,8,0.930000,2.66667,132,0.00,0.317192,0.007550,0,0.000000,0.3
E2,email_eu_core,12,8,0.922644,4.8,132,0.00,0.189548,0.007550,0,0.000000,0.3
E2,email_eu_core,13,8,0.923717,4.8,132,0.00,0.189433,0.007549,0,0.000000,0.3
E2,email_eu_core,14,8,0.931601,4.8,132,0.00,0.189334,0.007549,0,0.000000,0.3
E2,email_eu_core,15,8,0.941970,4.8,132,0.00,0.189248,0.007549,0,0.000000,0.3
E2,email_eu_core,16,8,0.948000,4.8,132,0.00,0.189174,0.007549,0,0.000000,0.3
E2,email_eu_core,17,8,0.944664,4.8,132,0.00,0.189108,0.007549,0,0.000000,0.3
E2,email_eu_core,18,8,0.942708,4.8,132,0.00,0.189050,0.007549,0,0.000000,0.3
E2,email_eu_core,19,8,0.944516,4.8,132,0.00,0.188997,0.007549,0,0.000000,0.3
E2,email_eu_core,20,8,0.950128,4.8,132,0.00,0.188950,0.007549,0,0.000000,0.3
E2,email_eu_core,21,8,0.950508,4.8,132,0.00,0.188908,0.007548,0,0.000000,0.3
E2,email_eu_core,22,8,0.945844,5.5,132,0.00,0.166877,0.007548,0,0.000000,0.3
E2,email_eu_core,23,8,0.943750,5.5,132,0.00,0.166849,0.007548,0,0.000000,0.3
E2,email_eu_core,24,8,0.946584,5.5,132,0.00,0.166824,0.007548,0,0.000000,0.3
E2,email_eu_core,25,8,0.946914,5.5,132,0.00,0.166801,0.007548,0,0.000000,0.3
E2,email_eu_core,26,8,0.944785,5.5,132,0.00,0.166779,0.007548,0,0.000000,0.3
E2,email_eu_core,27,8,0.942613,5.5,132,0.00,0.166760,0.007548,0,0.000000,0.3
E2,email_eu_core,28,8,0.945322,5.5,132,0.00,0.166741,0.007548,0,0.000000,0.3
E2,email_eu_core,29,8,0.946796,5.5,132,0.00,0.166724,0.007548,0,0.000000,0.3
E2,email_eu_core,30,8,0.947052,5.5,132,0.00,0.166708,0.007548,0,0.000000,0.3
E2,email_eu_core,1,9,1.000000,1,10,0.00,1.000000,0.100000,0,0.000000,0.3
E2,email_eu_core,2,9,0.964371,1.20833,60,0.00,0.656361,0.016597,0,0.000000,0.3
E2,email_eu_core,3,9,0.895833,2.45833,60,0.00,0.354116,0.016574,0,0.000000,0.3
E2,email_eu_core,4,9,0.909434,2.45833,100,0.00,0.348828,0.009963,0,0.000000,0.3
E2,email_eu_core,5,9,0.909722,2.45833,100,0.00,0.345761,0.009960,0,0.000000,0.3
E2,email_eu_core,6,9,0.903120,2.45833,100,0.00,0.343758,0.009958,0,0.000000,0.3
E2,email_eu_core,7,9,0.908805,2.45833,100,0.00,0.342347,0.009957,0,0.000000,0.3
E2,email_eu_core,8,9,0.937690,2.45833,100,0.00,0.341299,0.009956,0,0.000000,0.3
E2,email_eu_core,9,9,0.927407,3.11111,100,0.00,0.279139,0.009956,0,0.000000,0.3
E2,email_eu_core,10,9,0.944767,3.11111,100,0.00,0.278706,0.009955,0,0.000000,0.3
E2,email_eu_core,11,9,0.948571,3.11111,100,0.00,0.278352,0.009955,0,0.000000,0.3
E2,email_eu_core,12,9,0.954993,3.11111,100,0.00,0.278059,0.009954,0,0.000000,0.3
E2,email_eu_core,13,9,0.959778,3.11111,100,0.00,0.277811,0.009954,0,0.000000,0.3
E2,email_eu_core,14,9,0.965800,3.11111,100,0.00,0.277600,0.009954,0,0.000000,0.3
E2,email_eu_core,15,9,0.971660,3.11111,100,0.00,0.277417,0.009953,0,0.000000,0.3
E2,email_eu_core,16,9,0.970667,3.11111,100,0.00,0.277257,0.009953,0,0.000000,0.3
E2,email_eu_core,17,9,0.963109,4,100,0.00,0.222644,0.009953,0,0.000000,0.3
E2,email_eu_core,18,9,0.959635,4,100,0.00,0.222563,0.009953,0,0.000000,0.3
E2,email_eu_core,19,9,0.956129,4,100,0.00,0.222490,0.009953,0,0.000000,0.3
E2,email_eu_core,20,9,0.957801,4,100,0.00,0.222425,0.009953,0,0.000000,0.3
E2,email_eu_core,21,9,0.959391,4,100,0.00,0.222367,0.009953,0,0.000000,0.3
E2,email_eu_core,22,9,0.955919,4,100,0.00,0.222313,0.009952,0,0.000000,0.3
E2,email_eu_core,23,9,0.956250,4,100,0.00,0.222264,0.009952,0,0.000000,0.3
E2,email_eu_core,24,9,0.956522,4,100,0.00,0.222220,0.009952,0,0.000000,0.3
E2,email_eu_core,25,9,0.959259,4,100,0.00,0.222179,0.009952,0,0.000000,0.3
E2,email_eu_core,26,9,0.955828,5,100,0.00,0.181902,0.009952,0,0.000000,0.3
E2,email_eu_core,27,9,0.963370,5,100,0.00,0.181878,0.009952,0,0.000000,0.3
E2,email_eu_core,28,9,0.963548,5,100,0.00,0.181857,0.009952,0,0.000000,0.3
E2,email_eu_core,29,9,0.963724,5,100,0.00,0.181836,0.009952,0,0.000000,0.3
E2,email_eu_core,30,9,0.960289,7,100,0.00,0.133418,0.009952,0,0.000000,0.3
E2,email_eu_core,1,10,1.000000,1,15,0.00,1.000000,0.066667,0,0.000000,0.3
E2,email_eu_core,2,10,0.964371,1.20833,105,0.00,0.656361,0.009501,0,0.000000,0.3
E2,email_eu_core,3,10,0.966667,1.20833,105,0.00,0.620280,0.009494,0,0.000000,0.3
E2,email_eu_core,4,10,0.950943,1.225,105,0.00,0.598695,0.009490,0,0.000000,0.3
E2,email_eu_core,5,10,0.923611,1.53571,120,0.00,0.502245,0.008306,0,0.000000,0.3
E2,email_eu_core,6,10,0.927750,1.53571,120,0.00,0.498063,0.008304,0,0.000000,0.3
E2,email_eu_core,7,10,0.944969,1.53571,120,0.00,0.495138,0.008304,0,0.000000,0.3
E2,email_eu_core,8,10,0.955927,1.53571,120,0.00,0.492975,0.008303,0,0.000000,0.3
E2,email_eu_core,9,10,0.939259,6.6,195,0.00,0.141703,0.005117,0,0.000000,0.3
E2,email_eu_core,10,10,0.944767,6.6,195,0.00,0.141591,0.005116,0,0.000000,0.3
E2,email_eu_core,11,10,0.972857,6.6,195,0.00,0.141500,0.005116,0,0.000000,0.3
E2,email_eu_core,12,10,0.964838,6.6,195,0.00,0.141424,0.005116,0,0.000000,0.3
E2,email_eu_core,13,10,0.965326,6.6,195,0.00,0.141360,0.005116,0,0.000000,0.3
E2,email_eu_core,14,10,0.968536,6.6,195,0.00,0.141305,0.005116,0,0.000000,0.3
E2,email_eu_core,15,10,0.964912,6.6,195,0.00,0.141257,0.005116,0,0.000000,0.3
E2,email_eu_core,16,10,0.960000,6.6,195,0.00,0.141215,0.005116,0,0.000000,0.3
E2,email_eu_core,17,10,0.959157,6.6,195,0.00,0.141179,0.005116,0,0.000000,0.3
E2,email_eu_core,18,10,0.949219,11,195,0.00,0.087110,0.005116,0,0.000000,0.3
E2,email_eu_core,19,10,0.949677,11,195,0.00,0.087098,0.005116,0,0.000000,0.3
E2,email_eu_core,20,10,0.951407,11,195,0.00,0.087088,0.005116,0,0.000000,0.3
E2,email_eu_core,21,10,0.946701,11,195,0.00,0.087079,0.005116,0,0.000000,0.3
E2,email_eu_core,22,10,0.942065,11,195,0.00,0.087071,0.005116,0,0.000000,0.3
E2,email_eu_core,23,10,0.940000,11,195,0.00,0.087064,0.005116,0,0.000000,0.3
E2,email_eu_core,24,10,0.939130,11,195,0.00,0.087057,0.005116,0,0.000000,0.3
E2,email_eu_core,25,10,0.935802,11,195,0.00,0.087051,0.005116,0,0.000000,0.3
E2,email_eu_core,26,10,0.934969,11,195,0.00,0.087045,0.005116,0,0.000000,0.3
E2,email_eu_core,27,10,0.934066,11,195,0.00,0.087039,0.005116,0,0.000000,0.3
E2,email_eu_core,28,10,0.931956,11,195,0.00,0.087034,0.005116,0,0.000000,0.3
E2,email_eu_core,29,10,0.932285,11,195,0.00,0.087030,0.005116,0,0.000000,0.3
E2,email_eu_core,30,10,0.929001,11,195,0.00,0.087025,0.005116,0,0.000000,0.3
E2,email_eu_core,1,11,1.000000,1,10,0.00,1.000000,0.100000,0,0.000000,0.3
E2,email_eu_core,2,11,0.988124,1.06098,40,0.00,0.720439,0.024844,0,0.000000,0.3
E2,email_eu_core,3,11,0.997917,1.06098,42.5,0.00,0.677420,0.023345,0,0.000000,0.3
E2,email_eu_core,4,11,0.924528,4.45455,70,0.00,0.206289,0.014209,0,0.000000,0.3
E2,email_eu_core,5,11,0.930556,4.45455,70,0.00,0.205216,0.014204,0,0.000000,0.3
E2,email_eu_core,6,11,0.950739,4.45455,100,0.00,0.204510,0.009958,0,0.000000,0.3
E2,email_eu_core,7,11,0.957547,4.45455,100,0.00,0.204010,0.009957,0,0.000000,0.3
E2,email_eu_core,8,11,0.939210,4.45455,100,0.00,0.203637,0.009956,0,0.000000,0.3
E2,email_eu_core,9,11,0.951111,4.45455,100,0.00,0.203348,0.009956,0,0.000000,0.3
E2,email_eu_core,10,11,0.960756,4.45455,100,0.00,0.203117,0.009955,0,0.000000,0.3
E2,email_eu_core,11,11,0.957143,4.45455,100,0.00,0.202930,0.009955,0,0.000000,0.3
E2,email_eu_core,12,11,0.960619,4.45455,100,0.00,0.202773,0.009954,0,0.000000,0.3
E2,email_eu_core,13,11,0.961165,4.45455,100,0.00,0.202641,0.009954,0,0.000000,0.3
E2,email_eu_core,14,11,0.958960,4.45455,100,0.00,0.202528,0.009954,0,0.000000,0.3
E2,email_eu_core,15,11,0.951417,4.75,100,0.00,0.191050,0.009953,0,0.000000,0.3
E2,email_eu_core,16,11,0.950667,4.75,100,0.00,0.190974,0.009953,0,0.000000,0.3
E2,email_eu_core,17,11,0.949934,4.75,100,0.00,0.190906,0.009953,0,0.000000,0.3
E2,email_eu_core,18,11,0.945312,4.75,100,0.00,0.190847,0.009953,0,0.000000,0.3
E2,email_eu_core,19,11,0.950968,4.75,100,0.00,0.190794,0.009953,0,0.000000,0.3
E2,email_eu_core,20,11,0.946292,4.75,100,0.00,0.190746,0.009953,0,0.000000,0.3
E2,email_eu_core,21,11,0.941624,6,100,0.00,0.154081,0.009953,0,0.000000,0.3
E2,email_eu_core,22,11,0.940806,6,100,0.00,0.154055,0.009952,0,0.000000,0.3
E2,email_eu_core,23,11,0.936250,6,100,0.00,0.154032,0.009952,0,0.000000,0.3
E2,email_eu_core,24,11,0.934161,6,100,0.00,0.154010,0.009952,0,0.000000,0.3
E2,email_eu_core,25,11,0.930864,6,100,0.00,0.153991,0.009952,0,0.000000,0.3
E2,email_eu_core,26,11,0.926380,10,100,0.00,0.095337,0.009952,0,0.000000,0.3
E2,email_eu_core,27,11,0.924298,10,100,0.00,0.095331,0.009952,0,0.000000,0.3
E2,email_eu_core,28,11,0.923451,10,100,0.00,0.095325,0.009952,0,0.000000,0.3
E2,email_eu_core,29,11,0.922612,10,100,0.00,0.095319,0.009952,0,0.000000,0.3
E2,email_eu_core,30,11,0.925391,10,100,0.00,0.095314,0.009952,0,0.000000,0.3
E2,email_eu_core,1,12,1.000000,1,12,0.00,1.000000,0.083333,0,0.000000,0.3
E2,email_eu_core,2,12,0.988124,1.06098,60,0.00,0.720439,0.016597,0,0.000000,0.3
E2,email_eu_core,3,12,0.960417,1.4,60,0.00,0.557715,0.016574,0,0.000000,0.3
E2,email_eu_core,4,12,0.956604,1.4,96,0.00,0.544719,0.010376,0,0.000000,0.3
E2,email_eu_core,5,12,0.909722,2.64706,96,0.00,0.324844,0.010373,0,0.000000,0.3
E2,email_eu_core,6,12,0.917898,2.64706,96,0.00,0.323075,0.010372,0,0.000000,0.3
E2,email_eu_core,7,12,0.915094,2.64706,96,0.00,0.321828,0.010370,0,0.000000,0.3
E2,email_eu_core,8,12,0.931611,2.64706,104,0.00,0.320901,0.009575,0,0.000000,0.3
E2,email_eu_core,9,12,0.927407,2.64706,130,0.00,0.320186,0.007666,0,0.000000,0.3
E2,email_eu_core,10,12,0.941860,2.64706,143,0.00,0.319616,0.006971,0,0.000000,0.3
E2,email_eu_core,11,12,0.950000,2.64706,143,0.00,0.319153,0.006971,0,0.000000,0.3
E2,email_eu_core,12,12,0.952180,2.64706,143,0.00,0.318768,0.006971,0,0.000000,0.3
E2,email_eu_core,13,12,0.972261,2.64706,143,0.00,0.318443,0.006970,0,0.000000,0.3
E2,email_eu_core,14,12,0.980848,2.64706,143,0.00,0.318166,0.006970,0,0.000000,0.3
E2,email_eu_core,15,12,0.982456,2.64706,143,0.00,0.317926,0.006970,0,0.000000,0.3
E2,email_eu_core,16,12,0.980000,2.64706,143,0.00,0.317716,0.006970,0,0.000000,0.3
E2,email_eu_core,17,12,0.972332,4.33333,143,0.00,0.207331,0.006970,0,0.000000,0.3
E2,email_eu_core,18,12,0.966146,4.33333,143,0.00,0.207261,0.006970,0,0.000000,0.3
E2,email_eu_core,19,12,0.957419,4.33333,143,0.00,0.207198,0.006970,1,0.052632,0.3
E2,email_eu_core,20,12,0.953964,4.33333,143,0.00,0.207142,0.006970,1,0.050000,0.3
E2,email_eu_core,21,12,0.950508,4.33333,143,0.00,0.207091,0.006970,1,0.047619,0.3
E2,email_eu_core,22,12,0.952141,4.33333,143,0.00,0.207044,0.006970,1,0.045455,0.3
E2,email_eu_core,23,12,0.952500,4.33333,143,0.00,0.207002,0.006970,1,0.043478,0.3
E2,email_eu_core,24,12,0.950311,4.33333,143,0.00,0.206963,0.006970,1,0.041667,0.3
E2,email_eu_core,25,12,0.949383,4.33333,143,0.00,0.206928,0.006970,1,0.040000,0.3
E2,email_eu_core,26,12,0.950920,4.33333,143,0.00,0.206895,0.006970,1,0.038462,0.3
E2,email_eu_core,27,12,0.952381,4.33333,143,0.00,0.206864,0.006970,1,0.037037,0.3
E2,email_eu_core,28,12,0.952612,4.33333,143,0.00,0.206836,0.006969,1,0.035714,0.3
E2,email_eu_core,29,12,0.949214,10,143,0.00,0.095319,0.006969,1,0.034483,0.3
E2,email_eu_core,30,12,0.949458,10,143,0.00,0.095314,0.006969,1,0.033333,0.3
E2,email_eu_core,1,13,1.000000,1,12,0.00,1.000000,0.083333,0,0.000000,0.3
E2,email_eu_core,2,13,1.000000,1,48,0.00,0.750000,0.020725,0,0.000000,0.3
E2,email_eu_core,3,13,0.966667,1.37209,60,0.00,0.566095,0.016574,0,0.000000,0.3
E2,email_eu_core,4,13,0.907547,2.88235,132,0.00,0.304355,0.007554,0,0.000000,0.3
E2,email_eu_core,5,13,0.914931,2.88235,132,0.00,0.302019,0.007553,0,0.000000,0.3
E2,email_eu_core,6,13,0.876847,5.71429,132,0.00,0.162725,0.007552,0,0.000000,0.3
E2,email_eu_core,7,13,0.897799,5.71429,132,0.00,0.162408,0.007551,0,0.000000,0.3
E2,email_eu_core,8,13,0.907295,5.71429,132,0.00,0.162172,0.007551,0,0.000000,0.3
E2,email_eu_core,9,13,0.937778,5.71429,132,0.00,0.161989,0.007550,0,0.000000,0.3
E2,email_eu_core,10,13,0.949128,5.71429,132,0.00,0.161843,0.007550,0,0.000000,0.3
E2,email_eu_core,11,13,0.958571,5.71429,132,0.00,0.161723,0.007550,0,0.000000,0.3
E2,email_eu_core,12,13,0.954993,5.71429,132,0.00,0.161624,0.007550,0,0.000000,0.3
E2,email_eu_core,13,13,0.952843,5.71429,132,0.00,0.161540,0.007549,0,0.000000,0.3
E2,email_eu_core,14,13,0.963064,5.71429,132,0.00,0.161468,0.007549,0,0.000000,0.3
E2,email_eu_core,15,13,0.959514,5.71429,132,0.00,0.161406,0.007549,0,0.000000,0.3
E2,email_eu_core,16,13,0.965333,5.71429,132,0.00,0.161352,0.007549,0,0.000000,0.3
E2,email_eu_core,17,13,0.959157,5.71429,132,0.00,0.161304,0.007549,0,0.000000,0.3
E2,email_eu_core,18,13,0.951823,5.71429,132,0.00,0.161261,0.007549,0,0.000000,0.3
E2,email_eu_core,19,13,0.952258,5.71429,132,0.00,0.161223,0.007549,0,0.000000,0.3
E2,email_eu_core,20,13,0.947570,5.71429,132,0.00,0.161189,0.007549,0,0.000000,0.3
E2,email_eu_core,21,13,0.944162,5.71429,132,0.00,0.161158,0.007548,0,0.000000,0.3
E2,email_eu_core,22,13,0.939547,5.71429,132,0.00,0.161130,0.007548,0,0.000000,0.3
E2,email_eu_core,23,13,0.936250,5.71429,132,0.00,0.161105,0.007548,0,0.000000,0.3
E2,email_eu_core,24,13,0.932919,5.71429,132,0.00,0.161081,0.007548,0,0.000000,0.3
E2,email_eu_core,25,13,0.928395,10,132,0.00,0.095344,0.007548,0,0.000000,0.3
E2,email_eu_core,26,13,0.926380,10,132,0.00,0.095337,0.007548,0,0.000000,0.3
E2,email_eu_core,27,13,0.924298,10,132,0.00,0.095331,0.007548,0,0.000000,0.3
E2,email_eu_core,28,13,0.927096,10,132,0.00,0.095325,0.007548,0,0.000000,0.3
E2,email_eu_core,29,13,0.923821,10,132,0.00,0.095319,0.007548,0,0.000000,0.3
E2,email_eu_core,30,13,0.922984,10,132,0.00,0.095314,0.007548,0,0.000000,0.3
E2,email_eu_core,1,14,1.000000,1,14,0.00,1.000000,0.071429,0,0.000000,0.3
E2,email_eu_core,2,14,0.988124,1.06098,70,0.00,0.720439,0.014235,0,0.000000,0.3
E2,email_eu_core,3,14,0.997917,1.06098,70,0.00,0.677420,0.014218,0,0.000000,0.3
E2,email_eu_core,4,14,0.935849,2.88235,98,0.00,0.304355,0.010165,0,0.000000,0.3
E2,email_eu_core,5,14,0.935764,2.88235,98,0.00,0.302019,0.010163,0,0.000000,0.3
E2,email_eu_core,6,14,0.955665,2.88235,126,0.00,0.300489,0.007910,0,0.000000,0.3
E2,email_eu_core,7,14,0.957547,2.88235,126,0.00,0.299409,0.007910,0,0.000000,0.3
E2,email_eu_core,8,14,0.952888,2.88235,210,0.00,0.298607,0.004752,0,0.000000,0.3
E2,email_eu_core,9,14,0.945185,2.88235,210,0.00,0.297987,0.004752,0,0.000000,0.3
E2,email_eu_core,10,14,0.941860,2.88235,210,0.00,0.297493,0.004752,0,0.000000,0.3
E2,email_eu_core,11,14,0.932857,4.2,210,0.00,0.213930,0.004752,0,0.000000,0.3
E2,email_eu_core,12,14,0.936709,4.2,210,0.00,0.213757,0.004752,0,0.000000,0.3
E2,email_eu_core,13,14,0.930652,4.2,210,0.00,0.213610,0.004751,0,0.000000,0.3
E2,email_eu_core,14,14,0.945280,4.2,210,0.00,0.213485,0.004751,0,0.000000,0.3
E2,email_eu_core,15,14,0.948718,4.2,210,0.00,0.213376,0.004751,0,0.000000,0.3
E2,email_eu_core,16,14,0.946667,4.2,210,0.00,0.213281,0.004751,0,0.000000,0.3
E2,email_eu_core,17,14,0.955204,4.2,210,0.00,0.213198,0.004751,0,0.000000,0.3
E2,email_eu_core,18,14,0.954427,4.2,210,0.00,0.213123,0.004751,0,0.000000,0.3
E2,email_eu_core,19,14,0.954839,4.2,210,0.00,0.213057,0.004751,0,0.000000,0.3
E2,email_eu_core,20,14,0.947570,12,210,0.00,0.080116,0.004751,0,0.000000,0.3
E2,email_eu_core,21,14,0.941624,12,210,0.00,0.080108,0.004751,0,0.000000,0.3
E2,email_eu_core,22,14,0.937028,12,210,0.00,0.080101,0.004751,0,0.000000,0.3
E2,email_eu_core,23,14,0.932500,12,210,0.00,0.080095,0.004751,0,0.000000,0.3
E2,email_eu_core,24,14,0.932919,12,210,0.00,0.080089,0.004751,0,0.000000,0.3
E2,email_eu_core,25,14,0.935802,12,210,0.00,0.080084,0.004751,0,0.000000,0.3
E2,email_eu_core,26,14,0.932515,12,210,0.00,0.080079,0.004751,0,0.000000,0.3
E2,email_eu_core,27,14,0.937729,12,210,0.00,0.080074,0.004751,0,0.000000,0.3
E2,email_eu_core,28,14,0.942892,12,210,0.00,0.080070,0.004751,0,0.000000,0.3
E2,email_eu_core,29,14,0.949214,12,210,0.00,0.080066,0.004751,0,0.000000,0.3
E2,email_eu_core,30,14,0.948255,12,210,0.00,0.080062,0.004751,0,0.000000,0.3
E2,email_eu_core,1,15,1.000000,1,13,0.00,1.000000,0.076923,0,0.000000,0.3
E2,email_eu_core,2,15,0.964371,1.20833,91,0.00,0.656361,0.010959,0,0.000000,0.3
E2,email_eu_core,3,15,0.958333,1.20833,91,0.00,0.620280,0.010949,0,0.000000,0.3
E2,email_eu_core,4,15,0.909434,2.27273,104,0.00,0.372578,0.009581,0,0.000000,0.3
E2,email_eu_core,5,15,0.914931,2.27273,104,0.00,0.369080,0.009578,0,0.000000,0.3
E2,email_eu_core,6,15,0.931034,2.27273,104,0.00,0.366800,0.009577,0,0.000000,0.3
E2,email_eu_core,7,15,0.904088,4.75,104,0.00,0.192455,0.009576,0,0.000000,0.3
E2,email_eu_core,8,15,0.931611,4.75,104,0.00,0.192123,0.009575,0,0.000000,0.3
E2,email_eu_core,9,15,0.937778,4.75,104,0.00,0.191866,0.009574,0,0.000000,0.3
E2,email_eu_core,10,15,0.934593,4.75,104,0.00,0.191661,0.009574,0,0.000000,0.3
E2,email_eu_core,11,15,0.968571,4.75,143,0.00,0.191494,0.006971,0,0.000000,0.3
E2,email_eu_core,12,15,0.964838,4.75,143,0.00,0.191355,0.006971,0,0.000000,0.3
E2,email_eu_core,13,15,0.959778,4.75,143,0.00,0.191237,0.006970,0,0.000000,0.3
E2,email_eu_core,14,15,0.961696,4.75,143,0.00,0.191137,0.006970,0,0.000000,0.3
E2,email_eu_core,15,15,0.962213,4.75,143,0.00,0.191050,0.006970,0,0.000000,0.3
E2,email_eu_core,16,15,0.965333,4.75,143,0.00,0.190974,0.006970,0,0.000000,0.3
E2,email_eu_core,17,15,0.960474,4.75,143,0.00,0.190906,0.006970,0,0.000000,0.3
E2,email_eu_core,18,15,0.950521,11,143,0.00,0.087110,0.006970,0,0.000000,0.3
E2,email_eu_core,19,15,0.956129,11,143,0.00,0.087098,0.006970,0,0.000000,0.3
E2,email_eu_core,20,15,0.953964,11,143,0.00,0.087088,0.006970,0,0.000000,0.3
E2,email_eu_core,21,15,0.956853,11,143,0.00,0.087079,0.006970,0,0.000000,0.3
E2,email_eu_core,22,15,0.954660,11,143,0.00,0.087071,0.006970,0,0.000000,0.3
E2,email_eu_core,23,15,0.952500,11,143,0.00,0.087064,0.006970,0,0.000000,0.3
E2,email_eu_core,24,15,0.950311,11,143,0.00,0.087057,0.006970,0,0.000000,0.3
E2,email_eu_core,25,15,0.953086,11,143,0.00,0.087051,0.006970,0,0.000000,0.3
E2,email_eu_core,26,15,0.958282,11,143,0.00,0.087045,0.006970,0,0.000000,0.3
E2,email_eu_core,27,15,0.954823,11,143,0.00,0.087039,0.006970,0,0.000000,0.3
E2,email_eu_core,28,15,0.955043,11,143,0.00,0.087034,0.006969,0,0.000000,0.3
E2,email_eu_core,29,15,0.955260,11,143,0.00,0.087030,0.006969,0,0.000000,0.3
E2,email_eu_core,30,15,0.956679,11,143,0.00,0.087025,0.006969,0,0.000000,0.3
E2,email_eu_core,1,16,1.000000,1,11,0.00,1.000000,0.090909,0,0.000000,0.3
E2,email_eu_core,2,16,0.964371,1.20833,77,0.00,0.656361,0.012945,0,0.000000,0.3
E2,email_eu_core,3,16,0.918750,1.68571,77,0.00,0.483649,0.012931,0,0.000000,0.3
E2,email_eu_core,4,16,0.926415,1.68571,88,0.00,0.473818,0.011315,0,0.000000,0.3
E2,email_eu_core,5,16,0.928819,1.68571,88,0.00,0.468190,0.011312,0,0.000000,0.3
E2,email_eu_core,6,16,0.903120,2.66667,88,0.00,0.321066,0.011310,0,0.000000,0.3
E2,email_eu_core,7,16,0.926101,2.66667,88,0.00,0.319834,0.011308,0,0.000000,0.3
E2,email_eu_core,8,16,0.937690,2.66667,88,0.00,0.318919,0.011307,0,0.000000,0.3
E2,email_eu_core,9,16,0.937778,2.66667,88,0.00,0.318212,0.011306,0,0.000000,0.3
E2,email_eu_core,10,16,0.936047,3.27273,88,0.00,0.266789,0.011306,0,0.000000,0.3
E2,email_eu_core,11,16,0.944286,3.27273,88,0.00,0.266465,0.011305,0,0.000000,0.3
E2,email_eu_core,12,16,0.933896,12,88,0.00,0.080223,0.011305,0,0.000000,0.3
E2,email_eu_core,13,16,0.929265,12,88,0.00,0.080202,0.011304,0,0.000000,0.3
E2,email_eu_core,14,16,0.926129,12,88,0.00,0.080185,0.011304,0,0.000000,0.3
E2,email_eu_core,15,16,0.925776,12,88,0.00,0.080169,0.011304,0,0.000000,0.3
E2,email_eu_core,16,16,0.958667,12,88,0.00,0.080156,0.011303,0,0.000000,0.3
E2,email_eu_core,17,16,0.955204,12,88,0.00,0.080144,0.011303,0,0.000000,0.3
E2,email_eu_core,18,16,0.954427,12,88,0.00,0.080134,0.011303,0,0.000000,0.3
E2,email_eu_core,19,16,0.954839,12,88,0.00,0.080124,0.011303,0,0.000000,0.3
E2,email_eu_core,20,16,0.950128,12,88,0.00,0.080116,0.011303,0,0.000000,0.3
E2,email_eu_core,21,16,0.946701,12,88,0.00,0.080108,0.011302,0,0.000000,0.3
E2,email_eu_core,22,16,0.944584,12,88,0.00,0.080101,0.011302,0,0.000000,0.3
E2,email_eu_core,23,16,0.941250,12,88,0.00,0.080095,0.011302,0,0.000000,0.3
E2,email_eu_core,24,16,0.942857,12,88,0.00,0.080089,0.011302,0,0.000000,0.3
E2,email_eu_core,25,16,0.940741,12,88,0.00,0.080084,0.011302,0,0.000000,0.3
E2,email_eu_core,26,16,0.938650,12,88,0.00,0.080079,0.011302,0,0.000000,0.3
E2,email_eu_core,27,16,0.938950,12,88,0.00,0.080074,0.011302,0,0.000000,0.3
E2,email_eu_core,28,16,0.938032,12,88,0.00,0.080070,0.011302,0,0.000000,0.3
E2,email_eu_core,29,16,0.939541,12,88,0.00,0.080066,0.011302,0,0.000000,0.3
E2,email_eu_core,30,16,0.936221,12,88,0.00,0.080062,0.011301,0,0.000000,0.3
E2,email_eu_core,1,17,1.000000,1,13,0.00,1.000000,0.076923,0,0.000000,0.3
E2,email_eu_core,2,17,0.912114,1.74,65,0.00,0.492139,0.015325,0,0.000000,0.3
E2,email_eu_core,3,17,0.935417,1.74,65,0.00,0.471645,0.015306,0,0.000000,0.3
E2,email_eu_core,4,17,0.941509,1.74,65,0.00,0.462290,0.015296,0,0.000000,0.3
E2,email_eu_core,5,17,0.937500,1.74,65,0.00,0.456928,0.015290,0,0.000000,0.3
E2,email_eu_core,6,17,0.958949,1.74,117,0.00,0.453451,0.008517,0,0.000000,0.3
E2,email_eu_core,7,17,0.963836,1.74,117,0.00,0.451014,0.008516,0,0.000000,0.3
E2,email_eu_core,8,17,0.966565,1.74,169,0.00,0.449210,0.005902,0,0.000000,0.3
E2,email_eu_core,9,17,0.955556,3.44444,169,0.00,0.255549,0.005902,0,0.000000,0.3
E2,email_eu_core,10,17,0.941860,10.3333,169,0.00,0.092667,0.005901,0,0.000000,0.3
E2,email_eu_core,11,17,0.968571,10.3333,169,0.00,0.092628,0.005901,0,0.000000,0.3
E2,email_eu_core,12,17,0.963432,10.3333,169,0.00,0.092595,0.005901,0,0.000000,0.3
E2,email_eu_core,13,17,0.955617,10.3333,169,0.00,0.092568,0.005901,0,0.000000,0.3
E2,email_eu_core,14,17,0.949384,10.3333,169,0.00,0.092544,0.005901,0,0.000000,0.3
E2,email_eu_core,15,17,0.955466,10.3333,169,0.00,0.092524,0.005901,0,0.000000,0.3
E2,email_eu_core,16,17,0.952000,10.3333,169,0.00,0.092506,0.005901,0,0.000000,0.3
E2,email_eu_core,17,17,0.953887,10.3333,169,0.00,0.092490,0.005901,0,0.000000,0.3
E2,email_eu_core,18,17,0.947917,10.3333,169,0.00,0.092476,0.005901,0,0.000000,0.3
E2,email_eu_core,19,17,0.948387,10.3333,169,0.00,0.092463,0.005901,0,0.000000,0.3
E2,email_eu_core,20,17,0.950128,10.3333,169,0.00,0.092452,0.005901,0,0.000000,0.3
E2,email_eu_core,21,17,0.947970,10.3333,169,0.00,0.092442,0.005901,0,0.000000,0.3
E2,email_eu_core,22,17,0.944584,10.3333,169,0.00,0.092433,0.005900,0,0.000000,0.3
E2,email_eu_core,23,17,0.945000,10.3333,169,0.00,0.092424,0.005900,0,0.000000,0.3
E2,email_eu_core,24,17,0.941615,10.3333,169,0.00,0.092417,0.005900,0,0.000000,0.3
E2,email_eu_core,25,17,0.946914,10.3333,169,0.00,0.092409,0.005900,0,0.000000,0.3
E2,email_eu_core,26,17,0.946012,10.3333,169,0.00,0.092403,0.005900,0,0.000000,0.3
E2,email_eu_core,27,17,0.945055,10.3333,169,0.00,0.092397,0.005900,0,0.000000,0.3
E2,email_eu_core,28,17,0.944107,10.3333,169,0.00,0.092391,0.005900,0,0.000000,0.3
E2,email_eu_core,29,17,0.946796,10.3333,169,0.00,0.092386,0.005900,0,0.000000,0.3
E2,email_eu_core,30,17,0.949458,10.3333,169,0.00,0.092381,0.005900,0,0.000000,0.3
E2,email_eu_core,1,18,1.000000,1,24,0.00,1.000000,0.041667,0,0.000000,0.3
E2,email_eu_core,2,18,0.964371,1.20833,120,0.00,0.656361,0.008316,0,0.000000,0.3
E2,email_eu_core,3,18,0.895833,2.45833,144,0.00,0.354116,0.006928,0,0.000000,0.3
E2,email_eu_core,4,18,0.907547,2.45833,240,0.00,0.348828,0.004160,0,0.000000,0.3
E2,email_eu_core,5,18,0.904514,2.45833,240,0.00,0.345761,0.004160,0,0.000000,0.3
E2,email_eu_core,6,18,0.916256,2.45833,240,0.00,0.343758,0.004159,0,0.000000,0.3
E2,email_eu_core,7,18,0.926101,2.45833,240,0.00,0.342347,0.004159,0,0.000000,0.3
E2,email_eu_core,8,18,0.911854,3,240,0.00,0.288569,0.004159,0,0.000000,0.3
E2,email_eu_core,9,18,0.927407,3,240,0.00,0.287990,0.004159,0,0.000000,0.3
E2,email_eu_core,10,18,0.949128,3,240,0.00,0.287529,0.004159,0,0.000000,0.3
E2,email_eu_core,11,18,0.977143,3,288,0.00,0.287153,0.003467,0,0.000000,0.3
E2,email_eu_core,12,18,0.976090,3,288,0.00,0.286841,0.003467,0,0.000000,0.3
E2,email_eu_core,13,18,0.979196,3,288,0.00,0.286577,0.003467,0,0.000000,0.3
E2,email_eu_core,14,18,0.974008,3,288,0.00,0.286352,0.003467,0,0.000000,0.3
E2,email_eu_core,15,18,0.964912,3.66667,288,0.00,0.240608,0.003467,0,0.000000,0.3
E2,email_eu_core,16,18,0.960000,3.66667,288,0.00,0.240487,0.003467,0,0.000000,0.3
E2,email_eu_core,17,18,0.951252,5.5,288,0.00,0.167063,0.003467,0,0.000000,0.3
E2,email_eu_core,18,18,0.946615,5.5,288,0.00,0.167018,0.003467,0,0.000000,0.3
E2,email_eu_core,19,18,0.944516,5.5,288,0.00,0.166977,0.003467,0,0.000000,0.3
E2,email_eu_core,20,18,0.942455,5.5,288,0.00,0.166940,0.003467,0,0.000000,0.3
E2,email_eu_core,21,18,0.946701,5.5,288,0.00,0.166907,0.003466,0,0.000000,0.3
E2,email_eu_core,22,18,0.940806,10,288,0.00,0.095369,0.003466,0,0.000000,0.3
E2,email_eu_core,23,18,0.940000,10,288,0.00,0.095360,0.003466,0,0.000000,0.3
E2,email_eu_core,24,18,0.935404,10,288,0.00,0.095352,0.003466,0,0.000000,0.3
E2,email_eu_core,25,18,0.932099,10,288,0.00,0.095344,0.003466,0,0.000000,0.3
E2,email_eu_core,26,18,0.928834,10,288,0.00,0.095337,0.003466,0,0.000000,0.3
E2,email_eu_core,27,18,0.930403,10,288,0.00,0.095331,0.003466,0,0.000000,0.3
E2,email_eu_core,28,18,0.936817,10,288,0.00,0.095325,0.003466,0,0.000000,0.3
E2,email_eu_core,29,18,0.939541,10,288,0.00,0.095319,0.003466,0,0.000000,0.3
E2,email_eu_core,30,18,0.942238,10,288,0.00,0.095314,0.003466,0,0.000000,0.3
E2,email_eu_core,1,19,1.000000,1,18,0.00,1.000000,0.055556,0,0.000000,0.3
E2,email_eu_core,2,19,0.988124,1.06098,54,0.00,0.720439,0.018433,0,0.000000,0.3
E2,email_eu_core,3,19,0.997917,1.06098,108,0.00,0.677420,0.009231,0,0.000000,0.3
E2,email_eu_core,4,19,0.928302,3.76923,108,0.00,0.240059,0.009227,0,0.000000,0.3
E2,email_eu_core,5,19,0.921875,3.76923,162,0.00,0.238606,0.006158,0,0.000000,0.3
E2,email_eu_core,6,19,0.893268,3.76923,162,0.00,0.237651,0.006157,0,0.000000,0.3
E2,email_eu_core,7,19,0.905660,3.76923,162,0.00,0.236975,0.006157,0,0.000000,0.3
E2,email_eu_core,8,19,0.934650,3.76923,180,0.00,0.236472,0.005542,0,0.000000,0.3
E2,email_eu_core,9,19,0.940741,3.76923,180,0.00,0.236082,0.005542,0,0.000000,0.3
E2,email_eu_core,10,19,0.934593,4.25,180,0.00,0.211881,0.005542,0,0.000000,0.3
E2,email_eu_core,11,19,0.940000,4.25,216,0.00,0.211677,0.004620,0,0.000000,0.3
E2,email_eu_core,12,19,0.942335,4.25,216,0.00,0.211507,0.004620,0,0.000000,0.3
E2,email_eu_core,13,19,0.948682,4.25,216,0.00,0.211363,0.004620,0,0.000000,0.3
E2,email_eu_core,14,19,0.961696,4.25,216,0.00,0.211240,0.004620,0,0.000000,0.3
E2,email_eu_core,15,19,0.956815,4.25,216,0.00,0.211134,0.004620,0,0.000000,0.3
E2,email_eu_core,16,19,0.948000,8,216,0.00,0.117936,0.004620,0,0.000000,0.3
E2,email_eu_core,17,19,0.944664,8,216,0.00,0.117911,0.004620,0,0.000000,0.3
E2,email_eu_core,18,19,0.941406,8,216,0.00,0.117888,0.004620,0,0.000000,0.3
E2,email_eu_core,19,19,0.941935,8,216,0.00,0.117867,0.004619,0,0.000000,0.3
E2,email_eu_core,20,19,0.938619,8,216,0.00,0.117849,0.004619,0,0.000000,0.3
E2,email_eu_core,21,19,0.936548,8,216,0.00,0.117833,0.004619,0,0.000000,0.3
E2,email_eu_core,22,19,0.942065,8,216,0.00,0.117818,0.004619,0,0.000000,0.3
E2,email_eu_core,23,19,0.950000,8,216,0.00,0.117804,0.004619,0,0.000000,0.3
E2,email_eu_core,24,19,0.949068,8,216,0.00,0.117791,0.004619,0,0.000000,0.3
E2,email_eu_core,25,19,0.945679,8,216,0.00,0.117780,0.004619,0,0.000000,0.3
E2,email_eu_core,26,19,0.942331,8,216,0.00,0.117769,0.004619,0,0.000000,0.3
E2,email_eu_core,27,19,0.937729,8,216,0.00,0.117759,0.004619,1,0.037037,0.3
E2,email_eu_core,28,19,0.934386,9,216,0.00,0.105358,0.004619,1,0.035714,0.3
E2,email_eu_core,29,19,0.937122,9,216,0.00,0.105352,0.004619,1,0.034483,0.3
E2,email_eu_core,30,19,0.937425,9,216,0.00,0.105345,0.004619,1,0.033333,0.3
E2,email_eu_core,1,0,1.000000,1,7,0.00,1.000000,0.142857,0,0.000000,0.5
E2,email_eu_core,2,0,0.964371,1.20833,56,0.00,0.656361,0.017777,0,0.000000,0.5
E2,email_eu_core,3,0,0.960417,1.20833,56,0.00,0.620280,0.017751,0,0.000000,0.5
E2,email_eu_core,4,0,0.956604,1.20833,56,0.00,0.604343,0.017738,0,0.000000,0.5
E2,email_eu_core,5,0,0.925347,2,56,0.00,0.409510,0.017730,0,0.000000,0.5
E2,email_eu_core,6,0,0.934319,2,70,0.00,0.406708,0.014201,0,0.000000,0.5
E2,email_eu_core,7,0,0.952830,2,70,0.00,0.404739,0.014199,0,0.000000,0.5
E2,email_eu_core,8,0,0.968085,2,84,0.00,0.403281,0.011843,0,0.000000,0.5
E2,email_eu_core,9,0,0.985185,2,84,0.00,0.402156,0.011842,0,0.000000,0.5
E2,email_eu_core,10,0,0.989826,2,91,0.00,0.401263,0.010935,0,0.000000,0.5
E2,email_eu_core,11,0,0.991429,2,91,0.00,0.400536,0.010934,0,0.000000,0.5
E2,email_eu_core,12,0,0.991561,2,91,0.00,0.399934,0.010934,0,0.000000,0.5
E2,email_eu_core,13,0,0.984743,2.2,91,0.00,0.370407,0.010933,0,0.000000,0.5
E2,email_eu_core,14,0,0.982216,2.2,91,0.00,0.370033,0.010933,0,0.000000,0.5
E2,email_eu_core,15,0,0.981107,2.2,91,0.00,0.369710,0.010933,0,0.000000,0.5
E2,email_eu_core,16,0,0.978667,2.2,91,0.00,0.369427,0.010933,0,0.000000,0.5
E2,email_eu_core,17,0,0.977602,2.2,91,0.00,0.369179,0.010932,0,0.000000,0.5
E2,email_eu_core,18,0,0.975260,2.2,91,0.00,0.368958,0.010932,0,0.000000,0.5
E2,email_eu_core,19,0,0.969032,4.5,91,0.00,0.200311,0.010932,0,0.000000,0.5
E2,email_eu_core,20,0,0.961637,9,91,0.00,0.105438,0.010932,0,0.000000,0.5
E2,email_eu_core,21,0,0.963198,9,91,0.00,0.105425,0.010932,0,0.000000,0.5
E2,email_eu_core,22,0,0.960957,9,91,0.00,0.105413,0.010932,0,0.000000,0.5
E2,email_eu_core,23,0,0.955000,9,91,0.00,0.105402,0.010931,0,0.000000,0.5
E2,email_eu_core,24,0,0.959006,9,91,0.00,0.105392,0.010931,0,0.000000,0.5
E2,email_eu_core,25,0,0.959259,9,91,0.00,0.105382,0.010931,0,0.000000,0.5
E2,email_eu_core,26,0,0.959509,9,91,0.00,0.105374,0.010931,0,0.000000,0.5
E2,email_eu_core,27,0,0.959707,9,91,0.00,0.105366,0.010931,0,0.000000,0.5
E2,email_eu_core,28,0,0.959903,9,91,0.00,0.105358,0.010931,0,0.000000,0.5
E2,email_eu_core,29,0,0.960097,9,91,0.00,0.105352,0.010931,0,0.000000,0.5
E2,email_eu_core,30,0,0.960289,9,91,0.00,0.105345,0.010931,0,0.000000,0.5
E2,email_eu_core,1,1,1.000000,1,4.5,0.00,1.000000,0.222222,0,0.000000,0.5
E2,email_eu_core,2,1,0.964371,1.20833,25,0.00,0.656361,0.039600,0,0.000000,0.5
E2,email_eu_core,3,1,0.968750,1.20833,25,0.00,0.620280,0.039469,0,0.000000,0.5
E2,email_eu_core,4,1,0.966038,1.20833,35,0.00,0.604343,0.028267,0,0.000000,0.5
E2,email_eu_core,5,1,0.963542,1.20833,35,0.00,0.595343,0.028247,0,0.000000,0.5
E2,email_eu_core,6,1,0.957307,1.39286,45,0.00,0.534512,0.022017,0,0.000000,0.5
E2,email_eu_core,7,1,0.973270,1.39286,45,0.00,0.531161,0.022012,0,0.000000,0.5
E2,email_eu_core,8,1,0.989362,1.39286,45,0.00,0.528686,0.022007,0,0.000000,0.5
E2,email_eu_core,9,1,0.973333,3.5,45,0.00,0.251997,0.022004,0,0.000000,0.5
E2,email_eu_core,10,1,0.978198,3.5,45,0.00,0.251643,0.022001,0,0.000000,0.5
E2,email_eu_core,11,1,0.970000,3.5,45,0.00,0.251355,0.021999,0,0.000000,0.5
E2,email_eu_core,12,1,0.973277,3.5,45,0.00,0.251116,0.021997,0,0.000000,0.5
E2,email_eu_core,13,1,0.970874,3.5,45,0.00,0.250913,0.021996,0,0.000000,0.5
E2,email_eu_core,14,1,0.975376,3.5,45,0.00,0.250741,0.021994,0,0.000000,0.5
E2,email_eu_core,15,1,0.975709,3.5,45,0.00,0.250591,0.021993,0,0.000000,0.5
E2,email_eu_core,16,1,0.976000,3.5,45,0.00,0.250460,0.021992,0,0.000000,0.5
E2,email_eu_core,17,1,0.967062,5,45,0.00,0.182240,0.021991,0,0.000000,0.5
E2,email_eu_core,18,1,0.963542,5,45,0.00,0.182185,0.021991,0,0.000000,0.5
E2,email_eu_core,19,1,0.961290,5,45,0.00,0.182137,0.021990,0,0.000000,0.5
E2,email_eu_core,20,1,0.962916,5,45,0.00,0.182093,0.021989,0,0.000000,0.5
E2,email_eu_core,21,1,0.959391,5,45,0.00,0.182054,0.021989,0,0.000000,0.5
E2,email_eu_core,22,1,0.954660,5,45,0.00,0.182018,0.021988,0,0.000000,0.5
E2,email_eu_core,23,1,0.955000,5,45,0.00,0.181985,0.021988,0,0.000000,0.5
E2,email_eu_core,24,1,0.951553,5,45,0.00,0.181955,0.021987,0,0.000000,0.5
E2,email_eu_core,25,1,0.945679,5,45,0.00,0.181927,0.021987,1,0.040000,0.5
E2,email_eu_core,26,1,0.949693,5,45,0.00,0.181902,0.021986,1,0.038462,0.5
E2,email_eu_core,27,1,0.951160,5,45,0.00,0.181878,0.021986,1,0.037037,0.5
E2,email_eu_core,28,1,0.952612,5,45,0.00,0.181857,0.021986,1,0.035714,0.5
E2,email_eu_core,29,1,0.951632,5,45,0.00,0.181836,0.021985,1,0.034483,0.5
E2,email_eu_core,30,1,0.953069,5,45,0.00,0.181817,0.021985,1,0.033333,0.5
E2,email_eu_core,1,2,1.000000,1,8,0.00,1.000000,0.125000,0,0.000000,0.5
E2,email_eu_core,2,2,0.964371,1.20833,32,0.00,0.656361,0.031006,0,0.000000,0.5
E2,email_eu_core,3,2,0.966667,1.20833,40,0.00,0.620280,0.024792,0,0.000000,0.5
E2,email_eu_core,4,2,0.935849,1.53125,48,0.00,0.509825,0.020671,0,0.000000,0.5
E2,email_eu_core,5,2,0.923611,1.53125,64,0.00,0.503330,0.015528,0,0.000000,0.5
E2,email_eu_core,6,2,0.937603,1.53125,64,0.00,0.499131,0.015524,0,0.000000,0.5
E2,email_eu_core,7,2,0.937107,1.53125,72,0.00,0.496193,0.013806,0,0.000000,0.5
E2,email_eu_core,8,2,0.958967,1.53125,72,0.00,0.494022,0.013805,0,0.000000,0.5
E2,email_eu_core,9,2,0.974815,1.53125,72,0.00,0.492352,0.013803,0,0.000000,0.5
E2,email_eu_core,10,2,0.978198,1.53125,72,0.00,0.491028,0.013802,0,0.000000,0.5
E2,email_eu_core,11,2,0.977143,1.90909,72,0.00,0.415321,0.013802,0,0.000000,0.5
E2,email_eu_core,12,2,0.974684,1.90909,72,0.00,0.414674,0.013801,0,0.000000,0.5
E2,email_eu_core,13,2,0.977809,1.90909,72,0.00,0.414128,0.013800,0,0.000000,0.5
E2,email_eu_core,14,2,0.969904,3,72,0.00,0.286352,0.013800,0,0.000000,0.5
E2,email_eu_core,15,2,0.970310,3,72,0.00,0.286157,0.013799,0,0.000000,0.5
E2,email_eu_core,16,2,0.969333,3,72,0.00,0.285987,0.013799,0,0.000000,0.5
E2,email_eu_core,17,2,0.967062,3,72,0.00,0.285837,0.013798,0,0.000000,0.5
E2,email_eu_core,18,2,0.963542,3,72,0.00,0.285704,0.013798,0,0.000000,0.5
E2,email_eu_core,19,2,0.960000,3,72,0.00,0.285586,0.013798,0,0.000000,0.5
E2,email_eu_core,20,2,0.964194,3,72,0.00,0.285479,0.013798,0,0.000000,0.5
E2,email_eu_core,21,2,0.967005,3,72,0.00,0.285382,0.013797,0,0.000000,0.5
E2,email_eu_core,22,2,0.967254,3,72,0.00,0.285294,0.013797,0,0.000000,0.5
E2,email_eu_core,23,2,0.962500,4,72,0.00,0.222264,0.013797,0,0.000000,0.5
E2,email_eu_core,24,2,0.963975,4,72,0.00,0.222220,0.013797,0,0.000000,0.5
E2,email_eu_core,25,2,0.965432,4,72,0.00,0.222179,0.013797,0,0.000000,0.5
E2,email_eu_core,26,2,0.961963,4,72,0.00,0.222141,0.013797,0,0.000000,0.5
E2,email_eu_core,27,2,0.964591,4,72,0.00,0.222106,0.013796,0,0.000000,0.5
E2,email_eu_core,28,2,0.965978,4,72,0.00,0.222073,0.013796,0,0.000000,0.5
E2,email_eu_core,29,2,0.968561,4,72,0.00,0.222043,0.013796,0,0.000000,0.5
E2,email_eu_core,30,2,0.965102,7,72,0.00,0.133418,0.013796,0,0.000000,0.5
E2,email_eu_core,1,3,1.000000,1,5,0.00,1.000000,0.200000,0,0.000000,0.5
E2,email_eu_core,2,3,1.000000,1,27.5,0.00,0.750000,0.036033,0,0.000000,0.5
E2,email_eu_core,3,3,0.966667,1.37209,27.5,0.00,0.566095,0.035925,0,0.000000,0.5
E2,email_eu_core,4,3,0.966038,1.37209,33,0.00,0.552718,0.029960,0,0.000000,0.5
E2,email_eu_core,5,3,0.949653,1.37209,33,0.00,0.545124,0.029938,0,0.000000,0.5
E2,email_eu_core,6,3,0.957307,1.37209,60,0.00,0.540228,0.016551,0,0.000000,0.5
E2,email_eu_core,7,3,0.955975,1.44,60,0.00,0.518743,0.016548,0,0.000000,0.5
E2,email_eu_core,8,3,0.966565,1.44,70,0.00,0.516378,0.014197,0,0.000000,0.5
E2,email_eu_core,9,3,0.988148,1.44,70,0.00,0.514560,0.014195,0,0.000000,0.5
E2,email_eu_core,10,3,1.000000,1.44,90,0.00,0.513119,0.011056,0,0.000000,0.5
E2,email_eu_core,11,3,0.994286,1.625,100,0.00,0.469146,0.009955,0,0.000000,0.5
E2,email_eu_core,12,3,0.983122,4.33333,100,0.00,0.207860,0.009954,0,0.000000,0.5
E2,email_eu_core,13,3,0.979196,4.33333,100,0.00,0.207721,0.009954,0,0.000000,0.5
E2,email_eu_core,14,3,0.980848,4.33333,100,0.00,0.207603,0.009954,0,0.000000,0.5
E2,email_eu_core,15,3,0.977058,4.33333,100,0.00,0.207500,0.009953,0,0.000000,0.5
E2,email_eu_core,16,3,0.977333,4.33333,100,0.00,0.207410,0.009953,0,0.000000,0.5
E2,email_eu_core,17,3,0.976285,4.33333,100,0.00,0.207331,0.009953,0,0.000000,0.5
E2,email_eu_core,18,3,0.975260,4.33333,100,0.00,0.207261,0.009953,0,0.000000,0.5
E2,email_eu_core,19,3,0.970323,4.33333,100,0.00,0.207198,0.009953,0,0.000000,0.5
E2,email_eu_core,20,3,0.966752,4.33333,100,0.00,0.207142,0.009953,0,0.000000,0.5
E2,email_eu_core,21,3,0.967005,4.33333,100,0.00,0.207091,0.009953,0,0.000000,0.5
E2,email_eu_core,22,3,0.969773,4.33333,100,0.00,0.207044,0.009952,0,0.000000,0.5
E2,email_eu_core,23,3,0.968750,4.33333,100,0.00,0.207002,0.009952,0,0.000000,0.5
E2,email_eu_core,24,3,0.972671,4.33333,100,0.00,0.206963,0.009952,0,0.000000,0.5
E2,email_eu_core,25,3,0.969136,4.33333,100,0.00,0.206928,0.009952,0,0.000000,0.5
E2,email_eu_core,26,3,0.971779,4.33333,100,0.00,0.206895,0.009952,0,0.000000,0.5
E2,email_eu_core,27,3,0.970696,4.33333,100,0.00,0.206864,0.009952,0,0.000000,0.5
E2,email_eu_core,28,3,0.967193,6,100,0.00,0.153940,0.009952,0,0.000000,0.5
E2,email_eu_core,29,3,0.966143,6,100,0.00,0.153925,0.009952,0,0.000000,0.5
E2,email_eu_core,30,3,0.961492,6,100,0.00,0.153912,0.009952,1,0.033333,0.5
E2,email_eu_core,1,4,1.000000,1,7,0.00,1.000000,0.142857,0,0.000000,0.5
E2,email_eu_core,2,4,0.964371,1.20833,42,0.00,0.656361,0.023668,0,0.000000,0.5
E2,email_eu_core,3,4,0.966667,1.20833,42,0.00,0.620280,0.023621,0,0.000000,0.5
E2,email_eu_core,4,4,0.950943,1.225,42,0.00,0.598695,0.023598,0,0.000000,0.5
E2,email_eu_core,5,4,0.923611,1.53571,59.5,0.00,0.502245,0.016694,0,0.000000,0.5
E2,email_eu_core,6,4,0.889984,4.1,59.5,0.00,0.220419,0.016689,0,0.000000,0.5
E2,email_eu_core,7,4,0.893082,4.1,59.5,0.00,0.219837,0.016686,0,0.000000,0.5
E2,email_eu_core,8,4,0.922492,4.1,59.5,0.00,0.219404,0.016684,0,0.000000,0.5
E2,email_eu_core,9,4,0.939259,4.1,59.5,0.00,0.219069,0.016682,0,0.000000,0.5
E2,email_eu_core,10,4,0.950581,4.1,59.5,0.00,0.218802,0.016680,0,0.000000,0.5
E2,email_eu_core,11,4,0.957143,4.1,59.5,0.00,0.218584,0.016679,0,0.000000,0.5
E2,email_eu_core,12,4,0.959212,4.1,59.5,0.00,0.218402,0.016678,0,0.000000,0.5
E2,email_eu_core,13,4,0.959778,4.1,59.5,0.00,0.218249,0.016677,0,0.000000,0.5
E2,email_eu_core,14,4,0.961696,4.1,59.5,0.00,0.218118,0.016676,0,0.000000,0.5
E2,email_eu_core,15,4,0.971660,4.1,59.5,0.00,0.218005,0.016676,0,0.000000,0.5
E2,email_eu_core,16,4,0.970667,4.1,59.5,0.00,0.217906,0.016675,0,0.000000,0.5
E2,email_eu_core,17,4,0.973650,4.1,59.5,0.00,0.217819,0.016674,0,0.000000,0.5
E2,email_eu_core,18,4,0.972656,4.1,59.5,0.00,0.217741,0.016674,0,0.000000,0.5
E2,email_eu_core,19,4,0.974194,4.1,59.5,0.00,0.217672,0.016674,0,0.000000,0.5
E2,email_eu_core,20,4,0.971867,4.1,59.5,0.00,0.217610,0.016673,0,0.000000,0.5
E2,email_eu_core,21,4,0.968274,4.1,59.5,0.00,0.217554,0.016673,0,0.000000,0.5
E2,email_eu_core,22,4,0.964736,4.1,59.5,0.00,0.217502,0.016673,0,0.000000,0.5
E2,email_eu_core,23,4,0.961250,4.1,59.5,0.00,0.217456,0.016672,0,0.000000,0.5
E2,email_eu_core,24,4,0.962733,4.1,59.5,0.00,0.217413,0.016672,0,0.000000,0.5
E2,email_eu_core,25,4,0.960494,4.1,59.5,0.00,0.217374,0.016672,0,0.000000,0.5
E2,email_eu_core,26,4,0.959509,4.1,59.5,0.00,0.217337,0.016672,0,0.000000,0.5
E2,email_eu_core,27,4,0.956044,7,59.5,0.00,0.133451,0.016671,0,0.000000,0.5
E2,email_eu_core,28,4,0.955043,7,59.5,0.00,0.133439,0.016671,0,0.000000,0.5
E2,email_eu_core,29,4,0.955260,7,59.5,0.00,0.133428,0.016671,0,0.000000,0.5
E2,email_eu_core,30,4,0.954272,7,59.5,0.00,0.133418,0.016671,0,0.000000,0.5
E2,email_eu_core,1,5,1.000000,1,5.5,0.00,1.000000,0.181818,0,0.000000,0.5
E2,email_eu_core,2,5,0.964371,1.20833,33,0.00,0.656361,0.030073,0,0.000000,0.5
E2,email_eu_core,3,5,0.958333,1.20833,33,0.00,0.620280,0.029998,0,0.000000,0.5
E2,email_eu_core,4,5,0.950943,1.20833,36,0.00,0.604343,0.027490,0,0.000000,0.5
E2,email_eu_core,5,5,0.923611,1.53571,48,0.00,0.502245,0.020660,0,0.000000,0.5
E2,email_eu_core,6,5,0.940887,1.53571,56,0.00,0.498063,0.017725,0,0.000000,0.5
E2,email_eu_core,7,5,0.957547,1.53571,63,0.00,0.495138,0.015765,0,0.000000,0.5
E2,email_eu_core,8,5,0.969605,1.53571,63,0.00,0.492975,0.015763,0,0.000000,0.5
E2,email_eu_core,9,5,0.974815,1.53571,63,0.00,0.491312,0.015761,0,0.000000,0.5
E2,email_eu_core,10,5,0.978198,1.53571,63,0.00,0.489993,0.015760,0,0.000000,0.5
E2,email_eu_core,11,5,0.972857,1.875,63,0.00,0.421141,0.015759,0,0.000000,0.5
E2,email_eu_core,12,5,0.973277,1.875,63,0.00,0.420476,0.015758,0,0.000000,0.5
E2,email_eu_core,13,5,0.976422,1.875,63,0.00,0.419916,0.015757,0,0.000000,0.5
E2,email_eu_core,14,5,0.982216,1.875,63,0.00,0.419437,0.015757,0,0.000000,0.5
E2,email_eu_core,15,5,0.979757,1.875,63,0.00,0.419024,0.015756,0,0.000000,0.5
E2,email_eu_core,16,5,0.978667,1.875,63,0.00,0.418663,0.015755,0,0.000000,0.5
E2,email_eu_core,17,5,0.978920,1.875,63,0.00,0.418345,0.015755,0,0.000000,0.5
E2,email_eu_core,18,5,0.975260,1.875,63,0.00,0.418064,0.015755,0,0.000000,0.5
E2,email_eu_core,19,5,0.974194,1.875,63,0.00,0.417812,0.015754,0,0.000000,0.5
E2,email_eu_core,20,5,0.968031,4.5,63,0.00,0.200258,0.015754,0,0.000000,0.5
E2,email_eu_core,21,5,0.963198,4.5,63,0.00,0.200210,0.015754,0,0.000000,0.5
E2,email_eu_core,22,5,0.967254,4.5,63,0.00,0.200167,0.015753,0,0.000000,0.5
E2,email_eu_core,23,5,0.968750,4.5,63,0.00,0.200127,0.015753,0,0.000000,0.5
E2,email_eu_core,24,5,0.968944,4.5,63,0.00,0.200091,0.015753,0,0.000000,0.5
E2,email_eu_core,25,5,0.969136,4.5,63,0.00,0.200058,0.015753,0,0.000000,0.5
E2,email_eu_core,26,5,0.964417,9,63,0.00,0.105374,0.015752,0,0.000000,0.5
E2,email_eu_core,27,5,0.964591,9,63,0.00,0.105366,0.015752,0,0.000000,0.5
E2,email_eu_core,28,5,0.962333,9,63,0.00,0.105358,0.015752,0,0.000000,0.5
E2,email_eu_core,29,5,0.961306,9,63,0.00,0.105352,0.015752,0,0.000000,0.5
E2,email_eu_core,30,5,0.961492,9,63,0.00,0.105345,0.015752,0,0.000000,0.5
E2,email_eu_core,1,6,1.000000,1,8,0.00,1.000000,0.125000,0,0.000000,0.5
E2,email_eu_core,2,6,0.988124,1.06098,40,0.00,0.720439,0.024844,0,0.000000,0.5
E2,email_eu_core,3,6,0.997917,1.06098,40,0.00,0.677420,0.024792,0,0.000000,0.5
E2,email_eu_core,4,6,0.977358,1.25641,56,0.00,0.588306,0.017738,0,0.000000,0.5
E2,email_eu_core,5,6,0.972222,1.25641,56,0.00,0.579752,0.017730,0,0.000000,0.5
E2,email_eu_core,6,6,0.983580,1.25641,80,0.00,0.574248,0.012435,0,0.000000,0.5
E2,email_eu_core,7,6,0.960692,2.75,88,0.00,0.311625,0.011308,0,0.000000,0.5
E2,email_eu_core,8,6,0.966565,2.75,88,0.00,0.310756,0.011307,0,0.000000,0.5
E2,email_eu_core,9,6,0.976296,2.75,88,0.00,0.310085,0.011306,0,0.000000,0.5
E2,email_eu_core,10,6,0.979651,2.75,88,0.00,0.309551,0.011306,0,0.000000,0.5
E2,email_eu_core,11,6,0.974286,2.75,88,0.00,0.309116,0.011305,0,0.000000,0.5
E2,email_eu_core,12,6,0.976090,2.75,88,0.00,0.308754,0.011305,0,0.000000,0.5
E2,email_eu_core,13,6,0.984743,2.75,88,0.00,0.308449,0.011304,0,0.000000,0.5
E2,email_eu_core,14,6,0.986320,2.75,88,0.00,0.308189,0.011304,0,0.000000,0.5
E2,email_eu_core,15,6,0.978408,3,88,0.00,0.286157,0.011304,0,0.000000,0.5
E2,email_eu_core,16,6,0.982667,3,88,0.00,0.285987,0.011303,0,0.000000,0.5
E2,email_eu_core,17,6,0.978920,3,88,0.00,0.285837,0.011303,0,0.000000,0.5
E2,email_eu_core,18,6,0.980469,3,88,0.00,0.285704,0.011303,0,0.000000,0.5
E2,email_eu_core,19,6,0.980645,3,88,0.00,0.285586,0.011303,0,0.000000,0.5
E2,email_eu_core,20,6,0.980818,3,88,0.00,0.285479,0.011303,0,0.000000,0.5
E2,email_eu_core,21,6,0.984772,3,88,0.00,0.285382,0.011302,0,0.000000,0.5
E2,email_eu_core,22,6,0.983627,3,88,0.00,0.285294,0.011302,0,0.000000,0.5
E2,email_eu_core,23,6,0.977500,7,88,0.00,0.133508,0.011302,0,0.000000,0.5
E2,email_eu_core,24,6,0.976398,7,88,0.00,0.133492,0.011302,0,0.000000,0.5
E2,email_eu_core,25,6,0.977778,7,88,0.00,0.133477,0.011302,0,0.000000,0.5
E2,email_eu_core,26,6,0.974233,7,88,0.00,0.133464,0.011302,0,0.000000,0.5
E2,email_eu_core,27,6,0.973138,7,88,0.00,0.133451,0.011302,0,0.000000,0.5
E2,email_eu_core,28,6,0.970838,7,88,0.00,0.133439,0.011302,0,0.000000,0.5
E2,email_eu_core,29,6,0.969770,7,88,0.00,0.133428,0.011302,0,0.000000,0.5
E2,email_eu_core,30,6,0.967509,7,88,0.00,0.133418,0.011301,0,0.000000,0.5
E2,email_eu_core,1,7,1.000000,1,5,0.00,1.000000,0.200000,0,0.000000,0.5
E2,email_eu_core,2,7,0.988124,1.06098,36,0.00,0.720439,0.027585,0,0.000000,0.5
E2,email_eu_core,3,7,0.981250,1.14545,36,0.00,0.643607,0.027521,0,0.000000,0.5
E2,email_eu_core,4,7,0.996226,1.14545,36,0.00,0.626524,0.027490,0,0.000000,0.5
E2,email_eu_core,5,7,0.972222,1.375,42,0.00,0.544303,0.023584,0,0.000000,0.5
E2,email_eu_core,6,7,0.983580,1.375,42,0.00,0.539421,0.023575,0,0.000000,0.5
E2,email_eu_core,7,7,0.971698,1.73684,42,0.00,0.451638,0.023568,0,0.000000,0.5
E2,email_eu_core,8,7,0.948328,3.83333,60,0.00,0.232961,0.016546,0,0.000000,0.5
E2,email_eu_core,9,7,0.957037,3.83333,60,0.00,0.232583,0.016544,0,0.000000,0.5
E2,email_eu_core,10,7,0.950581,3.83333,60,0.00,0.232282,0.016542,0,0.000000,0.5
E2,email_eu_core,11,7,0.957143,3.83333,60,0.00,0.232036,0.016541,0,0.000000,0.5
E2,email_eu_core,12,7,0.956399,3.83333,60,0.00,0.231832,0.016540,0,0.000000,0.5
E2,email_eu_core,13,7,0.965326,3.83333,60,0.00,0.231660,0.016539,0,0.000000,0.5
E2,email_eu_core,14,7,0.965800,3.83333,60,0.00,0.231512,0.016538,0,0.000000,0.5
E2,email_eu_core,15,7,0.964912,3.83333,80,0.00,0.231385,0.012427,0,0.000000,0.5
E2,email_eu_core,16,7,0.965333,3.83333,80,0.00,0.231273,0.012427,0,0.000000,0.5
E2,email_eu_core,17,7,0.963109,3.83333,80,0.00,0.231175,0.012427,0,0.000000,0.5
E2,email_eu_core,18,7,0.958333,3.83333,80,0.00,0.231088,0.012426,0,0.000000,0.5
E2,email_eu_core,19,7,0.957419,3.83333,80,0.00,0.231010,0.012426,0,0.000000,0.5
E2,email_eu_core,20,7,0.959079,3.83333,80,0.00,0.230940,0.012426,0,0.000000,0.5
E2,email_eu_core,21,7,0.955584,3.83333,80,0.00,0.230876,0.012426,0,0.000000,0.5
E2,email_eu_core,22,7,0.954660,3.83333,80,0.00,0.230819,0.012426,0,0.000000,0.5
E2,email_eu_core,23,7,0.955000,3.83333,80,0.00,0.230766,0.012426,0,0.000000,0.5
E2,email_eu_core,24,7,0.956522,3.83333,80,0.00,0.230718,0.012425,0,0.000000,0.5
E2,email_eu_core,25,7,0.956790,3.83333,80,0.00,0.230674,0.012425,0,0.000000,0.5
E2,email_eu_core,26,7,0.960736,3.83333,80,0.00,0.230633,0.012425,0,0.000000,0.5
E2,email_eu_core,27,7,0.964591,3.83333,80,0.00,0.230595,0.012425,0,0.000000,0.5
E2,email_eu_core,28,7,0.965978,3.83333,80,0.00,0.230560,0.012425,0,0.000000,0.5
E2,email_eu_core,29,7,0.963724,4.5,80,0.00,0.199948,0.012425,0,0.000000,0.5
E2,email_eu_core,30,7,0.962696,4.5,80,0.00,0.199925,0.012425,0,0.000000,0.5
E2,email_eu_core,1,8,1.000000,1,5,0.00,1.000000,0.200000,0,0.000000,0.5
E2,email_eu_core,2,8,0.964371,1.20833,25,0.00,0.656361,0.039600,0,0.000000,0.5
E2,email_eu_core,3,8,0.958333,1.20833,50,0.00,0.620280,0.019867,0,0.000000,0.5
E2,email_eu_core,4,8,0.950943,1.20833,50,0.00,0.604343,0.019850,0,0.000000,0.5
E2,email_eu_core,5,8,0.944444,1.20833,70,0.00,0.595343,0.014204,0,0.000000,0.5
E2,email_eu_core,6,8,0.957307,1.20833,85,0.00,0.589558,0.011707,0,0.000000,0.5
E2,email_eu_core,7,8,0.971698,1.20833,85,0.00,0.585524,0.011706,0,0.000000,0.5
E2,email_eu_core,8,8,0.980243,1.22222,85,0.00,0.578153,0.011704,0,0.000000,0.5
E2,email_eu_core,9,8,0.995556,1.22222,130,0.00,0.575902,0.007666,0,0.000000,0.5
E2,email_eu_core,10,8,1.000000,1.22222,130,0.00,0.574120,0.007666,0,0.000000,0.5
E2,email_eu_core,11,8,0.995714,1.44444,130,0.00,0.510834,0.007665,0,0.000000,0.5
E2,email_eu_core,12,8,0.995781,1.44444,130,0.00,0.509868,0.007665,0,0.000000,0.5
E2,email_eu_core,13,8,0.987517,2.75,130,0.00,0.308449,0.007665,0,0.000000,0.5
E2,email_eu_core,14,8,0.984952,2.75,130,0.00,0.308189,0.007665,0,0.000000,0.5
E2,email_eu_core,15,8,0.977058,2.75,130,0.00,0.307964,0.007665,0,0.000000,0.5
E2,email_eu_core,16,8,0.973333,2.75,130,0.00,0.307767,0.007665,0,0.000000,0.5
E2,email_eu_core,17,8,0.973650,2.75,130,0.00,0.307593,0.007665,0,0.000000,0.5
E2,email_eu_core,18,8,0.970052,2.75,130,0.00,0.307440,0.007664,0,0.000000,0.5
E2,email_eu_core,19,8,0.966452,2.75,130,0.00,0.307302,0.007664,0,0.000000,0.5
E2,email_eu_core,20,8,0.968031,2.75,130,0.00,0.307178,0.007664,0,0.000000,0.5
E2,email_eu_core,21,8,0.969543,2.75,130,0.00,0.307067,0.007664,0,0.000000,0.5
E2,email_eu_core,22,8,0.971033,2.75,130,0.00,0.306965,0.007664,0,0.000000,0.5
E2,email_eu_core,23,8,0.968750,2.75,130,0.00,0.306873,0.007664,0,0.000000,0.5
E2,email_eu_core,24,8,0.972671,2.75,130,0.00,0.306788,0.007664,0,0.000000,0.5
E2,email_eu_core,25,8,0.970370,2.75,130,0.00,0.306710,0.007664,0,0.000000,0.5
E2,email_eu_core,26,8,0.970552,2.75,130,0.00,0.306638,0.007664,0,0.000000,0.5
E2,email_eu_core,27,8,0.968254,4,130,0.00,0.222106,0.007664,0,0.000000,0.5
E2,email_eu_core,28,8,0.964763,8,130,0.00,0.117750,0.007664,0,0.000000,0.5
E2,email_eu_core,29,8,0.966143,8,130,0.00,0.117741,0.007664,0,0.000000,0.5
E2,email_eu_core,30,8,0.963899,8,130,0.00,0.117734,0.007664,0,0.000000,0.5
E2,email_eu_core,1,9,1.000000,1,5.5,0.00,1.000000,0.181818,0,0.000000,0.5
E2,email_eu_core,2,9,0.964371,1.20833,36,0.00,0.656361,0.027585,0,0.000000,0.5
E2,email_eu_core,3,9,0.958333,1.20833,36,0.00,0.620280,0.027521,0,0.000000,0.5
E2,email_eu_core,4,9,0.949057,1.20833,36,0.00,0.604343,0.027490,0,0.000000,0.5
E2,email_eu_core,5,9,0.958333,1.20833,36,0.00,0.595343,0.027471,0,0.000000,0.5
E2,email_eu_core,6,9,0.958949,1.3125,54,0.00,0.557276,0.018376,0,0.000000,0.5
E2,email_eu_core,7,9,0.938679,2.92308,54,0.00,0.295839,0.018372,0,0.000000,0.5
E2,email_eu_core,8,9,0.963526,2.92308,54,0.00,0.295055,0.018369,0,0.000000,0.5
E2,email_eu_core,9,9,0.979259,2.92308,54,0.00,0.294449,0.018367,0,0.000000,0.5
E2,email_eu_core,10,9,0.989826,2.92308,54,0.00,0.293968,0.018365,0,0.000000,0.5
E2,email_eu_core,11,9,0.985714,2.92308,54,0.00,0.293575,0.018363,0,0.000000,0.5
E2,email_eu_core,12,9,0.981716,2.92308,54,0.00,0.293249,0.018362,0,0.000000,0.5
E2,email_eu_core,13,9,0.979196,2.92308,54,0.00,0.292974,0.018361,0,0.000000,0.5
E2,email_eu_core,14,9,0.979480,2.92308,54,0.00,0.292738,0.018360,0,0.000000,0.5
E2,email_eu_core,15,9,0.970310,4.66667,54,0.00,0.194129,0.018359,0,0.000000,0.5
E2,email_eu_core,16,9,0.965333,4.66667,54,0.00,0.194050,0.018359,0,0.000000,0.5
E2,email_eu_core,17,9,0.967062,4.66667,54,0.00,0.193981,0.018358,0,0.000000,0.5
E2,email_eu_core,18,9,0.963542,4.66667,54,0.00,0.193919,0.018357,0,0.000000,0.5
E2,email_eu_core,19,9,0.972903,4.66667,54,0.00,0.193864,0.018357,0,0.000000,0.5
E2,email_eu_core,20,9,0.970588,4.66667,54,0.00,0.193815,0.018357,0,0.000000,0.5
E2,email_eu_core,21,9,0.973350,4.66667,54,0.00,0.193770,0.018356,0,0.000000,0.5
E2,email_eu_core,22,9,0.968514,5,54,0.00,0.182018,0.018356,0,0.000000,0.5
E2,email_eu_core,23,9,0.965000,5,54,0.00,0.181985,0.018355,0,0.000000,0.5
E2,email_eu_core,24,9,0.965217,5,54,0.00,0.181955,0.018355,0,0.000000,0.5
E2,email_eu_core,25,9,0.966667,5,54,0.00,0.181927,0.018355,0,0.000000,0.5
E2,email_eu_core,26,9,0.968098,5,54,0.00,0.181902,0.018355,0,0.000000,0.5
E2,email_eu_core,27,9,0.971917,5,54,0.00,0.181878,0.018354,0,0.000000,0.5
E2,email_eu_core,28,9,0.968408,10,63,0.00,0.095325,0.015752,0,0.000000,0.5
E2,email_eu_core,29,9,0.967352,10,63,0.00,0.095319,0.015752,0,0.000000,0.5
E2,email_eu_core,30,9,0.974729,10,63,0.00,0.095314,0.015752,0,0.000000,0.5
E2,email_eu_core,1,10,1.000000,1,8,0.00,1.000000,0.125000,0,0.000000,0.5
E2,email_eu_core,2,10,0.964371,1.20833,60,0.00,0.656361,0.016597,0,0.000000,0.5
E2,email_eu_core,3,10,0.966667,1.20833,96,0.00,0.620280,0.010381,0,0.000000,0.5
E2,email_eu_core,4,10,0.950943,1.225,96,0.00,0.598695,0.010376,0,0.000000,0.5
E2,email_eu_core,5,10,0.949653,1.225,96,0.00,0.589854,0.010373,0,0.000000,0.5
E2,email_eu_core,6,10,0.958949,1.225,144,0.00,0.584168,0.006924,0,0.000000,0.5
E2,email_eu_core,7,10,0.973270,1.225,144,0.00,0.580203,0.006924,0,0.000000,0.5
E2,email_eu_core,8,10,0.989362,1.225,144,0.00,0.577280,0.006923,0,0.000000,0.5
E2,email_eu_core,9,10,0.980741,1.90909,144,0.00,0.417060,0.006923,0,0.000000,0.5
E2,email_eu_core,10,10,0.981105,1.90909,144,0.00,0.416101,0.006923,0,0.000000,0.5
E2,email_eu_core,11,10,0.981429,1.90909,144,0.00,0.415321,0.006923,0,0.000000,0.5
E2,email_eu_core,12,10,0.980309,1.90909,144,0.00,0.414674,0.006922,0,0.000000,0.5
E2,email_eu_core,13,10,0.979196,1.90909,144,0.00,0.414128,0.006922,0,0.000000,0.5
E2,email_eu_core,14,10,0.975376,2,144,0.00,0.398992,0.006922,0,0.000000,0.5
E2,email_eu_core,15,10,0.971660,2,144,0.00,0.398617,0.006922,0,0.000000,0.5
E2,email_eu_core,16,10,0.968000,2,144,0.00,0.398290,0.006922,0,0.000000,0.5
E2,email_eu_core,17,10,0.967062,2,144,0.00,0.398002,0.006922,0,0.000000,0.5
E2,email_eu_core,18,10,0.968750,2,144,0.00,0.397746,0.006922,0,0.000000,0.5
E2,email_eu_core,19,10,0.962581,5.5,144,0.00,0.166977,0.006922,0,0.000000,0.5
E2,email_eu_core,20,10,0.964194,5.5,144,0.00,0.166940,0.006922,0,0.000000,0.5
E2,email_eu_core,21,10,0.961929,5.5,144,0.00,0.166907,0.006922,0,0.000000,0.5
E2,email_eu_core,22,10,0.962217,5.5,144,0.00,0.166877,0.006921,0,0.000000,0.5
E2,email_eu_core,23,10,0.962500,5.5,144,0.00,0.166849,0.006921,0,0.000000,0.5
E2,email_eu_core,24,10,0.966460,5.5,144,0.00,0.166824,0.006921,0,0.000000,0.5
E2,email_eu_core,25,10,0.962963,5.5,144,0.00,0.166801,0.006921,0,0.000000,0.5
E2,email_eu_core,26,10,0.963190,5.5,144,0.00,0.166779,0.006921,0,0.000000,0.5
E2,email_eu_core,27,10,0.962149,5.5,144,0.00,0.166760,0.006921,0,0.000000,0.5
E2,email_eu_core,28,10,0.961118,5.5,144,0.00,0.166741,0.006921,0,0.000000,0.5
E2,email_eu_core,29,10,0.964933,5.5,144,0.00,0.166724,0.006921,0,0.000000,0.5
E2,email_eu_core,30,10,0.962696,5.5,144,0.00,0.166708,0.006921,0,0.000000,0.5
E2,email_eu_core,1,11,1.000000,1,7,0.00,1.000000,0.142857,0,0.000000,0.5
E2,email_eu_core,2,11,0.964371,1.20833,35,0.00,0.656361,0.028367,0,0.000000,0.5
E2,email_eu_core,3,11,0.958333,1.20833,35,0.00,0.620280,0.028300,0,0.000000,0.5
E2,email_eu_core,4,11,0.950943,1.20833,35,0.00,0.604343,0.028267,0,0.000000,0.5
E2,email_eu_core,5,11,0.907986,2.26316,59.5,0.00,0.370366,0.016694,0,0.000000,0.5
E2,email_eu_core,6,11,0.912972,2.26316,59.5,0.00,0.368070,0.016689,0,0.000000,0.5
E2,email_eu_core,7,11,0.930818,2.26316,59.5,0.00,0.366454,0.016686,0,0.000000,0.5
E2,email_eu_core,8,11,0.949848,2.26316,77,0.00,0.365255,0.012913,0,0.000000,0.5
E2,email_eu_core,9,11,0.971852,2.26316,77,0.00,0.364330,0.012912,0,0.000000,0.5
E2,email_eu_core,10,11,0.968023,2.26316,77,0.00,0.363595,0.012911,0,0.000000,0.5
E2,email_eu_core,11,11,0.972857,2.26316,77,0.00,0.362996,0.012911,0,0.000000,0.5
E2,email_eu_core,12,11,0.969058,2.26316,77,0.00,0.362500,0.012910,0,0.000000,0.5
E2,email_eu_core,13,11,0.965326,2.26316,77,0.00,0.362081,0.012909,0,0.000000,0.5
E2,email_eu_core,14,11,0.964432,2.26316,77,0.00,0.361723,0.012909,0,0.000000,0.5
E2,email_eu_core,15,11,0.959514,2.26316,77,0.00,0.361414,0.012909,0,0.000000,0.5
E2,email_eu_core,16,11,0.962667,2.26316,77,0.00,0.361144,0.012908,0,0.000000,0.5
E2,email_eu_core,17,11,0.956522,3,77,0.00,0.285837,0.012908,0,0.000000,0.5
E2,email_eu_core,18,11,0.953125,3,77,0.00,0.285704,0.012908,0,0.000000,0.5
E2,email_eu_core,19,11,0.950968,3,77,0.00,0.285586,0.012907,0,0.000000,0.5
E2,email_eu_core,20,11,0.945013,6,77,0.00,0.154109,0.012907,0,0.000000,0.5
E2,email_eu_core,21,11,0.951777,6,77,0.00,0.154081,0.012907,0,0.000000,0.5
E2,email_eu_core,22,11,0.947103,6,77,0.00,0.154055,0.012907,0,0.000000,0.5
E2,email_eu_core,23,11,0.945000,6,77,0.00,0.154032,0.012907,0,0.000000,0.5
E2,email_eu_core,24,11,0.944099,6,77,0.00,0.154010,0.012907,0,0.000000,0.5
E2,email_eu_core,25,11,0.945679,6,77,0.00,0.153991,0.012906,0,0.000000,0.5
E2,email_eu_core,26,11,0.948466,6,77,0.00,0.153972,0.012906,0,0.000000,0.5
E2,email_eu_core,27,11,0.949939,6,77,0.00,0.153955,0.012906,0,0.000000,0.5
E2,email_eu_core,28,11,0.955043,6,77,0.00,0.153940,0.012906,0,0.000000,0.5
E2,email_eu_core,29,11,0.957678,6,77,0.00,0.153925,0.012906,0,0.000000,0.5
E2,email_eu_core,30,11,0.955475,6,77,0.00,0.153912,0.012906,0,0.000000,0.5
E2,email_eu_core,1,12,1.000000,1,5,0.00,1.000000,0.200000,0,0.000000,0.5
E2,email_eu_core,2,12,0.988124,1.06098,36,0.00,0.720439,0.027585,0,0.000000,0.5
E2,email_eu_core,3,12,0.997917,1.06098,42,0.00,0.677420,0.023621,0,0.000000,0.5
E2,email_eu_core,4,12,0.996226,1.06098,54,0.00,0.658642,0.018390,0,0.000000,0.5
E2,email_eu_core,5,12,0.961806,1.69231,54,0.00,0.466794,0.018382,0,0.000000,0.5
E2,email_eu_core,6,12,0.977011,1.69231,66,0.00,0.463168,0.015056,0,0.000000,0.5
E2,email_eu_core,7,12,0.976415,1.69231,66,0.00,0.460628,0.015053,0,0.000000,0.5
E2,email_eu_core,8,12,0.987842,1.69231,88,0.00,0.458748,0.011307,0,0.000000,0.5
E2,email_eu_core,9,12,0.977778,2.2,88,0.00,0.372760,0.011306,0,0.000000,0.5
E2,email_eu_core,10,12,0.991279,2.2,88,0.00,0.371991,0.011306,0,0.000000,0.5
E2,email_eu_core,11,12,0.997143,2.2,88,0.00,0.371365,0.011305,0,0.000000,0.5
E2,email_eu_core,12,12,0.997187,2.2,88,0.00,0.370845,0.011305,0,0.000000,0.5
E2,email_eu_core,13,12,0.990291,2.4,88,0.00,0.345242,0.011304,0,0.000000,0.5
E2,email_eu_core,14,12,0.984952,2.4,88,0.00,0.344917,0.011304,0,0.000000,0.5
E2,email_eu_core,15,12,0.986505,2.4,88,0.00,0.344635,0.011304,0,0.000000,0.5
E2,email_eu_core,16,12,0.980000,2.75,88,0.00,0.307767,0.011303,0,0.000000,0.5
E2,email_eu_core,17,12,0.978920,2.75,88,0.00,0.307593,0.011303,0,0.000000,0.5
E2,email_eu_core,18,12,0.976562,2.75,88,0.00,0.307440,0.011303,0,0.000000,0.5
E2,email_eu_core,19,12,0.980645,2.75,88,0.00,0.307302,0.011303,0,0.000000,0.5
E2,email_eu_core,20,12,0.976982,2.75,88,0.00,0.307178,0.011303,0,0.000000,0.5
E2,email_eu_core,21,12,0.969543,2.75,88,0.00,0.307067,0.011302,1,0.047619,0.5
E2,email_eu_core,22,12,0.969773,2.75,88,0.00,0.306965,0.011302,1,0.045455,0.5
E2,email_eu_core,23,12,0.970000,2.75,88,0.00,0.306873,0.011302,1,0.043478,0.5
E2,email_eu_core,24,12,0.966460,4,88,0.00,0.222220,0.011302,1,0.041667,0.5
E2,email_eu_core,25,12,0.969136,4,88,0.00,0.222179,0.011302,1,0.040000,0.5
E2,email_eu_core,26,12,0.966871,4,88,0.00,0.222141,0.011302,1,0.038462,0.5
E2,email_eu_core,27,12,0.968254,4,88,0.00,0.222106,0.011302,1,0.037037,0.5
E2,email_eu_core,28,12,0.968408,4,88,0.00,0.222073,0.011302,1,0.035714,0.5
E2,email_eu_core,29,12,0.970979,4,88,0.00,0.222043,0.011302,1,0.034483,0.5
E2,email_eu_core,30,12,0.969916,4,88,0.00,0.222015,0.011301,1,0.033333,0.5
E2,email_eu_core,1,13,1.000000,1,4.75,0.00,1.000000,0.210526,0,0.000000,0.5
E2,email_eu_core,2,13,1.000000,1,23.75,0.00,0.750000,0.041662,0,0.000000,0.5
E2,email_eu_core,3,13,0.997917,1.01724,23.75,0.00,0.696107,0.041517,0,0.000000,0.5
E2,email_eu_core,4,13,0.996226,1.01724,35,0.00,0.676383,0.028267,0,0.000000,0.5
E2,email_eu_core,5,13,0.972222,1.375,56,0.00,0.544303,0.017730,0,0.000000,0.5
E2,email_eu_core,6,13,0.940887,3,77,0.00,0.290327,0.012917,0,0.000000,0.5
E2,email_eu_core,7,13,0.937107,3,77,0.00,0.289319,0.012915,0,0.000000,0.5
E2,email_eu_core,8,13,0.955927,3,77,0.00,0.288569,0.012913,0,0.000000,0.5
E2,email_eu_core,9,13,0.970370,3,77,0.00,0.287990,0.012912,0,0.000000,0.5
E2,email_eu_core,10,13,0.978198,3,77,0.00,0.287529,0.012911,0,0.000000,0.5
E2,email_eu_core,11,13,0.985714,3,77,0.00,0.287153,0.012911,0,0.000000,0.5
E2,email_eu_core,12,13,0.980309,3,77,0.00,0.286841,0.012910,0,0.000000,0.5
E2,email_eu_core,13,13,0.977809,3,77,0.00,0.286577,0.012909,0,0.000000,0.5
E2,email_eu_core,14,13,0.974008,3,77,0.00,0.286352,0.012909,0,0.000000,0.5
E2,email_eu_core,15,13,0.973009,3,77,0.00,0.286157,0.012909,0,0.000000,0.5
E2,email_eu_core,16,13,0.968000,3,77,0.00,0.285987,0.012908,0,0.000000,0.5
E2,email_eu_core,17,13,0.963109,3,77,0.00,0.285837,0.012908,0,0.000000,0.5
E2,email_eu_core,18,13,0.962240,3,77,0.00,0.285704,0.012908,0,0.000000,0.5
E2,email_eu_core,19,13,0.963871,3,77,0.00,0.285586,0.012907,0,0.000000,0.5
E2,email_eu_core,20,13,0.957801,4.5,77,0.00,0.200258,0.012907,0,0.000000,0.5
E2,email_eu_core,21,13,0.959391,4.5,77,0.00,0.200210,0.012907,0,0.000000,0.5
E2,email_eu_core,22,13,0.957179,4.5,77,0.00,0.200167,0.012907,0,0.000000,0.5
E2,email_eu_core,23,13,0.952500,4.5,77,0.00,0.200127,0.012907,0,0.000000,0.5
E2,email_eu_core,24,13,0.956522,4.5,77,0.00,0.200091,0.012907,0,0.000000,0.5
E2,email_eu_core,25,13,0.958025,4.5,77,0.00,0.200058,0.012906,0,0.000000,0.5
E2,email_eu_core,26,13,0.961963,4.5,77,0.00,0.200027,0.012906,0,0.000000,0.5
E2,email_eu_core,27,13,0.960928,4.5,77,0.00,0.199999,0.012906,0,0.000000,0.5
E2,email_eu_core,28,13,0.959903,4.5,77,0.00,0.199972,0.012906,0,0.000000,0.5
E2,email_eu_core,29,13,0.964933,4.5,77,0.00,0.199948,0.012906,0,0.000000,0.5
E2,email_eu_core,30,13,0.963899,4.5,77,0.00,0.199925,0.012906,0,0.000000,0.5
E2,email_eu_core,1,14,1.000000,1,7,0.00,1.000000,0.142857,0,0.000000,0.5
E2,email_eu_core,2,14,0.988124,1.06098,42,0.00,0.720439,0.023668,0,0.000000,0.5
E2,email_eu_core,3,14,0.997917,1.06098,42,0.00,0.677420,0.023621,0,0.000000,0.5
E2,email_eu_core,4,14,0.992453,1.06098,42,0.00,0.658642,0.023598,0,0.000000,0.5
E2,email_eu_core,5,14,0.993056,1.06098,63,0.00,0.648094,0.015773,0,0.000000,0.5
E2,email_eu_core,6,14,0.983580,1.25926,63,0.00,0.573363,0.015768,0,0.000000,0.5
E2,email_eu_core,7,14,0.960692,2.75,70,0.00,0.311625,0.014199,0,0.000000,0.5
E2,email_eu_core,8,14,0.974164,2.75,70,0.00,0.310756,0.014197,0,0.000000,0.5
E2,email_eu_core,9,14,0.971852,2.75,70,0.00,0.310085,0.014195,0,0.000000,0.5
E2,email_eu_core,10,14,0.986919,2.75,70,0.00,0.309551,0.014194,0,0.000000,0.5
E2,email_eu_core,11,14,0.984286,2.75,70,0.00,0.309116,0.014193,0,0.000000,0.5
E2,email_eu_core,12,14,0.994374,2.75,70,0.00,0.308754,0.014193,0,0.000000,0.5
E2,email_eu_core,13,14,0.990291,2.75,70,0.00,0.308449,0.014192,0,0.000000,0.5
E2,email_eu_core,14,14,0.982216,3,70,0.00,0.286352,0.014191,0,0.000000,0.5
E2,email_eu_core,15,14,0.985155,3,70,0.00,0.286157,0.014191,0,0.000000,0.5
E2,email_eu_core,16,14,0.977333,3.33333,70,0.00,0.261289,0.014190,0,0.000000,0.5
E2,email_eu_core,17,14,0.977602,3.33333,70,0.00,0.261163,0.014190,0,0.000000,0.5
E2,email_eu_core,18,14,0.967448,9,70,0.00,0.105469,0.014190,0,0.000000,0.5
E2,email_eu_core,19,14,0.969032,9,70,0.00,0.105452,0.014189,0,0.000000,0.5
E2,email_eu_core,20,14,0.964194,9,70,0.00,0.105438,0.014189,0,0.000000,0.5
E2,email_eu_core,21,14,0.961929,9,70,0.00,0.105425,0.014189,0,0.000000,0.5
E2,email_eu_core,22,14,0.962217,9,70,0.00,0.105413,0.014189,0,0.000000,0.5
E2,email_eu_core,23,14,0.961250,9,70,0.00,0.105402,0.014189,0,0.000000,0.5
E2,email_eu_core,24,14,0.956522,9,70,0.00,0.105392,0.014188,0,0.000000,0.5
E2,email_eu_core,25,14,0.958025,9,70,0.00,0.105382,0.014188,0,0.000000,0.5
E2,email_eu_core,26,14,0.957055,9,70,0.00,0.105374,0.014188,0,0.000000,0.5
E2,email_eu_core,27,14,0.956044,9,70,0.00,0.105366,0.014188,0,0.000000,0.5
E2,email_eu_core,28,14,0.952612,9,70,0.00,0.105358,0.014188,0,0.000000,0.5
E2,email_eu_core,29,14,0.955260,9,70,0.00,0.105352,0.014188,0,0.000000,0.5
E2,email_eu_core,30,14,0.955475,9,70,0.00,0.105345,0.014188,0,0.000000,0.5
E2,email_eu_core,1,15,1.000000,1,5.5,0.00,1.000000,0.181818,0,0.000000,0.5
E2,email_eu_core,2,15,0.964371,1.20833,60,0.00,0.656361,0.016597,0,0.000000,0.5
E2,email_eu_core,3,15,0.968750,1.20833,60,0.00,0.620280,0.016574,0,0.000000,0.5
E2,email_eu_core,4,15,0.971698,1.20833,80,0.00,0.604343,0.012442,0,0.000000,0.5
E2,email_eu_core,5,15,0.970486,1.20833,110,0.00,0.595343,0.009058,0,0.000000,0.5
E2,email_eu_core,6,15,0.975369,1.20833,110,0.00,0.589558,0.009057,0,0.000000,0.5
E2,email_eu_core,7,15,0.959119,1.9375,110,0.00,0.415002,0.009056,0,0.000000,0.5
E2,email_eu_core,8,15,0.951368,1.9375,110,0.00,0.413470,0.009055,0,0.000000,0.5
E2,email_eu_core,9,15,0.970370,1.9375,110,0.00,0.412289,0.009054,0,0.000000,0.5
E2,email_eu_core,10,15,0.963663,2.875,130,0.00,0.298139,0.007666,0,0.000000,0.5
E2,email_eu_core,11,15,0.978571,2.875,130,0.00,0.297735,0.007665,0,0.000000,0.5
E2,email_eu_core,12,15,0.985935,2.875,130,0.00,0.297399,0.007665,0,0.000000,0.5
E2,email_eu_core,13,15,0.981969,2.875,130,0.00,0.297116,0.007665,0,0.000000,0.5
E2,email_eu_core,14,15,0.975376,3,130,0.00,0.286352,0.007665,0,0.000000,0.5
E2,email_eu_core,15,15,0.968961,3,130,0.00,0.286157,0.007665,0,0.000000,0.5
E2,email_eu_core,16,15,0.965333,3,130,0.00,0.285987,0.007665,0,0.000000,0.5
E2,email_eu_core,17,15,0.960474,3,130,0.00,0.285837,0.007665,0,0.000000,0.5
E2,email_eu_core,18,15,0.963542,3,130,0.00,0.285704,0.007664,0,0.000000,0.5
E2,email_eu_core,19,15,0.961290,3,130,0.00,0.285586,0.007664,0,0.000000,0.5
E2,email_eu_core,20,15,0.964194,3,130,0.00,0.285479,0.007664,0,0.000000,0.5
E2,email_eu_core,21,15,0.965736,3,130,0.00,0.285382,0.007664,0,0.000000,0.5
E2,email_eu_core,22,15,0.968514,3,130,0.00,0.285294,0.007664,0,0.000000,0.5
E2,email_eu_core,23,15,0.967500,3,130,0.00,0.285214,0.007664,0,0.000000,0.5
E2,email_eu_core,24,15,0.967702,3,130,0.00,0.285141,0.007664,0,0.000000,0.5
E2,email_eu_core,25,15,0.966667,3,130,0.00,0.285073,0.007664,0,0.000000,0.5
E2,email_eu_core,26,15,0.963190,4,130,0.00,0.222141,0.007664,0,0.000000,0.5
E2,email_eu_core,27,15,0.963370,4,130,0.00,0.222106,0.007664,0,0.000000,0.5
E2,email_eu_core,28,15,0.961118,4,130,0.00,0.222073,0.007664,0,0.000000,0.5
E2,email_eu_core,29,15,0.961306,4,130,0.00,0.222043,0.007664,0,0.000000,0.5
E2,email_eu_core,30,15,0.959085,4,130,0.00,0.222015,0.007664,0,0.000000,0.5
E2,email_eu_core,1,16,1.000000,1,10,0.00,1.000000,0.100000,0,0.000000,0.5
E2,email_eu_core,2,16,0.964371,1.20833,90,0.00,0.656361,0.011080,0,0.000000,0.5
E2,email_eu_core,3,16,0.960417,1.20833,90,0.00,0.620280,0.011070,0,0.000000,0.5
E2,email_eu_core,4,16,0.956604,1.20833,90,0.00,0.604343,0.011065,0,0.000000,0.5
E2,email_eu_core,5,16,0.913194,2.42105,90,0.00,0.350210,0.011062,0,0.000000,0.5
E2,email_eu_core,6,16,0.926108,2.42105,90,0.00,0.348155,0.011060,0,0.000000,0.5
E2,email_eu_core,7,16,0.951258,2.42105,90,0.00,0.346708,0.011058,0,0.000000,0.5
E2,email_eu_core,8,16,0.968085,2.42105,90,0.00,0.345634,0.011057,0,0.000000,0.5
E2,email_eu_core,9,16,0.970370,2.42105,90,0.00,0.344805,0.011056,0,0.000000,0.5
E2,email_eu_core,10,16,0.982558,2.42105,90,0.00,0.344145,0.011056,0,0.000000,0.5
E2,email_eu_core,11,16,0.995714,2.42105,90,0.00,0.343609,0.011055,0,0.000000,0.5
E2,email_eu_core,12,16,0.984529,4.33333,90,0.00,0.207860,0.011055,0,0.000000,0.5
E2,email_eu_core,13,16,0.980583,4.33333,90,0.00,0.207721,0.011054,0,0.000000,0.5
E2,email_eu_core,14,16,0.980848,4.33333,90,0.00,0.207603,0.011054,0,0.000000,0.5
E2,email_eu_core,15,16,0.979757,4.33333,90,0.00,0.207500,0.011054,0,0.000000,0.5
E2,email_eu_core,16,16,0.974667,4.33333,90,0.00,0.207410,0.011053,0,0.000000,0.5
E2,email_eu_core,17,16,0.972332,4.33333,90,0.00,0.207331,0.011053,0,0.000000,0.5
E2,email_eu_core,18,16,0.975260,4.33333,90,0.00,0.207261,0.011053,0,0.000000,0.5
E2,email_eu_core,19,16,0.972903,4.33333,90,0.00,0.207198,0.011053,0,0.000000,0.5
E2,email_eu_core,20,16,0.970588,4.33333,90,0.00,0.207142,0.011053,0,0.000000,0.5
E2,email_eu_core,21,16,0.969543,4.33333,90,0.00,0.207091,0.011053,0,0.000000,0.5
E2,email_eu_core,22,16,0.972292,4.33333,90,0.00,0.207044,0.011052,0,0.000000,0.5
E2,email_eu_core,23,16,0.968750,4.33333,90,0.00,0.207002,0.011052,0,0.000000,0.5
E2,email_eu_core,24,16,0.971429,4.33333,90,0.00,0.206963,0.011052,0,0.000000,0.5
E2,email_eu_core,25,16,0.972840,4.33333,90,0.00,0.206928,0.011052,0,0.000000,0.5
E2,email_eu_core,26,16,0.970552,4.33333,90,0.00,0.206895,0.011052,0,0.000000,0.5
E2,email_eu_core,27,16,0.967033,9,90,0.00,0.105366,0.011052,0,0.000000,0.5
E2,email_eu_core,28,16,0.965978,9,90,0.00,0.105358,0.011052,0,0.000000,0.5
E2,email_eu_core,29,16,0.962515,9,90,0.00,0.105352,0.011052,0,0.000000,0.5
E2,email_eu_core,30,16,0.961492,9,90,0.00,0.105345,0.011052,0,0.000000,0.5
E2,email_eu_core,1,17,1.000000,1,8,0.00,1.000000,0.125000,0,0.000000,0.5
E2,email_eu_core,2,17,0.988124,1.06098,64,0.00,0.720439,0.015564,0,0.000000,0.5
E2,email_eu_core,3,17,0.981250,1.14545,64,0.00,0.643607,0.015544,0,0.000000,0.5
E2,email_eu_core,4,17,0.996226,1.14545,64,0.00,0.626524,0.015534,0,0.000000,0.5
E2,email_eu_core,5,17,0.993056,1.14545,80,0.00,0.616898,0.012438,0,0.000000,0.5
E2,email_eu_core,6,17,0.958949,2.83333,110,0.00,0.304933,0.009057,0,0.000000,0.5
E2,email_eu_core,7,17,0.963836,2.83333,110,0.00,0.303822,0.009056,0,0.000000,0.5
E2,email_eu_core,8,17,0.980243,2.83333,110,0.00,0.302996,0.009055,0,0.000000,0.5
E2,email_eu_core,9,17,0.988148,2.83333,110,0.00,0.302357,0.009054,0,0.000000,0.5
E2,email_eu_core,10,17,0.995640,2.83333,110,0.00,0.301849,0.009054,0,0.000000,0.5
E2,email_eu_core,11,17,1.000000,2.83333,110,0.00,0.301435,0.009053,0,0.000000,0.5
E2,email_eu_core,12,17,0.998594,2.83333,110,0.00,0.301092,0.009053,0,0.000000,0.5
E2,email_eu_core,13,17,0.994452,2.83333,110,0.00,0.300802,0.009053,0,0.000000,0.5
E2,email_eu_core,14,17,0.990424,2.83333,110,0.00,0.300554,0.009053,0,0.000000,0.5
E2,email_eu_core,15,17,0.987854,2.83333,110,0.00,0.300339,0.009052,0,0.000000,0.5
E2,email_eu_core,16,17,0.989333,2.83333,110,0.00,0.300152,0.009052,0,0.000000,0.5
E2,email_eu_core,17,17,0.988142,2.83333,110,0.00,0.299987,0.009052,0,0.000000,0.5
E2,email_eu_core,18,17,0.979167,5.5,110,0.00,0.167018,0.009052,0,0.000000,0.5
E2,email_eu_core,19,17,0.981935,5.5,110,0.00,0.166977,0.009052,0,0.000000,0.5
E2,email_eu_core,20,17,0.980818,5.5,110,0.00,0.166940,0.009052,0,0.000000,0.5
E2,email_eu_core,21,17,0.978426,5.5,110,0.00,0.166907,0.009052,0,0.000000,0.5
E2,email_eu_core,22,17,0.979849,5.5,110,0.00,0.166877,0.009052,0,0.000000,0.5
E2,email_eu_core,23,17,0.978750,5.5,110,0.00,0.166849,0.009051,0,0.000000,0.5
E2,email_eu_core,24,17,0.975155,5.5,110,0.00,0.166824,0.009051,0,0.000000,0.5
E2,email_eu_core,25,17,0.972840,5.5,110,0.00,0.166801,0.009051,0,0.000000,0.5
E2,email_eu_core,26,17,0.971779,5.5,110,0.00,0.166779,0.009051,0,0.000000,0.5
E2,email_eu_core,27,17,0.976801,5.5,110,0.00,0.166760,0.009051,0,0.000000,0.5
E2,email_eu_core,28,17,0.976914,5.5,110,0.00,0.166741,0.009051,0,0.000000,0.5
E2,email_eu_core,29,17,0.975816,5.5,110,0.00,0.166724,0.009051,0,0.000000,0.5
E2,email_eu_core,30,17,0.973526,5.5,110,0.00,0.166708,0.009051,0,0.000000,0.5
E2,email_eu_core,1,18,1.000000,1,5,0.00,1.000000,0.200000,0,0.000000,0.5
E2,email_eu_core,2,18,1.000000,1,21,0.00,0.750000,0.047052,0,0.000000,0.5
E2,email_eu_core,3,18,0.997917,1.01724,32,0.00,0.696107,0.030926,0,0.000000,0.5
E2,email_eu_core,4,18,0.992453,1.04255,32,0.00,0.666020,0.030886,0,0.000000,0.5
E2,email_eu_core,5,18,0.993056,1.04255,72,0.00,0.655257,0.013812,0,0.000000,0.5
E2,email_eu_core,6,18,0.986864,1.17241,72,0.00,0.601483,0.013809,0,0.000000,0.5
E2,email_eu_core,7,18,0.976415,1.6,72,0.00,0.480393,0.013806,0,0.000000,0.5
E2,email_eu_core,8,18,0.987842,1.6,72,0.00,0.478353,0.013805,0,0.000000,0.5
E2,email_eu_core,9,18,0.988148,1.6,72,0.00,0.476784,0.013803,0,0.000000,0.5
E2,email_eu_core,10,18,0.978198,3.5,72,0.00,0.251643,0.013802,0,0.000000,0.5
E2,email_eu_core,11,18,0.980000,3.5,72,0.00,0.251355,0.013802,0,0.000000,0.5
E2,email_eu_core,12,18,0.977496,3.5,72,0.00,0.251116,0.013801,0,0.000000,0.5
E2,email_eu_core,13,18,0.975035,3.5,72,0.00,0.250913,0.013800,0,0.000000,0.5
E2,email_eu_core,14,18,0.978112,3.5,72,0.00,0.250741,0.013800,0,0.000000,0.5
E2,email_eu_core,15,18,0.977058,3.5,72,0.00,0.250591,0.013799,0,0.000000,0.5
E2,email_eu_core,16,18,0.973333,3.5,72,0.00,0.250460,0.013799,0,0.000000,0.5
E2,email_eu_core,17,18,0.965744,3.66667,72,0.00,0.240381,0.013798,0,0.000000,0.5
E2,email_eu_core,18,18,0.963542,3.66667,72,0.00,0.240287,0.013798,0,0.000000,0.5
E2,email_eu_core,19,18,0.963871,3.66667,72,0.00,0.240203,0.013798,0,0.000000,0.5
E2,email_eu_core,20,18,0.960358,3.66667,72,0.00,0.240127,0.013798,0,0.000000,0.5
E2,email_eu_core,21,18,0.961929,3.66667,72,0.00,0.240058,0.013797,0,0.000000,0.5
E2,email_eu_core,22,18,0.960957,3.66667,72,0.00,0.239996,0.013797,0,0.000000,0.5
E2,email_eu_core,23,18,0.960000,3.66667,72,0.00,0.239939,0.013797,0,0.000000,0.5
E2,email_eu_core,24,18,0.959006,3.66667,72,0.00,0.239887,0.013797,0,0.000000,0.5
E2,email_eu_core,25,18,0.959259,3.66667,72,0.00,0.239840,0.013797,0,0.000000,0.5
E2,email_eu_core,26,18,0.958282,3.66667,72,0.00,0.239795,0.013797,0,0.000000,0.5
E2,email_eu_core,27,18,0.962149,3.66667,72,0.00,0.239755,0.013796,0,0.000000,0.5
E2,email_eu_core,28,18,0.961118,3.66667,72,0.00,0.239717,0.013796,0,0.000000,0.5
E2,email_eu_core,29,18,0.961306,3.66667,72,0.00,0.239681,0.013796,0,0.000000,0.5
E2,email_eu_core,30,18,0.962696,3.66667,72,0.00,0.239649,0.013796,0,0.000000,0.5
E2,email_eu_core,1,19,1.000000,1,6,0.00,1.000000,0.166667,0,0.000000,0.5
E2,email_eu_core,2,19,0.988124,1.06098,30,0.00,0.720439,0.033056,0,0.000000,0.5
E2,email_eu_core,3,19,0.997917,1.06098,30,0.00,0.677420,0.032964,0,0.000000,0.5
E2,email_eu_core,4,19,0.977358,1.25641,49,0.00,0.588306,0.020253,0,0.000000,0.5
E2,email_eu_core,5,19,0.972222,1.25641,49,0.00,0.579752,0.020242,0,0.000000,0.5
E2,email_eu_core,6,19,0.940887,3,77,0.00,0.290327,0.012917,0,0.000000,0.5
E2,email_eu_core,7,19,0.949686,3,77,0.00,0.289319,0.012915,0,0.000000,0.5
E2,email_eu_core,8,19,0.948328,3,77,0.00,0.288569,0.012913,0,0.000000,0.5
E2,email_eu_core,9,19,0.952593,3,77,0.00,0.287990,0.012912,0,0.000000,0.5
E2,email_eu_core,10,19,0.957849,3,77,0.00,0.287529,0.012911,0,0.000000,0.5
E2,email_eu_core,11,19,0.955714,3,77,0.00,0.287153,0.012911,0,0.000000,0.5
E2,email_eu_core,12,19,0.960619,3,77,0.00,0.286841,0.012910,0,0.000000,0.5
E2,email_eu_core,13,19,0.966713,3,77,0.00,0.286577,0.012909,0,0.000000,0.5
E2,email_eu_core,14,19,0.968536,3,77,0.00,0.286352,0.012909,0,0.000000,0.5
E2,email_eu_core,15,19,0.983806,3,77,0.00,0.286157,0.012909,0,0.000000,0.5
E2,email_eu_core,16,19,0.980000,3,77,0.00,0.285987,0.012908,0,0.000000,0.5
E2,email_eu_core,17,19,0.974967,3,77,0.00,0.285837,0.012908,0,0.000000,0.5
E2,email_eu_core,18,19,0.968750,3,77,0.00,0.285704,0.012908,0,0.000000,0.5
E2,email_eu_core,19,19,0.962581,5,77,0.00,0.182137,0.012907,0,0.000000,0.5
E2,email_eu_core,20,19,0.964194,5,77,0.00,0.182093,0.012907,0,0.000000,0.5
E2,email_eu_core,21,19,0.961929,5,77,0.00,0.182054,0.012907,0,0.000000,0.5
E2,email_eu_core,22,19,0.963476,5,77,0.00,0.182018,0.012907,0,0.000000,0.5
E2,email_eu_core,23,19,0.967500,5,77,0.00,0.181985,0.012907,0,0.000000,0.5
E2,email_eu_core,24,19,0.967702,5,77,0.00,0.181955,0.012907,0,0.000000,0.5
E2,email_eu_core,25,19,0.967901,5,77,0.00,0.181927,0.012906,0,0.000000,0.5
E2,email_eu_core,26,19,0.964417,5,77,0.00,0.181902,0.012906,0,0.000000,0.5
E2,email_eu_core,27,19,0.960928,9,77,0.00,0.105366,0.012906,0,0.000000,0.5
E2,email_eu_core,28,19,0.961118,9,77,0.00,0.105358,0.012906,0,0.000000,0.5
E2,email_eu_core,29,19,0.967352,9,77,0.00,0.105352,0.012906,0,0.000000,0.5
E2,email_eu_core,30,19,0.967509,9,77,0.00,0.105345,0.012906,0,0.000000,0.5
E2,email_eu_core,1,0,1.000000,1,5,0.00,1.000000,0.200000,0,0.000000,0.8
E2,email_eu_core,2,0,1.000000,1,20,0.00,0.750000,0.049375,0,0.000000,0.8
E2,email_eu_core,3,0,1.000000,1,30,0.00,0.703704,0.032964,0,0.000000,0.8
E2,email_eu_core,4,0,0.983019,1.21951,30,0.00,0.600544,0.032919,0,0.000000,0.8
E2,email_eu_core,5,0,0.977431,1.21951,30,0.00,0.591651,0.032892,0,0.000000,0.8
E2,email_eu_core,6,0,0.991790,1.21951,30,0.00,0.585933,0.032874,0,0.000000,0.8
E2,email_eu_core,7,0,1.000000,1.21951,30,0.00,0.581945,0.032861,0,0.000000,0.8
E2,email_eu_core,8,0,1.000000,1.21951,30,0.00,0.579006,0.032851,0,0.000000,0.8
E2,email_eu_core,9,0,1.000000,1.21951,30,0.00,0.576750,0.032844,0,0.000000,0.8
E2,email_eu_core,10,0,0.997093,1.21951,30,0.00,0.574963,0.032838,0,0.000000,0.8
E2,email_eu_core,11,0,0.997143,1.21951,30,0.00,0.573513,0.032833,0,0.000000,0.8
E2,email_eu_core,12,0,0.998594,1.21951,30,0.00,0.572312,0.032829,0,0.000000,0.8
E2,email_eu_core,13,0,0.998613,1.21951,30,0.00,0.571302,0.032825,0,0.000000,0.8
E2,email_eu_core,14,0,0.998632,1.21951,30,0.00,0.570441,0.032822,0,0.000000,0.8
E2,email_eu_core,15,0,0.995951,1.21951,30,0.00,0.569697,0.032820,0,0.000000,0.8
E2,email_eu_core,16,0,0.996000,1.21951,30,0.00,0.569048,0.032818,0,0.000000,0.8
E2,email_eu_core,17,0,0.992095,1.5,30,0.00,0.493429,0.032816,0,0.000000,0.8
E2,email_eu_core,18,0,0.990885,1.5,30,0.00,0.493041,0.032814,0,0.000000,0.8
E2,email_eu_core,19,0,0.988387,1.6,30,0.00,0.470335,0.032812,0,0.000000,0.8
E2,email_eu_core,20,0,0.988491,1.6,30,0.00,0.470051,0.032811,0,0.000000,0.8
E2,email_eu_core,21,0,0.988579,1.6,30,0.00,0.469794,0.032810,0,0.000000,0.8
E2,email_eu_core,22,0,0.987406,1.6,30,0.00,0.469561,0.032808,0,0.000000,0.8
E2,email_eu_core,23,0,0.987500,1.6,30,0.00,0.469348,0.032807,0,0.000000,0.8
E2,email_eu_core,24,0,0.986335,2,30,0.00,0.396664,0.032806,0,0.000000,0.8
E2,email_eu_core,25,0,0.987654,2,30,0.00,0.396535,0.032805,0,0.000000,0.8
E2,email_eu_core,26,0,0.984049,4,30,0.00,0.222141,0.032805,0,0.000000,0.8
E2,email_eu_core,27,0,0.985348,4,30,0.00,0.222106,0.032804,0,0.000000,0.8
E2,email_eu_core,28,0,0.984204,4,30,0.00,0.222073,0.032803,0,0.000000,0.8
E2,email_eu_core,29,0,0.985490,4,30,0.00,0.222043,0.032802,0,0.000000,0.8
E2,email_eu_core,30,0,0.984356,4,30,0.00,0.222015,0.032802,0,0.000000,0.8
E2,email_eu_core,1,1,1.000000,1,2.5,0.00,1.000000,0.400000,0,0.000000,0.8
E2,email_eu_core,2,1,1.000000,1,9,0.00,0.750000,0.108025,0,0.000000,0.8
E2,email_eu_core,3,1,1.000000,1,9,0.00,0.703704,0.107047,0,0.000000,0.8
E2,email_eu_core,4,1,0.983019,1.21951,12,0.00,0.600544,0.080765,0,0.000000,0.8
E2,email_eu_core,5,1,0.980903,1.21951,16,0.00,0.591651,0.060957,0,0.000000,0.8
E2,email_eu_core,6,1,0.985222,1.21951,20,0.00,0.585933,0.048970,0,0.000000,0.8
E2,email_eu_core,7,1,1.000000,1.21951,25,0.00,0.581945,0.039321,0,0.000000,0.8
E2,email_eu_core,8,1,0.995441,1.21951,25,0.00,0.579006,0.039307,0,0.000000,0.8
E2,email_eu_core,9,1,0.991111,1.42857,25,0.00,0.517475,0.039296,0,0.000000,0.8
E2,email_eu_core,10,1,0.992733,1.42857,25,0.00,0.516018,0.039288,0,0.000000,0.8
E2,email_eu_core,11,1,0.994286,1.42857,25,0.00,0.514834,0.039281,0,0.000000,0.8
E2,email_eu_core,12,1,0.991561,1.42857,25,0.00,0.513854,0.039275,0,0.000000,0.8
E2,email_eu_core,13,1,0.991678,1.42857,25,0.00,0.513029,0.039270,0,0.000000,0.8
E2,email_eu_core,14,1,0.990424,1.42857,25,0.00,0.512325,0.039266,0,0.000000,0.8
E2,email_eu_core,15,1,0.986505,1.57143,25,0.00,0.478088,0.039262,0,0.000000,0.8
E2,email_eu_core,16,1,0.985333,1.57143,25,0.00,0.477622,0.039259,0,0.000000,0.8
E2,email_eu_core,17,1,0.984190,1.57143,25,0.00,0.477212,0.039256,0,0.000000,0.8
E2,email_eu_core,18,1,0.979167,1.8,25,0.00,0.431247,0.039253,0,0.000000,0.8
E2,email_eu_core,19,1,0.978065,1.8,25,0.00,0.430980,0.039251,0,0.000000,0.8
E2,email_eu_core,20,1,0.978261,1.8,25,0.00,0.430740,0.039249,0,0.000000,0.8
E2,email_eu_core,21,1,0.978426,1.8,25,0.00,0.430523,0.039247,0,0.000000,0.8
E2,email_eu_core,22,1,0.978589,1.8,25,0.00,0.430326,0.039246,0,0.000000,0.8
E2,email_eu_core,23,1,0.978750,1.8,25,0.00,0.430146,0.039244,0,0.000000,0.8
E2,email_eu_core,24,1,0.981366,1.8,25,0.00,0.429982,0.039243,0,0.000000,0.8
E2,email_eu_core,25,1,0.985185,1.8,25,0.00,0.429830,0.039241,0,0.000000,0.8
E2,email_eu_core,26,1,0.982822,1.8,25,0.00,0.429691,0.039240,0,0.000000,0.8
E2,email_eu_core,27,1,0.984127,1.8,25,0.00,0.429562,0.039239,0,0.000000,0.8
E2,email_eu_core,28,1,0.985419,1.8,25,0.00,0.429442,0.039238,0,0.000000,0.8
E2,email_eu_core,29,1,0.985490,1.8,25,0.00,0.429331,0.039237,0,0.000000,0.8
E2,email_eu_core,30,1,0.986763,1.8,25,0.00,0.429227,0.039236,0,0.000000,0.8
E2,email_eu_core,1,2,1.000000,1,3,0.00,1.000000,0.333333,0,0.000000,0.8
E2,email_eu_core,2,2,0.988124,1.06098,12,0.00,0.720439,0.081597,0,0.000000,0.8
E2,email_eu_core,3,2,0.997917,1.06098,16,0.00,0.677420,0.061207,0,0.000000,0.8
E2,email_eu_core,4,2,0.996226,1.06098,16,0.00,0.658642,0.061050,0,0.000000,0.8
E2,email_eu_core,5,2,0.993056,1.06098,16,0.00,0.648094,0.060957,0,0.000000,0.8
E2,email_eu_core,6,2,0.993432,1.06098,20,0.00,0.641332,0.048970,0,0.000000,0.8
E2,email_eu_core,7,2,0.993711,1.06098,20,0.00,0.636626,0.048941,0,0.000000,0.8
E2,email_eu_core,8,2,0.990881,1.1,20,0.00,0.619026,0.048920,0,0.000000,0.8
E2,email_eu_core,9,2,0.988148,1.4,20,0.00,0.524898,0.048903,0,0.000000,0.8
E2,email_eu_core,10,2,1.000000,1.4,24,0.00,0.523401,0.040894,0,0.000000,0.8
E2,email_eu_core,11,2,0.998571,1.4,24,0.00,0.522185,0.040886,0,0.000000,0.8
E2,email_eu_core,12,2,0.998594,1.4,24,0.00,0.521178,0.040880,0,0.000000,0.8
E2,email_eu_core,13,2,0.995839,1.5,24,0.00,0.495591,0.040875,0,0.000000,0.8
E2,email_eu_core,14,2,0.993160,1.5,24,0.00,0.494932,0.040870,0,0.000000,0.8
E2,email_eu_core,15,2,0.994602,1.5,24,0.00,0.494363,0.040866,0,0.000000,0.8
E2,email_eu_core,16,2,0.994667,1.5,24,0.00,0.493866,0.040863,0,0.000000,0.8
E2,email_eu_core,17,2,0.990777,1.66667,24,0.00,0.457108,0.040860,0,0.000000,0.8
E2,email_eu_core,18,2,0.989583,1.66667,24,0.00,0.456773,0.040857,0,0.000000,0.8
E2,email_eu_core,19,2,0.988387,1.66667,24,0.00,0.456474,0.040854,0,0.000000,0.8
E2,email_eu_core,20,2,0.988491,1.66667,24,0.00,0.456206,0.040852,0,0.000000,0.8
E2,email_eu_core,21,2,0.987310,1.8,24,0.00,0.430523,0.040850,0,0.000000,0.8
E2,email_eu_core,22,2,0.984887,2.25,24,0.00,0.361731,0.040848,0,0.000000,0.8
E2,email_eu_core,23,2,0.986250,2.25,24,0.00,0.361603,0.040847,0,0.000000,0.8
E2,email_eu_core,24,2,0.988820,2.25,24,0.00,0.361486,0.040845,0,0.000000,0.8
E2,email_eu_core,25,2,0.988889,2.25,24,0.00,0.361378,0.040844,0,0.000000,0.8
E2,email_eu_core,26,2,0.990184,2.25,24,0.00,0.361279,0.040843,0,0.000000,0.8
E2,email_eu_core,27,2,0.990232,2.25,24,0.00,0.361187,0.040841,0,0.000000,0.8
E2,email_eu_core,28,2,0.991495,2.25,24,0.00,0.361101,0.040840,0,0.000000,0.8
E2,email_eu_core,29,2,0.991536,2.25,24,0.00,0.361022,0.040839,0,0.000000,0.8
E2,email_eu_core,30,2,0.990373,2.25,24,0.00,0.360948,0.040838,0,0.000000,0.8
E2,email_eu_core,1,3,1.000000,1,3.66667,0.00,1.000000,0.272727,0,0.000000,0.8
E2,email_eu_core,2,3,1.000000,1,14.6667,0.00,0.750000,0.067020,0,0.000000,0.8
E2,email_eu_core,3,3,0.995833,1.03509,24,0.00,0.688381,0.041091,0,0.000000,0.8
E2,email_eu_core,4,3,1.000000,1.03509,24,0.00,0.669049,0.041020,0,0.000000,0.8
E2,email_eu_core,5,3,1.000000,1.03509,24,0.00,0.658198,0.040978,0,0.000000,0.8
E2,email_eu_core,6,3,1.000000,1.03509,36,0.00,0.651246,0.027458,0,0.000000,0.8
E2,email_eu_core,7,3,0.998428,1.03509,36,0.00,0.646410,0.027449,0,0.000000,0.8
E2,email_eu_core,8,3,0.993921,1.15789,36,0.00,0.599045,0.027443,0,0.000000,0.8
E2,email_eu_core,9,3,1.000000,1.15789,36,0.00,0.596642,0.027437,0,0.000000,0.8
E2,email_eu_core,10,3,0.998547,1.15789,36,0.00,0.594740,0.027433,0,0.000000,0.8
E2,email_eu_core,11,3,0.998571,1.15789,36,0.00,0.593197,0.027430,0,0.000000,0.8
E2,email_eu_core,12,3,1.000000,1.15789,36,0.00,0.591919,0.027427,0,0.000000,0.8
E2,email_eu_core,13,3,0.997226,1.25,36,0.00,0.562060,0.027424,0,0.000000,0.8
E2,email_eu_core,14,3,0.993160,1.42857,36,0.00,0.512325,0.027422,0,0.000000,0.8
E2,email_eu_core,15,3,0.989204,1.42857,36,0.00,0.511717,0.027421,0,0.000000,0.8
E2,email_eu_core,16,3,0.990667,1.42857,36,0.00,0.511187,0.027419,0,0.000000,0.8
E2,email_eu_core,17,3,0.989460,1.42857,36,0.00,0.510720,0.027418,0,0.000000,0.8
E2,email_eu_core,18,3,0.988281,1.42857,36,0.00,0.510306,0.027416,0,0.000000,0.8
E2,email_eu_core,19,3,0.983226,3,36,0.00,0.285586,0.027415,0,0.000000,0.8
E2,email_eu_core,20,3,0.985934,3,36,0.00,0.285479,0.027414,0,0.000000,0.8
E2,email_eu_core,21,3,0.988579,3,36,0.00,0.285382,0.027413,0,0.000000,0.8
E2,email_eu_core,22,3,0.989924,3,36,0.00,0.285294,0.027413,0,0.000000,0.8
E2,email_eu_core,23,3,0.988750,3,36,0.00,0.285214,0.027412,0,0.000000,0.8
E2,email_eu_core,24,3,0.990062,3,36,0.00,0.285141,0.027411,0,0.000000,0.8
E2,email_eu_core,25,3,0.990123,3,36,0.00,0.285073,0.027411,0,0.000000,0.8
E2,email_eu_core,26,3,0.990184,3,36,0.00,0.285011,0.027410,0,0.000000,0.8
E2,email_eu_core,27,3,0.990232,3,36,0.00,0.284954,0.027409,0,0.000000,0.8
E2,email_eu_core,28,3,0.991495,3,36,0.00,0.284900,0.027409,0,0.000000,0.8
E2,email_eu_core,29,3,0.992745,3,36,0.00,0.284851,0.027408,0,0.000000,0.8
E2,email_eu_core,30,3,0.991576,3,36,0.00,0.284804,0.027408,0,0.000000,0.8
E2,email_eu_core,1,4,1.000000,1,4,0.00,1.000000,0.250000,0,0.000000,0.8
E2,email_eu_core,2,4,0.964371,1.20833,20,0.00,0.656361,0.049375,0,0.000000,0.8
E2,email_eu_core,3,4,0.966667,1.20833,20,0.00,0.620280,0.049171,0,0.000000,0.8
E2,email_eu_core,4,4,0.966038,1.20833,20,0.00,0.604343,0.049070,0,0.000000,0.8
E2,email_eu_core,5,4,0.963542,1.20833,25,0.00,0.595343,0.039365,0,0.000000,0.8
E2,email_eu_core,6,4,0.975369,1.20833,25,0.00,0.589558,0.039339,0,0.000000,0.8
E2,email_eu_core,7,4,0.982704,1.20833,25,0.00,0.585524,0.039321,0,0.000000,0.8
E2,email_eu_core,8,4,0.987842,1.20833,25,0.00,0.582552,0.039307,0,0.000000,0.8
E2,email_eu_core,9,4,0.995556,1.20833,30,0.00,0.580269,0.032844,0,0.000000,0.8
E2,email_eu_core,10,4,1.000000,1.20833,30,0.00,0.578462,0.032838,0,0.000000,0.8
E2,email_eu_core,11,4,1.000000,1.20833,30,0.00,0.576996,0.032833,0,0.000000,0.8
E2,email_eu_core,12,4,1.000000,1.20833,30,0.00,0.575782,0.032829,0,0.000000,0.8
E2,email_eu_core,13,4,0.997226,1.375,30,0.00,0.526881,0.032825,0,0.000000,0.8
E2,email_eu_core,14,4,0.994528,1.375,30,0.00,0.526140,0.032822,0,0.000000,0.8
E2,email_eu_core,15,4,0.987854,2.2,30,0.00,0.369710,0.032820,0,0.000000,0.8
E2,email_eu_core,16,4,0.988000,2.2,30,0.00,0.369427,0.032818,0,0.000000,0.8
E2,email_eu_core,17,4,0.986825,2.2,30,0.00,0.369179,0.032816,0,0.000000,0.8
E2,email_eu_core,18,4,0.983073,2.2,30,0.00,0.368958,0.032814,0,0.000000,0.8
E2,email_eu_core,19,4,0.981935,2.2,30,0.00,0.368761,0.032812,0,0.000000,0.8
E2,email_eu_core,20,4,0.980818,2.2,30,0.00,0.368584,0.032811,0,0.000000,0.8
E2,email_eu_core,21,4,0.982234,2.2,30,0.00,0.368424,0.032810,0,0.000000,0.8
E2,email_eu_core,22,4,0.982368,2.2,30,0.00,0.368279,0.032808,0,0.000000,0.8
E2,email_eu_core,23,4,0.983750,2.2,30,0.00,0.368146,0.032807,0,0.000000,0.8
E2,email_eu_core,24,4,0.982609,2.2,30,0.00,0.368025,0.032806,0,0.000000,0.8
E2,email_eu_core,25,4,0.986420,2.2,30,0.00,0.367913,0.032805,0,0.000000,0.8
E2,email_eu_core,26,4,0.985276,2.2,30,0.00,0.367810,0.032805,0,0.000000,0.8
E2,email_eu_core,27,4,0.986569,2.2,30,0.00,0.367715,0.032804,0,0.000000,0.8
E2,email_eu_core,28,4,0.987849,2.2,30,0.00,0.367627,0.032803,0,0.000000,0.8
E2,email_eu_core,29,4,0.987908,2.2,30,0.00,0.367544,0.032802,0,0.000000,0.8
E2,email_eu_core,30,4,0.986763,2.2,30,0.00,0.367468,0.032802,0,0.000000,0.8
E2,email_eu_core,1,5,1.000000,1,4,0.00,1.000000,0.250000,0,0.000000,0.8
E2,email_eu_core,2,5,1.000000,1,25,0.00,0.750000,0.039600,0,0.000000,0.8
E2,email_eu_core,3,5,0.997917,1.01724,25,0.00,0.696107,0.039469,0,0.000000,0.8
E2,email_eu_core,4,5,0.996226,1.01724,25,0.00,0.676383,0.039404,0,0.000000,0.8
E2,email_eu_core,5,5,0.993056,1.01724,25,0.00,0.665319,0.039365,0,0.000000,0.8
E2,email_eu_core,6,5,0.993432,1.0303,25,0.00,0.653107,0.039339,0,0.000000,0.8
E2,email_eu_core,7,5,0.993711,1.0303,25,0.00,0.648247,0.039321,0,0.000000,0.8
E2,email_eu_core,8,5,0.990881,1.1,25,0.00,0.619026,0.039307,0,0.000000,0.8
E2,email_eu_core,9,5,0.997037,1.1,25,0.00,0.616475,0.039296,0,0.000000,0.8
E2,email_eu_core,10,5,1.001453,1.1,25,0.00,0.614457,0.039288,0,0.000000,0.8
E2,email_eu_core,11,5,1.000000,1.18182,25,0.00,0.585412,0.039281,0,0.000000,0.8
E2,email_eu_core,12,5,1.000000,1.18182,30,0.00,0.584165,0.032829,0,0.000000,0.8
E2,email_eu_core,13,5,0.998613,1.22222,30,0.00,0.570470,0.032825,0,0.000000,0.8
E2,email_eu_core,14,5,0.995896,1.375,30,0.00,0.526140,0.032822,0,0.000000,0.8
E2,email_eu_core,15,5,0.991903,1.57143,30,0.00,0.478088,0.032820,0,0.000000,0.8
E2,email_eu_core,16,5,0.992000,1.57143,30,0.00,0.477622,0.032818,0,0.000000,0.8
E2,email_eu_core,17,5,0.986825,2,30,0.00,0.398002,0.032816,0,0.000000,0.8
E2,email_eu_core,18,5,0.984375,2,30,0.00,0.397746,0.032814,0,0.000000,0.8
E2,email_eu_core,19,5,0.984516,2,30,0.00,0.397518,0.032812,0,0.000000,0.8
E2,email_eu_core,20,5,0.985934,2,30,0.00,0.397312,0.032811,0,0.000000,0.8
E2,email_eu_core,21,5,0.989848,2,30,0.00,0.397127,0.032810,0,0.000000,0.8
E2,email_eu_core,22,5,0.988665,2,30,0.00,0.396959,0.032808,0,0.000000,0.8
E2,email_eu_core,23,5,0.991250,2,30,0.00,0.396805,0.032807,0,0.000000,0.8
E2,email_eu_core,24,5,0.991304,2,30,0.00,0.396664,0.032806,0,0.000000,0.8
E2,email_eu_core,25,5,0.992593,2,30,0.00,0.396535,0.032805,0,0.000000,0.8
E2,email_eu_core,26,5,0.992638,2,30,0.00,0.396416,0.032805,0,0.000000,0.8
E2,email_eu_core,27,5,0.993895,2,30,0.00,0.396306,0.032804,0,0.000000,0.8
E2,email_eu_core,28,5,0.992710,2,30,0.00,0.396204,0.032803,0,0.000000,0.8
E2,email_eu_core,29,5,0.992745,2,30,0.00,0.396108,0.032802,0,0.000000,0.8
E2,email_eu_core,30,5,0.992780,2,30,0.00,0.396020,0.032802,0,0.000000,0.8
E2,email_eu_core,1,6,1.000000,1,4,0.00,1.000000,0.250000,0,0.000000,0.8
E2,email_eu_core,2,6,0.988124,1.06098,16,0.00,0.720439,0.061523,0,0.000000,0.8
E2,email_eu_core,3,6,0.997917,1.06098,16,0.00,0.677420,0.061207,0,0.000000,0.8
E2,email_eu_core,4,6,0.977358,1.25641,16,0.00,0.588306,0.061050,0,0.000000,0.8
E2,email_eu_core,5,6,0.972222,1.25641,16,0.00,0.579752,0.060957,0,0.000000,0.8
E2,email_eu_core,6,6,0.965517,1.39286,16,0.00,0.534512,0.060895,0,0.000000,0.8
E2,email_eu_core,7,6,0.977987,1.39286,16,0.00,0.531161,0.060851,0,0.000000,0.8
E2,email_eu_core,8,6,0.995441,1.39286,20,0.00,0.528686,0.048920,0,0.000000,0.8
E2,email_eu_core,9,6,0.997037,1.39286,20,0.00,0.526785,0.048903,0,0.000000,0.8
E2,email_eu_core,10,6,1.001453,1.39286,20,0.00,0.525278,0.048890,0,0.000000,0.8
E2,email_eu_core,11,6,1.000000,1.39286,20,0.00,0.524054,0.048879,0,0.000000,0.8
E2,email_eu_core,12,6,1.000000,1.39286,20,0.00,0.523040,0.048870,0,0.000000,0.8
E2,email_eu_core,13,6,1.001387,1.39286,20,0.00,0.522187,0.048862,0,0.000000,0.8
E2,email_eu_core,14,6,1.000000,1.39286,20,0.00,0.521458,0.048856,0,0.000000,0.8
E2,email_eu_core,15,6,0.998650,1.39286,20,0.00,0.520830,0.048850,0,0.000000,0.8
E2,email_eu_core,16,6,0.997333,1.39286,20,0.00,0.520281,0.048845,0,0.000000,0.8
E2,email_eu_core,17,6,0.993412,1.5,20,0.00,0.493429,0.048841,0,0.000000,0.8
E2,email_eu_core,18,6,0.989583,1.5,20,0.00,0.493041,0.048837,0,0.000000,0.8
E2,email_eu_core,19,6,0.992258,1.5,25,0.00,0.492695,0.039251,0,0.000000,0.8
E2,email_eu_core,20,6,0.994885,1.5,25,0.00,0.492385,0.039249,0,0.000000,0.8
E2,email_eu_core,21,6,0.996193,1.5,25,0.00,0.492104,0.039247,0,0.000000,0.8
E2,email_eu_core,22,6,0.994962,1.5,25,0.00,0.491849,0.039246,0,0.000000,0.8
E2,email_eu_core,23,6,0.992500,1.5,25,0.00,0.491617,0.039244,0,0.000000,0.8
E2,email_eu_core,24,6,0.992547,1.5,25,0.00,0.491404,0.039243,0,0.000000,0.8
E2,email_eu_core,25,6,0.992593,1.5,25,0.00,0.491208,0.039241,0,0.000000,0.8
E2,email_eu_core,26,6,0.993865,1.5,25,0.00,0.491028,0.039240,0,0.000000,0.8
E2,email_eu_core,27,6,0.995116,1.5,25,0.00,0.490861,0.039239,0,0.000000,0.8
E2,email_eu_core,28,6,0.995140,1.5,25,0.00,0.490707,0.039238,0,0.000000,0.8
E2,email_eu_core,29,6,0.996372,1.5,25,0.00,0.490563,0.039237,0,0.000000,0.8
E2,email_eu_core,30,6,0.996390,1.5,25,0.00,0.490429,0.039236,0,0.000000,0.8
E2,email_eu_core,1,7,1.000000,1,4,0.00,1.000000,0.250000,0,0.000000,0.8
E2,email_eu_core,2,7,0.988124,1.06098,20,0.00,0.720439,0.049375,0,0.000000,0.8
E2,email_eu_core,3,7,0.997917,1.06098,20,0.00,0.677420,0.049171,0,0.000000,0.8
E2,email_eu_core,4,7,0.996226,1.06098,20,0.00,0.658642,0.049070,0,0.000000,0.8
E2,email_eu_core,5,7,0.993056,1.06098,20,0.00,0.648094,0.049010,0,0.000000,0.8
E2,email_eu_core,6,7,0.986864,1.17241,20,0.00,0.601483,0.048970,0,0.000000,0.8
E2,email_eu_core,7,7,0.993711,1.17241,20,0.00,0.597297,0.048941,0,0.000000,0.8
E2,email_eu_core,8,7,0.990881,1.17241,20,0.00,0.594212,0.048920,0,0.000000,0.8
E2,email_eu_core,9,7,0.997037,1.17241,20,0.00,0.591845,0.048903,0,0.000000,0.8
E2,email_eu_core,10,7,1.000000,1.17241,20,0.00,0.589971,0.048890,0,0.000000,0.8
E2,email_eu_core,11,7,0.997143,1.3,24,0.00,0.549524,0.040886,0,0.000000,0.8
E2,email_eu_core,12,7,0.998594,1.3,24,0.00,0.548415,0.040880,0,0.000000,0.8
E2,email_eu_core,13,7,0.995839,1.3,24,0.00,0.547482,0.040875,0,0.000000,0.8
E2,email_eu_core,14,7,0.995896,1.3,24,0.00,0.546686,0.040870,0,0.000000,0.8
E2,email_eu_core,15,7,0.993252,1.3,24,0.00,0.545999,0.040866,0,0.000000,0.8
E2,email_eu_core,16,7,0.993333,1.3,24,0.00,0.545400,0.040863,0,0.000000,0.8
E2,email_eu_core,17,7,0.992095,1.3,36,0.00,0.544872,0.027418,0,0.000000,0.8
E2,email_eu_core,18,7,0.990885,1.3,36,0.00,0.544405,0.027416,0,0.000000,0.8
E2,email_eu_core,19,7,0.988387,1.4,36,0.00,0.517154,0.027415,0,0.000000,0.8
E2,email_eu_core,20,7,0.987212,1.4,36,0.00,0.516814,0.027414,0,0.000000,0.8
E2,email_eu_core,21,7,0.988579,1.4,36,0.00,0.516506,0.027413,0,0.000000,0.8
E2,email_eu_core,22,7,0.987406,1.4,36,0.00,0.516227,0.027413,0,0.000000,0.8
E2,email_eu_core,23,7,0.985000,1.75,36,0.00,0.439344,0.027412,0,0.000000,0.8
E2,email_eu_core,24,7,0.985093,1.75,36,0.00,0.439172,0.027411,0,0.000000,0.8
E2,email_eu_core,25,7,0.983951,1.75,36,0.00,0.439015,0.027411,0,0.000000,0.8
E2,email_eu_core,26,7,0.985276,1.75,36,0.00,0.438869,0.027410,0,0.000000,0.8
E2,email_eu_core,27,7,0.985348,1.75,36,0.00,0.438735,0.027409,0,0.000000,0.8
E2,email_eu_core,28,7,0.985419,1.75,36,0.00,0.438610,0.027409,0,0.000000,0.8
E2,email_eu_core,29,7,0.987908,1.75,36,0.00,0.438494,0.027408,0,0.000000,0.8
E2,email_eu_core,30,7,0.986763,2,36,0.00,0.396020,0.027408,0,0.000000,0.8
E2,email_eu_core,1,8,1.000000,1,2.5,0.00,1.000000,0.400000,0,0.000000,0.8
E2,email_eu_core,2,8,0.988124,1.06098,16,0.00,0.720439,0.061523,0,0.000000,0.8
E2,email_eu_core,3,8,0.979167,1.16667,16,0.00,0.635569,0.061207,0,0.000000,0.8
E2,email_eu_core,4,8,0.977358,1.16667,24,0.00,0.618883,0.041020,0,0.000000,0.8
E2,email_eu_core,5,8,0.972222,1.16667,28,0.00,0.609474,0.035208,0,0.000000,0.8
E2,email_eu_core,6,8,0.970443,1.25806,28,0.00,0.573734,0.035187,0,0.000000,0.8
E2,email_eu_core,7,8,0.981132,1.25806,28,0.00,0.569900,0.035172,0,0.000000,0.8
E2,email_eu_core,8,8,0.990881,1.25806,28,0.00,0.567074,0.035161,0,0.000000,0.8
E2,email_eu_core,9,8,0.995556,1.25806,28,0.00,0.564903,0.035153,0,0.000000,0.8
E2,email_eu_core,10,8,1.000000,1.25806,28,0.00,0.563184,0.035146,0,0.000000,0.8
E2,email_eu_core,11,8,1.001429,1.25806,28,0.00,0.561789,0.035140,0,0.000000,0.8
E2,email_eu_core,12,8,0.998594,1.25806,28,0.00,0.560633,0.035135,0,0.000000,0.8
E2,email_eu_core,13,8,0.998613,1.25806,28,0.00,0.559661,0.035131,0,0.000000,0.8
E2,email_eu_core,14,8,0.998632,1.25806,28,0.00,0.558832,0.035128,0,0.000000,0.8
E2,email_eu_core,15,8,0.997301,1.25806,28,0.00,0.558116,0.035125,0,0.000000,0.8
E2,email_eu_core,16,8,0.996000,1.25806,28,0.00,0.557491,0.035123,0,0.000000,0.8
E2,email_eu_core,17,8,0.993412,1.28571,28,0.00,0.548930,0.035120,0,0.000000,0.8
E2,email_eu_core,18,8,0.993490,1.28571,28,0.00,0.548456,0.035118,0,0.000000,0.8
E2,email_eu_core,19,8,0.993548,1.28571,28,0.00,0.548033,0.035116,0,0.000000,0.8
E2,email_eu_core,20,8,0.993606,1.28571,28,0.00,0.547653,0.035115,0,0.000000,0.8
E2,email_eu_core,21,8,0.994924,1.28571,28,0.00,0.547310,0.035113,0,0.000000,0.8
E2,email_eu_core,22,8,0.992443,1.75,28,0.00,0.439531,0.035112,0,0.000000,0.8
E2,email_eu_core,23,8,0.990000,1.75,28,0.00,0.439344,0.035111,0,0.000000,0.8
E2,email_eu_core,24,8,0.990062,1.75,28,0.00,0.439172,0.035110,0,0.000000,0.8
E2,email_eu_core,25,8,0.990123,1.75,28,0.00,0.439015,0.035109,0,0.000000,0.8
E2,email_eu_core,26,8,0.990184,1.75,28,0.00,0.438869,0.035108,0,0.000000,0.8
E2,email_eu_core,27,8,0.993895,1.75,28,0.00,0.438735,0.035107,0,0.000000,0.8
E2,email_eu_core,28,8,0.993925,1.75,28,0.00,0.438610,0.035106,0,0.000000,0.8
E2,email_eu_core,29,8,0.993954,1.75,28,0.00,0.438494,0.035105,0,0.000000,0.8
E2,email_eu_core,30,8,0.993983,1.75,28,0.00,0.438386,0.035105,0,0.000000,0.8
E2,email_eu_core,1,9,1.000000,1,4,0.00,1.000000,0.250000,0,0.000000,0.8
E2,email_eu_core,2,9,0.988124,1.06098,12,0.00,0.720439,0.081597,0,0.000000,0.8
E2,email_eu_core,3,9,0.979167,1.16667,12,0.00,0.635569,0.081040,0,0.000000,0.8
E2,email_eu_core,4,9,0.977358,1.16667,12,0.00,0.618883,0.080765,0,0.000000,0.8
E2,email_eu_core,5,9,0.972222,1.16667,18,0.00,0.609474,0.054335,0,0.000000,0.8
E2,email_eu_core,6,9,0.983580,1.16667,28,0.00,0.603431,0.035187,0,0.000000,0.8
E2,email_eu_core,7,9,0.985849,1.17857,28,0.00,0.595249,0.035172,0,0.000000,0.8
E2,email_eu_core,8,9,0.986322,1.17857,28,0.00,0.592184,0.035161,0,0.000000,0.8
E2,email_eu_core,9,9,0.983704,1.46667,28,0.00,0.507878,0.035153,0,0.000000,0.8
E2,email_eu_core,10,9,0.994186,1.46667,28,0.00,0.506472,0.035146,0,0.000000,0.8
E2,email_eu_core,11,9,0.990000,1.46667,28,0.00,0.505330,0.035140,0,0.000000,0.8
E2,email_eu_core,12,9,0.991561,1.46667,28,0.00,0.504384,0.035135,0,0.000000,0.8
E2,email_eu_core,13,9,0.983356,3,28,0.00,0.286577,0.035131,0,0.000000,0.8
E2,email_eu_core,14,9,0.986320,3,28,0.00,0.286352,0.035128,0,0.000000,0.8
E2,email_eu_core,15,9,0.985155,3,28,0.00,0.286157,0.035125,0,0.000000,0.8
E2,email_eu_core,16,9,0.982667,3,28,0.00,0.285987,0.035123,0,0.000000,0.8
E2,email_eu_core,17,9,0.982872,3,28,0.00,0.285837,0.035120,0,0.000000,0.8
E2,email_eu_core,18,9,0.984375,3,28,0.00,0.285704,0.035118,0,0.000000,0.8
E2,email_eu_core,19,9,0.985806,3,28,0.00,0.285586,0.035116,0,0.000000,0.8
E2,email_eu_core,20,9,0.983376,3,28,0.00,0.285479,0.035115,0,0.000000,0.8
E2,email_eu_core,21,9,0.983503,3,28,0.00,0.285382,0.035113,0,0.000000,0.8
E2,email_eu_core,22,9,0.984887,3,28,0.00,0.285294,0.035112,0,0.000000,0.8
E2,email_eu_core,23,9,0.985000,3,28,0.00,0.285214,0.035111,0,0.000000,0.8
E2,email_eu_core,24,9,0.983851,3,28,0.00,0.285141,0.035110,0,0.000000,0.8
E2,email_eu_core,25,9,0.986420,3,28,0.00,0.285073,0.035109,0,0.000000,0.8
E2,email_eu_core,26,9,0.987730,3,28,0.00,0.285011,0.035108,0,0.000000,0.8
E2,email_eu_core,27,9,0.990232,3,28,0.00,0.284954,0.035107,0,0.000000,0.8
E2,email_eu_core,28,9,0.990279,3,28,0.00,0.284900,0.035106,0,0.000000,0.8
E2,email_eu_core,29,9,0.990326,3,28,0.00,0.284851,0.035105,0,0.000000,0.8
E2,email_eu_core,30,9,0.991576,3,28,0.00,0.284804,0.035105,0,0.000000,0.8
E2,email_eu_core,1,10,1.000000,1,3,0.00,1.000000,0.333333,0,0.000000,0.8
E2,email_eu_core,2,10,0.964371,1.20833,12,0.00,0.656361,0.081597,0,0.000000,0.8
E2,email_eu_core,3,10,0.958333,1.20833,15,0.00,0.620280,0.065196,0,0.000000,0.8
E2,email_eu_core,4,10,0.962264,1.20833,17.5,0.00,0.604343,0.055930,0,0.000000,0.8
E2,email_eu_core,5,10,0.958333,1.20833,25,0.00,0.595343,0.039365,0,0.000000,0.8
E2,email_eu_core,6,10,0.958949,1.3125,30,0.00,0.557276,0.032874,0,0.000000,0.8
E2,email_eu_core,7,10,0.981132,1.3125,30,0.00,0.553648,0.032861,0,0.000000,0.8
E2,email_eu_core,8,10,0.984802,1.3125,30,0.00,0.550971,0.032851,0,0.000000,0.8
E2,email_eu_core,9,10,0.994074,1.3125,30,0.00,0.548915,0.032844,0,0.000000,0.8
E2,email_eu_core,10,10,1.000000,1.3125,30,0.00,0.547286,0.032838,0,0.000000,0.8
E2,email_eu_core,11,10,0.998571,1.3125,30,0.00,0.545963,0.032833,0,0.000000,0.8
E2,email_eu_core,12,10,0.995781,1.33333,30,0.00,0.539048,0.032829,0,0.000000,0.8
E2,email_eu_core,13,10,0.998613,1.33333,30,0.00,0.538145,0.032825,0,0.000000,0.8
E2,email_eu_core,14,10,0.995896,1.33333,30,0.00,0.537374,0.032822,0,0.000000,0.8
E2,email_eu_core,15,10,0.993252,1.33333,30,0.00,0.536709,0.032820,0,0.000000,0.8
E2,email_eu_core,16,10,0.992000,1.33333,30,0.00,0.536128,0.032818,0,0.000000,0.8
E2,email_eu_core,17,10,0.985507,2.25,30,0.00,0.362600,0.032816,0,0.000000,0.8
E2,email_eu_core,18,10,0.981771,2.25,30,0.00,0.362387,0.032814,0,0.000000,0.8
E2,email_eu_core,19,10,0.980645,2.25,30,0.00,0.362197,0.032812,0,0.000000,0.8
E2,email_eu_core,20,10,0.982097,2.25,30,0.00,0.362026,0.032811,0,0.000000,0.8
E2,email_eu_core,21,10,0.983503,2.25,30,0.00,0.361871,0.032810,0,0.000000,0.8
E2,email_eu_core,22,10,0.982368,2.25,30,0.00,0.361731,0.032808,0,0.000000,0.8
E2,email_eu_core,23,10,0.981250,2.25,30,0.00,0.361603,0.032807,0,0.000000,0.8
E2,email_eu_core,24,10,0.982609,2.25,30,0.00,0.361486,0.032806,0,0.000000,0.8
E2,email_eu_core,25,10,0.980247,2.25,30,0.00,0.361378,0.032805,0,0.000000,0.8
E2,email_eu_core,26,10,0.981595,2.25,30,0.00,0.361279,0.032805,0,0.000000,0.8
E2,email_eu_core,27,10,0.980464,2.25,30,0.00,0.361187,0.032804,0,0.000000,0.8
E2,email_eu_core,28,10,0.980559,2.25,30,0.00,0.361101,0.032803,0,0.000000,0.8
E2,email_eu_core,29,10,0.981862,2.25,30,0.00,0.361022,0.032802,0,0.000000,0.8
E2,email_eu_core,30,10,0.981949,2.25,30,0.00,0.360948,0.032802,0,0.000000,0.8
E2,email_eu_core,1,11,1.000000,1,3,0.00,1.000000,0.333333,0,0.000000,0.8
E2,email_eu_core,2,11,0.988124,1.06098,12,0.00,0.720439,0.081597,0,0.000000,0.8
E2,email_eu_core,3,11,0.997917,1.06098,12,0.00,0.677420,0.081040,0,0.000000,0.8
E2,email_eu_core,4,11,0.996226,1.06098,18,0.00,0.658642,0.054409,0,0.000000,0.8
E2,email_eu_core,5,11,0.993056,1.06098,24,0.00,0.648094,0.040978,0,0.000000,0.8
E2,email_eu_core,6,11,0.983580,1.25926,24,0.00,0.573363,0.040950,0,0.000000,0.8
E2,email_eu_core,7,11,0.988994,1.25926,24,0.00,0.569534,0.040930,0,0.000000,0.8
E2,email_eu_core,8,11,0.990881,1.25926,24,0.00,0.566711,0.040915,0,0.000000,0.8
E2,email_eu_core,9,11,0.997037,1.25926,24,0.00,0.564543,0.040903,0,0.000000,0.8
E2,email_eu_core,10,11,1.000000,1.25926,24,0.00,0.562826,0.040894,0,0.000000,0.8
E2,email_eu_core,11,11,0.991429,2.16667,24,0.00,0.375935,0.040886,0,0.000000,0.8
E2,email_eu_core,12,11,0.991561,2.16667,24,0.00,0.375403,0.040880,0,0.000000,0.8
E2,email_eu_core,13,11,0.991678,2.16667,24,0.00,0.374954,0.040875,0,0.000000,0.8
E2,email_eu_core,14,11,0.995896,2.16667,24,0.00,0.374571,0.040870,0,0.000000,0.8
E2,email_eu_core,15,11,0.994602,2.16667,24,0.00,0.374240,0.040866,0,0.000000,0.8
E2,email_eu_core,16,11,0.990667,2.16667,24,0.00,0.373951,0.040863,0,0.000000,0.8
E2,email_eu_core,17,11,0.988142,2.16667,24,0.00,0.373696,0.040860,0,0.000000,0.8
E2,email_eu_core,18,11,0.984375,2.16667,24,0.00,0.373470,0.040857,0,0.000000,0.8
E2,email_eu_core,19,11,0.987097,2.16667,24,0.00,0.373268,0.040854,0,0.000000,0.8
E2,email_eu_core,20,11,0.983376,2.5,24,0.00,0.332392,0.040852,0,0.000000,0.8
E2,email_eu_core,21,11,0.984772,2.5,24,0.00,0.332261,0.040850,0,0.000000,0.8
E2,email_eu_core,22,11,0.983627,2.5,24,0.00,0.332143,0.040848,0,0.000000,0.8
E2,email_eu_core,23,11,0.988750,2.5,24,0.00,0.332035,0.040847,0,0.000000,0.8
E2,email_eu_core,24,11,0.991304,2.5,24,0.00,0.331936,0.040845,0,0.000000,0.8
E2,email_eu_core,25,11,0.990123,2.5,24,0.00,0.331845,0.040844,0,0.000000,0.8
E2,email_eu_core,26,11,0.988957,2.5,24,0.00,0.331761,0.040843,0,0.000000,0.8
E2,email_eu_core,27,11,0.990232,2.5,24,0.00,0.331683,0.040841,0,0.000000,0.8
E2,email_eu_core,28,11,0.987849,3,24,0.00,0.284900,0.040840,0,0.000000,0.8
E2,email_eu_core,29,11,0.989117,3,24,0.00,0.284851,0.040839,0,0.000000,0.8
E2,email_eu_core,30,11,0.987966,3,24,0.00,0.284804,0.040838,0,0.000000,0.8
E2,email_eu_core,1,12,1.000000,1,3,0.00,1.000000,0.333333,0,0.000000,0.8
E2,email_eu_core,2,12,1.000000,1,18,0.00,0.750000,0.054784,0,0.000000,0.8
E2,email_eu_core,3,12,0.997917,1.01724,24,0.00,0.696107,0.041091,0,0.000000,0.8
E2,email_eu_core,4,12,0.996226,1.01724,24,0.00,0.676383,0.041020,0,0.000000,0.8
E2,email_eu_core,5,12,0.993056,1.01724,24,0.00,0.665319,0.040978,0,0.000000,0.8
E2,email_eu_core,6,12,0.995074,1.01724,24,0.00,0.658233,0.040950,0,0.000000,0.8
E2,email_eu_core,7,12,0.995283,1.01724,24,0.00,0.653305,0.040930,0,0.000000,0.8
E2,email_eu_core,8,12,0.993921,1.04762,24,0.00,0.638130,0.040915,0,0.000000,0.8
E2,email_eu_core,9,12,0.995556,1.05556,24,0.00,0.632500,0.040903,0,0.000000,0.8
E2,email_eu_core,10,12,0.991279,1.6,24,0.00,0.475540,0.040894,0,0.000000,0.8
E2,email_eu_core,11,12,0.991429,1.6,24,0.00,0.474528,0.040886,0,0.000000,0.8
E2,email_eu_core,12,12,0.988748,1.66667,24,0.00,0.459640,0.040880,0,0.000000,0.8
E2,email_eu_core,13,12,0.995839,1.66667,30,0.00,0.458974,0.032825,0,0.000000,0.8
E2,email_eu_core,14,12,0.991792,1.66667,30,0.00,0.458405,0.032822,0,0.000000,0.8
E2,email_eu_core,15,12,0.991903,1.66667,30,0.00,0.457914,0.032820,0,0.000000,0.8
E2,email_eu_core,16,12,0.993333,1.66667,30,0.00,0.457485,0.032818,0,0.000000,0.8
E2,email_eu_core,17,12,0.989460,1.66667,30,0.00,0.457108,0.032816,0,0.000000,0.8
E2,email_eu_core,18,12,0.985677,1.66667,30,0.00,0.456773,0.032814,0,0.000000,0.8
E2,email_eu_core,19,12,0.987097,1.66667,30,0.00,0.456474,0.032812,0,0.000000,0.8
E2,email_eu_core,20,12,0.989770,1.66667,30,0.00,0.456206,0.032811,0,0.000000,0.8
E2,email_eu_core,21,12,0.987310,2,30,0.00,0.397127,0.032810,0,0.000000,0.8
E2,email_eu_core,22,12,0.987406,2,30,0.00,0.396959,0.032808,0,0.000000,0.8
E2,email_eu_core,23,12,0.986250,2,30,0.00,0.396805,0.032807,0,0.000000,0.8
E2,email_eu_core,24,12,0.987578,2,30,0.00,0.396664,0.032806,0,0.000000,0.8
E2,email_eu_core,25,12,0.986420,2,30,0.00,0.396535,0.032805,0,0.000000,0.8
E2,email_eu_core,26,12,0.988957,2,30,0.00,0.396416,0.032805,0,0.000000,0.8
E2,email_eu_core,27,12,0.989011,2,30,0.00,0.396306,0.032804,0,0.000000,0.8
E2,email_eu_core,28,12,0.990279,2,30,0.00,0.396204,0.032803,0,0.000000,0.8
E2,email_eu_core,29,12,0.990326,2,30,0.00,0.396108,0.032802,0,0.000000,0.8
E2,email_eu_core,30,12,0.989170,2,30,0.00,0.396020,0.032802,0,0.000000,0.8
E2,email_eu_core,1,13,1.000000,1,2,0.00,1.000000,0.500000,0,0.000000,0.8
E2,email_eu_core,2,13,1.000000,1,10,0.00,0.750000,0.097500,0,0.000000,0.8
E2,email_eu_core,3,13,0.995833,1.03509,10,0.00,0.688381,0.096704,0,0.000000,0.8
E2,email_eu_core,4,13,0.996226,1.04,15,0.00,0.667053,0.065018,0,0.000000,0.8
E2,email_eu_core,5,13,0.993056,1.04,20,0.00,0.656260,0.049010,0,0.000000,0.8
E2,email_eu_core,6,13,0.993432,1.04,20,0.00,0.649345,0.048970,0,0.000000,0.8
E2,email_eu_core,7,13,0.993711,1.04,24,0.00,0.644534,0.040930,0,0.000000,0.8
E2,email_eu_core,8,13,0.990881,1.1,24,0.00,0.619026,0.040915,0,0.000000,0.8
E2,email_eu_core,9,13,0.988148,1.4,24,0.00,0.524898,0.040903,0,0.000000,0.8
E2,email_eu_core,10,13,0.994186,1.4,24,0.00,0.523401,0.040894,0,0.000000,0.8
E2,email_eu_core,11,13,0.994286,1.4,24,0.00,0.522185,0.040886,0,0.000000,0.8
E2,email_eu_core,12,13,0.992968,1.4,24,0.00,0.521178,0.040880,0,0.000000,0.8
E2,email_eu_core,13,13,0.986130,2.4,24,0.00,0.345242,0.040875,0,0.000000,0.8
E2,email_eu_core,14,13,0.987688,2.4,24,0.00,0.344917,0.040870,0,0.000000,0.8
E2,email_eu_core,15,13,0.983806,2.4,24,0.00,0.344635,0.040866,0,0.000000,0.8
E2,email_eu_core,16,13,0.982667,2.4,24,0.00,0.344389,0.040863,0,0.000000,0.8
E2,email_eu_core,17,13,0.978920,2.4,24,0.00,0.344173,0.040860,0,0.000000,0.8
E2,email_eu_core,18,13,0.979167,2.4,24,0.00,0.343981,0.040857,0,0.000000,0.8
E2,email_eu_core,19,13,0.980645,2.4,24,0.00,0.343809,0.040854,0,0.000000,0.8
E2,email_eu_core,20,13,0.980818,2.4,24,0.00,0.343655,0.040852,0,0.000000,0.8
E2,email_eu_core,21,13,0.980964,2.4,24,0.00,0.343515,0.040850,0,0.000000,0.8
E2,email_eu_core,22,13,0.982368,2.4,24,0.00,0.343389,0.040848,0,0.000000,0.8
E2,email_eu_core,23,13,0.985000,2.4,24,0.00,0.343273,0.040847,0,0.000000,0.8
E2,email_eu_core,24,13,0.983851,2.4,24,0.00,0.343167,0.040845,0,0.000000,0.8
E2,email_eu_core,25,13,0.982716,2.4,24,0.00,0.343070,0.040844,0,0.000000,0.8
E2,email_eu_core,26,13,0.981595,2.4,24,0.00,0.342980,0.040843,0,0.000000,0.8
E2,email_eu_core,27,13,0.982906,2.4,24,0.00,0.342897,0.040841,0,0.000000,0.8
E2,email_eu_core,28,13,0.982989,2.4,24,0.00,0.342820,0.040840,0,0.000000,0.8
E2,email_eu_core,29,13,0.981862,2.4,24,0.00,0.342749,0.040839,0,0.000000,0.8
E2,email_eu_core,30,13,0.983153,2.4,24,0.00,0.342682,0.040838,0,0.000000,0.8
E2,email_eu_core,1,14,1.000000,1,3,0.00,1.000000,0.333333,0,0.000000,0.8
E2,email_eu_core,2,14,1.000000,1,21,0.00,0.750000,0.047052,0,0.000000,0.8
E2,email_eu_core,3,14,0.997917,1.01724,21,0.00,0.696107,0.046867,0,0.000000,0.8
E2,email_eu_core,4,14,0.992453,1.04255,35,0.00,0.666020,0.028267,0,0.000000,0.8
E2,email_eu_core,5,14,0.993056,1.04255,35,0.00,0.655257,0.028247,0,0.000000,0.8
E2,email_eu_core,6,14,0.986864,1.17241,35,0.00,0.601483,0.028233,0,0.000000,0.8
E2,email_eu_core,7,14,0.981132,1.3913,35,0.00,0.531579,0.028224,0,0.000000,0.8
E2,email_eu_core,8,14,0.995441,1.3913,35,0.00,0.529101,0.028217,0,0.000000,0.8
E2,email_eu_core,9,14,0.991111,1.3913,35,0.00,0.527197,0.028211,0,0.000000,0.8
E2,email_eu_core,10,14,0.994186,1.3913,35,0.00,0.525687,0.028207,0,0.000000,0.8
E2,email_eu_core,11,14,1.000000,1.3913,35,0.00,0.524462,0.028203,0,0.000000,0.8
E2,email_eu_core,12,14,1.002813,1.3913,35,0.00,0.523446,0.028200,0,0.000000,0.8
E2,email_eu_core,13,14,1.002774,1.3913,35,0.00,0.522592,0.028198,0,0.000000,0.8
E2,email_eu_core,14,14,1.000000,1.3913,35,0.00,0.521862,0.028195,0,0.000000,0.8
E2,email_eu_core,15,14,1.000000,1.3913,35,0.00,0.521233,0.028194,0,0.000000,0.8
E2,email_eu_core,16,14,0.997333,1.3913,35,0.00,0.520684,0.028192,0,0.000000,0.8
E2,email_eu_core,17,14,0.997365,1.3913,35,0.00,0.520200,0.028190,0,0.000000,0.8
E2,email_eu_core,18,14,0.993490,1.3913,35,0.00,0.519772,0.028189,0,0.000000,0.8
E2,email_eu_core,19,14,0.989677,2,35,0.00,0.397518,0.028188,0,0.000000,0.8
E2,email_eu_core,20,14,0.987212,2,35,0.00,0.397312,0.028187,0,0.000000,0.8
E2,email_eu_core,21,14,0.988579,2,35,0.00,0.397127,0.028186,0,0.000000,0.8
E2,email_eu_core,22,14,0.986146,2,35,0.00,0.396959,0.028185,0,0.000000,0.8
E2,email_eu_core,23,14,0.981250,4,35,0.00,0.222264,0.028184,0,0.000000,0.8
E2,email_eu_core,24,14,0.983851,4,35,0.00,0.222220,0.028184,0,0.000000,0.8
E2,email_eu_core,25,14,0.986420,4,35,0.00,0.222179,0.028183,0,0.000000,0.8
E2,email_eu_core,26,14,0.984049,4,35,0.00,0.222141,0.028182,0,0.000000,0.8
E2,email_eu_core,27,14,0.984127,4,35,0.00,0.222106,0.028182,0,0.000000,0.8
E2,email_eu_core,28,14,0.986634,4,35,0.00,0.222073,0.028181,0,0.000000,0.8
E2,email_eu_core,29,14,0.987908,4,35,0.00,0.222043,0.028181,0,0.000000,0.8
E2,email_eu_core,30,14,0.989170,4,35,0.00,0.222015,0.028180,0,0.000000,0.8
E2,email_eu_core,1,15,1.000000,1,3,0.00,1.000000,0.333333,0,0.000000,0.8
E2,email_eu_core,2,15,0.964371,1.20833,9,0.00,0.656361,0.108025,0,0.000000,0.8
E2,email_eu_core,3,15,0.968750,1.20833,9,0.00,0.620280,0.107047,0,0.000000,0.8
E2,email_eu_core,4,15,0.971698,1.20833,9,0.00,0.604343,0.106567,0,0.000000,0.8
E2,email_eu_core,5,15,0.970486,1.20833,12,0.00,0.595343,0.080601,0,0.000000,0.8
E2,email_eu_core,6,15,0.975369,1.20833,20,0.00,0.589558,0.048970,0,0.000000,0.8
E2,email_eu_core,7,15,0.979560,1.20833,25,0.00,0.585524,0.039321,0,0.000000,0.8
E2,email_eu_core,8,15,0.989362,1.20833,30,0.00,0.582552,0.032851,0,0.000000,0.8
E2,email_eu_core,9,15,0.983704,1.53846,30,0.00,0.490674,0.032844,0,0.000000,0.8
E2,email_eu_core,10,15,0.989826,1.53846,30,0.00,0.489358,0.032838,0,0.000000,0.8
E2,email_eu_core,11,15,0.994286,1.53846,30,0.00,0.488290,0.032833,0,0.000000,0.8
E2,email_eu_core,12,15,0.997187,1.53846,30,0.00,0.487404,0.032829,0,0.000000,0.8
E2,email_eu_core,13,15,0.998613,1.53846,30,0.00,0.486658,0.032825,0,0.000000,0.8
E2,email_eu_core,14,15,0.994528,1.53846,30,0.00,0.486021,0.032822,0,0.000000,0.8
E2,email_eu_core,15,15,0.993252,1.53846,30,0.00,0.485471,0.032820,0,0.000000,0.8
E2,email_eu_core,16,15,0.990667,1.53846,30,0.00,0.484992,0.032818,0,0.000000,0.8
E2,email_eu_core,17,15,0.988142,1.53846,30,0.00,0.484569,0.032816,0,0.000000,0.8
E2,email_eu_core,18,15,0.983073,1.8,30,0.00,0.431247,0.032814,0,0.000000,0.8
E2,email_eu_core,19,15,0.983226,1.8,30,0.00,0.430980,0.032812,0,0.000000,0.8
E2,email_eu_core,20,15,0.979540,2.25,30,0.00,0.362026,0.032811,0,0.000000,0.8
E2,email_eu_core,21,15,0.983503,2.25,30,0.00,0.361871,0.032810,0,0.000000,0.8
E2,email_eu_core,22,15,0.986146,2.25,30,0.00,0.361731,0.032808,0,0.000000,0.8
E2,email_eu_core,23,15,0.986250,2.25,30,0.00,0.361603,0.032807,0,0.000000,0.8
E2,email_eu_core,24,15,0.987578,2.25,30,0.00,0.361486,0.032806,0,0.000000,0.8
E2,email_eu_core,25,15,0.987654,2.25,30,0.00,0.361378,0.032805,0,0.000000,0.8
E2,email_eu_core,26,15,0.986503,2.25,30,0.00,0.361279,0.032805,0,0.000000,0.8
E2,email_eu_core,27,15,0.986569,2.25,30,0.00,0.361187,0.032804,0,0.000000,0.8
E2,email_eu_core,28,15,0.987849,2.25,30,0.00,0.361101,0.032803,0,0.000000,0.8
E2,email_eu_core,29,15,0.989117,2.25,30,0.00,0.361022,0.032802,0,0.000000,0.8
E2,email_eu_core,30,15,0.987966,2.25,30,0.00,0.360948,0.032802,0,0.000000,0.8
E2,email_eu_core,1,16,1.000000,1,3,0.00,1.000000,0.333333,0,0.000000,0.8
E2,email_eu_core,2,16,0.988124,1.06098,12,0.00,0.720439,0.081597,0,0.000000,0.8
E2,email_eu_core,3,16,0.997917,1.06098,12,0.00,0.677420,0.081040,0,0.000000,0.8
E2,email_eu_core,4,16,0.992453,1.06098,14,0.00,0.658642,0.069538,0,0.000000,0.8
E2,email_eu_core,5,16,0.993056,1.06098,16,0.00,0.648094,0.060957,0,0.000000,0.8
E2,email_eu_core,6,16,0.993432,1.06098,20,0.00,0.641332,0.048970,0,0.000000,0.8
E2,email_eu_core,7,16,0.993711,1.06098,20,0.00,0.636626,0.048941,0,0.000000,0.8
E2,email_eu_core,8,16,0.990881,1.1,20,0.00,0.619026,0.048920,0,0.000000,0.8
E2,email_eu_core,9,16,0.997037,1.1,20,0.00,0.616475,0.048903,0,0.000000,0.8
E2,email_eu_core,10,16,1.001453,1.1,32,0.00,0.614457,0.030814,0,0.000000,0.8
E2,email_eu_core,11,16,1.000000,1.18182,32,0.00,0.585412,0.030810,0,0.000000,0.8
E2,email_eu_core,12,16,0.997187,1.33333,32,0.00,0.539048,0.030806,0,0.000000,0.8
E2,email_eu_core,13,16,0.998613,1.33333,32,0.00,0.538145,0.030803,0,0.000000,0.8
E2,email_eu_core,14,16,0.995896,1.33333,32,0.00,0.537374,0.030801,0,0.000000,0.8
E2,email_eu_core,15,16,0.995951,1.33333,32,0.00,0.536709,0.030798,0,0.000000,0.8
E2,email_eu_core,16,16,0.994667,1.33333,32,0.00,0.536128,0.030796,0,0.000000,0.8
E2,email_eu_core,17,16,0.990777,1.5,32,0.00,0.493429,0.030795,0,0.000000,0.8
E2,email_eu_core,18,16,0.986979,1.5,32,0.00,0.493041,0.030793,0,0.000000,0.8
E2,email_eu_core,19,16,0.987097,1.5,32,0.00,0.492695,0.030792,0,0.000000,0.8
E2,email_eu_core,20,16,0.987212,1.5,32,0.00,0.492385,0.030790,0,0.000000,0.8
E2,email_eu_core,21,16,0.988579,1.5,32,0.00,0.492104,0.030789,0,0.000000,0.8
E2,email_eu_core,22,16,0.984887,2.66667,32,0.00,0.314929,0.030788,0,0.000000,0.8
E2,email_eu_core,23,16,0.987500,2.66667,32,0.00,0.314832,0.030787,0,0.000000,0.8
E2,email_eu_core,24,16,0.990062,2.66667,32,0.00,0.314742,0.030787,0,0.000000,0.8
E2,email_eu_core,25,16,0.991358,2.66667,32,0.00,0.314661,0.030786,0,0.000000,0.8
E2,email_eu_core,26,16,0.990184,2.66667,32,0.00,0.314585,0.030785,0,0.000000,0.8
E2,email_eu_core,27,16,0.990232,2.66667,32,0.00,0.314515,0.030784,0,0.000000,0.8
E2,email_eu_core,28,16,0.991495,2.66667,32,0.00,0.314450,0.030784,0,0.000000,0.8
E2,email_eu_core,29,16,0.991536,2.66667,32,0.00,0.314390,0.030783,0,0.000000,0.8
E2,email_eu_core,30,16,0.992780,2.66667,32,0.00,0.314333,0.030783,0,0.000000,0.8
E2,email_eu_core,1,17,1.000000,1,3,0.00,1.000000,0.333333,0,0.000000,0.8
E2,email_eu_core,2,17,0.988124,1.06098,9,0.00,0.720439,0.108025,0,0.000000,0.8
E2,email_eu_core,3,17,0.997917,1.06098,9,0.00,0.677420,0.107047,0,0.000000,0.8
E2,email_eu_core,4,17,0.996226,1.06098,12,0.00,0.658642,0.080765,0,0.000000,0.8
E2,email_eu_core,5,17,0.993056,1.06098,16,0.00,0.648094,0.060957,0,0.000000,0.8
E2,email_eu_core,6,17,0.986864,1.17241,16,0.00,0.601483,0.060895,0,0.000000,0.8
E2,email_eu_core,7,17,0.995283,1.17241,16,0.00,0.597297,0.060851,0,0.000000,0.8
E2,email_eu_core,8,17,0.995441,1.17241,16,0.00,0.594212,0.060817,0,0.000000,0.8
E2,email_eu_core,9,17,0.997037,1.17241,16,0.00,0.591845,0.060792,0,0.000000,0.8
E2,email_eu_core,10,17,1.000000,1.17241,16,0.00,0.589971,0.060771,0,0.000000,0.8
E2,email_eu_core,11,17,0.998571,1.18182,16,0.00,0.585412,0.060754,0,0.000000,0.8
E2,email_eu_core,12,17,0.992968,1.71429,16,0.00,0.450083,0.060740,0,0.000000,0.8
E2,email_eu_core,13,17,0.994452,1.71429,20,0.00,0.449444,0.048862,0,0.000000,0.8
E2,email_eu_core,14,17,0.991792,1.71429,20,0.00,0.448898,0.048856,0,0.000000,0.8
E2,email_eu_core,15,17,0.991903,1.71429,20,0.00,0.448426,0.048850,0,0.000000,0.8
E2,email_eu_core,16,17,0.992000,1.71429,20,0.00,0.448014,0.048845,0,0.000000,0.8
E2,email_eu_core,17,17,0.988142,1.71429,20,0.00,0.447652,0.048841,0,0.000000,0.8
E2,email_eu_core,18,17,0.985677,1.71429,20,0.00,0.447330,0.048837,0,0.000000,0.8
E2,email_eu_core,19,17,0.987097,1.71429,20,0.00,0.447043,0.048833,0,0.000000,0.8
E2,email_eu_core,20,17,0.984655,1.71429,20,0.00,0.446785,0.048830,0,0.000000,0.8
E2,email_eu_core,21,17,0.986041,1.71429,20,0.00,0.446553,0.048827,0,0.000000,0.8
E2,email_eu_core,22,17,0.988665,1.71429,20,0.00,0.446341,0.048825,0,0.000000,0.8
E2,email_eu_core,23,17,0.987500,1.71429,20,0.00,0.446148,0.048822,0,0.000000,0.8
E2,email_eu_core,24,17,0.986335,2,20,0.00,0.396664,0.048820,0,0.000000,0.8
E2,email_eu_core,25,17,0.988889,2,20,0.00,0.396535,0.048818,0,0.000000,0.8
E2,email_eu_core,26,17,0.992638,2,20,0.00,0.396416,0.048816,0,0.000000,0.8
E2,email_eu_core,27,17,0.992674,2,20,0.00,0.396306,0.048815,0,0.000000,0.8
E2,email_eu_core,28,17,0.992710,2,20,0.00,0.396204,0.048813,0,0.000000,0.8
E2,email_eu_core,29,17,0.993954,2,20,0.00,0.396108,0.048812,0,0.000000,0.8
E2,email_eu_core,30,17,0.993983,2,20,0.00,0.396020,0.048810,0,0.000000,0.8
E2,email_eu_core,1,18,1.000000,1,3,0.00,1.000000,0.333333,0,0.000000,0.8
E2,email_eu_core,2,18,1.000000,1,12,0.00,0.750000,0.081597,0,0.000000,0.8
E2,email_eu_core,3,18,0.995833,1.03509,12,0.00,0.688381,0.081040,0,0.000000,0.8
E2,email_eu_core,4,18,0.992453,1.08333,12,0.00,0.649872,0.080765,0,0.000000,0.8
E2,email_eu_core,5,18,1.000000,1.08333,20,0.00,0.639577,0.049010,0,0.000000,0.8
E2,email_eu_core,6,18,0.986864,1.32,20,0.00,0.555076,0.048970,0,0.000000,0.8
E2,email_eu_core,7,18,0.995283,1.32,20,0.00,0.551475,0.048941,0,0.000000,0.8
E2,email_eu_core,8,18,0.995441,1.32,20,0.00,0.548818,0.048920,0,0.000000,0.8
E2,email_eu_core,9,18,0.995556,1.32,20,0.00,0.546777,0.048903,0,0.000000,0.8
E2,email_eu_core,10,18,1.001453,1.32,20,0.00,0.545160,0.048890,0,0.000000,0.8
E2,email_eu_core,11,18,1.000000,1.32,20,0.00,0.543847,0.048879,0,0.000000,0.8
E2,email_eu_core,12,18,0.997187,1.33333,20,0.00,0.539048,0.048870,0,0.000000,0.8
E2,email_eu_core,13,18,0.998613,1.33333,20,0.00,0.538145,0.048862,0,0.000000,0.8
E2,email_eu_core,14,18,0.995896,1.33333,20,0.00,0.537374,0.048856,0,0.000000,0.8
E2,email_eu_core,15,18,0.994602,1.33333,20,0.00,0.536709,0.048850,0,0.000000,0.8
E2,email_eu_core,16,18,0.994667,1.33333,20,0.00,0.536128,0.048845,0,0.000000,0.8
E2,email_eu_core,17,18,0.992095,1.33333,20,0.00,0.535618,0.048841,0,0.000000,0.8
E2,email_eu_core,18,18,0.986979,1.6,20,0.00,0.470652,0.048837,0,0.000000,0.8
E2,email_eu_core,19,18,0.985806,1.6,20,0.00,0.470335,0.048833,0,0.000000,0.8
E2,email_eu_core,20,18,0.984655,1.6,20,0.00,0.470051,0.048830,0,0.000000,0.8
E2,email_eu_core,21,18,0.986041,1.6,20,0.00,0.469794,0.048827,0,0.000000,0.8
E2,email_eu_core,22,18,0.986146,1.6,20,0.00,0.469561,0.048825,0,0.000000,0.8
E2,email_eu_core,23,18,0.982500,2.33333,20,0.00,0.351190,0.048822,0,0.000000,0.8
E2,email_eu_core,24,18,0.982609,2.33333,20,0.00,0.351079,0.048820,0,0.000000,0.8
E2,email_eu_core,25,18,0.982716,2.33333,20,0.00,0.350977,0.048818,0,0.000000,0.8
E2,email_eu_core,26,18,0.982822,2.33333,20,0.00,0.350883,0.048816,0,0.000000,0.8
E2,email_eu_core,27,18,0.986569,2.33333,20,0.00,0.350797,0.048815,0,0.000000,0.8
E2,email_eu_core,28,18,0.986634,2.33333,20,0.00,0.350716,0.048813,0,0.000000,0.8
E2,email_eu_core,29,18,0.985490,2.33333,20,0.00,0.350641,0.048812,0,0.000000,0.8
E2,email_eu_core,30,18,0.984356,2.33333,20,0.00,0.350571,0.048810,0,0.000000,0.8
E2,email_eu_core,1,19,1.000000,1,3,0.00,1.000000,0.333333,0,0.000000,0.8
E2,email_eu_core,2,19,1.000000,1,15,0.00,0.750000,0.065556,0,0.000000,0.8
E2,email_eu_core,3,19,0.997917,1.01724,15,0.00,0.696107,0.065196,0,0.000000,0.8
E2,email_eu_core,4,19,0.977358,1.25641,17.5,0.00,0.588306,0.055930,0,0.000000,0.8
E2,email_eu_core,5,19,0.972222,1.25641,25,0.00,0.579752,0.039365,0,0.000000,0.8
E2,email_eu_core,6,19,0.983580,1.25641,25,0.00,0.574248,0.039339,0,0.000000,0.8
E2,email_eu_core,7,19,0.985849,1.25641,25,0.00,0.570408,0.039321,0,0.000000,0.8
E2,email_eu_core,8,19,0.986322,1.25641,35,0.00,0.567577,0.028217,0,0.000000,0.8
E2,email_eu_core,9,19,0.983704,1.46667,35,0.00,0.507878,0.028211,0,0.000000,0.8
E2,email_eu_core,10,19,0.994186,1.46667,35,0.00,0.506472,0.028207,0,0.000000,0.8
E2,email_eu_core,11,19,0.988571,1.625,35,0.00,0.469146,0.028203,0,0.000000,0.8
E2,email_eu_core,12,19,0.984529,1.625,35,0.00,0.468326,0.028200,0,0.000000,0.8
E2,email_eu_core,13,19,0.987517,1.625,35,0.00,0.467635,0.028198,0,0.000000,0.8
E2,email_eu_core,14,19,0.989056,1.625,35,0.00,0.467046,0.028195,0,0.000000,0.8
E2,email_eu_core,15,19,0.987854,1.625,35,0.00,0.466536,0.028194,0,0.000000,0.8
E2,email_eu_core,16,19,0.990667,1.625,35,0.00,0.466092,0.028192,0,0.000000,0.8
E2,email_eu_core,17,19,0.989460,1.625,35,0.00,0.465701,0.028190,0,0.000000,0.8
E2,email_eu_core,18,19,0.986979,1.625,35,0.00,0.465354,0.028189,0,0.000000,0.8
E2,email_eu_core,19,19,0.984516,1.8,35,0.00,0.430980,0.028188,0,0.000000,0.8
E2,email_eu_core,20,19,0.984655,1.8,35,0.00,0.430740,0.028187,0,0.000000,0.8
E2,email_eu_core,21,19,0.983503,1.8,35,0.00,0.430523,0.028186,0,0.000000,0.8
E2,email_eu_core,22,19,0.982368,1.8,35,0.00,0.430326,0.028185,0,0.000000,0.8
E2,email_eu_core,23,19,0.980000,2,35,0.00,0.396805,0.028184,0,0.000000,0.8
E2,email_eu_core,24,19,0.980124,2,35,0.00,0.396664,0.028184,0,0.000000,0.8
E2,email_eu_core,25,19,0.979012,2,35,0.00,0.396535,0.028183,0,0.000000,0.8
E2,email_eu_core,26,19,0.979141,2,35,0.00,0.396416,0.028182,0,0.000000,0.8
E2,email_eu_core,27,19,0.978022,2.66667,35,0.00,0.314515,0.028182,0,0.000000,0.8
E2,email_eu_core,28,19,0.981774,2.66667,35,0.00,0.314450,0.028181,0,0.000000,0.8
E2,email_eu_core,29,19,0.986699,2.66667,35,0.00,0.314390,0.028181,0,0.000000,0.8
E2,email_eu_core,30,19,0.985560,2.66667,35,0.00,0.314333,0.028180,0,0.000000,0.8
E2,facebook_politician,1,0,1.000000,1,20,0.00,1.000000,0.050000,0,0.000000,0.3
E2,facebook_politician,2,0,0.994555,1.01339,160,0.00,0.743348,0.006240,0,0.000000,0.3
E2,facebook_politician,3,0,0.992198,1.02791,160,0.00,0.691473,0.006237,0,0.000000,0.3
E2,facebook_politician,4,0,0.904459,1.94382,240,0.00,0.423440,0.004160,0,0.000000,0.3
E2,facebook_politician,5,0,0.930972,1.94382,240,0.00,0.418931,0.004160,0,0.000000,0.3
E2,facebook_politician,6,0,0.958704,1.94382,240,0.00,0.416000,0.004159,0,0.000000,0.3
E2,facebook_politician,7,0,0.911095,2.39286,300,0.00,0.350080,0.003329,0,0.000000,0.3
E2,facebook_politician,8,0,0.923965,2.39286,300,0.00,0.348984,0.003328,0,0.000000,0.3
E2,facebook_politician,9,0,0.945006,2.39286,300,0.00,0.348139,0.003328,0,0.000000,0.3
E2,facebook_politician,10,0,0.950507,2.39286,300,0.00,0.347467,0.003328,0,0.000000,0.3
E2,facebook_politician,11,0,0.904412,22.2,300,0.00,0.044134,0.003328,0,0.000000,0.3
E2,facebook_politician,12,0,0.892241,22.2,300,0.00,0.044127,0.003328,0,0.000000,0.3
E2,facebook_politician,13,0,0.873575,22.2,300,0.00,0.044120,0.003328,0,0.000000,0.3
E2,facebook_politician,14,0,0.868869,22.2,300,0.00,0.044115,0.003328,0,0.000000,0.3
E2,facebook_politician,15,0,0.865469,22.2,300,0.00,0.044110,0.003328,0,0.000000,0.3
E2,facebook_politician,16,0,0.867390,22.2,300,0.00,0.044106,0.003328,0,0.000000,0.3
E2,facebook_politician,17,0,0.892611,22.2,300,0.00,0.044103,0.003328,0,0.000000,0.3
E2,facebook_politician,18,0,0.895889,22.2,300,0.00,0.044100,0.003328,0,0.000000,0.3
E2,facebook_politician,19,0,0.888502,22.2,300,0.00,0.044097,0.003328,0,0.000000,0.3
E2,facebook_politician,20,0,0.877074,22.2,300,0.00,0.044094,0.003328,0,0.000000,0.3
E2,facebook_politician,21,0,0.881081,22.2,380,0.00,0.044092,0.002628,0,0.000000,0.3
E2,facebook_politician,22,0,0.891782,22.2,380,0.00,0.044090,0.002628,0,0.000000,0.3
E2,facebook_politician,23,0,0.894254,22.2,380,0.00,0.044088,0.002628,0,0.000000,0.3
E2,facebook_politician,24,0,0.902859,22.2,380,0.00,0.044086,0.002628,0,0.000000,0.3
E2,facebook_politician,25,0,0.913680,22.2,380,0.00,0.044084,0.002628,0,0.000000,0.3
E2,facebook_politician,26,0,0.918847,22.2,380,0.00,0.044083,0.002628,0,0.000000,0.3
E2,facebook_politician,27,0,0.912621,22.2,380,0.00,0.044082,0.002628,0,0.000000,0.3
E2,facebook_politician,28,0,0.915379,22.2,380,0.00,0.044080,0.002628,0,0.000000,0.3
E2,facebook_politician,29,0,0.904572,22.2,380,0.00,0.044079,0.002628,0,0.000000,0.3
E2,facebook_politician,30,0,0.905870,22.2,380,0.00,0.044078,0.002628,0,0.000000,0.3
E2,facebook_politician,1,1,1.000000,1,18,0.00,1.000000,0.055556,0,0.000000,0.3
E2,facebook_politician,2,1,1.000000,1,126,0.00,0.750000,0.007921,0,0.000000,0.3
E2,facebook_politician,3,1,1.000000,1,144,0.00,0.703704,0.006928,0,0.000000,0.3
E2,facebook_politician,4,1,0.980892,1.11613,144,0.00,0.637362,0.006926,0,0.000000,0.3
E2,facebook_politician,5,1,0.920981,1.92222,216,0.00,0.422665,0.004621,0,0.000000,0.3
E2,facebook_politician,6,1,0.961134,1.92222,216,0.00,0.419682,0.004621,0,0.000000,0.3
E2,facebook_politician,7,1,0.914769,2.31034,216,0.00,0.360326,0.004620,0,0.000000,0.3
E2,facebook_politician,8,1,0.936185,2.31034,234,0.00,0.359166,0.004266,0,0.000000,0.3
E2,facebook_politician,9,1,0.908344,2.31034,234,0.00,0.358272,0.004265,0,0.000000,0.3
E2,facebook_politician,10,1,0.930233,2.31034,234,0.00,0.357560,0.004265,0,0.000000,0.3
E2,facebook_politician,11,1,0.911765,2.31034,234,0.00,0.356981,0.004265,0,0.000000,0.3
E2,facebook_politician,12,1,0.928341,2.31034,234,0.00,0.356501,0.004265,0,0.000000,0.3
E2,facebook_politician,13,1,0.897409,12.3333,288,0.00,0.078115,0.003467,0,0.000000,0.3
E2,facebook_politician,14,1,0.919920,12.3333,288,0.00,0.078098,0.003467,0,0.000000,0.3
E2,facebook_politician,15,1,0.940262,12.3333,288,0.00,0.078084,0.003467,0,0.000000,0.3
E2,facebook_politician,16,1,0.936291,12.3333,288,0.00,0.078071,0.003467,0,0.000000,0.3
E2,facebook_politician,17,1,0.945388,12.3333,288,0.00,0.078060,0.003467,0,0.000000,0.3
E2,facebook_politician,18,1,0.944147,12.3333,288,0.00,0.078050,0.003467,0,0.000000,0.3
E2,facebook_politician,19,1,0.930749,12.3333,288,0.00,0.078041,0.003467,0,0.000000,0.3
E2,facebook_politician,20,1,0.931519,12.3333,288,0.00,0.078033,0.003467,0,0.000000,0.3
E2,facebook_politician,21,1,0.934304,12.3333,288,0.00,0.078026,0.003466,0,0.000000,0.3
E2,facebook_politician,22,1,0.920260,12.3333,288,0.00,0.078019,0.003466,0,0.000000,0.3
E2,facebook_politician,23,1,0.909816,12.3333,288,0.00,0.078013,0.003466,0,0.000000,0.3
E2,facebook_politician,24,1,0.915002,12.3333,288,0.00,0.078008,0.003466,0,0.000000,0.3
E2,facebook_politician,25,1,0.921773,12.3333,288,0.00,0.078003,0.003466,0,0.000000,0.3
E2,facebook_politician,26,1,0.913159,12.3333,288,0.00,0.077998,0.003466,0,0.000000,0.3
E2,facebook_politician,27,1,0.924197,12.3333,288,0.00,0.077994,0.003466,0,0.000000,0.3
E2,facebook_politician,28,1,0.914275,12.3333,288,0.00,0.077990,0.003466,0,0.000000,0.3
E2,facebook_politician,29,1,0.911103,12.3333,288,0.00,0.077986,0.003466,0,0.000000,0.3
E2,facebook_politician,30,1,0.901933,12.3333,288,0.00,0.077982,0.003466,0,0.000000,0.3
E2,facebook_politician,1,2,1.000000,1,22,0.00,1.000000,0.045455,0,0.000000,0.3
E2,facebook_politician,2,2,0.952813,1.12935,110,0.00,0.689452,0.009070,0,0.000000,0.3
E2,facebook_politician,3,2,0.966190,1.12935,176,0.00,0.649827,0.005671,0,0.000000,0.3
E2,facebook_politician,4,2,0.877919,2.05952,176,0.00,0.404077,0.005670,0,0.000000,0.3
E2,facebook_politician,5,2,0.908265,2.05952,242,0.00,0.399968,0.004125,0,0.000000,0.3
E2,facebook_politician,6,2,0.938462,2.05952,242,0.00,0.397293,0.004125,0,0.000000,0.3
E2,facebook_politician,7,2,0.911095,2.05952,264,0.00,0.395414,0.003782,0,0.000000,0.3
E2,facebook_politician,8,2,0.881195,2.31034,264,0.00,0.359166,0.003782,0,0.000000,0.3
E2,facebook_politician,9,2,0.897598,2.31034,264,0.00,0.358272,0.003782,0,0.000000,0.3
E2,facebook_politician,10,2,0.926655,2.31034,264,0.00,0.357560,0.003781,0,0.000000,0.3
E2,facebook_politician,11,2,0.895928,3.73333,264,0.00,0.237515,0.003781,0,0.000000,0.3
E2,facebook_politician,12,2,0.912177,3.73333,264,0.00,0.237301,0.003781,0,0.000000,0.3
E2,facebook_politician,13,2,0.891710,4,264,0.00,0.223093,0.003781,0,0.000000,0.3
E2,facebook_politician,14,2,0.910410,4,330,0.00,0.222957,0.003026,0,0.000000,0.3
E2,facebook_politician,15,2,0.906751,4,330,0.00,0.222838,0.003026,0,0.000000,0.3
E2,facebook_politician,16,2,0.906560,4,330,0.00,0.222735,0.003026,0,0.000000,0.3
E2,facebook_politician,17,2,0.922900,4,330,0.00,0.222644,0.003026,0,0.000000,0.3
E2,facebook_politician,18,2,0.918231,4,330,0.00,0.222563,0.003026,0,0.000000,0.3
E2,facebook_politician,19,2,0.926829,4,396,0.00,0.222490,0.002522,0,0.000000,0.3
E2,facebook_politician,20,2,0.944704,4,396,0.00,0.222425,0.002522,0,0.000000,0.3
E2,facebook_politician,21,2,0.947193,4,396,0.00,0.222367,0.002522,0,0.000000,0.3
E2,facebook_politician,22,2,0.952807,4,396,0.00,0.222313,0.002522,0,0.000000,0.3
E2,facebook_politician,23,2,0.947326,4,396,0.00,0.222264,0.002522,0,0.000000,0.3
E2,facebook_politician,24,2,0.946729,4,396,0.00,0.222220,0.002522,0,0.000000,0.3
E2,facebook_politician,25,2,0.944894,4,396,0.00,0.222179,0.002522,0,0.000000,0.3
E2,facebook_politician,26,2,0.930603,30,396,0.00,0.032805,0.002522,0,0.000000,0.3
E2,facebook_politician,27,2,0.923077,30,396,0.00,0.032804,0.002522,0,0.000000,0.3
E2,facebook_politician,28,2,0.927152,30,396,0.00,0.032803,0.002522,0,0.000000,0.3
E2,facebook_politician,29,2,0.918360,30,396,0.00,0.032802,0.002522,0,0.000000,0.3
E2,facebook_politician,30,2,0.915175,30,396,0.00,0.032802,0.002522,0,0.000000,0.3
