task,dataset,K,seed,ratio,eta_sel,eta_path_trimmed,viol_sign_pct,LK_eta_sel,LK_eta_path,n_steps_nonpos,frac_steps_nonpos
E3,business_coverage,3,1,0.485162,3.17379,8.13176,0.00,0.283147,0.118003,0,0.000000
E3,business_coverage,4,1,0.575090,3.17379,21.655,2.56,0.279769,0.045385,0,0.000000
E3,business_coverage,5,1,0.525836,6.29719,21.655,10.53,0.149029,0.045334,0,0.000000
E3,business_coverage,6,1,0.473909,6.29719,21.655,16.22,0.148657,0.045299,1,0.166667
E3,business_coverage,7,1,0.421913,6.29719,21.655,19.84,0.148393,0.045275,2,0.285714
E3,business_diversity,3,1,0.528886,3.8818,26.2825,0.00,0.236124,0.037568,0,0.000000
E3,business_diversity,4,1,0.459825,13.765,32.7251,0.00,0.070693,0.030209,0,0.000000
E3,business_diversity,5,1,0.444820,13.765,32.7251,0.00,0.070567,0.030186,0,0.000000
E3,business_diversity,6,1,0.417031,14.746,32.7251,0.90,0.065927,0.030171,0,0.000000
E3,business_diversity,7,1,0.390117,14.746,32.7251,4.76,0.065875,0.030160,1,0.142857
E3,business_facility,3,1,0.543382,2.6076,27.1175,0.00,0.336561,0.036425,0,0.000000
E3,business_facility,4,1,0.520482,3.05862,41.6127,0.00,0.288999,0.023815,0,0.000000
E3,business_facility,5,1,0.461565,178.697,41.6127,5.26,0.005584,0.023801,0,0.000000
E3,business_facility,6,1,0.415954,178.697,41.6127,10.81,0.005583,0.023792,1,0.166667
E3,business_facility,7,1,0.461802,178.697,41.6127,14.29,0.005583,0.023785,1,0.142857
E3,business_coverage,3,2,0.847895,3.14505,15.2218,2.38,0.285451,0.064267,0,0.000000
E3,business_coverage,4,2,0.714745,3.14505,19.898,14.81,0.282017,0.049317,1,0.250000
E3,business_coverage,5,2,0.747634,3.14505,19.898,23.08,0.280011,0.049256,1,0.200000
E3,business_coverage,6,2,0.701991,3.14505,19.898,29.33,0.278696,0.049216,2,0.333333
E3,business_coverage,7,2,0.753947,3.14505,19.898,33.33,0.277767,0.049187,2,0.285714
E3,business_diversity,3,2,0.760786,42.7951,36.5471,2.38,0.023186,0.027113,0,0.000000
E3,business_diversity,4,2,0.692064,42.7951,36.5471,9.26,0.023163,0.027082,0,0.000000
E3,business_diversity,5,2,0.617476,42.7951,36.5471,18.46,0.023150,0.027064,1,0.200000
E3,business_diversity,6,2,0.596760,42.7951,36.5471,24.00,0.023141,0.027052,2,0.333333
E3,business_diversity,7,2,0.669811,42.7951,36.5471,27.38,0.023134,0.027043,2,0.285714
E3,business_facility,3,2,0.772911,4.64967,29.4546,2.38,0.200019,0.033568,0,0.000000
E3,business_facility,4,2,0.831422,4.64967,29.4546,11.11,0.198337,0.033521,0,0.000000
E3,business_facility,5,2,0.754662,4.64967,29.4546,21.54,0.197346,0.033493,1,0.200000
E3,business_facility,6,2,0.733533,4.64967,29.4546,28.00,0.196693,0.033474,2,0.333333
E3,business_facility,7,2,0.717466,4.64967,29.4546,32.14,0.196230,0.033460,3,0.428571
E3,business_coverage,3,3,0.763327,1,28.6045,9.09,0.703704,0.034554,1,0.333333
E3,business_coverage,4,3,0.679165,11.1764,28.6045,14.29,0.086516,0.034504,1,0.250000
E3,business_coverage,5,3,0.602837,11.1764,31.09,22.00,0.086329,0.031754,2,0.400000
E3,business_coverage,6,3,0.597074,11.1764,31.09,26.32,0.086204,0.031737,3,0.500000
E3,business_coverage,7,3,0.682106,11.1764,31.09,28.57,0.086115,0.031725,3,0.428571
E3,business_diversity,3,3,0.532627,26.3365,46.6512,0.00,0.037492,0.021283,0,0.000000
E3,business_diversity,4,3,0.714569,26.3365,46.6512,4.76,0.037433,0.021264,0,0.000000
E3,business_diversity,5,3,0.766798,26.3365,46.6512,14.00,0.037398,0.021253,0,0.000000
E3,business_diversity,6,3,0.743387,26.3365,46.6512,21.05,0.037374,0.021245,1,0.166667
E3,business_diversity,7,3,0.729134,26.3365,46.6512,25.40,0.037358,0.021240,2,0.285714
E3,business_facility,3,3,0.542791,55.61,30.9899,9.09,0.017875,0.031923,0,0.000000
E3,business_facility,4,3,0.470588,55.61,30.9899,14.29,0.017861,0.031880,1,0.250000
E3,business_facility,5,3,0.526786,55.61,30.9899,16.00,0.017854,0.031855,1,0.200000
E3,business_facility,6,3,0.524883,55.61,30.9899,19.30,0.017848,0.031838,2,0.333333
E3,business_facility,7,3,0.514870,55.61,30.9899,19.05,0.017844,0.031826,3,0.428571
E3,business_coverage,3,4,0.764370,1,12.5227,5.56,0.703704,0.077748,1,0.333333
E3,business_coverage,4,4,0.816474,1,12.5227,7.14,0.683594,0.077495,1,0.250000
E3,business_coverage,5,4,0.742635,40.7208,15.3059,10.59,0.024317,0.063649,1,0.200000
E3,business_coverage,6,4,0.784484,40.7208,19.9361,14.14,0.024308,0.049124,1,0.166667
E3,business_coverage,7,4,0.727549,40.7208,22.6047,17.86,0.024301,0.043409,2,0.285714
E3,business_diversity,3,4,0.513019,7.22067,17.2213,0.00,0.132196,0.056951,0,0.000000
E3,business_diversity,4,4,0.463571,10.1455,23.9948,0.00,0.094982,0.041029,0,0.000000
E3,business_diversity,5,4,0.505504,10.1455,23.9948,0.00,0.094756,0.040987,0,0.000000
E3,business_diversity,6,4,0.627600,10.1455,23.9948,0.00,0.094606,0.040959,0,0.000000
E3,business_diversity,7,4,0.725776,10.1455,23.9948,1.79,0.094499,0.040939,0,0.000000
E3,business_facility,3,4,0.442243,7.01282,18.746,0.00,0.135926,0.052402,0,0.000000
E3,business_facility,4,4,0.418076,7.01282,18.746,0.00,0.135151,0.052287,0,0.000000
E3,business_facility,5,4,0.403221,9.20434,18.746,0.00,0.104024,0.052218,0,0.000000
E3,business_facility,6,4,0.389341,15.9074,21.4853,0.00,0.061240,0.045650,0,0.000000
E3,business_facility,7,4,0.396764,15.9074,21.4853,0.00,0.061195,0.045625,0,0.000000
E3,business_coverage,3,5,1.000000,1.11712,57.3859,22.22,0.654624,0.017325,0,0.000000
E3,business_coverage,4,5,0.800729,1.11712,62.8048,34.78,0.636992,0.015828,1,0.250000
E3,business_coverage,5,5,0.715953,1.11712,62.8048,41.82,0.627067,0.015821,2,0.400000
E3,business_coverage,6,5,0.688313,1.11712,62.8048,46.03,0.620698,0.015817,3,0.500000
E3,business_coverage,7,5,0.686779,1.11712,62.8048,48.57,0.616264,0.015814,4,0.571429
E3,business_diversity,3,5,0.566447,27.3053,78.7257,11.11,0.036178,0.012649,0,0.000000
E3,business_diversity,4,5,0.714976,27.3053,78.7257,15.22,0.036123,0.012642,0,0.000000
E3,business_diversity,5,5,0.640000,27.3053,78.7257,23.64,0.036090,0.012638,1,0.200000
E3,business_diversity,6,5,0.616063,27.3053,78.7257,30.16,0.036069,0.012635,2,0.333333
E3,business_diversity,7,5,0.599761,27.3053,78.7257,34.29,0.036053,0.012633,3,0.428571
E3,business_facility,3,5,0.724318,1.11712,61.9088,22.22,0.654624,0.016066,1,0.333333
E3,business_facility,4,5,0.847619,1.11712,61.9088,28.26,0.636992,0.016055,1,0.250000
E3,business_facility,5,5,0.719368,1.11712,61.9088,36.36,0.627067,0.016049,2,0.400000
E3,business_facility,6,5,0.716884,1.11712,61.9088,41.27,0.620698,0.016044,3,0.500000
E3,business_facility,7,5,0.797711,1.4682,61.9088,44.29,0.511572,0.016041,3,0.428571
E3,business_coverage,3,6,0.536000,2.80272,18.8444,13.33,0.316044,0.052133,1,0.333333
E3,business_coverage,4,6,0.457143,2.80272,19.8524,18.42,0.311833,0.049428,2,0.500000
E3,business_coverage,5,6,0.550571,2.80272,19.8524,20.00,0.309381,0.049367,2,0.400000
E3,business_coverage,6,6,0.540541,2.80272,23.3215,23.53,0.307776,0.042120,3,0.500000
E3,business_coverage,7,6,0.654595,2.80272,23.3215,23.21,0.306643,0.042099,3,0.428571
E3,business_diversity,3,6,0.720430,8.16183,50.9617,10.00,0.117586,0.019494,0,0.000000
E3,business_diversity,4,6,0.810811,8.16183,50.9617,21.05,0.117006,0.019479,0,0.000000
E3,business_diversity,5,6,0.778244,8.16183,50.9617,31.11,0.116662,0.019469,1,0.200000
E3,business_diversity,6,6,0.914286,8.16183,50.9617,37.25,0.116434,0.019463,1,0.166667
E3,business_diversity,7,6,0.873737,8.16183,50.9617,42.86,0.116272,0.019458,2,0.285714
E3,business_facility,3,6,0.543768,8.16183,40.1967,10.00,0.117586,0.024672,0,0.000000
E3,business_facility,4,6,0.487395,431.767,40.1967,15.79,0.002314,0.024647,0,0.000000
E3,business_facility,5,6,0.689473,431.767,40.1967,20.00,0.002314,0.024631,0,0.000000
E3,business_facility,6,6,0.677304,431.767,40.1967,25.49,0.002314,0.024621,1,0.166667
E3,business_facility,7,6,0.673199,431.767,40.1967,28.57,0.002314,0.024614,2,0.285714
E3,business_coverage,3,7,0.908850,1.18247,9.5429,5.13,0.629691,0.101172,0,0.000000
E3,business_coverage,4,7,0.908385,1.41228,24.1137,12.00,0.541266,0.040830,0,0.000000
E3,business_coverage,5,7,0.885536,1.7906,24.1137,21.67,0.446890,0.040788,0,0.000000
E3,business_coverage,6,7,0.836500,1.7906,24.1137,28.99,0.443562,0.040760,1,0.166667
E3,business_coverage,7,7,0.954819,1.7906,24.1137,33.77,0.441227,0.040740,1,0.142857
E3,business_diversity,3,7,0.487342,22.895,42.4374,0.00,0.043045,0.023380,0,0.000000
E3,business_diversity,4,7,0.670609,22.895,42.4374,0.00,0.042967,0.023357,0,0.000000
E3,business_diversity,5,7,0.624051,22.895,42.4374,0.00,0.042921,0.023343,0,0.000000
E3,business_diversity,6,7,0.749269,22.895,42.4374,0.00,0.042890,0.023334,0,0.000000
E3,business_diversity,7,7,0.884940,22.895,42.4374,5.19,0.042868,0.023327,0,0.000000
E3,business_facility,3,7,0.681515,1.29285,20.4138,5.13,0.591197,0.048191,1,0.333333
E3,business_facility,4,7,0.633705,4.45148,20.4138,6.00,0.206419,0.048094,1,0.250000
E3,business_facility,5,7,0.554087,4.45148,32.5466,6.67,0.205345,0.030350,2,0.400000
E3,business_facility,6,7,0.672939,4.45148,32.5466,5.80,0.204638,0.030334,2,0.333333
E3,business_facility,7,7,0.682630,4.45148,32.5466,10.39,0.204137,0.030323,3,0.428571
E3,business_coverage,3,8,0.795605,4.95911,13.8299,2.38,0.188399,0.070578,0,0.000000
E3,business_coverage,4,8,0.827387,4.95911,14.8785,3.70,0.186907,0.065536,0,0.000000
E3,business_coverage,5,8,0.846968,4.95911,14.8785,13.85,0.186027,0.065428,0,0.000000
E3,business_coverage,6,8,0.883175,4.95911,14.8785,22.67,0.185447,0.065357,0,0.000000
E3,business_coverage,7,8,0.853483,4.95911,14.8785,29.76,0.185035,0.065306,1,0.142857
E3,business_diversity,3,8,0.727662,4.87256,52.5594,0.00,0.191511,0.018906,0,0.000000
E3,business_diversity,4,8,0.786555,4.87256,52.5594,1.85,0.189969,0.018891,0,0.000000
E3,business_diversity,5,8,0.699697,4.87256,52.5594,12.31,0.189060,0.018882,1,0.200000
E3,business_diversity,6,8,0.651997,4.87256,52.5594,18.67,0.188461,0.018876,2,0.333333
E3,business_diversity,7,8,0.664403,75.0349,52.5594,22.62,0.013251,0.018872,2,0.285714
E3,business_facility,3,8,0.727662,4.87256,49.668,0.00,0.191511,0.019999,0,0.000000
E3,business_facility,4,8,0.615737,4.87256,49.668,1.85,0.189969,0.019982,1,0.250000
E3,business_facility,5,8,0.559066,117.417,49.668,1.54,0.008488,0.019972,1,0.200000
E3,business_facility,6,8,0.562418,117.417,49.668,1.33,0.008487,0.019966,1,0.166667
E3,business_facility,7,8,0.689086,117.417,49.668,1.19,0.008486,0.019961,1,0.142857
E3,business_coverage,3,9,0.636875,5.00499,21.6084,13.89,0.186789,0.045568,1,0.333333
E3,business_coverage,4,9,0.698553,5.00499,26.568,19.57,0.185323,0.037111,1,0.250000
E3,business_coverage,5,9,0.649789,5.00499,43.61,27.27,0.184458,0.022721,2,0.400000
E3,business_coverage,6,9,0.645070,5.00499,43.61,31.75,0.183888,0.022713,3,0.500000
E3,business_coverage,7,9,0.639676,5.00499,43.61,34.29,0.183483,0.022706,4,0.571429
E3,business_diversity,3,9,0.678072,174.291,51.0073,16.67,0.005727,0.019477,0,0.000000
E3,business_diversity,4,9,0.625483,174.291,53.8456,23.91,0.005725,0.018443,0,0.000000
E3,business_diversity,5,9,0.663317,174.291,53.8456,30.91,0.005724,0.018434,0,0.000000
E3,business_diversity,6,9,0.659643,174.291,53.8456,36.51,0.005724,0.018429,1,0.166667
E3,business_diversity,7,9,0.838588,174.291,53.8456,40.00,0.005723,0.018424,1,0.142857
E3,business_facility,3,9,0.649522,1.74165,51.3923,16.67,0.471289,0.019332,1,0.333333
E3,business_facility,4,9,0.595238,92.6471,51.3923,17.39,0.010750,0.019317,1,0.250000
E3,business_facility,5,9,0.802030,92.6471,51.3923,20.00,0.010747,0.019307,1,0.200000
E3,business_facility,6,9,0.795243,92.6471,51.3923,26.98,0.010745,0.019301,2,0.333333
E3,business_facility,7,9,0.799165,92.6471,51.3923,31.43,0.010744,0.019297,3,0.428571
E3,business_coverage,3,10,0.782123,1,31.7559,30.00,0.703704,0.031161,1,0.333333
E3,business_coverage,4,10,0.650718,1,32.226,39.47,0.683594,0.030672,2,0.500000
E3,business_coverage,5,10,0.616670,1,32.226,44.44,0.672320,0.030648,3,0.600000
E3,business_coverage,6,10,0.758560,1,32.226,47.06,0.665102,0.030632,3,0.500000
E3,business_coverage,7,10,0.762152,1,32.226,50.00,0.660083,0.030621,4,0.571429
E3,business_diversity,3,10,0.671165,5.11594,29.9278,0.00,0.183008,0.033043,0,0.000000
E3,business_diversity,4,10,0.670157,5.11594,29.9278,13.16,0.181601,0.032997,0,0.000000
E3,business_diversity,5,10,0.670247,5.11594,29.9278,22.22,0.180770,0.032970,1,0.200000
E3,business_diversity,6,10,0.824277,5.11594,29.9278,27.45,0.180222,0.032952,1,0.166667
E3,business_diversity,7,10,0.827043,5.11594,29.9278,32.14,0.179834,0.032939,2,0.285714
E3,business_facility,3,10,0.342262,18.5336,21.4375,0.00,0.052991,0.045926,0,0.000000
E3,business_facility,4,10,0.337349,18.5336,22.7313,0.00,0.052874,0.043272,0,0.000000
E3,business_facility,5,10,0.367313,18.5336,22.7313,4.44,0.052804,0.043225,0,0.000000
E3,business_facility,6,10,0.375406,18.5336,22.7313,7.84,0.052757,0.043194,1,0.166667
E3,business_facility,7,10,0.525371,18.5336,22.7313,8.93,0.052724,0.043171,1,0.142857
E3,business_coverage,3,11,0.537041,7.3211,44.9389,9.09,0.130467,0.022088,1,0.333333
E3,business_coverage,4,11,0.466085,7.3211,44.9389,9.52,0.129753,0.022067,2,0.500000
E3,business_coverage,5,11,0.427807,7.3211,44.9389,10.00,0.129330,0.022055,3,0.600000
E3,business_coverage,6,11,0.558473,7.3211,44.9389,8.77,0.129050,0.022047,3,0.500000
E3,business_coverage,7,11,0.658399,7.3211,44.9389,11.11,0.128851,0.022041,3,0.428571
E3,business_diversity,3,11,0.765086,1.12512,25.7752,21.21,0.651478,0.038297,1,0.333333
E3,business_diversity,4,11,0.807453,1.12512,25.7752,28.57,0.634004,0.038236,1,0.250000
E3,business_diversity,5,11,0.754491,9.51191,25.7752,34.00,0.100802,0.038200,1,0.200000
E3,business_diversity,6,11,0.728414,9.51191,25.7752,38.60,0.100632,0.038175,2,0.333333
E3,business_diversity,7,11,0.813533,9.51191,25.7752,41.27,0.100511,0.038158,2,0.285714
E3,business_facility,3,11,0.505200,5.40757,47.019,6.06,0.173761,0.021118,1,0.333333
E3,business_facility,4,11,0.458333,21.4324,47.019,4.76,0.045848,0.021099,1,0.250000
E3,business_facility,5,11,0.424242,123.035,47.019,6.00,0.008101,0.021088,1,0.200000
E3,business_facility,6,11,0.457641,123.035,47.019,7.02,0.008100,0.021080,1,0.166667
E3,business_facility,7,11,0.562112,123.035,47.019,7.94,0.008100,0.021075,1,0.142857
E3,business_coverage,3,12,0.759494,4.31218,21.5239,2.56,0.214437,0.045744,0,0.000000
E3,business_coverage,4,12,0.631148,4.31218,33.8478,16.00,0.212503,0.029218,1,0.250000
E3,business_coverage,5,12,0.552518,4.31218,39.1362,23.33,0.211365,0.025292,2,0.400000
E3,business_coverage,6,12,0.495114,4.31218,39.1362,27.54,0.210616,0.025281,3,0.500000
E3,business_coverage,7,12,0.491850,4.31218,39.1362,29.87,0.210085,0.025274,4,0.571429
E3,business_diversity,3,12,0.470749,17.7885,34.1804,0.00,0.055169,0.028972,0,0.000000
E3,business_diversity,4,12,0.649371,17.7885,34.1804,0.00,0.055042,0.028937,0,0.000000
E3,business_diversity,5,12,0.575380,17.7885,34.1804,8.33,0.054966,0.028916,1,0.200000
E3,business_diversity,6,12,0.661710,17.7885,34.1804,13.04,0.054916,0.028902,1,0.166667
E3,business_diversity,7,12,0.753324,17.7885,34.1804,18.18,0.054880,0.028892,1,0.142857
E3,business_facility,3,12,0.709332,25.9001,36.0088,7.69,0.038115,0.027515,0,0.000000
E3,business_facility,4,12,0.615257,30.5097,39.9157,12.00,0.032376,0.024818,0,0.000000
E3,business_facility,5,12,0.550538,30.5097,39.9157,16.67,0.032350,0.024803,1,0.200000
E3,business_facility,6,12,0.514768,30.5097,39.9157,20.29,0.032332,0.024793,2,0.333333
E3,business_facility,7,12,0.497706,30.5097,39.9157,23.38,0.032320,0.024785,3,0.428571
E3,business_coverage,3,13,0.714266,2.56,11.4041,0.00,0.341970,0.085150,0,0.000000
E3,business_coverage,4,13,0.766334,2.56,17.1111,3.77,0.337039,0.057173,0,0.000000
E3,business_coverage,5,13,0.677657,2.56,17.8088,12.70,0.334175,0.054905,1,0.200000
E3,business_coverage,6,13,0.598592,2.56,18.3097,19.44,0.332303,0.053388,2,0.333333
E3,business_coverage,7,13,0.592870,2.56,18.3097,24.69,0.330984,0.053354,3,0.428571
E3,business_diversity,3,13,0.736771,6.03409,15.5581,0.00,0.156739,0.062908,0,0.000000
E3,business_diversity,4,13,0.819149,6.03409,23.5378,0.00,0.155707,0.041813,0,0.000000
E3,business_diversity,5,13,0.729891,6.03409,23.5378,9.23,0.155097,0.041769,1,0.200000
E3,business_diversity,6,13,0.748031,6.03409,24.226,16.00,0.154694,0.040575,1,0.166667
E3,business_diversity,7,13,0.731429,6.03409,24.226,21.43,0.154408,0.040555,2,0.285714
E3,business_facility,3,13,0.905099,1.62727,25.1404,7.14,0.497242,0.039252,0,0.000000
E3,business_facility,4,13,0.788102,7.27726,25.1404,12.96,0.130494,0.039187,0,0.000000
E3,business_facility,5,13,0.681977,7.27726,25.1404,20.00,0.130066,0.039149,1,0.200000
E3,business_facility,6,13,0.610442,7.27726,25.1404,21.33,0.129783,0.039123,2,0.333333
E3,business_facility,7,13,0.598910,7.27726,26.4837,25.00,0.129581,0.037153,3,0.428571
E3,business_coverage,3,14,0.857610,1.96923,25.7888,1.59,0.426705,0.038277,0,0.000000
E3,business_coverage,4,14,0.763462,4.33811,27.518,6.10,0.211343,0.035848,0,0.000000
E3,business_coverage,5,14,0.694950,10.4212,31.4439,13.00,0.092345,0.031401,0,0.000000
E3,business_coverage,6,14,0.637743,10.4212,31.4439,17.95,0.092202,0.031384,1,0.166667
E3,business_coverage,7,14,0.573276,10.4212,31.4439,21.05,0.092101,0.031372,2,0.285714
E3,business_diversity,3,14,0.529568,7.56566,26.6907,0.00,0.126438,0.037000,0,0.000000
E3,business_diversity,4,14,0.467260,13.6547,31.6332,0.00,0.071248,0.031240,0,0.000000
E3,business_diversity,5,14,0.515348,13.6547,31.6332,0.00,0.071121,0.031215,0,0.000000
E3,business_diversity,6,14,0.602987,13.6547,31.6332,0.85,0.071036,0.031199,0,0.000000
E3,business_diversity,7,14,0.565815,13.6547,31.6332,3.01,0.070976,0.031187,1,0.142857
E3,business_facility,3,14,0.768138,49.4662,22.9397,1.59,0.020080,0.042962,0,0.000000
E3,business_facility,4,14,0.683055,49.4662,24.6838,3.66,0.020063,0.039901,0,0.000000
E3,business_facility,5,14,0.621310,49.4662,30.1346,5.00,0.020053,0.032747,0,0.000000
E3,business_facility,6,14,0.573563,49.4662,30.1346,6.84,0.020046,0.032729,1,0.166667
E3,business_facility,7,14,0.558893,49.4662,30.1346,7.52,0.020042,0.032716,1,0.142857
E3,business_coverage,3,15,0.875095,2.02588,6.12255,0.00,0.416849,0.154600,0,0.000000
E3,business_coverage,4,15,0.891298,2.02588,10.6465,0.00,0.409527,0.090670,0,0.000000
E3,business_coverage,5,15,0.911160,2.02588,14.1062,0.80,0.405307,0.068909,0,0.000000
E3,business_coverage,6,15,0.862951,4.17087,14.4094,3.40,0.217045,0.067423,0,0.000000
E3,business_coverage,7,15,0.816425,5.93637,18.5243,7.74,0.156768,0.052750,0,0.000000
E3,business_diversity,3,15,0.935826,1.36191,17.8944,0.00,0.569211,0.054849,0,0.000000
E3,business_diversity,4,15,1.000000,1.36191,29.4403,0.00,0.555691,0.033537,0,0.000000
E3,business_diversity,5,15,0.894393,25.5294,29.4403,0.80,0.038562,0.033509,0,0.000000
E3,business_diversity,6,15,0.887407,25.5294,29.4403,1.36,0.038537,0.033490,0,0.000000
E3,business_diversity,7,15,0.852006,25.5294,29.4403,1.79,0.038519,0.033477,0,0.000000
E3,business_facility,3,15,0.876190,1.8599,13.8465,0.00,0.447059,0.070496,0,0.000000
E3,business_facility,4,15,0.818980,2.97622,16.0632,0.00,0.295983,0.060816,0,0.000000
E3,business_facility,5,15,0.733100,36.7748,20.3157,0.00,0.026898,0.048263,0,0.000000
E3,business_facility,6,15,0.694465,36.7748,21.7335,0.00,0.026886,0.045139,0,0.000000
E3,business_facility,7,15,0.667152,36.7748,21.7335,0.00,0.026878,0.045114,0,0.000000
E3,business_coverage,3,16,0.808852,2.24441,16.2928,15.15,0.382655,0.060130,0,0.000000
E3,business_coverage,4,16,0.658983,2.24441,16.2928,26.19,0.376482,0.059979,1,0.250000
E3,business_coverage,5,16,0.679688,2.24441,16.2928,32.00,0.372911,0.059888,1,0.200000
E3,business_coverage,6,16,0.651811,2.24441,29.1853,36.84,0.370583,0.033778,2,0.333333
E3,business_coverage,7,16,0.754673,2.24441,29.1853,39.68,0.368945,0.033765,2,0.285714
E3,business_diversity,3,16,0.742424,2.24441,35.3142,15.15,0.382655,0.028051,0,0.000000
E3,business_diversity,4,16,0.641096,2.24441,35.3142,26.19,0.376482,0.028018,1,0.250000
E3,business_diversity,5,16,0.553191,2.24441,35.3142,32.00,0.372911,0.027998,2,0.400000
E3,business_diversity,6,16,0.539927,2.24441,35.3142,35.09,0.370583,0.027985,3,0.500000
E3,business_diversity,7,16,0.655566,2.24441,35.3142,36.51,0.368945,0.027976,3,0.428571
E3,business_facility,3,16,0.635676,2.24441,58.7558,12.12,0.382655,0.016923,0,0.000000
E3,business_facility,4,16,0.554136,2.24441,58.7558,21.43,0.376482,0.016911,1,0.250000
E3,business_facility,5,16,0.492754,2.24441,58.7558,28.00,0.372911,0.016904,2,0.400000
E3,business_facility,6,16,0.476936,2.24441,58.7558,31.58,0.370583,0.016899,3,0.500000
E3,business_facility,7,16,0.498648,2.24441,58.7558,33.33,0.368945,0.016896,4,0.571429
E3,business_coverage,3,17,0.545194,6.98114,54.5925,24.24,0.136512,0.018206,1,0.333333
E3,business_coverage,4,17,0.488108,6.98114,80.5496,28.57,0.135731,0.012357,2,0.500000
E3,business_coverage,5,17,0.460784,20.844,80.5496,30.00,0.047064,0.012353,2,0.400000
E3,business_coverage,6,17,0.434013,20.844,88.7772,31.58,0.047027,0.011211,3,0.500000
E3,business_coverage,7,17,0.590093,20.844,88.7772,31.75,0.047000,0.011210,3,0.428571
E3,business_diversity,3,17,0.306905,4.59043,10.7254,3.03,0.202409,0.090369,1,0.333333
E3,business_diversity,4,17,0.282187,154.146,18.3652,4.76,0.006472,0.053349,1,0.250000
E3,business_diversity,5,17,0.462366,154.146,18.3652,10.00,0.006471,0.053278,1,0.200000
E3,business_diversity,6,17,0.536671,154.146,18.3652,14.04,0.006470,0.053230,1,0.166667
E3,business_diversity,7,17,0.669524,154.146,18.3652,17.46,0.006469,0.053197,1,0.142857
E3,business_facility,3,17,0.291971,5.61507,12.3869,3.03,0.167729,0.078577,1,0.333333
E3,business_facility,4,17,0.282187,17.7938,23.944,4.76,0.055026,0.041115,1,0.250000
E3,business_facility,5,17,0.459893,17.7938,23.944,10.00,0.054950,0.041072,1,0.200000
E3,business_facility,6,17,0.432274,17.7938,23.944,14.04,0.054900,0.041044,2,0.333333
E3,business_facility,7,17,0.536808,17.7938,23.944,15.87,0.054864,0.041024,2,0.285714
E3,business_coverage,3,18,0.668790,1.22346,4.84354,37.50,0.614890,0.192578,1,0.333333
E3,business_coverage,4,18,0.612000,1.22346,6.00277,43.33,0.599214,0.156469,2,0.500000
E3,business_coverage,5,18,0.588912,1.22346,6.00277,45.71,0.590358,0.155853,3,0.600000
E3,business_coverage,6,18,0.619384,1.22346,6.00277,46.15,0.584663,0.155446,4,0.666667
E3,business_coverage,7,18,0.808594,1.22346,6.00277,45.24,0.580691,0.155157,4,0.571429
E3,business_diversity,3,18,0.668790,1.42574,5.61629,37.50,0.550186,0.167695,1,0.333333
E3,business_diversity,4,18,0.802558,1.42574,5.80864,43.33,0.537529,0.161359,1,0.250000
E3,business_diversity,5,18,0.835370,1.42574,6.20819,48.57,0.530332,0.151028,2,0.400000
E3,business_diversity,6,18,0.843128,1.42574,6.20819,51.28,0.525687,0.150646,3,0.500000
E3,business_diversity,7,18,0.848840,1.42574,6.20819,52.38,0.522441,0.150375,4,0.571429
E3,business_facility,3,18,0.700000,1.42574,7.83219,37.50,0.550186,0.122321,1,0.333333
E3,business_facility,4,18,0.753913,3.07183,8.62832,43.33,0.287910,0.110957,1,0.250000
E3,business_facility,5,18,0.718494,3.07183,8.62832,48.57,0.285820,0.110648,2,0.400000
E3,business_facility,6,18,0.748461,3.07183,8.62832,51.28,0.284450,0.110443,3,0.500000
E3,business_facility,7,18,0.737664,3.07183,8.62832,52.38,0.283482,0.110297,4,0.571429
E3,business_coverage,3,19,0.362393,10.7819,20.282,8.33,0.089910,0.048499,0,0.000000
E3,business_coverage,4,19,0.464789,10.7819,20.282,13.04,0.089572,0.048401,0,0.000000
E3,business_coverage,5,19,0.398305,10.7819,21.9632,18.18,0.089371,0.044709,1,0.200000
E3,business_coverage,6,19,0.501090,10.7819,21.9632,20.63,0.089237,0.044676,1,0.166667
E3,business_coverage,7,19,0.482921,10.7819,21.9632,24.29,0.089142,0.044652,2,0.285714
E3,business_diversity,3,19,0.544913,1.67507,23.3015,11.11,0.486071,0.042305,1,0.333333
E3,business_diversity,4,19,0.472195,1.67507,23.3015,15.22,0.476143,0.042230,2,0.500000
E3,business_diversity,5,19,0.424779,1.67507,23.3015,21.82,0.470461,0.042185,3,0.600000
E3,business_diversity,6,19,0.529841,1.67507,23.3015,25.40,0.466779,0.042155,3,0.500000
E3,business_diversity,7,19,0.583133,2.85985,23.3015,28.57,0.301419,0.042134,3,0.428571
E3,business_facility,3,19,0.462947,1.67507,47.7327,11.11,0.486071,0.020804,1,0.333333
E3,business_facility,4,19,0.576471,1.67507,47.7327,15.22,0.476143,0.020786,1,0.250000
E3,business_facility,5,19,0.481481,1.67507,47.7327,21.82,0.470461,0.020775,2,0.400000
E3,business_facility,6,19,0.603554,1.67507,47.7327,26.98,0.466779,0.020768,2,0.333333
E3,business_facility,7,19,0.607639,1.67507,47.7327,31.43,0.464200,0.020763,3,0.428571
E3,business_coverage,3,20,0.619040,4.93299,7.79527,0.00,0.189327,0.122876,0,0.000000
E3,business_coverage,4,20,0.578395,4.93299,7.79527,0.00,0.187820,0.122243,0,0.000000
E3,business_coverage,5,20,0.621747,4.93299,7.88088,0.00,0.186932,0.120610,0,0.000000
E3,business_coverage,6,20,0.693506,4.93299,9.79337,1.21,0.186346,0.097863,0,0.000000
E3,business_coverage,7,20,0.650742,23.0643,25.2543,3.70,0.042560,0.038932,0,0.000000
E3,business_diversity,3,20,0.626100,2.54685,41.8538,0.00,0.343495,0.023703,0,0.000000
E3,business_diversity,4,20,0.640824,2.54685,54.5349,0.00,0.338519,0.018211,0,0.000000
E3,business_diversity,5,20,0.592281,5.95736,54.5349,0.00,0.156961,0.018203,0,0.000000
E3,business_diversity,6,20,0.560733,8.86239,54.5349,0.61,0.107662,0.018197,0,0.000000
E3,business_diversity,7,20,0.609901,8.86239,54.5349,2.12,0.107524,0.018193,0,0.000000
E3,business_facility,3,20,0.593563,2.69713,42.0211,0.00,0.326830,0.023609,0,0.000000
E3,business_facility,4,20,0.640824,2.69713,42.0211,0.00,0.322326,0.023586,0,0.000000
E3,business_facility,5,20,0.721121,2.69713,42.0211,0.00,0.319706,0.023572,0,0.000000
E3,business_facility,6,20,0.703481,3.55237,42.0211,1.21,0.250478,0.023563,0,0.000000
E3,business_facility,7,20,0.660370,29.9021,42.0211,2.12,0.032967,0.023556,0,0.000000
E3,business_coverage,3,21,0.869207,3.21724,20.1584,6.67,0.279733,0.048791,0,0.000000
E3,business_coverage,4,21,0.757452,3.21724,23.0128,15.52,0.276436,0.042751,1,0.250000
E3,business_coverage,5,21,0.690782,3.21724,23.0128,21.43,0.274509,0.042705,2,0.400000
E3,business_coverage,6,21,0.636905,3.21724,23.0128,27.16,0.273245,0.042675,3,0.500000
E3,business_coverage,7,21,0.623269,3.21724,23.0128,30.77,0.272352,0.042653,4,0.571429
E3,business_diversity,3,21,0.762175,1.415,27.7936,4.44,0.553306,0.035550,1,0.333333
E3,business_diversity,4,21,0.706427,5.11512,27.8127,5.17,0.181628,0.035473,1,0.250000
E3,business_diversity,5,21,0.646114,5.11512,27.8127,11.43,0.180797,0.035441,2,0.400000
E3,business_diversity,6,21,0.699670,5.11512,27.8127,16.05,0.180249,0.035420,2,0.333333
E3,business_diversity,7,21,0.694562,5.11512,27.8127,21.98,0.179861,0.035406,3,0.428571
E3,business_facility,3,21,0.805264,5.44398,30.5197,4.44,0.172672,0.032409,0,0.000000
E3,business_facility,4,21,0.706427,5.44398,30.5197,13.79,0.171419,0.032365,1,0.250000
E3,business_facility,5,21,0.652568,43.5099,34.9186,18.57,0.022773,0.028312,1,0.200000
E3,business_facility,6,21,0.602076,43.5099,34.9186,23.46,0.022764,0.028298,2,0.333333
E3,business_facility,7,21,0.606307,43.5099,34.9186,26.37,0.022758,0.028289,3,0.428571
E3,business_coverage,3,22,0.727334,3.75194,32.7881,6.67,0.243551,0.030190,0,0.000000
E3,business_coverage,4,22,0.608869,3.75194,38.8567,18.97,0.241053,0.025488,1,0.250000
E3,business_coverage,5,22,0.537296,3.75194,38.8567,25.71,0.239589,0.025472,2,0.400000
E3,business_coverage,6,22,0.489092,3.75194,49.6511,29.63,0.238626,0.019972,3,0.500000
E3,business_coverage,7,22,0.574078,3.75194,50.6275,31.87,0.237944,0.019586,3,0.428571
E3,business_diversity,3,22,0.549020,2.34462,22.2635,6.67,0.368746,0.044247,1,0.333333
E3,business_diversity,4,22,0.638448,2.34462,22.2635,6.90,0.363013,0.044166,1,0.250000
E3,business_diversity,5,22,0.733705,2.34462,22.2635,15.71,0.359692,0.044117,1,0.200000
E3,business_diversity,6,22,0.646756,2.34462,22.2635,22.22,0.357525,0.044084,2,0.333333
E3,business_diversity,7,22,0.613813,2.34462,22.2635,26.37,0.356000,0.044061,3,0.428571
E3,business_facility,3,22,0.549020,2.34462,27.7121,6.67,0.368746,0.035653,1,0.333333
E3,business_facility,4,22,0.618049,2.34462,27.7121,6.90,0.363013,0.035600,1,0.250000
E3,business_facility,5,22,0.569767,2.34462,27.7121,11.43,0.359692,0.035568,2,0.400000
E3,business_facility,6,22,0.593407,3.39814,27.7121,14.81,0.260470,0.035547,2,0.333333
E3,business_facility,7,22,0.583570,3.39814,27.7121,19.78,0.259659,0.035532,3,0.428571
E3,business_coverage,3,23,0.622463,9.07434,16.6344,24.24,0.106202,0.058920,1,0.333333
E3,business_coverage,4,23,0.563771,9.07434,16.6344,30.95,0.105730,0.058775,2,0.500000
E3,business_coverage,5,23,0.611013,9.07434,16.6344,34.00,0.105449,0.058688,2,0.400000
E3,business_coverage,6,23,0.604849,9.07434,16.6344,36.84,0.105263,0.058630,3,0.500000
E3,business_coverage,7,23,0.672971,9.07434,16.6344,38.10,0.105131,0.058589,3,0.428571
E3,business_diversity,3,23,0.719907,9.1439,30.78,18.18,0.105424,0.032138,0,0.000000
E3,business_diversity,4,23,0.756917,9.1439,30.78,28.57,0.104959,0.032095,0,0.000000
E3,business_diversity,5,23,0.681279,9.1439,30.78,36.00,0.104682,0.032069,1,0.200000
E3,business_diversity,6,23,0.720568,9.1439,30.78,40.35,0.104499,0.032052,1,0.166667
E3,business_diversity,7,23,0.723422,9.1439,30.78,44.44,0.104368,0.032040,2,0.285714
E3,business_facility,3,23,0.719907,9.1439,21.137,18.18,0.105424,0.046568,0,0.000000
E3,business_facility,4,23,0.674274,9.1439,21.137,28.57,0.104959,0.046478,1,0.250000
E3,business_facility,5,23,0.656561,9.1439,21.137,34.00,0.104682,0.046424,2,0.400000
E3,business_facility,6,23,0.632779,9.1439,21.137,36.84,0.104499,0.046388,3,0.500000
E3,business_facility,7,23,0.655408,9.1439,21.137,38.10,0.104368,0.046362,4,0.571429
E3,business_coverage,3,24,0.556548,4.55956,15.1557,4.76,0.203677,0.064541,1,0.333333
E3,business_coverage,4,24,0.664278,4.55956,15.1557,7.41,0.201932,0.064367,1,0.250000
E3,business_coverage,5,24,0.731210,4.55956,17.3651,12.31,0.200905,0.056275,1,0.200000
E3,business_coverage,6,24,0.647887,4.55956,17.3651,17.33,0.200228,0.056223,2,0.333333
E3,business_coverage,7,24,0.720223,4.55956,17.3651,20.24,0.199748,0.056185,2,0.285714
E3,business_diversity,3,24,0.687502,2.63406,18.1882,0.00,0.333626,0.053979,0,0.000000
E3,business_diversity,4,24,0.724887,2.63406,18.1882,7.41,0.328933,0.053857,0,0.000000
E3,business_diversity,5,24,0.762643,2.63406,18.1882,13.85,0.326204,0.053785,0,0.000000
E3,business_diversity,6,24,0.840841,2.63406,25.2596,20.00,0.324421,0.038942,0,0.000000
E3,business_diversity,7,24,0.930939,2.63406,25.2596,27.38,0.323163,0.038923,0,0.000000
E3,business_facility,3,24,0.721122,2.63406,20.1968,0.00,0.333626,0.048700,0,0.000000
E3,business_facility,4,24,0.727072,2.63406,20.1968,9.26,0.328933,0.048601,0,0.000000
E3,business_facility,5,24,0.622585,2.63406,21.5446,16.92,0.326204,0.045561,1,0.200000
E3,business_facility,6,24,0.715976,2.63406,21.5446,20.00,0.324421,0.045527,1,0.166667
E3,business_facility,7,24,0.812518,2.63406,37.4111,23.81,0.323163,0.026426,1,0.142857
E3,business_coverage,3,25,0.951572,1.31731,12.2268,0.00,0.583235,0.079578,0,0.000000
E3,business_coverage,4,25,0.834337,9.01297,17.1446,1.16,0.106420,0.057064,0,0.000000
E3,business_coverage,5,25,0.877018,9.01297,22.4322,4.76,0.106135,0.043791,0,0.000000
E3,business_coverage,6,25,0.792429,9.01297,22.7086,8.94,0.105947,0.043236,1,0.166667
E3,business_coverage,7,25,0.746814,95.2319,22.7086,12.14,0.010454,0.043214,1,0.142857
E3,business_diversity,3,25,0.590278,4.85144,39.0563,0.00,0.192286,0.025386,0,0.000000
E3,business_diversity,4,25,0.517509,23.4653,50.8642,0.00,0.041940,0.019516,0,0.000000
E3,business_diversity,5,25,0.471064,35.1591,53.5725,0.00,0.028120,0.018527,0,0.000000
E3,business_diversity,6,25,0.581047,35.1591,53.5725,0.00,0.028107,0.018522,0,0.000000
E3,business_diversity,7,25,0.637817,35.1591,53.5725,0.71,0.028098,0.018518,0,0.000000
E3,business_facility,3,25,0.739649,1.91909,25.79,1.52,0.435813,0.038276,0,0.000000
E3,business_facility,4,25,0.629130,1.91909,30.167,3.49,0.427814,0.032739,1,0.250000
E3,business_facility,5,25,0.563937,1.91909,30.167,3.81,0.423212,0.032712,2,0.400000
E3,business_facility,6,25,0.532868,16.1938,30.3267,3.25,0.060185,0.032524,2,0.333333
E3,business_facility,7,25,0.508810,25.2622,34.2992,2.86,0.038920,0.028793,2,0.285714
E3,business_coverage,3,26,0.963289,1.22306,24.2836,9.52,0.615030,0.040617,0,0.000000
E3,business_coverage,4,26,0.994672,1.22306,30.612,24.07,0.599348,0.032269,0,0.000000
E3,business_coverage,5,26,0.865489,1.22306,60.0296,33.85,0.590488,0.016548,1,0.200000
E3,business_coverage,6,26,0.790541,1.22306,60.0296,40.00,0.584790,0.016543,2,0.333333
E3,business_coverage,7,26,0.748719,1.22306,60.0296,44.05,0.580818,0.016540,3,0.428571
E3,business_diversity,3,26,0.376963,22.2301,41.0423,0.00,0.044313,0.024168,0,0.000000
E3,business_diversity,4,26,0.644469,22.2301,41.0423,0.00,0.044231,0.024143,0,0.000000
E3,business_diversity,5,26,0.713736,22.2301,41.0423,4.62,0.044182,0.024129,0,0.000000
E3,business_diversity,6,26,0.776978,22.2301,41.0423,12.00,0.044149,0.024119,0,0.000000
E3,business_diversity,7,26,0.755310,22.2301,41.0423,19.05,0.044126,0.024112,1,0.142857
E3,business_facility,3,26,0.410256,7.55238,32.4715,0.00,0.126651,0.030481,0,0.000000
E3,business_facility,4,26,0.372950,23.3535,41.153,0.00,0.042138,0.024079,0,0.000000
E3,business_facility,5,26,0.355469,23.3535,41.153,0.00,0.042093,0.024065,0,0.000000
E3,business_facility,6,26,0.358333,23.3535,41.153,0.00,0.042063,0.024055,0,0.000000
E3,business_facility,7,26,0.420742,23.3535,41.153,0.00,0.042042,0.024048,0,0.000000
E3,business_coverage,3,27,0.827073,1,24.4709,16.67,0.703704,0.040311,1,0.333333
E3,business_coverage,4,27,0.684431,1,24.4709,25.93,0.683594,0.040243,2,0.500000
E3,business_coverage,5,27,0.589111,1,24.4709,31.25,0.672320,0.040202,3,0.600000
E3,business_coverage,6,27,0.538182,1,24.4709,34.25,0.665102,0.040175,4,0.666667
E3,business_coverage,7,27,0.522548,1,31.6792,35.80,0.660083,0.031143,5,0.714286
E3,business_diversity,3,27,0.543774,13.3056,36.139,2.38,0.073289,0.027416,0,0.000000
E3,business_diversity,4,27,0.682717,13.3056,36.139,5.56,0.073065,0.027385,0,0.000000
E3,business_diversity,5,27,0.604694,13.3056,36.139,13.85,0.072931,0.027366,1,0.200000
E3,business_diversity,6,27,0.547529,13.3056,36.139,18.67,0.072842,0.027354,2,0.333333
E3,business_diversity,7,27,0.620801,13.3056,36.139,21.43,0.072778,0.027345,2,0.285714
E3,business_facility,3,27,0.608555,8.13534,22.652,2.38,0.117953,0.043500,0,0.000000
E3,business_facility,4,27,0.667758,8.13534,23.6597,9.26,0.117370,0.041601,0,0.000000
E3,business_facility,5,27,0.596170,8.13534,23.6597,16.92,0.117023,0.041557,1,0.200000
E3,business_facility,6,27,0.592593,10.0557,23.6597,20.00,0.095415,0.041529,1,0.166667
E3,business_facility,7,27,0.566372,10.0557,23.6597,23.81,0.095306,0.041508,2,0.285714
E3,business_coverage,3,28,0.354545,5.80083,27.5375,0.00,0.162673,0.035876,0,0.000000
E3,business_coverage,4,28,0.309278,5.80083,30.3429,5.88,0.161562,0.032552,1,0.250000
E3,business_coverage,5,28,0.463589,5.80083,30.3429,7.50,0.160905,0.032525,1,0.200000
E3,business_coverage,6,28,0.476103,5.80083,30.3429,11.11,0.160471,0.032507,2,0.333333
E3,business_coverage,7,28,0.631923,5.80083,30.3429,12.24,0.160163,0.032495,2,0.285714
E3,business_diversity,3,28,0.779528,15.2923,28.7154,0.00,0.063977,0.034422,0,0.000000
E3,business_diversity,4,28,0.859060,15.2923,28.7154,14.71,0.063806,0.034372,0,0.000000
E3,business_diversity,5,28,1.000000,15.2923,28.7154,25.00,0.063704,0.034343,0,0.000000
E3,business_diversity,6,28,0.963542,15.2923,28.7154,33.33,0.063636,0.034323,1,0.166667
E3,business_diversity,7,28,0.959276,15.2923,28.7154,38.78,0.063588,0.034309,2,0.285714
E3,business_facility,3,28,0.926471,1.40164,35.3723,14.81,0.557230,0.028005,0,0.000000
E3,business_facility,4,28,0.822695,1.40164,35.3723,29.41,0.544256,0.027972,1,0.250000
E3,business_facility,5,28,0.768634,1.40164,35.3723,37.50,0.536885,0.027953,2,0.400000
E3,business_facility,6,28,0.778947,1.40164,35.3723,42.22,0.532129,0.027940,3,0.500000
E3,business_facility,7,28,0.786530,1.40164,35.3723,44.90,0.528806,0.027930,4,0.571429
E3,business_coverage,3,29,0.659955,1.91342,8.1798,0.00,0.436866,0.117338,0,0.000000
E3,business_coverage,4,29,0.596273,4.98175,12.0563,1.43,0.186122,0.080400,0,0.000000
E3,business_coverage,5,29,0.635234,4.98175,27.7372,4.71,0.185249,0.035536,0,0.000000
E3,business_coverage,6,29,0.565005,4.98175,27.7372,11.11,0.184674,0.035515,1,0.166667
E3,business_coverage,7,29,0.519224,4.98175,27.7372,15.18,0.184266,0.035500,2,0.285714
E3,business_diversity,3,29,0.712216,1.65275,34.2761,0.00,0.491226,0.028892,0,0.000000
E3,business_diversity,4,29,0.596424,1.65275,34.2761,2.86,0.481089,0.028857,1,0.250000
E3,business_diversity,5,29,0.658366,1.65275,34.2761,3.53,0.475291,0.028836,1,0.200000
E3,business_diversity,6,29,0.707466,1.65275,34.2761,6.06,0.471535,0.028823,1,0.166667
E3,business_diversity,7,29,0.657470,1.65275,34.2761,9.82,0.468904,0.028813,2,0.285714
E3,business_facility,3,29,0.536671,18.9431,27.0574,0.00,0.051866,0.036505,0,0.000000
E3,business_facility,4,29,0.629558,18.9431,27.0574,0.00,0.051754,0.036449,0,0.000000
E3,business_facility,5,29,0.560627,18.9431,27.0574,1.18,0.051687,0.036416,1,0.200000
E3,business_facility,6,29,0.519380,27.633,31.4724,1.01,0.035647,0.031356,1,0.166667
E3,business_facility,7,29,0.490212,27.633,35.3272,1.79,0.035632,0.027966,1,0.142857
E3,business_coverage,3,30,0.750470,7.31111,20.6667,0.00,0.130637,0.047611,0,0.000000
E3,business_coverage,4,30,0.804884,7.31111,22.5486,1.72,0.129921,0.043616,0,0.000000
E3,business_coverage,5,30,0.864897,7.31111,22.5486,10.00,0.129497,0.043569,0,0.000000
E3,business_coverage,6,30,0.791367,7.31111,38.3234,17.28,0.129216,0.025812,1,0.166667
E3,business_coverage,7,30,0.810985,7.31111,38.3234,21.98,0.129016,0.025804,1,0.142857
E3,business_diversity,3,30,0.763367,14.4502,28.9439,0.00,0.067619,0.034153,0,0.000000
E3,business_diversity,4,30,0.837289,14.4502,28.9439,0.00,0.067428,0.034105,0,0.000000
E3,business_diversity,5,30,0.869222,14.4502,28.9439,10.00,0.067314,0.034075,0,0.000000
E3,business_diversity,6,30,0.889902,14.4502,28.9439,18.52,0.067238,0.034056,0,0.000000
E3,business_diversity,7,30,0.979903,14.4502,28.9439,25.27,0.067184,0.034042,0,0.000000
E3,business_facility,3,30,0.906582,1.53368,18.9341,0.00,0.520580,0.051891,0,0.000000
E3,business_facility,4,30,0.774777,1.53368,26.875,6.90,0.509218,0.036693,1,0.250000
E3,business_facility,5,30,0.701205,1.53368,26.875,10.00,0.502738,0.036660,2,0.400000
E3,business_facility,6,30,0.792885,1.53368,26.875,12.35,0.498549,0.036637,2,0.333333
E3,business_facility,7,30,0.861633,1.53368,26.875,16.48,0.495618,0.036621,2,0.285714
E3,business_coverage,3,31,0.972222,1.19676,16.7233,2.38,0.624462,0.058613,0,0.000000
E3,business_coverage,4,31,0.827312,1.19676,16.7233,12.96,0.608321,0.058469,1,0.250000
E3,business_coverage,5,31,0.723556,1.19676,16.7233,18.46,0.599210,0.058384,2,0.400000
E3,business_coverage,6,31,0.765545,1.19676,16.7233,22.67,0.593355,0.058327,2,0.333333
E3,business_coverage,7,31,0.732956,1.19676,21.097,27.38,0.589273,0.046448,3,0.428571
E3,business_diversity,3,31,0.729167,1.20268,46.4882,4.76,0.622317,0.021357,1,0.333333
E3,business_diversity,4,31,0.801055,1.20268,46.4882,5.56,0.606281,0.021338,1,0.250000
E3,business_diversity,5,31,0.728814,1.20268,46.4882,12.31,0.597228,0.021327,2,0.400000
E3,business_diversity,6,31,0.684987,1.20268,46.4882,16.00,0.591408,0.021319,3,0.500000
E3,business_diversity,7,31,0.665090,1.20268,46.4882,19.05,0.587351,0.021314,4,0.571429
E3,business_facility,3,31,0.666232,1.24935,33.5934,7.14,0.605853,0.029473,1,0.333333
E3,business_facility,4,31,0.591209,9.5037,35.5499,9.26,0.101143,0.027834,1,0.250000
E3,business_facility,5,31,0.562679,11.4532,41.333,10.77,0.084315,0.023961,1,0.200000
E3,business_facility,6,31,0.531549,119.454,41.333,12.00,0.008342,0.023951,1,0.166667
E3,business_facility,7,31,0.523155,119.454,41.333,13.10,0.008341,0.023944,1,0.142857
E3,business_coverage,3,32,1.000000,1.06205,18.1159,7.14,0.676973,0.054191,0,0.000000
E3,business_coverage,4,32,0.839919,1.06205,18.1159,20.37,0.658218,0.054068,1,0.250000
E3,business_coverage,5,32,0.763005,1.06205,20.2617,27.69,0.647681,0.048389,2,0.400000
E3,business_coverage,6,32,0.695050,1.06205,21.2174,32.00,0.640927,0.046215,3,0.500000
E3,business_coverage,7,32,0.768237,1.28213,21.2174,34.52,0.562608,0.046190,3,0.428571
E3,business_diversity,3,32,0.468135,6.46208,38.0884,4.76,0.146904,0.026026,1,0.333333
E3,business_diversity,4,32,0.623188,6.46208,38.0884,3.70,0.145998,0.025997,1,0.250000
E3,business_diversity,5,32,0.548996,6.46208,38.0884,6.15,0.145462,0.025980,2,0.400000
E3,business_diversity,6,32,0.645593,6.46208,38.0884,8.00,0.145107,0.025969,2,0.333333
E3,business_diversity,7,32,0.763686,6.46208,38.0884,13.10,0.144856,0.025961,2,0.285714
E3,business_facility,3,32,0.488832,20.11,45.7483,4.76,0.048907,0.021700,0,0.000000
E3,business_facility,4,32,0.689840,20.11,45.7483,5.56,0.048807,0.021680,0,0.000000
E3,business_facility,5,32,0.606302,20.11,45.7483,10.77,0.048747,0.021668,1,0.200000
E3,business_facility,6,32,0.580624,26.4836,45.7483,13.33,0.037170,0.021661,1,0.166667
E3,business_facility,7,32,0.596150,31.6926,45.7483,15.48,0.031130,0.021655,1,0.142857
E3,business_coverage,3,33,0.713669,1,15.4214,33.33,0.703704,0.063453,1,0.333333
E3,business_coverage,4,33,0.656863,17.0088,19.9793,39.47,0.057509,0.049120,1,0.250000
E3,business_coverage,5,33,0.654394,17.0088,19.9793,44.44,0.057426,0.049060,2,0.400000
E3,business_coverage,6,33,0.655969,17.0088,19.9793,47.06,0.057371,0.049020,3,0.500000
E3,business_coverage,7,33,0.686142,17.0088,19.9793,48.21,0.057332,0.048991,4,0.571429
E3,business_diversity,3,33,0.698364,4.77509,17.2531,23.33,0.195141,0.056848,0,0.000000
E3,business_diversity,4,33,0.795812,4.77509,25.2337,28.95,0.193540,0.039044,0,0.000000
E3,business_diversity,5,33,0.911628,4.77509,25.2337,37.78,0.192597,0.039006,0,0.000000
E3,business_diversity,6,33,0.882353,4.77509,25.2337,45.10,0.191975,0.038981,1,0.166667
E3,business_diversity,7,33,0.857678,4.77509,25.2337,50.00,0.191534,0.038963,2,0.285714
E3,business_facility,3,33,0.535078,4.77509,25.5658,23.33,0.195141,0.038607,1,0.333333
E3,business_facility,4,33,0.469945,4.77509,25.5658,26.32,0.193540,0.038545,2,0.500000
E3,business_facility,5,33,0.658246,4.77509,25.5658,26.67,0.192597,0.038508,2,0.400000
E3,business_facility,6,33,0.661184,4.77509,25.5658,31.37,0.191975,0.038483,3,0.500000
E3,business_facility,7,33,0.674551,4.77509,25.5658,33.93,0.191534,0.038465,4,0.571429
E3,business_coverage,3,34,0.568813,1.79908,10.6374,19.05,0.459213,0.091093,1,0.333333
E3,business_coverage,4,34,0.660184,1.79908,10.6374,27.78,0.450340,0.090746,1,0.250000
E3,business_coverage,5,34,0.594257,1.79908,10.6374,33.85,0.445248,0.090539,2,0.400000
E3,business_coverage,6,34,0.662162,1.79908,10.6374,37.33,0.441943,0.090402,2,0.333333
E3,business_coverage,7,34,0.646683,1.79908,10.6374,40.48,0.439625,0.090304,3,0.428571
E3,business_diversity,3,34,0.707146,1.79908,15.6334,19.05,0.459213,0.062611,0,0.000000
E3,business_diversity,4,34,0.619231,1.79908,15.6334,29.63,0.450340,0.062448,1,0.250000
E3,business_diversity,5,34,0.649705,1.81967,15.6334,35.38,0.441312,0.062350,1,0.200000
E3,business_diversity,6,34,0.599222,1.81967,15.6334,40.00,0.438064,0.062285,2,0.333333
E3,business_diversity,7,34,0.607588,1.81967,15.6334,42.86,0.435786,0.062239,3,0.428571
E3,business_facility,3,34,0.690041,2.3991,49.0486,0.00,0.361591,0.020250,0,0.000000
E3,business_facility,4,34,0.610867,2.3991,49.0486,14.81,0.356078,0.020233,1,0.250000
E3,business_facility,5,34,0.643092,2.3991,49.0486,23.08,0.352882,0.020222,1,0.200000
E3,business_facility,6,34,0.585366,2.3991,49.0486,29.33,0.350796,0.020216,2,0.333333
E3,business_facility,7,34,0.575500,2.3991,49.0486,33.33,0.349327,0.020211,3,0.428571
E3,business_coverage,3,35,0.545659,7.03504,12.6893,0.00,0.135517,0.076754,0,0.000000
E3,business_coverage,4,35,0.611082,7.03504,13.0383,4.76,0.134746,0.074519,0,0.000000
E3,business_coverage,5,35,0.519608,7.03504,13.0828,12.00,0.134290,0.074135,1,0.200000
E3,business_coverage,6,35,0.640935,7.03504,13.0828,15.79,0.133988,0.074043,1,0.166667
E3,business_coverage,7,35,0.757601,7.03504,13.0828,20.63,0.133773,0.073977,1,0.142857
E3,business_diversity,3,35,0.558847,12.4902,25.3279,12.12,0.077945,0.038965,0,0.000000
E3,business_diversity,4,35,0.501160,12.4902,25.3279,16.67,0.077691,0.038901,0,0.000000
E3,business_diversity,5,35,0.593407,12.4902,25.3279,20.00,0.077540,0.038864,0,0.000000
E3,business_diversity,6,35,0.568627,12.4902,25.3279,24.56,0.077439,0.038838,1,0.166667
E3,business_diversity,7,35,0.705043,12.4902,25.3279,26.98,0.077367,0.038820,1,0.142857
E3,business_facility,3,35,0.512658,4.22508,25.9233,12.12,0.218500,0.038081,1,0.333333
E3,business_facility,4,35,0.436145,4.22508,26.4513,11.90,0.216491,0.037273,2,0.500000
E3,business_facility,5,35,0.397906,4.22508,30.8802,12.00,0.215310,0.031966,3,0.600000
E3,business_facility,6,35,0.547170,4.22508,30.8802,10.53,0.214533,0.031949,3,0.500000
E3,business_facility,7,35,0.680625,4.22508,30.8802,12.70,0.213982,0.031937,3,0.428571
E3,business_coverage,3,36,0.834400,3.75057,19.1908,11.90,0.243631,0.051209,0,0.000000
E3,business_coverage,4,36,0.712395,3.75057,19.1908,22.22,0.241132,0.051099,1,0.250000
E3,business_coverage,5,36,0.655329,3.75057,19.1908,27.69,0.239666,0.051034,2,0.400000
E3,business_coverage,6,36,0.597019,3.75057,19.1908,30.67,0.238703,0.050990,3,0.500000
E3,business_coverage,7,36,0.574534,3.75057,19.1908,32.14,0.238021,0.050959,4,0.571429
E3,business_diversity,3,36,0.557117,85.3289,48.517,4.76,0.011674,0.020470,0,0.000000
E3,business_diversity,4,36,0.546547,85.3289,48.517,7.41,0.011668,0.020453,0,0.000000
E3,business_diversity,5,36,0.640491,85.3289,48.517,10.77,0.011665,0.020442,0,0.000000
E3,business_diversity,6,36,0.603304,85.3289,48.517,16.00,0.011662,0.020435,1,0.166667
E3,business_diversity,7,36,0.677335,85.3289,48.517,19.05,0.011661,0.020430,1,0.142857
E3,business_facility,3,36,0.820871,3.90885,62.7953,4.76,0.234633,0.015840,0,0.000000
E3,business_facility,4,36,0.712741,3.90885,62.7953,16.67,0.232316,0.015830,1,0.250000
E3,business_facility,5,36,0.641139,3.90885,62.7953,23.08,0.230956,0.015824,2,0.400000
E3,business_facility,6,36,0.702136,3.90885,62.7953,26.67,0.230061,0.015819,2,0.333333
E3,business_facility,7,36,0.762632,3.90885,62.7953,29.76,0.229427,0.015816,2,0.285714
E3,business_coverage,3,37,0.835449,6.00522,17.9545,11.11,0.157450,0.054669,0,0.000000
E3,business_coverage,4,37,0.710452,6.00522,17.9545,21.43,0.156409,0.054544,1,0.250000
E3,business_coverage,5,37,0.605429,6.00522,17.9545,28.24,0.155793,0.054469,2,0.400000
E3,business_coverage,6,37,0.556536,6.00522,17.9545,32.32,0.155387,0.054420,3,0.500000
E3,business_coverage,7,37,0.606050,6.00522,21.2974,34.82,0.155098,0.046020,3,0.428571
E3,business_diversity,3,37,0.495024,186.14,37.9031,3.70,0.005363,0.026152,0,0.000000
E3,business_diversity,4,37,0.408793,186.14,37.9031,4.29,0.005361,0.026123,1,0.250000
E3,business_diversity,5,37,0.578624,186.14,37.9031,3.53,0.005361,0.026106,1,0.200000
E3,business_diversity,6,37,0.675712,186.14,37.9031,9.09,0.005360,0.026095,1,0.166667
E3,business_diversity,7,37,0.718927,186.14,37.9031,15.18,0.005360,0.026087,1,0.142857
E3,business_facility,3,37,0.507705,17.0973,46.5648,3.70,0.057356,0.021322,0,0.000000
E3,business_facility,4,37,0.408050,17.0973,46.5648,4.29,0.057218,0.021303,1,0.250000
E3,business_facility,5,37,0.397300,17.0973,46.5648,3.53,0.057136,0.021292,1,0.200000
E3,business_facility,6,37,0.390656,17.0973,46.5648,3.03,0.057082,0.021284,1,0.166667
E3,business_facility,7,37,0.365023,17.0973,46.5648,3.57,0.057043,0.021279,2,0.285714
E3,business_coverage,3,38,0.231579,4.00907,69,13.33,0.229270,0.014423,1,0.333333
E3,business_coverage,4,38,0.194030,4.00907,69,15.79,0.227057,0.014414,2,0.500000
E3,business_coverage,5,38,0.338926,4.00907,69,15.56,0.225758,0.014409,2,0.400000
E3,business_coverage,6,38,0.526423,4.00907,69,19.61,0.224903,0.014406,2,0.333333
E3,business_coverage,7,38,0.546904,4.00907,69,23.21,0.224298,0.014403,3,0.428571
E3,business_diversity,3,38,0.418000,4.24856,42.2612,16.67,0.217390,0.023476,0,0.000000
E3,business_diversity,4,38,0.591304,4.24856,42.2612,26.32,0.215402,0.023453,0,0.000000
E3,business_diversity,5,38,0.529938,4.24856,42.2612,33.33,0.214232,0.023439,1,0.200000
E3,business_diversity,6,38,0.675862,4.24856,42.2612,37.25,0.213463,0.023430,1,0.166667
E3,business_diversity,7,38,0.673200,4.24856,42.2612,41.07,0.212917,0.023424,2,0.285714
E3,business_facility,3,38,0.528000,3.75,35.1594,23.33,0.243665,0.028173,1,0.333333
E3,business_facility,4,38,0.450450,3.75,35.1594,31.58,0.241165,0.028140,2,0.500000
E3,business_facility,5,38,0.401559,3.75,35.1594,35.56,0.239699,0.028120,3,0.600000
E3,business_facility,6,38,0.428922,3.75,35.1594,37.25,0.238735,0.028107,4,0.666667
E3,business_facility,7,38,0.424012,3.75,35.1594,37.50,0.238053,0.028098,5,0.714286
E3,business_coverage,3,39,0.605311,3.35106,8.93791,0.00,0.269714,0.107762,0,0.000000
E3,business_coverage,4,39,0.646154,3.35106,10.8318,7.14,0.266649,0.089173,0,0.000000
E3,business_coverage,5,39,0.547170,3.35106,10.8318,14.00,0.264856,0.088974,1,0.200000
E3,business_coverage,6,39,0.613044,3.35106,10.8318,17.54,0.263679,0.088841,1,0.166667
E3,business_coverage,7,39,0.724688,3.35106,10.8318,22.22,0.262847,0.088747,1,0.142857
E3,business_diversity,3,39,0.766964,7.14821,32.1123,6.06,0.133473,0.030819,0,0.000000
E3,business_diversity,4,39,0.618044,7.14821,32.1123,14.29,0.132726,0.030779,1,0.250000
E3,business_diversity,5,39,0.630542,7.14821,32.1123,22.00,0.132283,0.030755,1,0.200000
E3,business_diversity,6,39,0.642074,7.14821,32.1123,28.07,0.131990,0.030739,2,0.333333
E3,business_diversity,7,39,0.664761,7.14821,32.1123,31.75,0.131782,0.030728,3,0.428571
E3,business_facility,3,39,0.916461,1.33778,36.5601,3.03,0.576722,0.027104,0,0.000000
E3,business_facility,4,39,0.749270,1.33778,36.5601,16.67,0.562856,0.027073,1,0.250000
E3,business_facility,5,39,0.655556,1.33778,36.5601,24.00,0.554992,0.027055,2,0.400000
E3,business_facility,6,39,0.619355,1.33778,36.5601,26.32,0.549925,0.027042,3,0.500000
E3,business_facility,7,39,0.625030,1.33778,36.5601,30.16,0.546387,0.027034,4,0.571429
E3,business_coverage,3,40,1.000000,1,32.2559,9.09,0.703704,0.030683,0,0.000000
E3,business_coverage,4,40,0.826805,1,32.2559,23.81,0.683594,0.030644,1,0.250000
E3,business_coverage,5,40,0.735178,1,32.2559,32.00,0.672320,0.030620,2,0.400000
E3,business_coverage,6,40,0.832618,1,32.2559,36.84,0.665102,0.030604,2,0.333333
E3,business_coverage,7,40,0.831198,1,32.2559,41.27,0.660083,0.030593,3,0.428571
E3,business_diversity,3,40,1.000000,1.06275,40.1046,18.18,0.676678,0.024728,0,0.000000
E3,business_diversity,4,40,1.000000,1.06275,40.1046,30.95,0.657938,0.024703,0,0.000000
E3,business_diversity,5,40,0.873016,1.06275,40.1046,40.00,0.647409,0.024687,1,0.200000
E3,business_diversity,6,40,0.944238,1.06275,40.1046,45.61,0.640660,0.024677,1,0.166667
E3,business_diversity,7,40,0.936170,1.06275,40.1046,50.79,0.635964,0.024670,2,0.285714
E3,business_facility,3,40,0.770070,4.14858,30.2336,12.12,0.222197,0.032712,0,0.000000
E3,business_facility,4,40,0.630103,4.14858,30.2336,21.43,0.220120,0.032668,1,0.250000
E3,business_facility,5,40,0.690265,4.14858,30.2336,26.00,0.218899,0.032641,1,0.200000
E3,business_facility,6,40,0.682796,4.14858,30.2336,31.58,0.218095,0.032623,2,0.333333
E3,business_facility,7,40,0.811442,4.14858,30.2336,34.92,0.217526,0.032611,2,0.285714
E3,business_coverage,3,41,0.832911,3.43297,36.8116,4.44,0.263925,0.026920,0,0.000000
E3,business_coverage,4,41,0.846586,3.43297,44.5506,13.79,0.260990,0.022258,0,0.000000
E3,business_coverage,5,41,0.731881,3.43297,44.5506,22.86,0.259273,0.022246,1,0.200000
E3,business_coverage,6,41,0.673540,3.43297,44.5506,28.40,0.258145,0.022237,2,0.333333
E3,business_coverage,7,41,0.653301,3.43297,44.5506,31.87,0.257348,0.022232,3,0.428571
E3,business_diversity,3,41,0.515932,22.0396,43.2905,2.22,0.044690,0.022922,1,0.333333
E3,business_diversity,4,41,0.627981,22.0396,43.2905,1.72,0.044607,0.022900,1,0.250000
E3,business_diversity,5,41,0.588969,22.0396,43.2905,5.71,0.044557,0.022887,1,0.200000
E3,business_diversity,6,41,0.569231,22.0396,43.2905,9.88,0.044524,0.022879,1,0.166667
E3,business_diversity,7,41,0.685818,22.0396,43.2905,14.29,0.044500,0.022872,1,0.142857
E3,business_facility,3,41,0.515932,22.2531,34.9842,4.44,0.044268,0.028313,1,0.333333
E3,business_facility,4,41,0.517514,22.2531,35.0102,3.45,0.044186,0.028259,1,0.250000
E3,business_facility,5,41,0.591363,22.2531,35.0102,5.71,0.044137,0.028239,1,0.200000
E3,business_facility,6,41,0.533835,22.2531,35.0102,9.88,0.044105,0.028225,2,0.333333
E3,business_facility,7,41,0.554674,22.2531,35.0102,12.09,0.044081,0.028216,2,0.285714
E3,business_coverage,3,42,0.766681,10.6436,27.1154,5.13,0.091041,0.036428,0,0.000000
E3,business_coverage,4,42,0.642978,10.6436,29.6209,12.00,0.090694,0.033335,1,0.250000
E3,business_coverage,5,42,0.707283,10.6436,30.7377,18.33,0.090488,0.032113,1,0.200000
E3,business_coverage,6,42,0.754237,10.6436,30.7377,24.64,0.090351,0.032096,1,0.166667
E3,business_coverage,7,42,0.717420,10.6436,30.7377,29.87,0.090253,0.032083,2,0.285714
E3,business_diversity,3,42,0.774705,3.98547,43.3106,7.69,0.230511,0.022912,0,0.000000
E3,business_diversity,4,42,0.791049,3.98547,43.3106,18.00,0.228274,0.022890,0,0.000000
E3,business_diversity,5,42,0.697595,3.98547,43.3106,26.67,0.226961,0.022877,1,0.200000
E3,business_diversity,6,42,0.800000,3.98547,43.3106,30.43,0.226097,0.022868,1,0.166667
E3,business_diversity,7,42,0.865009,3.98547,43.3106,35.06,0.225485,0.022862,1,0.142857
E3,business_facility,3,42,0.570528,12.2941,48.5167,7.69,0.079154,0.020470,0,0.000000
E3,business_facility,4,42,0.697822,12.2941,48.5167,14.00,0.078892,0.020453,0,0.000000
E3,business_facility,5,42,0.647253,61.5577,48.5167,20.00,0.016140,0.020442,0,0.000000
E3,business_facility,6,42,0.589372,61.5577,48.5167,24.64,0.016135,0.020435,1,0.166667
E3,business_facility,7,42,0.592895,61.5577,48.5167,27.27,0.016132,0.020430,2,0.285714
E3,business_coverage,3,43,0.754128,18.4091,27.6128,7.41,0.053343,0.035780,0,0.000000
E3,business_coverage,4,43,0.688995,110.835,27.6128,11.76,0.008992,0.035726,0,0.000000
E3,business_coverage,5,43,0.683502,110.835,27.6128,17.50,0.008990,0.035694,1,0.200000
E3,business_coverage,6,43,0.776936,110.835,27.6128,22.22,0.008989,0.035673,1,0.166667
E3,business_coverage,7,43,0.784423,110.835,27.6128,26.53,0.008988,0.035658,2,0.285714
E3,business_diversity,3,43,0.712651,21.0725,54.1275,0.00,0.046709,0.018361,0,0.000000
E3,business_diversity,4,43,0.620690,21.0725,54.1275,11.76,0.046617,0.018347,1,0.250000
E3,business_diversity,5,43,0.744657,21.0725,54.1275,17.50,0.046563,0.018339,1,0.200000
E3,business_diversity,6,43,0.772339,21.0725,54.1275,24.44,0.046527,0.018333,2,0.333333
E3,business_diversity,7,43,0.767865,21.0725,54.1275,28.57,0.046501,0.018329,3,0.428571
E3,business_facility,3,43,0.632813,162.378,21.3281,11.11,0.006146,0.046157,0,0.000000
E3,business_facility,4,43,0.828729,162.378,21.3281,20.59,0.006144,0.046069,0,0.000000
E3,business_facility,5,43,0.789444,162.378,26.3083,27.50,0.006143,0.037437,1,0.200000
E3,business_facility,6,43,0.754427,162.378,26.3083,33.33,0.006143,0.037414,2,0.333333
E3,business_facility,7,43,0.776490,162.378,26.3083,36.73,0.006142,0.037397,3,0.428571
E3,business_coverage,3,44,0.688817,2.2334,5.04265,0.00,0.384246,0.185488,0,0.000000
E3,business_coverage,4,44,0.764200,2.2334,13.1691,0.00,0.378022,0.073800,0,0.000000
E3,business_coverage,5,44,0.813385,2.2334,13.1691,2.35,0.374422,0.073664,0,0.000000
E3,business_coverage,6,44,0.736116,2.2334,13.3227,8.08,0.372075,0.072751,1,0.166667
E3,business_coverage,7,44,0.685287,2.2334,13.3227,13.39,0.370424,0.072688,2,0.285714
E3,business_diversity,3,44,0.544534,5.10816,13.648,0.00,0.183268,0.071496,0,0.000000
E3,business_diversity,4,44,0.519735,5.10816,13.648,0.00,0.181857,0.071282,0,0.000000
E3,business_diversity,5,44,0.508013,5.10816,13.9148,0.00,0.181024,0.069829,0,0.000000
E3,business_diversity,6,44,0.549020,5.10816,15.4393,0.00,0.180475,0.063047,0,0.000000
E3,business_diversity,7,44,0.572477,5.10816,15.4393,1.79,0.180085,0.062999,0,0.000000
E3,business_facility,3,44,0.597028,2.00945,18.509,0.00,0.419662,0.053061,0,0.000000
E3,business_facility,4,44,0.558108,4.51403,18.509,0.00,0.203798,0.052943,0,0.000000
E3,business_facility,5,44,0.525208,7.38827,18.509,0.00,0.128218,0.052873,0,0.000000
E3,business_facility,6,44,0.507345,7.38827,23.0118,0.00,0.127942,0.042677,0,0.000000
E3,business_facility,7,44,0.488567,17.849,28.8074,0.00,0.054698,0.034201,0,0.000000
E3,business_coverage,3,45,0.829646,4.02069,14.8969,16.67,0.228664,0.065637,0,0.000000
E3,business_coverage,4,45,0.842364,4.02069,17.7277,28.26,0.226463,0.055227,0,0.000000
E3,business_coverage,5,45,0.756757,4.02069,17.7277,36.36,0.225170,0.055151,1,0.200000
E3,business_coverage,6,45,0.811880,4.02069,17.7277,41.27,0.224320,0.055100,1,0.166667
E3,business_coverage,7,45,0.815287,4.02069,17.7277,45.71,0.223718,0.055064,2,0.285714
E3,business_diversity,3,45,0.485646,61.5255,32.4121,2.78,0.016166,0.030537,0,0.000000
E3,business_diversity,4,45,0.712159,61.5255,36.009,4.35,0.016155,0.027483,0,0.000000
E3,business_diversity,5,45,0.641975,61.5255,36.009,14.55,0.016148,0.027464,1,0.200000
E3,business_diversity,6,45,0.625768,61.5255,36.009,20.63,0.016144,0.027451,2,0.333333
E3,business_diversity,7,45,0.734584,61.5255,36.009,24.29,0.016141,0.027442,2,0.285714
E3,business_facility,3,45,0.327747,22.1491,23.7642,0.00,0.044473,0.041493,0,0.000000
E3,business_facility,4,45,0.627641,22.1491,23.7642,0.00,0.044390,0.041421,0,0.000000
E3,business_facility,5,45,0.675241,22.1491,23.7642,7.27,0.044341,0.041378,0,0.000000
E3,business_facility,6,45,0.679406,22.1491,23.7642,14.29,0.044308,0.041349,1,0.166667
E3,business_facility,7,45,0.686803,22.1491,23.7642,18.57,0.044284,0.041329,2,0.285714
E3,business_coverage,3,46,0.816518,37.2967,19.2735,11.11,0.026573,0.050993,0,0.000000
E3,business_coverage,4,46,0.680206,37.2967,33.5041,18.97,0.026544,0.029515,1,0.250000
E3,business_coverage,5,46,0.604203,37.2967,33.5041,24.29,0.026526,0.029493,2,0.400000
E3,business_coverage,6,46,0.520755,37.2967,33.5041,27.16,0.026514,0.029478,3,0.500000
E3,business_coverage,7,46,0.597104,37.2967,33.5041,28.57,0.026506,0.029468,3,0.428571
E3,business_diversity,3,46,0.676078,6.56021,19.1478,0.00,0.144820,0.051321,0,0.000000
E3,business_diversity,4,46,0.667564,6.56021,45.3271,3.45,0.143940,0.021880,0,0.000000
E3,business_diversity,5,46,0.701942,6.56021,45.3271,12.86,0.143419,0.021868,0,0.000000
E3,business_diversity,6,46,0.629310,6.56021,45.3271,20.99,0.143074,0.021860,1,0.166667
E3,business_diversity,7,46,0.733022,6.56021,45.3271,26.37,0.142829,0.021854,1,0.142857
E3,business_facility,3,46,0.954223,1.93755,16.1638,4.44,0.432415,0.060600,0,0.000000
E3,business_facility,4,46,0.836235,1.93755,16.1638,17.24,0.424540,0.060446,1,0.250000
E3,business_facility,5,46,0.732486,1.93755,16.1638,24.29,0.420007,0.060355,2,0.400000
E3,business_facility,6,46,0.692308,14.4333,31.7915,29.63,0.067315,0.031046,2,0.333333
E3,business_facility,7,46,0.751862,14.4333,31.7915,34.07,0.067261,0.031034,2,0.285714
E3,business_coverage,3,47,0.777778,33,54.12,15.15,0.029998,0.018364,0,0.000000
E3,business_coverage,4,47,0.619381,33,56.4629,26.19,0.029960,0.017593,1,0.250000
E3,business_coverage,5,47,0.711744,33,89.9351,30.00,0.029938,0.011070,1,0.200000
E3,business_coverage,6,47,0.686217,33,89.9351,33.33,0.029923,0.011068,2,0.333333
E3,business_coverage,7,47,0.676342,33,89.9351,34.92,0.029912,0.011066,3,0.428571
E3,business_diversity,3,47,0.878374,2.13098,42.0113,15.15,0.399691,0.023615,0,0.000000
E3,business_diversity,4,47,0.691114,2.13098,42.0113,28.57,0.392958,0.023591,1,0.250000
E3,business_diversity,5,47,0.630350,2.13098,42.0113,36.00,0.389070,0.023578,2,0.400000
E3,business_diversity,6,47,0.762591,2.13098,42.0113,40.35,0.386537,0.023568,2,0.333333
E3,business_diversity,7,47,0.795842,2.13098,42.0113,44.44,0.384757,0.023562,3,0.428571
E3,business_facility,3,47,0.760748,1,67.0916,15.15,0.703704,0.014831,1,0.333333
E3,business_facility,4,47,0.605111,1,67.0916,26.19,0.683594,0.014822,2,0.500000
E3,business_facility,5,47,0.555133,1,67.0916,32.00,0.672320,0.014816,3,0.600000
E3,business_facility,6,47,0.565467,1,67.0916,35.09,0.665102,0.014813,4,0.666667
E3,business_facility,7,47,0.574823,1,67.0916,36.51,0.660083,0.014810,5,0.714286
E3,business_coverage,3,48,0.666884,6.64287,8.42415,5.56,0.143110,0.114071,0,0.000000
E3,business_coverage,4,48,0.689161,6.64287,9.00779,6.52,0.142250,0.106478,0,0.000000
E3,business_coverage,5,48,0.600000,6.64287,10.3674,12.73,0.141742,0.092806,1,0.200000
E3,business_coverage,6,48,0.661974,6.64287,10.3674,15.87,0.141405,0.092662,1,0.166667
E3,business_coverage,7,48,0.744427,6.64287,10.3674,21.43,0.141166,0.092560,1,0.142857
E3,business_diversity,3,48,0.458758,7.67619,26.5482,5.56,0.124698,0.037196,1,0.333333
E3,business_diversity,4,48,0.603306,7.67619,26.5482,4.35,0.124046,0.037139,1,0.250000
E3,business_diversity,5,48,0.733945,7.67619,26.5482,5.45,0.123659,0.037104,1,0.200000
E3,business_diversity,6,48,0.729167,7.67619,26.5482,11.11,0.123403,0.037081,2,0.333333
E3,business_diversity,7,48,0.694307,7.67619,26.5482,17.14,0.123221,0.037065,3,0.428571
E3,business_facility,3,48,0.578065,2.18022,31.4089,5.56,0.392117,0.031501,1,0.333333
E3,business_facility,4,48,0.527188,8.07759,31.4089,4.35,0.118170,0.031460,1,0.250000
E3,business_facility,5,48,0.491379,10.8587,31.4089,3.64,0.088761,0.031435,1,0.200000
E3,business_facility,6,48,0.516878,10.8587,31.4089,4.76,0.088629,0.031419,1,0.166667
E3,business_facility,7,48,0.564980,10.8587,31.4089,5.71,0.088536,0.031407,1,0.142857
E3,business_coverage,3,49,0.770494,1.71677,6.17824,3.57,0.476712,0.153283,0,0.000000
E3,business_coverage,4,49,0.827622,1.71677,10.3325,4.55,0.467157,0.093326,0,0.000000
E3,business_coverage,5,49,0.872115,1.71677,17.4745,5.93,0.461684,0.055931,0,0.000000
E3,business_coverage,6,49,0.798349,1.71677,36.2515,8.18,0.458135,0.027270,1,0.166667
E3,business_coverage,7,49,0.827014,1.71677,36.2515,9.89,0.455648,0.027261,1,0.142857
E3,business_diversity,3,49,0.770494,1.74445,32.2617,2.38,0.470686,0.030677,0,0.000000
E3,business_diversity,4,49,0.686165,4.66732,36.2366,3.64,0.197648,0.027312,0,0.000000
E3,business_diversity,5,49,0.622581,13.9263,47.6929,4.44,0.069773,0.020792,0,0.000000
E3,business_diversity,6,49,0.562648,13.9263,47.6929,5.03,0.069692,0.020785,1,0.166667
E3,business_diversity,7,49,0.536717,13.9263,47.6929,4.95,0.069634,0.020780,1,0.142857
E3,business_facility,3,49,0.565735,5.12203,46.9499,0.00,0.182805,0.021148,0,0.000000
E3,business_facility,4,49,0.520999,5.27139,46.9499,0.91,0.176630,0.021130,0,0.000000
E3,business_facility,5,49,0.485179,9.33691,46.9499,1.48,0.102611,0.021119,0,0.000000
E3,business_facility,6,49,0.477563,9.33691,46.9499,1.89,0.102435,0.021111,0,0.000000
E3,business_facility,7,49,0.582401,9.33691,50.2234,2.20,0.102309,0.019742,0,0.000000
E3,business_coverage,3,50,0.789412,1,33.5362,20.00,0.703704,0.029523,1,0.333333
E3,business_coverage,4,50,0.681290,1,33.5362,29.31,0.683594,0.029487,2,0.500000
E3,business_coverage,5,50,0.623482,1,37.6729,34.29,0.672320,0.026264,3,0.600000
E3,business_coverage,6,50,0.560886,1,37.6729,37.04,0.665102,0.026252,4,0.666667
E3,business_coverage,7,50,0.635028,1.00748,37.6729,39.56,0.657129,0.026244,4,0.571429
E3,business_diversity,3,50,0.660000,12.84,40.6514,0.00,0.075877,0.024398,0,0.000000
E3,business_diversity,4,50,0.709360,12.84,40.6514,5.17,0.075636,0.024373,0,0.000000
E3,business_diversity,5,50,0.774258,12.84,40.6514,12.86,0.075493,0.024359,0,0.000000
E3,business_diversity,6,50,0.821577,12.84,40.6514,22.22,0.075398,0.024349,0,0.000000
E3,business_diversity,7,50,0.821237,12.84,40.6514,29.67,0.075330,0.024342,1,0.142857
E3,business_facility,3,50,0.660000,1.78127,45.5646,6.67,0.462894,0.021787,1,0.333333
E3,business_facility,4,50,0.569260,1.78127,45.5646,10.34,0.453879,0.021767,2,0.500000
E3,business_facility,5,50,0.529990,31.7426,45.5646,12.86,0.031109,0.021755,2,0.400000
E3,business_facility,6,50,0.504132,31.7426,45.5646,16.05,0.031093,0.021747,2,0.333333
E3,business_facility,7,50,0.502548,31.7426,45.5646,19.78,0.031081,0.021742,3,0.428571
E3,business_coverage,3,51,0.743223,3.83734,15.9107,2.08,0.238616,0.061543,0,0.000000
E3,business_coverage,4,51,0.842365,3.83734,15.9107,6.45,0.236219,0.061385,0,0.000000
E3,business_coverage,5,51,0.765283,39.6667,15.9107,14.67,0.024957,0.061290,0,0.000000
E3,business_coverage,6,51,0.675723,39.6667,16.2773,20.69,0.024947,0.059884,1,0.166667
E3,business_coverage,7,51,0.630137,39.6667,20.478,24.49,0.024939,0.047823,2,0.285714
E3,business_diversity,3,51,0.606795,18.2088,55.1519,0.00,0.053919,0.018022,0,0.000000
E3,business_diversity,4,51,0.742835,18.2088,55.1519,0.00,0.053798,0.018009,0,0.000000
E3,business_diversity,5,51,0.701178,18.2088,55.1519,8.00,0.053725,0.018001,0,0.000000
E3,business_diversity,6,51,0.646942,18.2088,55.1519,16.09,0.053677,0.017995,1,0.166667
E3,business_diversity,7,51,0.598425,18.2088,55.1519,21.43,0.053643,0.017991,2,0.285714
E3,business_facility,3,51,0.884095,1.48481,16.2388,0.00,0.533607,0.060325,0,0.000000
E3,business_facility,4,51,0.959311,1.48481,25.9096,8.06,0.521683,0.038041,0,0.000000
E3,business_facility,5,51,0.869432,147.579,25.9096,18.67,0.006758,0.038004,0,0.000000
E3,business_facility,6,51,0.877016,147.579,25.9096,26.44,0.006757,0.037980,0,0.000000
E3,business_facility,7,51,0.789272,147.579,25.9096,32.65,0.006756,0.037963,1,0.142857
E3,business_coverage,3,52,0.816572,2.09387,5.10973,0.00,0.405590,0.183216,0,0.000000
E3,business_coverage,4,52,0.847619,2.09387,9.80459,0.00,0.398657,0.098158,0,0.000000
E3,business_coverage,5,52,0.898119,2.09387,11.4147,1.00,0.394656,0.084589,0,0.000000
E3,business_coverage,6,52,0.902668,2.09387,11.4147,6.84,0.392051,0.084470,0,0.000000
E3,business_coverage,7,52,0.818571,2.09387,14.2597,13.53,0.390221,0.068055,1,0.142857
E3,business_diversity,3,52,0.602664,8.37858,24.5602,0.00,0.114667,0.040166,0,0.000000
E3,business_diversity,4,52,0.560064,8.37858,24.5602,0.00,0.114116,0.040099,0,0.000000
E3,business_diversity,5,52,0.624102,8.37858,24.5602,0.00,0.113788,0.040059,0,0.000000
E3,business_diversity,6,52,0.596077,8.37858,37.8039,0.00,0.113572,0.026162,0,0.000000
E3,business_diversity,7,52,0.580733,8.37858,37.8039,2.26,0.113418,0.026154,0,0.000000
E3,business_facility,3,52,0.675723,2.36912,33.9596,0.00,0.365494,0.029159,0,0.000000
E3,business_facility,4,52,0.753439,2.36912,33.9596,0.00,0.359862,0.029123,0,0.000000
E3,business_facility,5,52,0.679651,12.1376,33.9596,0.00,0.079718,0.029102,0,0.000000
E3,business_facility,6,52,0.634523,13.9038,33.9596,1.71,0.069801,0.029088,0,0.000000
E3,business_facility,7,52,0.664302,13.9038,33.9596,3.01,0.069743,0.029078,0,0.000000
E3,business_coverage,3,53,0.780385,1,12.5696,29.63,0.703704,0.077466,1,0.333333
E3,business_coverage,4,53,0.690196,1,12.572,38.24,0.683594,0.077201,2,0.500000
E3,business_coverage,5,53,0.786847,1,13.8477,42.50,0.672320,0.070158,2,0.400000
E3,business_coverage,6,53,0.773719,1,13.8477,46.67,0.665102,0.070076,3,0.500000
E3,business_coverage,7,53,0.886850,1,13.8477,48.98,0.660083,0.070017,3,0.428571
E3,business_diversity,3,53,0.768530,7.14438,25.1161,14.81,0.133541,0.039289,0,0.000000
E3,business_diversity,4,53,0.687225,7.14438,25.1161,23.53,0.132793,0.039225,1,0.250000
E3,business_diversity,5,53,0.685960,7.14438,25.1161,30.00,0.132350,0.039186,2,0.400000
E3,business_diversity,6,53,0.838990,7.14438,25.1161,33.33,0.132057,0.039160,2,0.333333
E3,business_diversity,7,53,1.000000,7.14438,25.1161,36.73,0.131848,0.039142,2,0.285714
E3,business_facility,3,53,0.619602,7.15034,27.3342,11.11,0.133435,0.036140,1,0.333333
E3,business_facility,4,53,0.743119,7.15034,27.3342,11.76,0.132688,0.036085,1,0.250000
E3,business_facility,5,53,0.884684,7.15034,27.3342,20.00,0.132246,0.036053,1,0.200000
E3,business_facility,6,53,0.835208,7.15034,27.3342,26.67,0.131953,0.036031,2,0.333333
E3,business_facility,7,53,0.849661,7.15034,27.3342,30.61,0.131745,0.036016,3,0.428571
E3,business_coverage,3,54,0.776058,1.72535,13.7248,2.78,0.474828,0.071106,0,0.000000
E3,business_coverage,4,54,0.805942,1.72535,19.8502,10.87,0.465348,0.049434,0,0.000000
E3,business_coverage,5,54,0.819277,1.72535,19.8502,21.82,0.459916,0.049372,0,0.000000
E3,business_coverage,6,54,0.778678,1.72535,19.8502,29.03,0.456394,0.049332,1,0.166667
E3,business_coverage,7,54,0.784316,1.72535,19.8502,33.82,0.453926,0.049303,2,0.285714
E3,business_diversity,3,54,0.567492,2.90151,13.4021,5.56,0.306570,0.072775,1,0.333333
E3,business_diversity,4,54,0.541353,3.73174,13.4021,4.35,0.242226,0.072553,1,0.250000
E3,business_diversity,5,54,0.502370,3.73174,16.8785,7.27,0.240746,0.057859,2,0.400000
E3,business_diversity,6,54,0.492857,3.73174,18.4106,9.52,0.239774,0.053102,3,0.500000
E3,business_diversity,7,54,0.595785,3.73174,18.4106,11.43,0.239086,0.053068,3,0.428571
E3,business_facility,3,54,0.567492,2.90151,12.0929,5.56,0.306570,0.080434,1,0.333333
E3,business_facility,4,54,0.617236,2.90151,12.0929,4.35,0.302608,0.080164,1,0.250000
E3,business_facility,5,54,0.588235,11.7184,18.0094,7.27,0.082472,0.054307,1,0.200000
E3,business_facility,6,54,0.711194,11.7184,18.0094,11.11,0.082358,0.054258,1,0.166667
E3,business_facility,7,54,0.819876,11.7184,18.0094,17.14,0.082277,0.054222,1,0.142857
E3,business_coverage,3,55,1.000000,1.02545,16.7223,8.89,0.692535,0.058616,0,0.000000
E3,business_coverage,4,55,0.814247,1.02545,17.7779,20.69,0.672992,0.055074,1,0.250000
E3,business_coverage,5,55,0.751825,1.02545,17.7779,28.57,0.662026,0.054998,2,0.400000
E3,business_coverage,6,55,0.688608,1.02545,17.7779,33.33,0.655003,0.054948,3,0.500000
E3,business_coverage,7,55,0.742228,1.02545,17.7779,36.26,0.650117,0.054912,3,0.428571
E3,business_diversity,3,55,0.568032,10.2475,43.9557,2.22,0.094445,0.022578,0,0.000000
E3,business_diversity,4,55,0.642433,10.2475,43.9557,5.17,0.094071,0.022557,0,0.000000
E3,business_diversity,5,55,0.603995,61.2857,43.9557,8.57,0.016211,0.022544,0,0.000000
E3,business_diversity,6,55,0.700906,61.2857,43.9557,11.11,0.016206,0.022536,0,0.000000
E3,business_diversity,7,55,0.749637,61.2857,43.9557,17.58,0.016203,0.022530,0,0.000000
E3,business_facility,3,55,0.568032,7.70391,18.6913,0.00,0.124269,0.052552,0,0.000000
E3,business_facility,4,55,0.557292,7.70391,18.6913,3.45,0.123621,0.052437,0,0.000000
E3,business_facility,5,55,0.699536,7.70391,29.3595,7.14,0.123237,0.033600,0,0.000000
E3,business_facility,6,55,0.634286,7.70391,31.2663,12.35,0.122983,0.031560,1,0.166667
E3,business_facility,7,55,0.692866,7.70391,31.2663,15.38,0.122802,0.031548,1,0.142857
E3,business_coverage,3,56,0.650620,6.18293,9.53024,4.76,0.153173,0.101302,0,0.000000
E3,business_coverage,4,56,0.702504,6.18293,14.4957,12.96,0.152188,0.067222,0,0.000000
E3,business_coverage,5,56,0.634088,63.0072,20.7318,18.46,0.015771,0.047313,0,0.000000
E3,business_coverage,6,56,0.562500,63.0072,20.7318,22.67,0.015767,0.047276,1,0.166667
E3,business_coverage,7,56,0.545521,63.0072,20.7318,26.19,0.015764,0.047249,2,0.285714
E3,business_diversity,3,56,0.525346,47.0856,7.75742,4.76,0.021088,0.123449,1,0.333333
E3,business_diversity,4,56,0.650368,47.0856,7.77766,3.70,0.021069,0.122506,1,0.250000
E3,business_diversity,5,56,0.590736,47.0856,12.4494,3.08,0.021058,0.077786,1,0.200000
E3,business_diversity,6,56,0.524590,47.0856,12.4494,8.00,0.021051,0.077684,2,0.333333
E3,business_diversity,7,56,0.533675,47.0856,12.4494,11.90,0.021046,0.077612,3,0.428571
E3,business_facility,3,56,0.663978,4.34337,18.971,7.14,0.213018,0.051791,0,0.000000
E3,business_facility,4,56,0.569557,4.34337,19.3677,11.11,0.211109,0.050641,1,0.250000
E3,business_facility,5,56,0.529896,7.93756,25.8977,12.31,0.119793,0.038022,1,0.200000
E3,business_facility,6,56,0.460870,7.93756,25.8977,16.00,0.119552,0.037998,2,0.333333
E3,business_facility,7,56,0.476771,26.7841,25.8977,17.86,0.036743,0.037980,2,0.285714
E3,business_coverage,3,57,0.799373,1.8638,7.97255,0.00,0.446301,0.120259,0,0.000000
E3,business_coverage,4,57,0.819097,1.8638,9.19238,0.00,0.437916,0.104428,0,0.000000
E3,business_coverage,5,57,0.839085,1.8638,18.577,4.21,0.433097,0.052683,0,0.000000
E3,business_coverage,6,57,0.869936,1.8638,29.0604,7.21,0.429967,0.033921,0,0.000000
E3,business_coverage,7,57,0.866296,1.8638,29.0604,11.11,0.427771,0.033908,0,0.000000
E3,business_diversity,3,57,0.558209,5.34515,21.0328,0.00,0.175661,0.046795,0,0.000000
E3,business_diversity,4,57,0.527434,5.34515,21.0328,0.00,0.174365,0.046704,0,0.000000
E3,business_diversity,5,57,0.627622,5.34515,21.0328,0.00,0.173599,0.046649,0,0.000000
E3,business_diversity,6,57,0.610428,5.34515,30.0596,0.00,0.173094,0.032810,0,0.000000
E3,business_diversity,7,57,0.649804,5.34515,30.0596,2.38,0.172736,0.032797,0,0.000000
E3,business_facility,3,57,0.777474,2.00674,31.9301,0.00,0.420129,0.030993,0,0.000000
E3,business_facility,4,57,0.750940,2.07165,31.9301,0.00,0.402148,0.030952,0,0.000000
E3,business_facility,5,57,0.679763,9.60783,41.2537,1.05,0.099838,0.024006,0,0.000000
E3,business_facility,6,57,0.615637,9.60783,41.2537,3.60,0.099671,0.023997,1,0.166667
E3,business_facility,7,57,0.573701,9.60783,41.276,4.76,0.099552,0.023977,2,0.285714
E3,business_coverage,3,58,1.000000,1,6.19586,12.12,0.703704,0.152871,0,0.000000
E3,business_coverage,4,58,0.989299,1.08559,6.86038,23.81,0.648999,0.137989,0,0.000000
E3,business_coverage,5,58,1.000000,1.08559,6.86038,34.00,0.638729,0.137510,0,0.000000
E3,business_coverage,6,58,0.947566,1.08559,6.86038,42.11,0.632142,0.137193,1,0.166667
E3,business_coverage,7,58,0.942446,1.08559,6.86038,47.62,0.627558,0.136968,2,0.285714
E3,business_diversity,3,58,0.738525,6.51,17.9884,6.06,0.145879,0.054568,0,0.000000
E3,business_diversity,4,58,0.813083,6.51,27.8483,14.29,0.144986,0.035428,0,0.000000
E3,business_diversity,5,58,0.880342,6.51,27.8483,24.00,0.144457,0.035397,0,0.000000
E3,business_diversity,6,58,0.843989,6.51,27.8483,31.58,0.144107,0.035376,1,0.166667
E3,business_diversity,7,58,0.812049,6.51,27.8483,36.51,0.143859,0.035361,2,0.285714
E3,business_facility,3,58,0.534431,18.4656,22.1485,6.06,0.053183,0.044474,0,0.000000
E3,business_facility,4,58,0.475838,18.4656,22.1485,7.14,0.053065,0.044391,0,0.000000
E3,business_facility,5,58,0.427807,18.4656,31.447,8.00,0.052994,0.031398,1,0.200000
E3,business_facility,6,58,0.447622,18.4656,31.9941,7.02,0.052947,0.030852,1,0.166667
E3,business_facility,7,58,0.481545,18.4656,37.296,6.35,0.052914,0.026506,1,0.142857
E3,business_coverage,3,59,0.794124,4.52782,15.0127,7.14,0.204997,0.065142,0,0.000000
E3,business_coverage,4,59,0.702718,13.3071,16.5817,14.81,0.073057,0.058957,0,0.000000
E3,business_coverage,5,59,0.775161,13.3071,16.9204,23.08,0.072923,0.057719,0,0.000000
E3,business_coverage,6,59,0.800000,13.3071,16.9204,29.33,0.072834,0.057664,0,0.000000
E3,business_coverage,7,59,0.776640,13.3071,16.9204,34.52,0.072771,0.057624,1,0.142857
E3,business_diversity,3,59,0.522088,1037.89,43.6775,7.14,0.000963,0.022721,0,0.000000
E3,business_diversity,4,59,0.675414,1037.89,43.6775,9.26,0.000963,0.022699,0,0.000000
E3,business_diversity,5,59,0.578286,1037.89,43.6775,13.85,0.000963,0.022686,1,0.200000
E3,business_diversity,6,59,0.544118,1037.89,43.6775,16.00,0.000963,0.022678,2,0.333333
E3,business_diversity,7,59,0.657966,1037.89,43.6775,17.86,0.000963,0.022672,2,0.285714
E3,business_facility,3,59,0.574058,5.21327,42.148,7.14,0.179815,0.023539,0,0.000000
E3,business_facility,4,59,0.498142,5.21327,42.148,11.11,0.178456,0.023516,1,0.250000
E3,business_facility,5,59,0.455868,35.4049,42.148,12.31,0.027927,0.023502,1,0.200000
E3,business_facility,6,59,0.421875,35.4049,42.148,14.67,0.027914,0.023493,2,0.333333
E3,business_facility,7,59,0.408760,35.4049,42.148,15.48,0.027905,0.023486,3,0.428571
E3,business_coverage,3,60,0.469634,2.97279,28.4303,12.50,0.300076,0.034763,1,0.333333
E3,business_coverage,4,60,0.597222,2.97279,28.4303,16.67,0.296280,0.034713,1,0.250000
E3,business_coverage,5,60,0.570489,2.97279,28.4303,22.86,0.294067,0.034682,2,0.400000
E3,business_coverage,6,60,0.738201,2.97279,28.4303,25.64,0.292616,0.034662,2,0.333333
E3,business_coverage,7,60,0.749038,2.97279,28.4303,28.57,0.291592,0.034648,3,0.428571
E3,business_diversity,3,60,0.724879,2.97279,17.7624,12.50,0.300076,0.055249,0,0.000000
E3,business_diversity,4,60,0.646617,2.97279,17.7624,23.33,0.296280,0.055121,1,0.250000
E3,business_diversity,5,60,0.788642,2.97279,17.7624,28.57,0.294067,0.055045,1,0.200000
E3,business_diversity,6,60,0.925466,2.97279,17.7624,33.33,0.292616,0.054995,1,0.166667
E3,business_diversity,7,60,0.931818,2.97279,17.7624,38.10,0.291592,0.054958,2,0.285714
E3,business_facility,3,60,0.718764,2.97279,17.7684,12.50,0.300076,0.055231,0,0.000000
E3,business_facility,4,60,0.597222,2.97279,17.7684,23.33,0.296280,0.055103,1,0.250000
E3,business_facility,5,60,0.557523,2.97279,17.7684,28.57,0.294067,0.055027,2,0.400000
E3,business_facility,6,60,0.579664,2.97279,17.7684,30.77,0.292616,0.054976,3,0.500000
E3,business_facility,7,60,0.749038,2.97279,17.7684,30.95,0.291592,0.054940,3,0.428571
E3,business_coverage,3,61,0.597762,4.40689,19.1992,23.33,0.210186,0.051187,1,0.333333
E3,business_coverage,4,61,0.507576,4.40689,19.1992,26.32,0.208328,0.051077,2,0.500000
E3,business_coverage,5,61,0.560345,4.40689,33.4513,28.89,0.207235,0.029539,2,0.400000
E3,business_coverage,6,61,0.672208,4.40689,33.4513,33.33,0.206514,0.029524,2,0.333333
E3,business_coverage,7,61,0.670883,4.40689,33.4513,37.50,0.206004,0.029514,3,0.428571
E3,business_diversity,3,61,0.597762,1075.87,16.1962,0.00,0.000929,0.060481,0,0.000000
E3,business_diversity,4,61,0.595238,1075.87,16.1962,7.89,0.000929,0.060328,0,0.000000
E3,business_diversity,5,61,0.698929,1075.87,16.1962,17.78,0.000929,0.060237,0,0.000000
E3,business_diversity,6,61,0.813725,1075.87,16.1962,25.49,0.000929,0.060176,0,0.000000
E3,business_diversity,7,61,0.797619,1075.87,16.1962,32.14,0.000929,0.060133,1,0.142857
E3,business_facility,3,61,0.597762,2.26316,16.418,13.33,0.379975,0.059681,1,0.333333
E3,business_facility,4,61,0.550000,40,16.418,18.42,0.024767,0.059532,1,0.250000
E3,business_facility,5,61,0.559684,40,16.418,24.44,0.024751,0.059443,2,0.400000
E3,business_facility,6,61,0.565185,40,16.418,27.45,0.024741,0.059384,3,0.500000
E3,business_facility,7,61,0.563317,40,16.418,28.57,0.024734,0.059342,4,0.571429
E3,business_coverage,3,62,0.746188,2.75121,39.091,2.38,0.321217,0.025364,0,0.000000
E3,business_coverage,4,62,0.770424,2.75121,39.091,14.81,0.316867,0.025337,0,0.000000
E3,business_coverage,5,62,0.663447,2.75121,59.8644,24.62,0.314335,0.016593,1,0.200000
E3,business_coverage,6,62,0.639149,2.75121,59.8644,30.67,0.312678,0.016589,2,0.333333
E3,business_coverage,7,62,0.619329,2.75121,59.8644,34.52,0.311509,0.016585,3,0.428571
E3,business_diversity,3,62,0.373333,11.3544,30.9263,0.00,0.085511,0.031988,0,0.000000
E3,business_diversity,4,62,0.526754,11.3544,30.9263,0.00,0.085205,0.031945,0,0.000000
E3,business_diversity,5,62,0.598007,11.3544,30.9263,6.15,0.085023,0.031919,0,0.000000
E3,business_diversity,6,62,0.678540,11.3544,30.9263,12.00,0.084902,0.031902,0,0.000000
E3,business_diversity,7,62,0.767785,11.3544,30.9263,17.86,0.084816,0.031890,0,0.000000
E3,business_facility,3,62,0.600943,2.37559,17.7916,0.00,0.364645,0.055160,0,0.000000
E3,business_facility,4,62,0.544440,9.59215,18.0547,9.26,0.100247,0.054247,0,0.000000
E3,business_facility,5,62,0.505303,9.59215,20.6287,15.38,0.099994,0.047545,1,0.200000
E3,business_facility,6,62,0.619710,9.59215,20.7842,18.67,0.099827,0.047159,1,0.166667
E3,business_facility,7,62,0.610187,9.59215,20.7842,22.62,0.099708,0.047133,2,0.285714
E3,business_coverage,3,63,0.641711,4.66208,16.5657,0.00,0.199526,0.059159,0,0.000000
E3,business_coverage,4,63,0.560520,4.66208,17.6104,10.34,0.197852,0.055587,1,0.250000
E3,business_coverage,5,63,0.637228,4.66208,19.7523,15.71,0.196866,0.049612,1,0.200000
E3,business_coverage,6,63,0.578125,4.66208,21.7193,20.99,0.196216,0.045168,2,0.333333
E3,business_coverage,7,63,0.566460,4.66208,81.2351,24.18,0.195755,0.012245,3,0.428571
E3,business_diversity,3,63,0.488166,11.9707,50.3778,2.22,0.081233,0.019719,1,0.333333
E3,business_diversity,4,63,0.507319,11.9707,50.3778,1.72,0.080957,0.019703,1,0.250000
E3,business_diversity,5,63,0.474971,11.9707,50.3778,8.57,0.080792,0.019693,2,0.400000
E3,business_diversity,6,63,0.550847,11.9707,50.3778,12.35,0.080683,0.019687,2,0.333333
E3,business_diversity,7,63,0.544777,11.9707,50.3778,16.48,0.080605,0.019682,3,0.428571
E3,business_facility,3,63,0.581081,34.9493,82.6299,6.67,0.028341,0.012053,0,0.000000
E3,business_facility,4,63,0.512522,34.9493,82.6299,15.52,0.028307,0.012047,1,0.250000
E3,business_facility,5,63,0.479626,34.9493,82.6299,20.00,0.028287,0.012044,2,0.400000
E3,business_facility,6,63,0.453441,34.9493,82.6299,22.22,0.028274,0.012041,3,0.500000
E3,business_facility,7,63,0.451948,34.9493,82.6299,23.08,0.028264,0.012040,4,0.571429
E3,business_coverage,3,64,0.927848,1.50572,26.2214,2.56,0.527958,0.037654,0,0.000000
E3,business_coverage,4,64,0.831769,1.50572,26.2214,14.00,0.516279,0.037595,1,0.250000
E3,business_coverage,5,64,0.886111,1.50572,26.2214,21.67,0.509623,0.037559,1,0.200000
E3,business_coverage,6,64,0.804141,1.50572,26.2214,27.54,0.505322,0.037536,2,0.333333
E3,business_coverage,7,64,0.797541,1.50572,26.2214,31.17,0.502313,0.037519,3,0.428571
E3,business_diversity,3,64,0.531593,29.7192,55.4131,0.00,0.033272,0.017938,0,0.000000
E3,business_diversity,4,64,0.745308,29.7192,55.4131,0.00,0.033226,0.017925,0,0.000000
E3,business_diversity,5,64,0.676890,29.7192,55.4131,5.00,0.033198,0.017916,1,0.200000
E3,business_diversity,6,64,0.652308,29.7192,55.4131,7.25,0.033180,0.017911,1,0.166667
E3,business_diversity,7,64,0.714795,29.7192,55.4131,9.09,0.033167,0.017907,1,0.142857
E3,business_facility,3,64,0.827745,5.8885,29.3327,0.00,0.160391,0.033706,0,0.000000
E3,business_facility,4,64,0.745308,105.824,29.3327,6.00,0.009416,0.033658,0,0.000000
E3,business_facility,5,64,0.701636,105.824,29.3327,10.00,0.009414,0.033630,0,0.000000
E3,business_facility,6,64,0.661276,105.824,29.3327,13.04,0.009413,0.033611,1,0.166667
E3,business_facility,7,64,0.670873,105.824,33.7671,14.29,0.009411,0.029241,2,0.285714
E3,business_coverage,3,65,0.802847,4.64054,26.4245,0.00,0.200384,0.037368,0,0.000000
E3,business_coverage,4,65,0.710496,12.7887,26.4245,6.90,0.075931,0.037310,0,0.000000
E3,business_coverage,5,65,0.682070,12.7887,26.4245,14.29,0.075786,0.037275,0,0.000000
E3,business_coverage,6,65,0.618267,12.7887,27.4135,19.75,0.075690,0.035928,1,0.166667
E3,business_coverage,7,65,0.684783,12.7887,27.4135,23.08,0.075622,0.035913,1,0.142857
E3,business_diversity,3,65,0.611390,2.78523,11.4798,0.00,0.317782,0.084605,0,0.000000
E3,business_diversity,4,65,0.732714,2.78523,13.6898,1.72,0.313524,0.071070,0,0.000000
E3,business_diversity,5,65,0.796519,2.78523,31.4747,10.00,0.311046,0.031370,0,0.000000
E3,business_diversity,6,65,0.772362,18.6374,34.6642,17.28,0.052470,0.028504,0,0.000000
E3,business_diversity,7,65,0.715361,18.6374,34.6642,23.08,0.052437,0.028494,1,0.142857
E3,business_facility,3,65,0.460205,5.01258,15.7881,0.00,0.186526,0.062011,0,0.000000
E3,business_facility,4,65,0.489698,5.01258,15.8869,0.00,0.185063,0.061475,0,0.000000
E3,business_facility,5,65,0.515682,5.01258,16.1187,1.43,0.184201,0.060519,0,0.000000
E3,business_facility,6,65,0.615743,5.01258,16.1187,6.17,0.183632,0.060458,0,0.000000
E3,business_facility,7,65,0.595337,5.01258,16.1187,10.99,0.183229,0.060415,1,0.142857
E3,business_coverage,3,66,0.483770,13.6327,22.6043,9.52,0.071574,0.043590,1,0.333333
E3,business_coverage,4,66,0.619423,13.6327,22.6043,11.11,0.071360,0.043511,1,0.250000
E3,business_coverage,5,66,0.558865,13.6327,24.2204,18.46,0.071232,0.040611,2,0.400000
E3,business_coverage,6,66,0.508402,13.6327,24.2204,21.33,0.071147,0.040584,3,0.500000
E3,business_coverage,7,66,0.575172,13.6327,35.4678,22.62,0.071087,0.027856,3,0.428571
E3,business_diversity,3,66,0.682616,1.61968,29.2896,16.67,0.499059,0.033755,1,0.333333
E3,business_diversity,4,66,0.588615,1.61968,29.2896,24.07,0.488601,0.033707,2,0.500000
E3,business_diversity,5,66,0.526296,1.61968,29.2896,27.69,0.482624,0.033679,3,0.600000
E3,business_diversity,6,66,0.601435,1.61968,29.2896,29.33,0.478755,0.033660,3,0.500000
E3,business_diversity,7,66,0.617496,17.2726,29.2896,32.14,0.056478,0.033646,3,0.428571
E3,business_facility,3,66,0.703947,17.7391,29.147,16.67,0.055320,0.033918,0,0.000000
E3,business_facility,4,66,0.584802,17.7391,29.147,24.07,0.055192,0.033870,1,0.250000
E3,business_facility,5,66,0.537832,17.7391,29.147,27.69,0.055116,0.033841,2,0.400000
E3,business_facility,6,66,0.473356,17.7391,29.147,29.33,0.055065,0.033822,3,0.500000
E3,business_facility,7,66,0.569460,17.7391,29.147,29.76,0.055029,0.033808,3,0.428571
E3,business_coverage,3,67,0.608941,2.36667,15.1386,0.00,0.365817,0.064613,0,0.000000
E3,business_coverage,4,67,0.708500,2.36667,19.6181,5.17,0.360175,0.050007,0,0.000000
E3,business_coverage,5,67,0.748717,2.36667,25.2005,12.86,0.356905,0.039057,0,0.000000
E3,business_coverage,6,67,0.633205,2.36667,25.2005,20.99,0.354772,0.039031,1,0.166667
E3,business_coverage,7,67,0.622981,2.36667,25.2005,25.27,0.353269,0.039013,2,0.285714
E3,business_diversity,3,67,0.676208,1.17988,37.9602,4.44,0.630649,0.026113,1,0.333333
E3,business_diversity,4,67,0.595238,12.6088,37.9602,6.90,0.076982,0.026084,1,0.250000
E3,business_diversity,5,67,0.561968,12.6088,37.9602,11.43,0.076833,0.026067,1,0.200000
E3,business_diversity,6,67,0.623932,12.6088,37.9602,14.81,0.076734,0.026056,1,0.166667
E3,business_diversity,7,67,0.689597,12.6088,37.9602,20.88,0.076664,0.026048,1,0.142857
E3,business_facility,3,67,0.507692,3.3481,25.622,2.22,0.269928,0.038523,1,0.333333
E3,business_facility,4,67,0.478719,4.93771,26.6715,1.72,0.187655,0.036969,1,0.250000
E3,business_facility,5,67,0.561968,4.93771,39.3184,1.43,0.186768,0.025176,1,0.200000
E3,business_facility,6,67,0.626087,4.93771,39.3184,6.17,0.186183,0.025165,1,0.166667
E3,business_facility,7,67,0.651091,14.7791,39.3184,10.99,0.065732,0.025158,1,0.142857
E3,business_coverage,3,68,0.800380,1.35553,10.1122,19.05,0.571180,0.095666,1,0.333333
E3,business_coverage,4,68,0.717499,1.35553,10.1988,25.93,0.557570,0.094504,2,0.500000
E3,business_coverage,5,68,0.636507,1.35553,15.9621,30.77,0.549848,0.061098,3,0.600000
E3,business_coverage,6,68,0.583893,1.35553,15.9621,33.33,0.544870,0.061036,4,0.666667
E3,business_coverage,7,68,0.584429,1.35553,19.7437,33.33,0.541393,0.049563,5,0.714286
E3,business_diversity,3,68,0.771631,2.62082,93.423,7.14,0.335088,0.010666,0,0.000000
E3,business_diversity,4,68,0.973704,2.62082,93.423,16.67,0.330354,0.010661,0,0.000000
E3,business_diversity,5,68,1.000000,2.62082,93.423,26.15,0.327602,0.010658,0,0.000000
E3,business_diversity,6,68,0.953063,2.62082,93.423,34.67,0.325803,0.010656,1,0.166667
E3,business_diversity,7,68,0.853828,2.62082,93.423,40.48,0.324535,0.010655,2,0.285714
E3,business_facility,3,68,0.797910,2.55719,21.9379,11.90,0.342295,0.044894,0,0.000000
E3,business_facility,4,68,0.701134,2.55719,30.046,20.37,0.337354,0.032869,1,0.250000
E3,business_facility,5,68,0.659602,2.55719,46.9122,26.15,0.334485,0.021135,2,0.400000
E3,business_facility,6,68,0.609803,2.55719,46.9122,30.67,0.332610,0.021128,3,0.500000
E3,business_facility,7,68,0.607580,2.55719,46.9122,33.33,0.331288,0.021123,4,0.571429
E3,business_coverage,3,69,0.786822,4.97513,8.53383,0.00,0.187834,0.112663,0,0.000000
E3,business_coverage,4,69,0.855760,4.97513,9.974,0.00,0.186351,0.096554,0,0.000000
E3,business_coverage,5,69,0.794621,4.97513,11.5884,1.67,0.185476,0.083366,0,0.000000
E3,business_coverage,6,69,0.805376,4.97513,11.5884,5.67,0.184899,0.083249,0,0.000000
E3,business_coverage,7,69,0.829091,4.97513,11.5884,10.56,0.184490,0.083167,0,0.000000
E3,business_diversity,3,69,0.882653,2.05054,15.9858,0.00,0.412696,0.061260,0,0.000000
E3,business_diversity,4,69,0.910367,2.05054,20.6653,2.04,0.405519,0.047519,0,0.000000
E3,business_diversity,5,69,0.835476,3.63974,27.8106,5.00,0.246165,0.035444,0,0.000000
E3,business_diversity,6,69,0.864646,3.63974,27.8106,7.80,0.245149,0.035423,0,0.000000
E3,business_diversity,7,69,0.863119,3.63974,27.8106,13.04,0.244429,0.035408,0,0.000000
E3,business_facility,3,69,0.882653,2.05054,24.6173,0.00,0.412696,0.040074,0,0.000000
E3,business_facility,4,69,0.761456,7.40019,25.8259,2.04,0.128437,0.038162,0,0.000000
E3,business_facility,5,69,0.811640,7.40019,25.8259,3.33,0.128022,0.038126,0,0.000000
E3,business_facility,6,69,0.719278,7.40019,25.8259,7.09,0.127748,0.038102,1,0.166667
E3,business_facility,7,69,0.752000,7.40019,25.8259,9.94,0.127553,0.038084,1,0.142857
E3,business_coverage,3,70,0.762606,156.625,10.1632,16.67,0.006371,0.095202,0,0.000000
E3,business_coverage,4,70,0.808889,156.625,10.1632,23.33,0.006369,0.094822,0,0.000000
E3,business_coverage,5,70,0.761808,156.625,10.1632,31.43,0.006368,0.094597,1,0.200000
E3,business_coverage,6,70,0.747046,156.625,10.1632,35.90,0.006368,0.094447,2,0.333333
E3,business_coverage,7,70,0.778802,156.625,10.1632,38.10,0.006367,0.094340,3,0.428571
E3,business_diversity,3,70,0.591329,4.88613,23.4398,4.17,0.191016,0.042059,0,0.000000
E3,business_diversity,4,70,0.587678,4.88613,39.9502,10.00,0.189483,0.024797,0,0.000000
E3,business_diversity,5,70,0.709969,4.88613,39.9502,14.29,0.188578,0.024782,0,0.000000
E3,business_diversity,6,70,0.733785,4.88613,39.9502,20.51,0.187982,0.024772,1,0.166667
E3,business_diversity,7,70,0.866667,4.88613,39.9502,23.81,0.187559,0.024764,1,0.142857
E3,business_facility,3,70,0.791983,4.88613,36.7792,12.50,0.191016,0.026944,0,0.000000
E3,business_facility,4,70,0.852941,4.88613,36.7792,23.33,0.189483,0.026913,0,0.000000
E3,business_facility,5,70,0.930556,4.88613,36.7792,31.43,0.188578,0.026895,0,0.000000
E3,business_facility,6,70,0.934498,4.88613,36.7792,38.46,0.187982,0.026883,1,0.166667
E3,business_facility,7,70,0.936000,4.88613,36.7792,42.86,0.187559,0.026874,2,0.285714
E3,business_coverage,3,71,0.725686,1,39.4298,30.00,0.703704,0.025148,1,0.333333
E3,business_coverage,4,71,0.620690,1,39.9887,39.47,0.683594,0.024774,2,0.500000
E3,business_coverage,5,71,0.590201,1,39.9887,44.44,0.672320,0.024758,3,0.600000
E3,business_coverage,6,71,0.616840,1,39.9887,47.06,0.665102,0.024748,4,0.666667
E3,business_coverage,7,71,0.738221,1,39.9887,48.21,0.660083,0.024741,4,0.571429
E3,business_diversity,3,71,0.704696,5.54416,29.259,10.00,0.169743,0.033790,0,0.000000
E3,business_diversity,4,71,0.600000,5.54416,29.259,23.68,0.168533,0.033742,1,0.250000
E3,business_diversity,5,71,0.610079,5.54416,29.259,31.11,0.167818,0.033713,2,0.400000
E3,business_diversity,6,71,0.579224,5.54416,29.259,35.29,0.167346,0.033695,3,0.500000
E3,business_diversity,7,71,0.755102,5.54416,29.259,37.50,0.167011,0.033681,3,0.428571
E3,business_facility,3,71,0.720751,11.8039,23.0366,10.00,0.082348,0.042784,0,0.000000
E3,business_facility,4,71,0.631579,11.8039,23.0366,23.68,0.082064,0.042708,1,0.250000
E3,business_facility,5,71,0.563317,11.8039,23.0366,31.11,0.081895,0.042662,2,0.400000
E3,business_facility,6,71,0.716019,11.8039,23.0366,35.29,0.081783,0.042632,2,0.333333
E3,business_facility,7,71,0.710809,11.8039,23.0366,39.29,0.081703,0.042610,3,0.428571
E3,business_coverage,3,72,0.768815,6.52088,12.5771,2.38,0.145648,0.077421,0,0.000000
E3,business_coverage,4,72,0.662217,6.52088,16.1654,12.96,0.144758,0.060440,1,0.250000
E3,business_coverage,5,72,0.744849,6.52088,16.1654,20.00,0.144231,0.060349,1,0.200000
E3,business_coverage,6,72,0.678832,6.52088,16.1654,25.33,0.143882,0.060288,2,0.333333
E3,business_coverage,7,72,0.658783,6.52088,16.1654,28.57,0.143635,0.060245,3,0.428571
E3,business_diversity,3,72,0.739601,12.7535,42.0189,7.14,0.076378,0.023611,0,0.000000
E3,business_diversity,4,72,0.778221,12.7535,42.0189,14.81,0.076134,0.023587,0,0.000000
E3,business_diversity,5,72,0.654891,12.7535,42.0189,21.54,0.075989,0.023573,1,0.200000
E3,business_diversity,6,72,0.591093,12.7535,42.0189,26.67,0.075892,0.023564,2,0.333333
E3,business_diversity,7,72,0.712067,12.7535,42.0189,29.76,0.075823,0.023557,2,0.285714
E3,business_facility,3,72,0.556600,8.99444,20.5548,2.38,0.107110,0.047866,0,0.000000
E3,business_facility,4,72,0.499456,16.9393,25.4205,3.70,0.057740,0.038762,0,0.000000
E3,business_facility,5,72,0.463917,22.9016,32.3534,4.62,0.042909,0.030529,0,0.000000
E3,business_facility,6,72,0.417021,22.9016,36.7284,5.33,0.042878,0.026920,1,0.166667
E3,business_facility,7,72,0.509690,22.9016,36.7284,4.76,0.042856,0.026911,1,0.142857
E3,business_coverage,3,73,0.645622,21.8699,44.3408,6.06,0.045032,0.022383,0,0.000000
E3,business_coverage,4,73,0.687844,21.8699,44.3408,11.90,0.044947,0.022363,0,0.000000
E3,business_coverage,5,73,0.588710,21.8699,44.3408,20.00,0.044896,0.022350,1,0.200000
E3,business_coverage,6,73,0.671358,21.8699,44.3408,24.56,0.044863,0.022342,1,0.166667
E3,business_coverage,7,73,0.681901,21.8699,44.3408,28.57,0.044839,0.022336,2,0.285714
E3,business_diversity,3,73,0.459353,38.8869,87.3858,0.00,0.025496,0.011400,0,0.000000
E3,business_diversity,4,73,0.442815,38.8869,89.4743,0.00,0.025469,0.011130,0,0.000000
E3,business_diversity,5,73,0.517766,38.8869,90.0309,2.00,0.025452,0.011058,0,0.000000
E3,business_diversity,6,73,0.488449,38.8869,90.0309,7.02,0.025442,0.011056,1,0.166667
E3,business_diversity,7,73,0.586960,38.8869,90.0309,11.11,0.025434,0.011055,1,0.142857
E3,business_facility,3,73,0.456446,256.336,39.1519,0.00,0.003896,0.025325,0,0.000000
E3,business_facility,4,73,0.695614,256.336,39.1519,0.00,0.003895,0.025298,0,0.000000
E3,business_facility,5,73,0.588785,256.336,39.1519,8.00,0.003895,0.025282,1,0.200000
E3,business_facility,6,73,0.596605,256.336,39.1519,12.28,0.003895,0.025271,2,0.333333
E3,business_facility,7,73,0.609451,256.336,39.1519,15.87,0.003895,0.025264,3,0.428571
E3,business_coverage,3,74,0.787128,1,40.6843,16.67,0.703704,0.024379,1,0.333333
E3,business_coverage,4,74,0.652465,1,40.8617,23.91,0.683594,0.024249,2,0.500000
E3,business_coverage,5,74,0.603448,1,47.6591,27.27,0.672320,0.020807,3,0.600000
E3,business_coverage,6,74,0.712161,1,51.8061,30.16,0.665102,0.019148,3,0.500000
E3,business_coverage,7,74,0.700764,1,51.8061,32.86,0.660083,0.019144,4,0.571429
E3,business_diversity,3,74,0.377965,14.3671,41.3309,0.00,0.068001,0.024000,0,0.000000
E3,business_diversity,4,74,0.516830,14.3671,41.3309,0.00,0.067808,0.023976,0,0.000000
E3,business_diversity,5,74,0.638095,14.3671,41.3309,3.64,0.067692,0.023962,0,0.000000
E3,business_diversity,6,74,0.641780,14.3671,41.3309,11.11,0.067616,0.023952,1,0.166667
E3,business_diversity,7,74,0.763527,14.3671,41.3309,15.71,0.067561,0.023946,1,0.142857
E3,business_facility,3,74,0.426403,8.68992,29.0974,0.00,0.110718,0.033975,0,0.000000
E3,business_facility,4,74,0.370507,8.68992,29.0974,4.35,0.110204,0.033927,1,0.250000
E3,business_facility,5,74,0.360976,10.3288,29.0974,5.45,0.093139,0.033898,1,0.200000
E3,business_facility,6,74,0.399421,10.3288,29.0974,6.35,0.092994,0.033879,1,0.166667
E3,business_facility,7,74,0.438953,10.3288,29.0974,7.14,0.092890,0.033865,1,0.142857
E3,business_coverage,3,75,0.722158,23.8661,31.9542,6.67,0.041318,0.030970,0,0.000000
E3,business_coverage,4,75,0.614525,23.8661,106.028,18.42,0.041247,0.009398,1,0.250000
E3,business_coverage,5,75,0.625926,23.8661,106.028,24.44,0.041204,0.009396,2,0.400000
E3,business_coverage,6,75,0.631290,23.8661,106.028,27.45,0.041176,0.009394,3,0.500000
E3,business_coverage,7,75,0.700394,23.8661,106.028,28.57,0.041156,0.009393,4,0.571429
E3,business_diversity,3,75,0.742209,5.16999,25.8698,20.00,0.181221,0.038159,0,0.000000
E3,business_diversity,4,75,0.648649,5.16999,25.8698,31.58,0.179841,0.038098,1,0.250000
E3,business_diversity,5,75,0.836994,5.16999,25.8698,37.78,0.179027,0.038062,1,0.200000
E3,business_diversity,6,75,0.942708,5.16999,25.8698,43.14,0.178489,0.038038,1,0.166667
E3,business_diversity,7,75,0.939535,5.16999,25.8698,48.21,0.178108,0.038021,2,0.285714
E3,business_facility,3,75,0.679679,1.58036,27.5514,20.00,0.508687,0.035858,1,0.333333
E3,business_facility,4,75,0.601307,1.58036,27.5514,28.95,0.497829,0.035805,2,0.500000
E3,business_facility,5,75,0.587555,1.58036,27.5514,33.33,0.491629,0.035773,3,0.600000
E3,business_facility,6,75,0.553111,1.58036,27.5514,35.29,0.487617,0.035751,4,0.666667
E3,business_facility,7,75,0.592703,1.58036,27.5514,35.71,0.484809,0.035736,5,0.714286
E3,business_coverage,3,76,0.808108,1,17.3941,5.13,0.703704,0.056396,1,0.333333
E3,business_coverage,4,76,0.839609,1.15328,18.6455,6.00,0.623684,0.052563,1,0.250000
E3,business_coverage,5,76,0.875136,1.15328,20.9993,11.67,0.614139,0.046722,1,0.200000
E3,business_coverage,6,76,0.881720,1.15328,20.9993,20.29,0.608010,0.046686,1,0.166667
E3,business_coverage,7,76,0.836037,1.15328,20.9993,27.27,0.603740,0.046660,2,0.285714
E3,business_diversity,3,76,0.730049,11.7499,33.1156,2.56,0.082716,0.029894,0,0.000000
E3,business_diversity,4,76,0.681887,11.7499,33.1156,6.00,0.082429,0.029857,0,0.000000
E3,business_diversity,5,76,0.595732,11.7499,33.1156,10.00,0.082259,0.029835,1,0.200000
E3,business_diversity,6,76,0.676580,11.7499,33.1156,11.59,0.082146,0.029820,1,0.166667
E3,business_diversity,7,76,0.723776,11.7499,33.1156,14.29,0.082065,0.029809,1,0.142857
E3,business_facility,3,76,0.730049,11.7499,23.221,2.56,0.082716,0.042449,0,0.000000
E3,business_facility,4,76,0.825959,11.7499,23.221,6.00,0.082429,0.042374,0,0.000000
E3,business_facility,5,76,0.902700,11.7499,31.6105,13.33,0.082259,0.031237,0,0.000000
E3,business_facility,6,76,0.782609,11.7499,31.6105,21.74,0.082146,0.031221,1,0.166667
E3,business_facility,7,76,0.744118,11.7499,31.6105,27.27,0.082065,0.031209,2,0.285714
E3,business_coverage,3,77,0.687516,1.70824,5.78984,0.00,0.478599,0.162963,0,0.000000
E3,business_coverage,4,77,0.741222,1.70824,14.2127,0.00,0.468969,0.068525,0,0.000000
E3,business_coverage,5,77,0.780380,1.70824,20.3474,1.05,0.463454,0.048190,0,0.000000
E3,business_coverage,6,77,0.708211,1.70824,20.3474,7.21,0.459879,0.048151,1,0.166667
E3,business_coverage,7,77,0.675963,5.50337,20.3474,11.90,0.168153,0.048123,1,0.142857
E3,business_diversity,3,77,0.807212,2.71629,14.9554,0.00,0.324820,0.065386,0,0.000000
E3,business_diversity,4,77,0.692848,7.8558,20.5297,0.00,0.121346,0.047827,0,0.000000
E3,business_diversity,5,77,0.654460,7.8558,20.5297,0.00,0.120976,0.047770,0,0.000000
E3,business_diversity,6,77,0.613188,7.8558,20.5297,0.90,0.120731,0.047732,0,0.000000
E3,business_diversity,7,77,0.646506,7.8558,20.5297,4.76,0.120557,0.047705,0,0.000000
E3,business_facility,3,77,0.727239,2.71629,17.5923,0.00,0.324820,0.055773,0,0.000000
E3,business_facility,4,77,0.794634,2.71629,19.001,0.00,0.320371,0.051599,0,0.000000
E3,business_facility,5,77,0.719118,6.97549,30.7074,0.00,0.135371,0.032144,0,0.000000
E3,business_facility,6,77,0.655216,698.255,30.7074,2.70,0.001431,0.032127,0,0.000000
E3,business_facility,7,77,0.605888,698.255,30.7074,4.76,0.001431,0.032114,1,0.142857
E3,business_coverage,3,78,0.838394,1.61905,22.2793,19.44,0.499211,0.044217,0,0.000000
E3,business_coverage,4,78,0.692763,1.61905,22.2793,28.26,0.488747,0.044135,1,0.250000
E3,business_coverage,5,78,0.625000,1.61905,22.2793,32.73,0.482766,0.044086,2,0.400000
E3,business_coverage,6,78,0.594406,1.61905,22.2793,34.92,0.478895,0.044054,3,0.500000
E3,business_coverage,7,78,0.602238,1.61905,22.2793,35.71,0.476183,0.044030,4,0.571429
E3,business_diversity,3,78,0.397986,6.53495,30.0397,11.11,0.145351,0.032921,1,0.333333
E3,business_diversity,4,78,0.533084,6.53495,30.8887,10.87,0.144464,0.031983,1,0.250000
E3,business_diversity,5,78,0.581281,6.53495,30.8887,16.36,0.143939,0.031958,1,0.200000
E3,business_diversity,6,78,0.724705,6.53495,30.8887,22.22,0.143592,0.031941,1,0.166667
E3,business_diversity,7,78,0.708180,6.53495,30.8887,27.14,0.143346,0.031929,2,0.285714
E3,business_facility,3,78,0.397986,6.53495,42.4642,11.11,0.145351,0.023365,1,0.333333
E3,business_facility,4,78,0.340420,6.53495,43.6643,10.87,0.144464,0.022706,2,0.500000
E3,business_facility,5,78,0.367150,6.53495,43.6643,9.09,0.143939,0.022693,2,0.400000
E3,business_facility,6,78,0.496753,6.53495,43.6643,9.52,0.143592,0.022685,2,0.333333
E3,business_facility,7,78,0.519100,6.53495,48.8998,11.43,0.143346,0.020272,3,0.428571
E3,business_coverage,3,79,0.777778,1.04617,48.2294,25.00,0.683652,0.020591,1,0.333333
E3,business_coverage,4,79,0.679066,1.04617,55.3929,28.26,0.664559,0.017931,2,0.500000
E3,business_coverage,5,79,0.646809,17.881,55.3929,29.09,0.054688,0.017923,2,0.400000
E3,business_coverage,6,79,0.612595,17.881,55.3929,31.75,0.054638,0.017918,3,0.500000
E3,business_coverage,7,79,0.721495,17.881,55.3929,32.86,0.054603,0.017914,3,0.428571
E3,business_diversity,3,79,0.794872,15.2353,27.7405,2.78,0.064211,0.035617,0,0.000000
E3,business_diversity,4,79,0.827957,15.2353,27.7405,13.04,0.064039,0.035564,0,0.000000
E3,business_diversity,5,79,0.751174,15.2353,27.7405,23.64,0.063936,0.035532,1,0.200000
E3,business_diversity,6,79,0.705986,15.2353,27.7405,30.16,0.063868,0.035511,2,0.333333
E3,business_diversity,7,79,0.705627,15.2353,27.7405,34.29,0.063819,0.035496,3,0.428571
E3,business_facility,3,79,0.583333,24.468,29.578,2.78,0.040315,0.033429,0,0.000000
E3,business_facility,4,79,0.496880,24.468,29.578,4.35,0.040248,0.033383,1,0.250000
E3,business_facility,5,79,0.472527,81.7099,29.578,7.27,0.012179,0.033355,1,0.200000
E3,business_facility,6,79,0.482425,81.7099,33.8959,9.52,0.012176,0.029142,2,0.333333
E3,business_facility,7,79,0.731234,81.7099,37.3246,10.00,0.012174,0.026486,2,0.285714
E3,business_coverage,3,80,0.696539,2.19742,21.1261,3.03,0.389537,0.046592,0,0.000000
E3,business_coverage,4,80,0.753352,2.19742,21.1261,9.52,0.383140,0.046501,0,0.000000
E3,business_coverage,5,80,0.659898,2.19742,23.1317,16.33,0.379443,0.042490,1,0.200000
E3,business_coverage,6,80,0.677848,201.797,25.3775,18.18,0.004945,0.038764,1,0.166667
E3,business_coverage,7,80,0.662668,201.797,25.3775,20.00,0.004945,0.038746,2,0.285714
E3,business_diversity,3,80,0.940713,1.29454,32.9279,3.03,0.590641,0.030063,0,0.000000
E3,business_diversity,4,80,0.935909,1.55788,32.9279,11.90,0.503252,0.030025,0,0.000000
E3,business_diversity,5,80,1.000000,1.55788,32.9279,22.00,0.496920,0.030003,0,0.000000
E3,business_diversity,6,80,0.893519,1.55788,32.9279,31.58,0.492824,0.029988,1,0.166667
E3,business_diversity,7,80,0.914027,1.55788,32.9279,38.10,0.489957,0.029977,2,0.285714
E3,business_facility,3,80,0.737089,40.9995,53.1688,3.03,0.024193,0.018690,0,0.000000
E3,business_facility,4,80,0.652500,40.9995,53.1688,4.76,0.024168,0.018676,0,0.000000
E3,business_facility,5,80,0.595745,40.9995,53.1688,8.00,0.024154,0.018667,1,0.200000
E3,business_facility,6,80,0.595426,40.9995,53.1688,12.28,0.024144,0.018661,2,0.333333
E3,business_facility,7,80,0.662756,40.9995,53.1688,14.29,0.024137,0.018657,2,0.285714
E3,business_coverage,3,81,0.814848,2.01115,17.7799,2.56,0.419369,0.055195,0,0.000000
E3,business_coverage,4,81,0.617713,2.01115,29.2846,8.00,0.411959,0.033713,1,0.250000
E3,business_coverage,5,81,0.668724,2.01115,30.6593,10.00,0.407689,0.032194,1,0.200000
E3,business_coverage,6,81,0.714829,2.01115,30.6593,14.49,0.404911,0.032176,1,0.166667
E3,business_coverage,7,81,0.705521,2.01115,30.6593,19.48,0.402960,0.032164,2,0.285714
E3,business_diversity,3,81,0.514687,2.71861,53.4541,2.56,0.324578,0.018591,1,0.333333
E3,business_diversity,4,81,0.513952,2.71861,53.4541,2.00,0.320136,0.018577,1,0.250000
E3,business_diversity,5,81,0.496329,3.77444,53.4541,5.00,0.238311,0.018568,1,0.200000
E3,business_diversity,6,81,0.452675,3.77444,53.4541,7.25,0.237359,0.018562,2,0.333333
E3,business_diversity,7,81,0.478697,7.27772,53.4541,7.79,0.129574,0.018558,2,0.285714
E3,business_facility,3,81,0.564815,8.80414,16.8841,2.56,0.109337,0.058066,0,0.000000
E3,business_facility,4,81,0.690476,8.80414,16.8841,4.00,0.108836,0.057925,0,0.000000
E3,business_facility,5,81,0.551887,8.80414,17.9021,10.00,0.108538,0.054625,1,0.200000
E3,business_facility,6,81,0.646809,8.80414,17.9021,11.59,0.108341,0.054575,1,0.166667
E3,business_facility,7,81,0.745607,8.80414,17.9021,15.58,0.108201,0.054540,1,0.142857
E3,business_coverage,3,82,0.783082,16.4203,20.1289,29.63,0.059672,0.048862,0,0.000000
E3,business_coverage,4,82,0.646552,16.4203,21.7488,38.24,0.059524,0.045193,1,0.250000
E3,business_coverage,5,82,0.622757,16.4203,21.7488,42.50,0.059435,0.045142,2,0.400000
E3,business_coverage,6,82,0.721117,16.4203,21.7488,44.44,0.059376,0.045108,2,0.333333
E3,business_coverage,7,82,0.735722,16.4203,21.7488,46.94,0.059334,0.045083,3,0.428571
E3,business_diversity,3,82,0.512774,14.9759,31.7168,18.52,0.065299,0.031199,1,0.333333
E3,business_diversity,4,82,0.445498,14.9759,31.7168,23.53,0.065120,0.031158,2,0.500000
E3,business_diversity,5,82,0.638071,14.9759,31.7168,27.50,0.065014,0.031134,2,0.400000
E3,business_diversity,6,82,0.737569,14.9759,31.7168,31.11,0.064943,0.031118,2,0.333333
E3,business_diversity,7,82,0.823944,14.9759,31.7168,34.69,0.064893,0.031106,2,0.285714
E3,business_facility,3,82,0.512774,16.4203,43.3789,25.93,0.059672,0.022876,1,0.333333
E3,business_facility,4,82,0.465608,44.9486,43.3789,29.41,0.022063,0.022854,1,0.250000
E3,business_facility,5,82,0.464618,44.9486,43.3789,32.50,0.022051,0.022841,2,0.400000
E3,business_facility,6,82,0.457501,44.9486,43.3789,33.33,0.022042,0.022832,3,0.500000
E3,business_facility,7,82,0.463642,44.9486,43.3789,32.65,0.022037,0.022826,4,0.571429
E3,business_coverage,3,83,0.816757,1.73903,12.5381,0.00,0.471855,0.077656,0,0.000000
E3,business_coverage,4,83,0.735310,2.79292,12.5381,1.06,0.312779,0.077403,0,0.000000
E3,business_coverage,5,83,0.683925,3.06257,12.5381,2.61,0.286571,0.077253,0,0.000000
E3,business_coverage,6,83,0.727858,3.06257,12.5381,3.70,0.285194,0.077153,0,0.000000
E3,business_coverage,7,83,0.652735,3.06257,15.0264,8.44,0.284221,0.064681,1,0.142857
E3,business_diversity,3,83,0.525000,6.86463,17.8224,0.00,0.138715,0.055066,0,0.000000
E3,business_diversity,4,83,0.627461,6.86463,45.6665,0.00,0.137908,0.021719,0,0.000000
E3,business_diversity,5,83,0.539943,6.86463,45.6665,0.87,0.137430,0.021707,1,0.200000
E3,business_diversity,6,83,0.615505,6.86463,45.6665,0.74,0.137113,0.021699,1,0.166667
E3,business_diversity,7,83,0.662921,6.86463,45.6665,0.65,0.136889,0.021693,1,0.142857
E3,business_facility,3,83,0.845553,2.27702,34.884,0.00,0.378018,0.028393,0,0.000000
E3,business_facility,4,83,0.742380,3.90265,34.884,1.06,0.232649,0.028360,0,0.000000
E3,business_facility,5,83,0.654642,10.9694,34.884,2.61,0.087899,0.028340,0,0.000000
E3,business_facility,6,83,0.571549,10.9694,34.884,3.70,0.087770,0.028326,1,0.166667
E3,business_facility,7,83,0.600257,10.9694,34.884,3.90,0.087678,0.028317,1,0.142857
E3,business_coverage,3,84,0.792350,2.19816,8.39199,3.03,0.389427,0.114491,0,0.000000
E3,business_coverage,4,84,0.699535,20.9954,26.9723,11.90,0.046785,0.036563,0,0.000000
E3,business_coverage,5,84,0.629630,20.9954,26.9723,20.00,0.046731,0.036529,1,0.200000
E3,business_coverage,6,84,0.692191,20.9954,26.9723,24.56,0.046694,0.036507,1,0.166667
E3,business_coverage,7,84,0.681569,20.9954,26.9723,28.57,0.046668,0.036491,2,0.285714
E3,business_diversity,3,84,0.593750,4.36806,10.4233,0.00,0.211909,0.092903,0,0.000000
E3,business_diversity,4,84,0.663183,4.36806,47.8755,2.38,0.210020,0.020724,0,0.000000
E3,business_diversity,5,84,0.533333,4.36806,47.8755,10.00,0.208908,0.020714,1,0.200000
E3,business_diversity,6,84,0.512458,4.36806,47.8755,14.04,0.208177,0.020707,2,0.333333
E3,business_diversity,7,84,0.645361,4.36806,47.8755,15.87,0.207658,0.020701,2,0.285714
E3,business_facility,3,84,0.600000,9.97952,21.3983,3.03,0.096895,0.046008,0,0.000000
E3,business_facility,4,84,0.539927,13.9015,37.3244,7.14,0.070017,0.026524,0,0.000000
E3,business_facility,5,84,0.500000,29.2461,46.4688,10.00,0.033728,0.021335,0,0.000000
E3,business_facility,6,84,0.676032,29.2461,46.4688,14.04,0.033709,0.021328,0,0.000000
E3,business_facility,7,84,0.813725,29.2461,46.4688,17.46,0.033696,0.021322,0,0.000000
E3,business_coverage,3,85,0.786065,1,17.0755,13.33,0.703704,0.057428,1,0.333333
E3,business_coverage,4,85,0.669528,1,17.0755,26.32,0.683594,0.057290,2,0.500000
E3,business_coverage,5,85,0.653229,1,17.1191,33.33,0.672320,0.057065,3,0.600000
E3,business_coverage,6,85,0.658526,1,17.1191,37.25,0.665102,0.057011,4,0.666667
E3,business_coverage,7,85,0.690157,1,24.1079,39.29,0.660083,0.040750,5,0.714286
E3,business_diversity,3,85,0.634459,3.6728,20.3382,10.00,0.248309,0.048367,1,0.333333
E3,business_diversity,4,85,0.740000,3.6728,20.3382,21.05,0.245713,0.048269,1,0.250000
E3,business_diversity,5,85,0.827323,3.6728,20.3382,28.89,0.244191,0.048211,1,0.200000
E3,business_diversity,6,85,0.814262,3.6728,20.3382,35.29,0.243190,0.048172,2,0.333333
E3,business_diversity,7,85,0.838721,3.6728,20.3382,39.29,0.242483,0.048144,3,0.428571
E3,business_facility,3,85,0.720179,1.76951,28.0351,10.00,0.465356,0.035247,1,0.333333
E3,business_facility,4,85,0.602041,1.76951,40.2614,13.16,0.456247,0.024607,2,0.500000
E3,business_facility,5,85,0.610085,1.76951,40.2614,20.00,0.451022,0.024592,3,0.600000
E3,business_facility,6,85,0.642120,1.76951,40.2614,25.49,0.447632,0.024582,4,0.666667
E3,business_facility,7,85,0.679750,1.76951,40.2614,28.57,0.445256,0.024575,5,0.714286
E3,business_coverage,3,86,0.848571,11.7135,19.8035,18.52,0.082965,0.049651,0,0.000000
E3,business_coverage,4,86,0.735751,11.7135,19.8035,29.41,0.082677,0.049548,1,0.250000
E3,business_coverage,5,86,0.693015,11.7135,19.8035,35.00,0.082505,0.049486,2,0.400000
E3,business_coverage,6,86,0.717391,11.7135,19.8035,37.78,0.082392,0.049445,3,0.500000
E3,business_coverage,7,86,0.722623,11.7135,19.8035,38.78,0.082311,0.049416,4,0.571429
E3,business_diversity,3,86,0.824128,4.78693,24.9701,0.00,0.194693,0.039516,0,0.000000
E3,business_diversity,4,86,0.714286,4.78693,24.9701,14.71,0.193100,0.039450,1,0.250000
E3,business_diversity,5,86,0.793733,4.78693,24.9701,22.50,0.192160,0.039411,1,0.200000
E3,business_diversity,6,86,0.889362,4.78693,24.9701,28.89,0.191541,0.039386,1,0.166667
E3,business_diversity,7,86,0.897233,4.78693,24.9701,34.69,0.191102,0.039367,2,0.285714
E3,business_facility,3,86,1.000000,1,17.6662,18.52,0.703704,0.055544,0,0.000000
E3,business_facility,4,86,0.885057,1,17.6662,32.35,0.683594,0.055415,1,0.250000
E3,business_facility,5,86,1.000000,1,17.6662,40.00,0.672320,0.055338,1,0.200000
E3,business_facility,6,86,1.000000,1,17.6662,46.67,0.665102,0.055287,2,0.333333
E3,business_facility,7,86,1.000000,1,17.6662,51.02,0.660083,0.055251,3,0.428571
E3,business_coverage,3,87,0.592330,5.53333,18.236,3.92,0.170055,0.053840,0,0.000000
E3,business_coverage,4,87,0.679486,5.53333,23.6508,4.55,0.168840,0.041616,0,0.000000
E3,business_coverage,5,87,0.581945,5.53333,26.8384,8.75,0.168122,0.036709,1,0.200000
E3,business_coverage,6,87,0.667635,5.53333,26.8384,10.75,0.167649,0.036686,1,0.166667
E3,business_coverage,7,87,0.641011,25.2942,27.5883,12.38,0.038871,0.035689,1,0.142857
E3,business_diversity,3,87,0.846631,1.58742,66.0272,5.88,0.506933,0.015069,0,0.000000
E3,business_diversity,4,87,0.731295,58.5422,66.0272,7.58,0.016973,0.015059,0,0.000000
E3,business_diversity,5,87,0.798946,58.5422,66.0272,8.75,0.016965,0.015054,0,0.000000
E3,business_diversity,6,87,0.803260,58.5422,66.0272,12.90,0.016961,0.015050,0,0.000000
E3,business_diversity,7,87,0.880661,58.5422,66.0272,17.14,0.016957,0.015047,0,0.000000
E3,business_facility,3,87,0.676408,26.7799,32.7637,5.88,0.036879,0.030212,0,0.000000
E3,business_facility,4,87,0.562443,26.7799,32.7637,7.58,0.036822,0.030174,1,0.250000
E3,business_facility,5,87,0.595273,26.7799,32.7637,7.50,0.036788,0.030151,1,0.200000
E3,business_facility,6,87,0.578729,26.7799,32.7637,8.60,0.036765,0.030136,1,0.166667
E3,business_facility,7,87,0.529902,26.7799,32.7637,11.43,0.036749,0.030125,2,0.285714
E3,business_coverage,3,88,0.373961,7.62879,12.6012,3.03,0.125438,0.077277,0,0.000000
E3,business_coverage,4,88,0.503171,7.62879,12.6012,4.76,0.124779,0.077027,0,0.000000
E3,business_coverage,5,88,0.589474,7.62879,12.6012,12.00,0.124387,0.076878,0,0.000000
E3,business_coverage,6,88,0.583990,7.62879,12.6012,17.54,0.124128,0.076779,1,0.166667
E3,business_coverage,7,88,0.570197,7.62879,12.6012,20.63,0.123944,0.076709,2,0.285714
E3,business_diversity,3,88,0.556220,16.8651,38.7139,0.00,0.058130,0.025609,0,0.000000
E3,business_diversity,4,88,0.639306,16.8651,38.7139,9.52,0.057989,0.025581,0,0.000000
E3,business_diversity,5,88,0.556213,16.8651,38.7139,18.00,0.057904,0.025565,1,0.200000
E3,business_diversity,6,88,0.540341,16.8651,38.7139,22.81,0.057848,0.025554,2,0.333333
E3,business_diversity,7,88,0.522936,16.8651,38.7139,25.40,0.057808,0.025546,3,0.428571
E3,business_facility,3,88,0.679315,2.13665,32.6363,12.12,0.398805,0.030329,0,0.000000
E3,business_facility,4,88,0.612089,16.1081,32.6363,21.43,0.060650,0.030290,0,0.000000
E3,business_facility,5,88,0.566265,16.1081,32.6363,28.00,0.060558,0.030267,1,0.200000
E3,business_facility,6,88,0.551209,16.1081,32.6363,31.58,0.060497,0.030252,2,0.333333
E3,business_facility,7,88,0.674556,16.1081,32.6363,33.33,0.060453,0.030241,2,0.285714
E3,business_coverage,3,89,0.829705,1.49515,13.6835,3.51,0.530798,0.071315,0,0.000000
E3,business_coverage,4,89,0.843646,1.49515,13.6835,6.76,0.518996,0.071102,0,0.000000
E3,business_coverage,5,89,0.878727,1.49515,13.7907,13.33,0.512272,0.070440,0,0.000000
E3,business_coverage,6,89,0.788575,1.49515,13.7907,20.95,0.507928,0.070357,1,0.166667
E3,business_coverage,7,89,0.719415,1.49515,13.7907,26.05,0.504889,0.070298,2,0.285714
E3,business_diversity,3,89,0.409699,9.30014,46.9969,1.75,0.103717,0.021127,0,0.000000
E3,business_diversity,4,89,0.342025,9.30014,46.9969,2.70,0.103267,0.021109,1,0.250000
E3,business_diversity,5,89,0.434009,9.30014,46.9969,2.22,0.102999,0.021098,1,0.200000
E3,business_diversity,6,89,0.530843,9.30014,46.9969,1.90,0.102821,0.021090,1,0.166667
E3,business_diversity,7,89,0.617172,9.30014,46.9969,3.36,0.102695,0.021085,1,0.142857
E3,business_facility,3,89,0.479353,5.46923,38.9281,0.00,0.171924,0.025469,0,0.000000
E3,business_facility,4,89,0.429294,9.45899,38.9281,1.35,0.101602,0.025442,0,0.000000
E3,business_facility,5,89,0.376217,9.45899,38.9281,2.22,0.101342,0.025426,1,0.200000
E3,business_facility,6,89,0.368241,9.45899,38.9281,1.90,0.101171,0.025415,1,0.166667
E3,business_facility,7,89,0.439629,9.45899,38.9281,1.68,0.101048,0.025407,1,0.142857
E3,business_coverage,3,90,0.870293,1.6934,7.99178,0.00,0.481913,0.119982,0,0.000000
E3,business_coverage,4,90,0.735991,14.1385,21.0736,4.29,0.068875,0.046615,0,0.000000
E3,business_coverage,5,90,0.653605,67.8396,21.0736,8.24,0.014654,0.046561,0,0.000000
E3,business_coverage,6,90,0.567438,67.8396,21.0736,14.14,0.014650,0.046524,1,0.166667
E3,business_coverage,7,90,0.596546,67.8396,21.0736,17.86,0.014648,0.046499,1,0.142857
E3,business_diversity,3,90,0.482057,6.32396,18.5358,0.00,0.149940,0.052985,0,0.000000
E3,business_diversity,4,90,0.423866,10.1037,21.8153,0.00,0.095360,0.045057,0,0.000000
E3,business_diversity,5,90,0.469529,10.1037,21.8153,0.00,0.095132,0.045007,0,0.000000
E3,business_diversity,6,90,0.566609,10.1037,21.8153,0.00,0.094981,0.044973,0,0.000000
E3,business_diversity,7,90,0.641596,10.1037,27.3998,1.79,0.094873,0.035931,0,0.000000
E3,business_facility,3,90,0.710465,69.5043,34.3872,0.00,0.014319,0.028800,0,0.000000
E3,business_facility,4,90,0.601170,69.5043,36.5741,0.00,0.014310,0.027063,0,0.000000
E3,business_facility,5,90,0.550820,69.5043,36.5741,0.00,0.014305,0.027044,0,0.000000
E3,business_facility,6,90,0.579957,69.5043,38.2611,0.00,0.014302,0.025853,0,0.000000
E3,business_facility,7,90,0.592242,69.5043,38.2611,0.00,0.014299,0.025845,0,0.000000
E3,business_coverage,3,91,0.773302,1,20.8116,10.42,0.703704,0.047285,1,0.333333
E3,business_coverage,4,91,0.655854,1,22.2539,14.52,0.683594,0.044184,2,0.500000
E3,business_coverage,5,91,0.707658,1.06321,22.6762,21.33,0.647236,0.043328,2,0.400000
E3,business_coverage,6,91,0.635691,1.06321,31.7795,27.59,0.640490,0.031057,3,0.500000
E3,business_coverage,7,91,0.690265,1.06321,31.7795,31.63,0.635796,0.031046,3,0.428571
E3,business_diversity,3,91,0.440951,25.2552,45.9693,0.00,0.039075,0.021596,0,0.000000
E3,business_diversity,4,91,0.634474,25.2552,45.9693,0.00,0.039012,0.021577,0,0.000000
E3,business_diversity,5,91,0.585842,25.2552,45.9693,5.33,0.038974,0.021565,0,0.000000
E3,business_diversity,6,91,0.678356,25.2552,45.9693,9.20,0.038948,0.021557,0,0.000000
E3,business_diversity,7,91,0.664122,25.2552,45.9693,14.29,0.038930,0.021552,0,0.000000
E3,business_facility,3,91,0.579206,12.9448,22.8906,0.00,0.075279,0.043053,0,0.000000
E3,business_facility,4,91,0.525808,12.9448,29.4672,0.00,0.075042,0.033507,0,0.000000
E3,business_facility,5,91,0.478286,40.1118,39.3394,2.67,0.024683,0.025163,0,0.000000
E3,business_facility,6,91,0.458024,40.1118,42.0083,4.60,0.024673,0.023570,0,0.000000
E3,business_facility,7,91,0.446097,40.1118,46.771,7.14,0.024666,0.021186,0,0.000000
E3,business_coverage,3,92,0.737683,5.43823,22.3644,3.33,0.172843,0.044051,0,0.000000
E3,business_coverage,4,92,0.634839,5.43823,22.3644,5.13,0.171588,0.043970,1,0.250000
E3,business_coverage,5,92,0.654060,5.43823,22.3644,8.42,0.170847,0.043921,1,0.200000
E3,business_coverage,6,92,0.597596,5.43823,25.6834,13.51,0.170357,0.038309,2,0.333333
E3,business_coverage,7,92,0.638723,5.43823,25.6834,16.67,0.170010,0.038292,2,0.285714
E3,business_diversity,3,92,0.581681,3.24293,32.6634,0.00,0.277753,0.030304,0,0.000000
E3,business_diversity,4,92,0.529032,25.5,48.4193,0.00,0.038643,0.020494,0,0.000000
E3,business_diversity,5,92,0.651462,25.5,48.4193,0.00,0.038605,0.020483,0,0.000000
E3,business_diversity,6,92,0.842134,25.5,48.4193,1.80,0.038580,0.020476,0,0.000000
E3,business_diversity,7,92,0.764066,25.5,48.4193,9.52,0.038563,0.020471,1,0.142857
E3,business_facility,3,92,0.581681,3.24293,23.4861,0.00,0.277753,0.041977,0,0.000000
E3,business_facility,4,92,0.670968,3.24293,27.3867,0.00,0.274502,0.036017,0,0.000000
E3,business_facility,5,92,0.628482,14.9451,41.3683,2.11,0.065144,0.023940,0,0.000000
E3,business_facility,6,92,0.591024,34.0361,46.9665,4.50,0.029023,0.021104,0,0.000000
E3,business_facility,7,92,0.560956,34.0361,46.9665,6.35,0.029013,0.021098,1,0.142857
E3,business_coverage,3,93,0.638420,6.58005,30.2098,11.11,0.144406,0.032738,0,0.000000
E3,business_coverage,4,93,0.537837,6.58005,34.7748,17.39,0.143531,0.028448,1,0.250000
E3,business_coverage,5,93,0.611548,6.58005,35.8312,20.00,0.143013,0.027599,1,0.200000
E3,business_coverage,6,93,0.586391,6.58005,43.2804,22.58,0.142670,0.022884,2,0.333333
E3,business_coverage,7,93,0.584696,6.58005,43.2804,23.53,0.142427,0.022878,3,0.428571
E3,business_diversity,3,93,0.733079,7.6773,34.7752,5.56,0.124681,0.028481,0,0.000000
E3,business_diversity,4,93,0.829257,7.6773,34.7752,8.70,0.124029,0.028447,0,0.000000
E3,business_diversity,5,93,0.756878,7.6773,34.7752,18.18,0.123642,0.028427,1,0.200000
E3,business_diversity,6,93,0.832920,7.6773,34.7752,23.81,0.123386,0.028414,1,0.166667
E3,business_diversity,7,93,0.893714,7.6773,34.7752,28.57,0.123204,0.028404,1,0.142857
E3,business_facility,3,93,0.757612,1.14074,50.3865,11.11,0.645417,0.019716,1,0.333333
E3,business_facility,4,93,0.697533,10.8109,71.1009,15.22,0.089340,0.013991,1,0.250000
E3,business_facility,5,93,0.649362,10.8109,71.1009,18.18,0.089140,0.013986,2,0.400000
E3,business_facility,6,93,0.646187,16.9461,71.1009,19.05,0.057578,0.013982,2,0.333333
E3,business_facility,7,93,0.640639,16.9461,71.1009,21.43,0.057539,0.013980,3,0.428571
E3,business_coverage,3,94,0.604445,4.04472,18.843,6.67,0.227420,0.052137,1,0.333333
E3,business_coverage,4,94,0.676617,4.04472,18.843,10.53,0.225244,0.052023,1,0.250000
E3,business_coverage,5,94,0.795155,4.04472,18.843,20.00,0.223965,0.051955,1,0.200000
E3,business_coverage,6,94,0.800942,4.04472,18.843,27.45,0.223124,0.051910,2,0.333333
E3,business_coverage,7,94,0.807216,4.04472,18.843,32.14,0.222528,0.051878,3,0.428571
E3,business_diversity,3,94,0.778353,27.7093,41.9529,0.00,0.035657,0.023647,0,0.000000
E3,business_diversity,4,94,0.829545,27.7093,41.9529,7.89,0.035603,0.023624,0,0.000000
E3,business_diversity,5,94,1.000000,27.7093,41.9529,15.56,0.035572,0.023610,0,0.000000
E3,business_diversity,6,94,0.955947,27.7093,41.9529,25.49,0.035551,0.023601,1,0.166667
E3,business_diversity,7,94,0.959016,27.7093,41.9529,32.14,0.035536,0.023594,2,0.285714
E3,business_facility,3,94,0.554487,11.621,39.2534,3.33,0.083606,0.025260,1,0.333333
E3,business_facility,4,94,0.497110,19.1935,41.1874,2.63,0.051092,0.024059,1,0.250000
E3,business_facility,5,94,0.690774,19.1935,41.1874,2.22,0.051026,0.024045,1,0.200000
E3,business_facility,6,94,0.710858,19.1935,41.1874,9.80,0.050983,0.024035,2,0.333333
E3,business_facility,7,94,0.731959,19.1935,41.1874,14.29,0.050952,0.024028,3,0.428571
E3,business_coverage,3,95,0.312721,5.73423,57.9067,8.33,0.164450,0.017170,1,0.333333
E3,business_coverage,4,95,0.286004,16.5597,57.9067,8.70,0.059034,0.017158,1,0.250000
E3,business_coverage,5,95,0.391667,16.5597,57.9067,9.09,0.058946,0.017150,1,0.200000
E3,business_coverage,6,95,0.375421,16.5597,57.9067,12.70,0.058888,0.017145,2,0.333333
E3,business_coverage,7,95,0.473751,16.5597,57.9067,14.29,0.058847,0.017142,2,0.285714
E3,business_diversity,3,95,0.648510,2.49761,21.1125,13.89,0.349325,0.046621,0,0.000000
E3,business_diversity,4,95,0.531557,2.49761,21.1125,23.91,0.344179,0.046531,1,0.250000
E3,business_diversity,5,95,0.572917,2.49761,21.1125,29.09,0.341193,0.046476,1,0.200000
E3,business_diversity,6,95,0.577352,2.49761,22.0689,33.33,0.339242,0.044466,2,0.333333
E3,business_diversity,7,95,0.628991,148.42,22.0689,35.71,0.006718,0.044442,2,0.285714
E3,business_facility,3,95,0.305305,96.8489,23.5865,5.56,0.010290,0.041801,0,0.000000
E3,business_facility,4,95,0.310811,96.8489,23.5865,6.52,0.010285,0.041728,0,0.000000
E3,business_facility,5,95,0.390244,96.8489,43.7388,7.27,0.010283,0.022655,0,0.000000
E3,business_facility,6,95,0.501202,96.8489,43.7388,12.70,0.010281,0.022646,0,0.000000
E3,business_facility,7,95,0.660059,96.8489,43.7388,17.14,0.010280,0.022640,0,0.000000
E3,business_coverage,3,96,0.315789,2.22222,16.5491,9.52,0.385875,0.059217,1,0.333333
E3,business_coverage,4,96,0.302189,2.22222,16.5491,11.54,0.379598,0.059071,2,0.500000
E3,business_coverage,5,96,0.517270,2.22222,16.5491,10.00,0.375968,0.058983,2,0.400000
E3,business_coverage,6,96,0.705023,2.22222,24.9756,9.09,0.373602,0.039377,2,0.333333
E3,business_diversity,3,96,0.712871,11.2141,29.8547,19.05,0.086549,0.033123,0,0.000000
E3,business_diversity,4,96,0.837607,11.2141,29.8547,30.77,0.086235,0.033077,0,0.000000
E3,business_diversity,5,96,0.829787,11.2141,29.8547,40.00,0.086049,0.033050,1,0.200000
E3,business_diversity,6,96,0.875000,11.2141,29.8547,45.45,0.085925,0.033032,2,0.333333
E3,business_facility,3,96,0.660194,1.05316,40.6152,28.57,0.680697,0.024420,1,0.333333
E3,business_facility,4,96,0.612293,1.05316,40.6152,34.62,0.661754,0.024395,2,0.500000
E3,business_facility,5,96,0.652384,1.05316,40.6152,40.00,0.651115,0.024380,3,0.600000
E3,business_facility,6,96,0.779666,1.05316,40.6152,42.42,0.644296,0.024370,4,0.666667
E3,business_coverage,3,97,0.961643,1.17017,7.5162,0.00,0.634258,0.127233,0,0.000000
E3,business_coverage,4,97,0.965387,1.23672,8.96177,1.11,0.594781,0.107002,0,0.000000
E3,business_coverage,5,97,0.900541,3.38099,13.4354,4.55,0.262789,0.072247,0,0.000000
E3,business_coverage,6,97,0.910738,3.38099,14.4534,10.08,0.261630,0.067224,0,0.000000
E3,business_coverage,7,97,0.828261,3.38099,30.1503,14.97,0.260811,0.032699,1,0.142857
E3,business_diversity,3,97,0.441277,3.53695,11.1188,0.00,0.256921,0.087268,0,0.000000
E3,business_diversity,4,97,0.552950,3.53695,11.1188,0.00,0.254141,0.086949,0,0.000000
E3,business_diversity,5,97,0.542500,3.59103,11.3114,0.00,0.249133,0.085335,0,0.000000
E3,business_diversity,6,97,0.625284,3.59103,13.0477,0.00,0.248092,0.074236,0,0.000000
E3,business_diversity,7,97,0.598007,7.14484,22.2836,0.68,0.131840,0.044022,0,0.000000
E3,business_facility,3,97,0.857989,1.89189,18.6796,0.00,0.440912,0.052585,0,0.000000
E3,business_facility,4,97,0.896415,1.89189,28.2034,0.00,0.432726,0.034988,0,0.000000
E3,business_facility,5,97,0.838372,2.8864,28.2034,1.82,0.301653,0.034957,0,0.000000
E3,business_facility,6,97,0.767224,35.213,28.2034,5.43,0.028065,0.034937,0,0.000000
E3,business_facility,7,97,0.714179,72.4562,28.2034,9.52,0.013720,0.034922,0,0.000000
E3,business_coverage,3,98,0.630662,14.9016,21.3412,6.67,0.065617,0.046130,0,0.000000
E3,business_coverage,4,98,0.550459,14.9016,26.025,10.53,0.065437,0.037874,1,0.250000
E3,business_coverage,5,98,0.661183,14.9016,26.025,15.56,0.065329,0.037839,1,0.200000
E3,business_coverage,6,98,0.657025,14.9016,26.025,19.61,0.065258,0.037815,2,0.333333
E3,business_coverage,7,98,0.718826,14.9016,27.4519,21.43,0.065207,0.035864,2,0.285714
E3,business_diversity,3,98,1.000000,1.29572,35.4296,16.67,0.590254,0.027960,0,0.000000
E3,business_diversity,4,98,0.790909,1.29572,35.4296,28.95,0.575755,0.027928,1,0.250000
E3,business_diversity,5,98,0.758520,1.29572,35.4296,35.56,0.567544,0.027908,2,0.400000
E3,business_diversity,6,98,0.806084,1.29572,35.4296,41.18,0.562257,0.027895,2,0.333333
E3,business_diversity,7,98,0.813187,1.29572,35.4296,46.43,0.558567,0.027886,3,0.428571
E3,business_facility,3,98,0.805185,12.5567,21.6775,16.67,0.077543,0.045425,0,0.000000
E3,business_facility,4,98,0.686869,12.5567,21.6775,28.95,0.077292,0.045339,1,0.250000
E3,business_facility,5,98,0.680352,12.5567,21.6775,35.56,0.077142,0.045287,2,0.400000
E3,business_facility,6,98,0.654072,12.5567,21.6775,39.22,0.077042,0.045253,3,0.500000
E3,business_facility,7,98,0.669110,12.5567,21.6775,41.07,0.076972,0.045229,4,0.571429
E3,business_coverage,3,99,0.727491,2.31535,5.82257,0.00,0.372704,0.162101,0,0.000000
E3,business_coverage,4,99,0.796627,2.31535,15.4804,0.00,0.366848,0.063050,0,0.000000
E3,business_coverage,5,99,0.693600,2.31535,15.4804,6.67,0.363456,0.062950,1,0.200000
E3,business_coverage,6,99,0.744929,2.31535,17.0256,10.34,0.361244,0.057316,1,0.166667
E3,business_coverage,7,99,0.672811,2.31535,17.0256,16.33,0.359687,0.057277,2,0.285714
E3,business_diversity,3,99,0.714321,4.58189,12.1023,3.92,0.202758,0.080374,0,0.000000
E3,business_diversity,4,99,0.601889,4.58189,16.5275,4.55,0.201029,0.059146,1,0.250000
E3,business_diversity,5,99,0.699277,4.58189,16.5275,3.75,0.200011,0.059058,1,0.200000
E3,business_diversity,6,99,0.628199,4.58189,19.9187,4.30,0.199340,0.049166,2,0.333333
E3,business_diversity,7,99,0.617414,4.99638,28.7356,6.67,0.183772,0.034285,2,0.285714
E3,business_facility,3,99,0.538729,2.29057,23.3813,1.96,0.376123,0.042162,1,0.333333
E3,business_facility,4,99,0.503071,5.26215,23.3813,1.52,0.176918,0.042088,1,0.250000
E3,business_facility,5,99,0.495879,5.26215,23.3813,1.25,0.176130,0.042044,1,0.200000
E3,business_facility,6,99,0.564605,5.26215,23.3813,1.08,0.175610,0.042014,1,0.166667
E3,business_facility,7,99,0.540845,19.4563,35.1122,2.86,0.050279,0.028135,1,0.142857
E3,business_coverage,3,100,1.000000,1.10633,19.2294,6.25,0.658903,0.051107,0,0.000000
E3,business_coverage,4,100,0.893896,1.10633,41.2994,16.13,0.641058,0.023994,1,0.250000
E3,business_coverage,5,100,0.793932,1.10633,41.2994,24.00,0.631016,0.023980,2,0.400000
E3,business_coverage,6,100,0.819347,1.10633,41.2994,29.41,0.624574,0.023970,2,0.333333
E3,business_coverage,7,100,0.756477,1.10633,43.5145,34.04,0.620088,0.022756,3,0.428571
E3,business_diversity,3,100,0.563384,5.73261,23.9886,0.00,0.164494,0.041110,0,0.000000
E3,business_diversity,4,100,0.747910,5.73261,23.9886,0.00,0.163358,0.041039,0,0.000000
E3,business_diversity,5,100,0.707207,10.7843,34.031,5.33,0.089351,0.029042,0,0.000000
E3,business_diversity,6,100,0.672340,10.7843,34.031,12.64,0.089218,0.029027,1,0.166667
E3,business_diversity,7,100,0.651757,10.7843,34.031,18.37,0.089123,0.029017,2,0.285714
E3,business_facility,3,100,0.563384,5.73261,32.1835,0.00,0.164494,0.030751,0,0.000000
E3,business_facility,4,100,0.518870,21.0305,32.1835,0.00,0.046709,0.030712,0,0.000000
E3,business_facility,5,100,0.502100,21.0305,32.1835,1.33,0.046654,0.030688,0,0.000000
E3,business_facility,6,100,0.483074,21.0305,32.1835,4.60,0.046618,0.030672,1,0.166667
E3,business_facility,7,100,0.453608,21.0305,33.5759,6.12,0.046592,0.029406,2,0.285714
E3,sport_coverage,3,1,0.769711,1.065,40.0108,16.67,0.675742,0.024786,1,0.333333
E3,sport_coverage,4,1,0.797342,1.065,40.0108,23.68,0.657049,0.024760,1,0.250000
E3,sport_coverage,5,1,0.730408,1.065,40.0108,29.55,0.646546,0.024745,2,0.400000
E3,sport_coverage,6,1,0.684375,1.065,40.0108,32.65,0.639813,0.024734,3,0.500000
E3,sport_coverage,7,1,0.676819,1.065,40.0108,33.96,0.635128,0.024727,4,0.571429
E3,sport_diversity,3,1,0.994652,1.065,46.8485,16.67,0.675742,0.021194,0,0.000000
E3,sport_diversity,4,1,0.857143,1.065,46.8485,28.95,0.657049,0.021175,1,0.250000
E3,sport_diversity,5,1,0.746418,1.065,46.8485,35.56,0.646546,0.021164,2,0.400000
E3,sport_diversity,6,1,0.695503,1.065,46.8485,39.22,0.639813,0.021156,3,0.500000
E3,sport_diversity,7,1,0.693374,1.065,46.8485,41.07,0.635128,0.021151,4,0.571429
E3,sport_facility,3,1,0.842599,4.11933,25.9525,16.67,0.223644,0.038039,0,0.000000
E3,sport_facility,4,1,0.892857,4.11933,25.9525,26.32,0.221539,0.037979,0,0.000000
E3,sport_facility,5,1,0.806938,4.11933,25.9525,33.33,0.220302,0.037943,1,0.200000
E3,sport_facility,6,1,0.796943,4.11933,25.9525,37.25,0.219488,0.037919,2,0.333333
E3,sport_facility,7,1,0.778698,4.11933,25.9525,39.29,0.218912,0.037901,3,0.428571
E3,sport_coverage,3,2,0.303030,17.8657,32.0149,4.76,0.054935,0.030911,0,0.000000
E3,sport_coverage,4,2,0.487179,17.8657,32.0149,7.69,0.054809,0.030871,0,0.000000
E3,sport_coverage,5,2,0.505747,17.8657,32.0149,10.00,0.054734,0.030848,1,0.200000
E3,sport_coverage,6,2,0.729106,17.8657,32.0149,9.09,0.054684,0.030832,1,0.166667
E3,sport_diversity,3,2,0.699187,1.28507,59.5041,28.57,0.593773,0.016712,1,0.333333
E3,sport_diversity,4,2,0.643814,1.28507,59.5041,38.46,0.579108,0.016700,2,0.500000
E3,sport_diversity,5,2,0.650888,1.28507,59.5041,40.00,0.570805,0.016693,3,0.600000
E3,sport_diversity,6,2,0.795767,13.2353,59.5041,39.39,0.073217,0.016688,3,0.500000
E3,sport_facility,3,2,0.725664,1.28507,59.0919,19.05,0.593773,0.016828,1,0.333333
E3,sport_facility,4,2,0.672428,1.28507,59.0919,30.77,0.579108,0.016816,2,0.500000
E3,sport_facility,5,2,0.891892,1.28507,59.0919,36.67,0.570805,0.016809,2,0.400000
E3,sport_facility,6,2,0.909091,1.28507,59.0919,42.42,0.565460,0.016804,3,0.500000
E3,sport_coverage,3,3,0.697816,5.68676,34.283,1.59,0.165741,0.028886,0,0.000000
E3,sport_coverage,4,3,0.746583,5.68676,40.7339,3.66,0.164587,0.024324,0,0.000000
E3,sport_coverage,5,3,0.672806,5.68676,41.7143,10.00,0.163906,0.023744,1,0.200000
E3,sport_coverage,6,3,0.721420,5.68676,41.7143,13.68,0.163455,0.023734,1,0.166667
E3,sport_coverage,7,3,0.762837,5.68676,41.7143,17.29,0.163136,0.023728,1,0.142857
E3,sport_diversity,3,3,0.643822,13.2324,30.7006,3.17,0.073685,0.032220,0,0.000000
E3,sport_diversity,4,3,0.586433,13.2324,30.7006,4.88,0.073457,0.032177,0,0.000000
E3,sport_diversity,5,3,0.704249,13.2324,30.7006,7.00,0.073322,0.032151,0,0.000000
E3,sport_diversity,6,3,0.678812,13.2324,30.7006,8.55,0.073232,0.032134,0,0.000000
E3,sport_diversity,7,3,0.704650,13.2324,30.7006,11.28,0.073168,0.032121,0,0.000000
E3,sport_facility,3,3,0.732210,15.575,46.2694,1.59,0.062841,0.021457,0,0.000000
E3,sport_facility,4,3,0.648157,15.575,46.2694,4.88,0.062676,0.021438,1,0.250000
E3,sport_facility,5,3,0.600406,40.9707,46.2694,6.00,0.024171,0.021427,1,0.200000
E3,sport_facility,6,3,0.668331,40.9707,46.2694,6.84,0.024161,0.021419,1,0.166667
E3,sport_facility,7,3,0.647189,40.9707,46.2694,8.27,0.024154,0.021413,1,0.142857
E3,sport_coverage,3,4,0.674413,1.57105,7.52797,4.76,0.511018,0.127043,1,0.333333
E3,sport_coverage,4,4,0.800542,1.57105,7.52797,11.54,0.500062,0.126366,1,0.250000
E3,sport_coverage,5,4,0.875486,1.57105,7.52797,16.67,0.493808,0.125965,1,0.200000
E3,sport_coverage,6,4,0.853047,1.57105,7.52797,24.24,0.489762,0.125699,2,0.333333
E3,sport_diversity,3,4,0.800866,6.01433,12.2225,9.52,0.157225,0.079605,0,0.000000
E3,sport_diversity,4,4,0.803727,15.6579,17.3162,11.54,0.062352,0.056511,0,0.000000
E3,sport_diversity,5,4,0.852957,15.6579,17.3162,13.33,0.062255,0.056431,0,0.000000
E3,sport_diversity,6,4,0.963563,15.6579,17.3162,18.18,0.062190,0.056378,0,0.000000
E3,sport_facility,3,4,0.667819,6.01433,7.82722,9.52,0.157225,0.122396,0,0.000000
E3,sport_facility,4,4,0.612624,6.01433,7.82722,11.54,0.156187,0.121768,1,0.250000
E3,sport_facility,5,4,0.645415,8.14445,13.4326,10.00,0.116899,0.072261,1,0.200000
E3,sport_facility,6,4,0.719233,8.14445,13.4326,9.09,0.116670,0.072174,1,0.166667
E3,sport_coverage,3,5,0.590208,2.9,15.5535,11.11,0.306711,0.062926,1,0.333333
E3,sport_coverage,4,5,0.521277,2.9,15.5535,17.65,0.302745,0.062761,2,0.500000
E3,sport_coverage,5,5,0.524568,2.9,15.5535,20.00,0.300434,0.062662,3,0.600000
E3,sport_coverage,6,5,0.644296,2.9,15.5535,20.00,0.298920,0.062596,3,0.500000
E3,sport_coverage,7,5,0.750796,2.9,15.5535,20.41,0.297852,0.062550,3,0.428571
E3,sport_diversity,3,5,0.441249,17.6019,55.2105,14.81,0.055743,0.018003,1,0.333333
E3,sport_diversity,4,5,0.365854,17.6019,56.2754,20.59,0.055613,0.017652,2,0.500000
E3,sport_diversity,5,5,0.364208,17.6019,57.1624,22.50,0.055536,0.017372,3,0.600000
E3,sport_diversity,6,5,0.596214,17.6019,57.1624,22.22,0.055484,0.017367,3,0.500000
E3,sport_diversity,7,5,0.732140,17.6019,57.1624,24.49,0.055447,0.017363,3,0.428571
E3,sport_facility,3,5,0.688576,1.30827,42.9024,14.81,0.586155,0.023128,1,0.333333
E3,sport_facility,4,5,0.600000,1.30827,42.9024,23.53,0.571849,0.023106,2,0.500000
E3,sport_facility,5,5,0.762975,1.56155,42.9024,27.50,0.496049,0.023092,2,0.400000
E3,sport_facility,6,5,0.964467,1.56155,42.9024,33.33,0.491967,0.023083,2,0.333333
E3,sport_facility,7,5,0.898230,1.56155,42.9024,38.78,0.489110,0.023077,3,0.428571
E3,sport_coverage,3,6,0.737589,1.1375,4.05274,42.86,0.646667,0.227008,1,0.333333
E3,sport_coverage,4,6,0.686504,1.1375,4.05274,50.00,0.629432,0.224840,2,0.500000
E3,sport_coverage,5,6,0.720109,1.1375,4.05274,53.33,0.619724,0.223566,3,0.600000
E3,sport_coverage,6,6,0.744232,1.1375,4.05274,54.55,0.613491,0.222727,4,0.666667
E3,sport_diversity,3,6,0.779412,92.575,17.5801,38.10,0.010763,0.055811,0,0.000000
E3,sport_diversity,4,6,0.779011,92.575,17.5801,46.15,0.010758,0.055681,1,0.250000
E3,sport_diversity,5,6,0.768116,92.575,17.5801,50.00,0.010755,0.055603,2,0.400000
E3,sport_diversity,6,6,1.000000,92.575,17.5801,51.52,0.010754,0.055551,2,0.333333
E3,sport_facility,3,6,0.786885,1.1375,13.7823,42.86,0.646667,0.070816,1,0.333333
E3,sport_facility,4,6,0.780928,1.1375,13.7823,50.00,0.629432,0.070606,2,0.500000
E3,sport_facility,5,6,0.763223,1.1375,13.7823,53.33,0.619724,0.070481,3,0.600000
E3,sport_facility,6,6,0.805909,1.1375,13.7823,54.55,0.613491,0.070398,4,0.666667
E3,sport_coverage,3,7,0.462810,1,4.86552,38.89,0.703704,0.191769,2,0.666667
E3,sport_coverage,4,7,0.415324,1,4.86552,40.91,0.683594,0.190223,3,0.750000
E3,sport_coverage,5,7,0.665821,1,4.86552,40.00,0.672320,0.189312,3,0.600000
E3,sport_diversity,3,7,0.462810,5.65804,50.5415,5.56,0.166532,0.019656,0,0.000000
E3,sport_diversity,4,7,0.661654,5.65804,50.5415,13.64,0.165367,0.019639,0,0.000000
E3,sport_diversity,5,7,0.886076,5.65804,50.5415,20.00,0.164679,0.019630,0,0.000000
E3,sport_facility,3,7,0.462810,5.65804,55.2042,5.56,0.166532,0.018005,0,0.000000
E3,sport_facility,4,7,0.661654,5.65804,55.2042,13.64,0.165367,0.017992,0,0.000000
E3,sport_facility,5,7,0.886076,5.65804,55.2042,20.00,0.164679,0.017984,0,0.000000
E3,sport_coverage,3,8,0.926414,1.27259,13.3772,9.52,0.597943,0.072907,0,0.000000
E3,sport_coverage,4,8,1.000000,1.27259,13.3772,23.08,0.583081,0.072685,0,0.000000
E3,sport_coverage,5,8,0.958991,1.27259,13.3772,33.33,0.574670,0.072552,1,0.200000
E3,sport_coverage,6,8,0.944118,1.27259,13.3772,39.39,0.569256,0.072464,2,0.333333
E3,sport_diversity,3,8,0.774410,5.23716,14.058,9.52,0.179048,0.069461,0,0.000000
E3,sport_diversity,4,8,0.766841,18.5378,34.4663,15.38,0.052862,0.028700,0,0.000000
E3,sport_diversity,5,8,0.851038,18.5378,34.4663,20.00,0.052792,0.028679,0,0.000000
E3,sport_diversity,6,8,0.860296,18.5378,34.4663,24.24,0.052746,0.028665,1,0.166667
E3,sport_facility,3,8,0.791328,1.16386,14.2055,14.29,0.636622,0.068756,1,0.333333
E3,sport_facility,4,8,0.768665,1.16386,14.2055,15.38,0.619884,0.068559,2,0.500000
E3,sport_facility,5,8,0.894118,1.16386,34.4901,13.33,0.610447,0.028660,2,0.400000
E3,sport_facility,6,8,0.903255,1.16386,34.4901,18.18,0.604386,0.028646,3,0.500000
E3,sport_coverage,3,9,0.658567,2.48442,10.045,0.00,0.350919,0.096285,0,0.000000
E3,sport_coverage,4,9,0.600672,6.10095,10.8255,0.00,0.154106,0.089223,0,0.000000
E3,sport_coverage,5,9,0.702942,6.10095,21.7612,2.11,0.153509,0.045116,0,0.000000
E3,sport_coverage,6,9,0.619878,6.10095,26.3272,7.21,0.153114,0.037387,1,0.166667
E3,sport_coverage,7,9,0.644127,6.10095,26.3272,11.90,0.152834,0.037371,1,0.142857
E3,sport_diversity,3,9,0.734961,8.25238,33.7039,1.67,0.116348,0.029378,0,0.000000
E3,sport_diversity,4,9,0.655486,9.62668,35.8925,3.85,0.099901,0.027571,0,0.000000
E3,sport_diversity,5,9,0.708885,9.62668,48.3409,5.26,0.099650,0.020516,0,0.000000
E3,sport_diversity,6,9,0.655064,17.9645,48.3409,7.21,0.054390,0.020509,0,0.000000
E3,sport_diversity,7,9,0.616527,28.4201,48.3409,10.32,0.034660,0.020504,0,0.000000
E3,sport_facility,3,9,0.735697,3.7769,34.7573,1.67,0.242087,0.028496,0,0.000000
E3,sport_facility,4,9,0.789681,3.7769,36.3626,3.85,0.239620,0.027218,0,0.000000
E3,sport_facility,5,9,0.716473,13.2907,36.3626,5.26,0.073010,0.027200,0,0.000000
E3,sport_facility,6,9,0.658632,31.1934,36.3626,6.31,0.031633,0.027188,0,0.000000
E3,sport_facility,7,9,0.607506,31.1934,36.3626,9.52,0.031621,0.027179,1,0.142857
E3,sport_coverage,3,10,0.757763,9.99752,36.3636,13.33,0.096727,0.027249,0,0.000000
E3,sport_coverage,4,10,0.786421,9.99752,36.3636,21.05,0.096335,0.027218,0,0.000000
E3,sport_coverage,5,10,0.705085,9.99752,36.3636,27.27,0.096102,0.027199,1,0.200000
E3,sport_coverage,6,10,0.795763,9.99752,36.3636,30.61,0.095948,0.027187,1,0.166667
E3,sport_coverage,7,10,0.790072,9.99752,36.3636,34.62,0.095838,0.027178,2,0.285714
E3,sport_diversity,3,10,0.671840,54.2174,28.6291,13.33,0.018331,0.034524,0,0.000000
E3,sport_diversity,4,10,0.738841,54.2174,28.6291,18.42,0.018317,0.034475,0,0.000000
E3,sport_diversity,5,10,0.779112,54.2174,28.6291,22.22,0.018309,0.034445,0,0.000000
E3,sport_diversity,6,10,0.738540,54.2174,28.6291,27.45,0.018303,0.034425,1,0.166667
E3,sport_diversity,7,10,0.780258,54.2174,28.6291,28.57,0.018299,0.034411,1,0.142857
E3,sport_facility,3,10,0.676846,24.6225,29.3387,13.33,0.040066,0.033699,0,0.000000
E3,sport_facility,4,10,0.760388,24.6225,29.3387,18.42,0.039999,0.033651,0,0.000000
E3,sport_facility,5,10,0.834255,24.6225,29.3387,22.22,0.039959,0.033623,0,0.000000
E3,sport_facility,6,10,0.808520,24.6225,29.3387,25.49,0.039932,0.033604,1,0.166667
E3,sport_facility,7,10,0.798301,24.6225,29.3387,26.79,0.039913,0.033591,2,0.285714
E3,sport_coverage,3,11,0.756620,2.37368,39.4242,6.67,0.364895,0.025151,0,0.000000
E3,sport_coverage,4,11,0.618581,2.37368,63.9947,13.16,0.359280,0.015535,1,0.250000
E3,sport_coverage,5,11,0.542120,2.37368,63.9947,17.78,0.356027,0.015529,2,0.400000
E3,sport_coverage,6,11,0.652174,2.37368,80.0463,19.61,0.353904,0.012428,2,0.333333
E3,sport_coverage,7,11,0.713754,2.37368,80.0463,23.21,0.352409,0.012426,2,0.285714
E3,sport_diversity,3,11,0.458564,147.908,26.6474,0.00,0.006746,0.037060,0,0.000000
E3,sport_diversity,4,11,0.579125,147.908,26.6474,0.00,0.006744,0.037002,0,0.000000
E3,sport_diversity,5,11,0.669896,147.908,26.6474,6.67,0.006743,0.036968,0,0.000000
E3,sport_diversity,6,11,0.797460,147.908,26.6474,11.76,0.006742,0.036945,0,0.000000
E3,sport_diversity,7,11,0.783224,147.908,26.6474,17.86,0.006741,0.036929,1,0.142857
E3,sport_facility,3,11,0.511475,7.61905,27.9356,3.33,0.125592,0.035371,0,0.000000
E3,sport_facility,4,11,0.429001,7.61905,27.9356,7.89,0.124930,0.035319,1,0.250000
E3,sport_facility,5,11,0.418036,7.69077,27.9356,6.67,0.123437,0.035288,1,0.200000
E3,sport_facility,6,11,0.583962,7.69077,27.9356,7.84,0.123182,0.035267,1,0.166667
E3,sport_facility,7,11,0.541275,7.69077,27.9356,10.71,0.123000,0.035252,2,0.285714
E3,sport_coverage,3,12,0.677686,1.03078,16.6833,13.33,0.690234,0.058751,1,0.333333
E3,sport_coverage,4,12,0.743987,1.03078,17.6979,18.42,0.670808,0.055318,1,0.250000
E3,sport_coverage,5,12,0.674969,1.03078,17.6979,24.44,0.659906,0.055241,2,0.400000
E3,sport_coverage,6,12,0.652346,1.03078,17.6979,27.45,0.652922,0.055190,3,0.500000
E3,sport_coverage,7,12,0.737861,1.03078,17.6979,28.57,0.648064,0.055154,3,0.428571
E3,sport_diversity,3,12,0.578857,15.4903,28.7787,3.33,0.063177,0.034347,0,0.000000
E3,sport_diversity,4,12,0.675991,15.4903,28.7787,7.89,0.063010,0.034298,0,0.000000
E3,sport_diversity,5,12,0.761827,15.4903,28.7787,13.33,0.062911,0.034268,0,0.000000
E3,sport_diversity,6,12,0.752280,15.4903,28.7787,17.65,0.062845,0.034249,1,0.166667
E3,sport_diversity,7,12,0.841857,15.4903,28.7787,19.64,0.062798,0.034235,1,0.142857
E3,sport_facility,3,12,0.564738,1.80023,18.57,10.00,0.458978,0.052890,1,0.333333
E3,sport_facility,4,12,0.503616,1.80023,18.57,13.16,0.450114,0.052773,2,0.500000
E3,sport_facility,5,12,0.514799,8.05836,18.57,13.33,0.118086,0.052703,2,0.400000
E3,sport_facility,6,12,0.613760,8.05836,18.57,13.73,0.117853,0.052656,2,0.333333
E3,sport_facility,7,12,0.640110,28.3294,18.57,14.29,0.034769,0.052623,2,0.285714
E3,sport_coverage,3,13,0.817019,8.79188,20.5901,20.00,0.109483,0.047785,0,0.000000
E3,sport_coverage,4,13,0.681019,8.79188,20.5901,29.31,0.108981,0.047690,1,0.250000
E3,sport_coverage,5,13,0.763991,8.79188,20.5901,34.29,0.108683,0.047633,1,0.200000
E3,sport_coverage,6,13,0.776779,8.79188,20.5901,38.27,0.108485,0.047595,1,0.166667
E3,sport_coverage,7,13,0.726946,8.79188,20.5901,42.86,0.108345,0.047568,2,0.285714
E3,sport_diversity,3,13,0.778166,4.84015,93.2911,8.89,0.192703,0.010681,0,0.000000
E3,sport_diversity,4,13,0.874443,4.84015,93.2911,17.24,0.191142,0.010676,0,0.000000
E3,sport_diversity,5,13,0.785099,4.84015,93.2911,24.29,0.190222,0.010673,1,0.200000
E3,sport_diversity,6,13,0.773264,13.4392,93.2911,28.40,0.072140,0.010671,1,0.166667
E3,sport_diversity,7,13,0.828634,13.4392,93.2911,31.87,0.072078,0.010670,1,0.142857
E3,sport_facility,3,13,0.812497,11.1577,39.2648,20.00,0.086973,0.025253,0,0.000000
E3,sport_facility,4,13,0.721428,11.1577,39.2648,29.31,0.086656,0.025226,1,0.250000
E3,sport_facility,5,13,0.769824,11.1577,39.2648,34.29,0.086468,0.025210,1,0.200000
E3,sport_facility,6,13,0.722318,11.1577,39.2648,39.51,0.086343,0.025199,2,0.333333
E3,sport_facility,7,13,0.785490,11.1577,39.2648,41.76,0.086254,0.025192,2,0.285714
E3,sport_coverage,3,14,0.642821,2.62096,12.3865,0.00,0.335073,0.078580,0,0.000000
E3,sport_coverage,4,14,0.561205,6.75108,12.473,4.05,0.140098,0.077795,0,0.000000
E3,sport_coverage,5,14,0.595523,6.75108,12.473,10.00,0.139604,0.077643,0,0.000000
E3,sport_coverage,6,14,0.518513,6.75108,12.473,14.29,0.139278,0.077542,1,0.166667
E3,sport_coverage,7,14,0.469716,6.75108,12.473,17.65,0.139046,0.077470,2,0.285714
E3,sport_diversity,3,14,0.731063,2.02691,12.9394,0.00,0.416675,0.075309,0,0.000000
E3,sport_diversity,4,14,0.790476,2.02691,19.639,0.00,0.409359,0.049955,0,0.000000
E3,sport_diversity,5,14,0.677398,2.02691,19.639,7.78,0.405142,0.049893,1,0.200000
E3,sport_diversity,6,14,0.660788,2.14236,19.639,14.29,0.384876,0.049851,1,0.166667
E3,sport_diversity,7,14,0.606666,2.14236,19.639,19.33,0.383111,0.049821,2,0.285714
E3,sport_facility,3,14,0.731063,2.02691,11.8629,0.00,0.416675,0.081950,0,0.000000
E3,sport_facility,4,14,0.641427,7.51461,21.7801,0.00,0.126579,0.045129,0,0.000000
E3,sport_facility,5,14,0.632534,7.51461,27.1579,7.78,0.126177,0.036283,0,0.000000
E3,sport_facility,6,14,0.563208,7.51461,27.1579,14.29,0.125910,0.036261,1,0.166667
E3,sport_facility,7,14,0.585597,7.51461,27.1579,18.49,0.125721,0.036246,1,0.142857
E3,sport_coverage,3,15,0.795936,1,3.46661,20.00,0.703704,0.261618,1,0.333333
E3,sport_coverage,4,15,0.926471,1,3.46661,22.22,0.683594,0.258735,1,0.250000
E3,sport_diversity,3,15,1.000000,1,10.8359,33.33,0.703704,0.089476,0,0.000000
E3,sport_diversity,4,15,1.000000,1,10.8359,44.44,0.683594,0.089141,1,0.250000
E3,sport_facility,3,15,0.682619,3.73451,4.50192,26.67,0.244583,0.206087,1,0.333333
E3,sport_facility,4,15,0.844541,3.73451,4.50192,27.78,0.242064,0.204300,1,0.250000
E3,sport_coverage,3,16,0.613723,8.07921,43.7861,6.06,0.118738,0.022665,0,0.000000
E3,sport_coverage,4,16,0.541083,33.6512,45.8055,11.90,0.029387,0.021653,0,0.000000
E3,sport_coverage,5,16,0.469231,33.6512,45.8055,16.00,0.029366,0.021642,1,0.200000
E3,sport_coverage,6,16,0.545455,33.6512,45.8055,17.54,0.029351,0.021634,1,0.166667
E3,sport_coverage,7,16,0.565388,33.6512,55.3644,19.05,0.029341,0.017923,2,0.285714
E3,sport_diversity,3,16,0.552070,10.2711,20.4866,6.06,0.094235,0.048022,0,0.000000
E3,sport_diversity,4,16,0.633333,10.2711,20.4866,14.29,0.093863,0.047926,0,0.000000
E3,sport_diversity,5,16,0.735931,10.2711,20.4866,22.00,0.093642,0.047869,0,0.000000
E3,sport_diversity,6,16,0.703378,10.2711,20.4866,28.07,0.093495,0.047830,1,0.166667
E3,sport_diversity,7,16,0.694558,10.2711,20.4866,31.75,0.093391,0.047803,2,0.285714
E3,sport_facility,3,16,0.794590,1.18723,22.7272,21.21,0.627940,0.043358,1,0.333333
E3,sport_facility,4,16,0.631264,1.18723,24.1477,28.57,0.611629,0.040773,2,0.500000
E3,sport_facility,5,16,0.612440,8.86221,24.2402,32.00,0.107859,0.040579,2,0.400000
E3,sport_facility,6,16,0.688017,8.86221,24.2402,35.09,0.107665,0.040551,2,0.333333
E3,sport_facility,7,16,0.707386,8.86221,24.2402,38.10,0.107526,0.040532,3,0.428571
E3,sport_coverage,3,17,0.446914,12.906,23.0027,0.00,0.075500,0.042846,0,0.000000
E3,sport_coverage,4,17,0.517153,12.906,23.0027,0.00,0.075261,0.042770,0,0.000000
E3,sport_coverage,5,17,0.557971,12.906,25.5341,2.22,0.075119,0.038555,0,0.000000
E3,sport_coverage,6,17,0.629661,12.906,25.5341,5.88,0.075025,0.038530,0,0.000000
E3,sport_coverage,7,17,0.701287,12.906,25.5341,8.93,0.074958,0.038512,0,0.000000
E3,sport_diversity,3,17,0.724109,3.36573,37.1913,3.33,0.268659,0.026648,0,0.000000
E3,sport_diversity,4,17,0.651613,6.43042,37.1913,10.53,0.146675,0.026618,0,0.000000
E3,sport_diversity,5,17,0.696035,6.43042,37.1913,15.56,0.146134,0.026600,0,0.000000
E3,sport_diversity,6,17,0.661925,6.43042,37.1913,21.57,0.145776,0.026589,1,0.166667
E3,sport_diversity,7,17,0.714195,6.43042,37.1913,25.00,0.145522,0.026580,1,0.142857
E3,sport_facility,3,17,0.729338,3.17497,24.4547,0.00,0.283054,0.040337,0,0.000000
E3,sport_facility,4,17,0.636633,30.7373,49.804,2.63,0.032139,0.019928,0,0.000000
E3,sport_facility,5,17,0.566038,30.7373,49.804,8.89,0.032113,0.019918,1,0.200000
E3,sport_facility,6,17,0.687918,30.7373,49.804,11.76,0.032096,0.019911,1,0.166667
E3,sport_facility,7,17,0.798549,30.7373,49.804,16.07,0.032084,0.019907,1,0.142857
E3,sport_coverage,3,18,0.788594,1,19.5063,15.15,0.703704,0.050394,1,0.333333
E3,sport_coverage,4,18,0.835579,1,19.5063,23.81,0.683594,0.050288,1,0.250000
E3,sport_coverage,5,18,0.765799,1,19.5063,32.00,0.672320,0.050225,2,0.400000
E3,sport_coverage,6,18,0.740978,1,19.5063,36.84,0.665102,0.050183,3,0.500000
E3,sport_coverage,7,18,0.737428,1,19.5063,39.68,0.660083,0.050153,4,0.571429
E3,sport_diversity,3,18,0.799506,5.16927,65.0932,3.03,0.181245,0.015284,0,0.000000
E3,sport_diversity,4,18,0.695080,5.16927,65.0932,16.67,0.179864,0.015274,1,0.250000
E3,sport_diversity,5,18,0.769231,5.16927,65.0932,24.00,0.179050,0.015268,1,0.200000
E3,sport_diversity,6,18,0.833488,5.16927,65.0932,29.82,0.178512,0.015265,1,0.166667
E3,sport_diversity,7,18,0.841639,5.16927,65.0932,34.92,0.178131,0.015262,2,0.285714
E3,sport_facility,3,18,0.556577,31.6887,40.3011,0.00,0.031226,0.024609,0,0.000000
E3,sport_facility,4,18,0.509947,31.6887,40.7597,0.00,0.031185,0.024309,0,0.000000
E3,sport_facility,5,18,0.553571,31.6887,40.7597,2.00,0.031161,0.024294,0,0.000000
E3,sport_facility,6,18,0.535991,31.6887,40.7597,7.02,0.031145,0.024285,1,0.166667
E3,sport_facility,7,18,0.560657,31.6887,40.7597,9.52,0.031133,0.024278,2,0.285714
E3,sport_coverage,3,19,0.477419,2.71567,9.14935,16.67,0.324884,0.105364,1,0.333333
E3,sport_coverage,4,19,0.628384,2.71567,9.29975,18.18,0.320434,0.103271,1,0.250000
E3,sport_coverage,5,19,0.764103,2.71567,9.29975,24.00,0.317845,0.103003,1,0.200000
E3,sport_diversity,3,19,0.548148,15.5659,32.8468,33.33,0.062877,0.030136,1,0.333333
E3,sport_diversity,4,19,0.536087,15.5659,32.8468,36.36,0.062712,0.030099,2,0.500000
E3,sport_diversity,5,19,0.714819,15.5659,32.8468,36.00,0.062613,0.030076,2,0.400000
E3,sport_facility,3,19,0.714286,1,16.0595,38.89,0.703704,0.060985,1,0.333333
E3,sport_facility,4,19,0.695661,1,16.0595,45.45,0.683594,0.060829,2,0.500000
E3,sport_facility,5,19,0.731728,1,16.0595,48.00,0.672320,0.060737,3,0.600000
E3,sport_coverage,3,20,0.677686,1.03078,16.6833,13.33,0.690234,0.058751,1,0.333333
E3,sport_coverage,4,20,0.743987,1.03078,17.6979,18.42,0.670808,0.055318,1,0.250000
E3,sport_coverage,5,20,0.674969,1.03078,17.6979,24.44,0.659906,0.055241,2,0.400000
E3,sport_coverage,6,20,0.652346,1.03078,17.6979,27.45,0.652922,0.055190,3,0.500000
E3,sport_coverage,7,20,0.737861,1.03078,17.6979,28.57,0.648064,0.055154,3,0.428571
E3,sport_diversity,3,20,0.578857,15.4903,28.7787,3.33,0.063177,0.034347,0,0.000000
E3,sport_diversity,4,20,0.675991,15.4903,28.7787,7.89,0.063010,0.034298,0,0.000000
E3,sport_diversity,5,20,0.761827,15.4903,28.7787,13.33,0.062911,0.034268,0,0.000000
E3,sport_diversity,6,20,0.752280,15.4903,28.7787,17.65,0.062845,0.034249,1,0.166667
E3,sport_diversity,7,20,0.841857,15.4903,28.7787,19.64,0.062798,0.034235,1,0.142857
E3,sport_facility,3,20,0.564738,1.80023,18.57,10.00,0.458978,0.052890,1,0.333333
E3,sport_facility,4,20,0.503616,1.80023,18.57,13.16,0.450114,0.052773,2,0.500000
E3,sport_facility,5,20,0.514799,8.05836,18.57,13.33,0.118086,0.052703,2,0.400000
E3,sport_facility,6,20,0.613760,8.05836,18.57,13.73,0.117853,0.052656,2,0.333333
E3,sport_facility,7,20,0.640110,28.3294,18.57,14.29,0.034769,0.052623,2,0.285714
E3,sport_coverage,3,21,0.805721,3.22913,11.0701,3.03,0.278813,0.087641,0,0.000000
E3,sport_coverage,4,21,0.816866,3.22913,11.9896,9.52,0.275538,0.080833,0,0.000000
E3,sport_coverage,5,21,0.812533,3.22913,11.9896,18.00,0.273623,0.080669,0,0.000000
E3,sport_coverage,6,21,0.727951,3.22913,11.9896,24.56,0.272367,0.080560,1,0.166667
E3,sport_coverage,7,21,0.777888,3.22913,12.2829,28.57,0.271480,0.078628,1,0.142857
E3,sport_diversity,3,21,0.571236,16.1353,31.8662,0.00,0.060704,0.031054,0,0.000000
E3,sport_diversity,4,21,0.645835,16.1353,31.8662,0.00,0.060550,0.031014,0,0.000000
E3,sport_diversity,5,21,0.593260,53.47,31.8662,4.00,0.018563,0.030990,0,0.000000
E3,sport_diversity,6,21,0.563008,53.47,31.8662,8.77,0.018557,0.030974,1,0.166667
E3,sport_diversity,7,21,0.645114,53.47,31.8662,11.11,0.018553,0.030962,1,0.142857
E3,sport_facility,3,21,0.662277,2.24528,24.3406,0.00,0.382530,0.040524,0,0.000000
E3,sport_facility,4,21,0.587106,21.0705,32.8011,4.76,0.046622,0.030140,0,0.000000
E3,sport_facility,5,21,0.535220,21.0705,32.8011,8.00,0.046567,0.030117,1,0.200000
E3,sport_facility,6,21,0.513892,21.0705,32.8011,8.77,0.046531,0.030102,2,0.333333
E3,sport_facility,7,21,0.646811,21.0705,32.8011,9.52,0.046505,0.030091,2,0.285714
E3,sport_coverage,3,22,0.564777,1.79323,14.2057,12.82,0.460416,0.068756,1,0.333333
E3,sport_coverage,4,22,0.638844,1.79323,14.5025,16.00,0.451497,0.067191,1,0.250000
E3,sport_coverage,5,22,0.684270,1.79323,14.5025,21.67,0.446379,0.067078,1,0.200000
E3,sport_coverage,6,22,0.678571,1.79323,14.5025,26.09,0.443058,0.067002,1,0.166667
E3,sport_coverage,7,22,0.666501,1.79323,14.5025,31.17,0.440728,0.066949,2,0.285714
E3,sport_diversity,3,22,0.769830,1.79323,23.5674,12.82,0.460416,0.041834,0,0.000000
E3,sport_diversity,4,22,0.808750,1.79323,23.5674,20.00,0.451497,0.041761,0,0.000000
E3,sport_diversity,5,22,0.810976,1.79323,23.5674,28.33,0.446379,0.041717,0,0.000000
E3,sport_diversity,6,22,0.789062,2.30192,23.5674,34.78,0.362977,0.041688,0,0.000000
E3,sport_diversity,7,22,0.787517,2.30192,23.5674,40.26,0.361405,0.041668,1,0.142857
E3,sport_facility,3,22,0.678478,2.10297,32.1357,12.82,0.404127,0.030796,0,0.000000
E3,sport_facility,4,22,0.618687,2.10297,32.1357,20.00,0.397244,0.030757,1,0.250000
E3,sport_facility,5,22,0.584434,36.2375,32.1357,23.33,0.027293,0.030733,1,0.200000
E3,sport_facility,6,22,0.508197,36.2375,32.1357,26.09,0.027280,0.030717,2,0.333333
E3,sport_facility,7,22,0.605156,36.2375,32.1357,28.57,0.027271,0.030706,2,0.285714
E3,sport_coverage,3,23,0.823318,4.27422,12.5418,0.00,0.216189,0.077633,0,0.000000
E3,sport_coverage,4,23,0.873880,4.27422,12.5418,1.28,0.214223,0.077381,0,0.000000
E3,sport_coverage,5,23,0.802122,5.45242,12.5418,4.21,0.170434,0.077231,0,0.000000
E3,sport_coverage,6,23,0.745262,15.7737,13.9692,8.11,0.061745,0.069484,0,0.000000
E3,sport_coverage,7,23,0.689884,15.7737,14.0268,11.90,0.061700,0.069150,1,0.142857
E3,sport_diversity,3,23,0.482355,10.9298,40.8063,0.00,0.088731,0.024306,0,0.000000
E3,sport_diversity,4,23,0.430865,21.4032,44.0895,0.00,0.045910,0.022489,0,0.000000
E3,sport_diversity,5,23,0.465238,21.4032,44.0895,0.00,0.045857,0.022476,0,0.000000
E3,sport_diversity,6,23,0.507618,21.4032,46.4158,0.00,0.045822,0.021352,0,0.000000
E3,sport_diversity,7,23,0.555689,21.4032,46.4158,0.00,0.045797,0.021346,0,0.000000
E3,sport_facility,3,23,0.561612,8.25877,35.4369,0.00,0.116262,0.027955,0,0.000000
E3,sport_facility,4,23,0.497959,22.3625,35.9054,0.00,0.043973,0.027561,0,0.000000
E3,sport_facility,5,23,0.465238,22.3625,35.9054,0.00,0.043925,0.027542,0,0.000000
E3,sport_facility,6,23,0.487291,22.3625,35.9054,0.00,0.043893,0.027530,0,0.000000
E3,sport_facility,7,23,0.567584,22.3625,35.9054,0.00,0.043870,0.027521,0,0.000000
E3,sport_coverage,3,24,0.834508,1,7.69084,27.78,0.703704,0.124471,1,0.333333
E3,sport_coverage,4,24,0.747561,1,7.69084,33.33,0.683594,0.123821,2,0.500000
E3,sport_coverage,5,24,0.749942,1,7.69084,34.78,0.672320,0.123436,3,0.600000
E3,sport_diversity,3,24,0.762057,1.38435,67.0896,38.89,0.562387,0.014832,1,0.333333
E3,sport_diversity,4,24,0.692333,1.38435,67.0896,45.45,0.549179,0.014822,2,0.500000
E3,sport_diversity,5,24,0.693093,1.38435,67.0896,48.00,0.541679,0.014817,3,0.600000
E3,sport_facility,3,24,0.811730,1.38435,27.337,38.89,0.562387,0.036136,1,0.333333
E3,sport_facility,4,24,1.000000,1.38435,27.337,45.45,0.549179,0.036082,1,0.250000
E3,sport_facility,5,24,1.000000,1.38435,27.337,52.00,0.541679,0.036049,2,0.400000
E3,sport_coverage,3,25,0.752855,3.59798,30.4797,2.78,0.252980,0.032451,0,0.000000
E3,sport_coverage,4,25,0.804596,3.59798,37.3295,6.52,0.250285,0.026521,0,0.000000
E3,sport_coverage,5,25,0.710133,3.59798,37.3295,14.55,0.248705,0.026503,1,0.200000
E3,sport_coverage,6,25,0.674311,3.59798,37.3295,19.35,0.247668,0.026491,2,0.333333
E3,sport_coverage,7,25,0.743151,3.59798,37.3295,22.06,0.246934,0.026483,2,0.285714
E3,sport_diversity,3,25,0.654056,6.64049,26.7304,2.78,0.143159,0.036946,0,0.000000
E3,sport_diversity,4,25,0.730879,6.64049,26.7304,4.35,0.142299,0.036889,0,0.000000
E3,sport_diversity,5,25,0.758818,6.64049,26.7304,7.27,0.141789,0.036855,0,0.000000
E3,sport_diversity,6,25,0.797231,6.64049,26.7304,11.11,0.141453,0.036832,0,0.000000
E3,sport_diversity,7,25,0.857482,6.64049,26.7304,17.14,0.141213,0.036816,0,0.000000
E3,sport_facility,3,25,0.824444,5.69563,29.9421,5.56,0.165498,0.033027,0,0.000000
E3,sport_facility,4,25,0.685553,5.69563,29.9421,8.70,0.164348,0.032982,1,0.250000
E3,sport_facility,5,25,0.759838,5.69563,29.9421,9.09,0.163668,0.032955,1,0.200000
E3,sport_facility,6,25,0.808219,5.69563,29.9421,14.29,0.163219,0.032936,1,0.166667
E3,sport_facility,7,25,0.792956,5.69563,29.9421,18.57,0.162901,0.032924,2,0.285714
E3,sport_coverage,3,26,1.000000,1.14108,7.14981,16.67,0.645288,0.133445,0,0.000000
E3,sport_coverage,4,26,0.832432,1.14108,7.14981,30.00,0.628122,0.132698,1,0.250000
E3,sport_coverage,5,26,0.815545,1.14108,7.14981,37.14,0.618451,0.132255,2,0.400000
E3,sport_coverage,6,26,0.814557,1.14108,7.14981,41.03,0.612242,0.131962,3,0.500000
E3,sport_coverage,7,26,0.810108,1.14108,7.14981,42.86,0.607917,0.131754,4,0.571429
E3,sport_diversity,3,26,0.726230,9.21862,21.1049,8.33,0.104601,0.046638,0,0.000000
E3,sport_diversity,4,26,0.814815,9.21862,21.1049,13.33,0.104143,0.046547,0,0.000000
E3,sport_diversity,5,26,0.835284,9.21862,21.1049,22.86,0.103870,0.046493,1,0.200000
E3,sport_diversity,6,26,0.971292,9.21862,21.1049,28.21,0.103690,0.046457,1,0.166667
E3,sport_diversity,7,26,0.956140,9.21862,21.1049,33.33,0.103561,0.046431,2,0.285714
E3,sport_facility,3,26,0.733086,1.14108,13.9465,16.67,0.645288,0.070003,1,0.333333
E3,sport_facility,4,26,0.682081,7.08979,13.9465,23.33,0.133761,0.069798,1,0.250000
E3,sport_facility,5,26,0.655643,7.08979,13.9465,28.57,0.133311,0.069675,2,0.400000
E3,sport_facility,6,26,0.685965,7.08979,13.9465,30.77,0.133014,0.069594,3,0.500000
E3,sport_facility,7,26,0.681809,7.08979,13.9465,30.95,0.132802,0.069537,4,0.571429
E3,sport_coverage,3,27,1.000000,1.05647,28.7748,20.83,0.679308,0.034352,0,0.000000
E3,sport_coverage,4,27,0.845361,1.05647,28.7748,33.33,0.660435,0.034302,1,0.250000
E3,sport_coverage,5,27,0.796553,1.05647,28.7748,40.00,0.649835,0.034273,2,0.400000
E3,sport_coverage,6,27,0.777562,1.05647,28.7748,43.59,0.643040,0.034253,3,0.500000
E3,sport_coverage,7,27,0.808690,1.05647,28.7748,45.24,0.638312,0.034239,4,0.571429
E3,sport_diversity,3,27,0.559416,4.68779,23.5518,4.17,0.198511,0.041861,1,0.333333
E3,sport_diversity,4,27,0.524390,16.0399,23.5518,3.33,0.060902,0.041788,1,0.250000
E3,sport_diversity,5,27,0.691682,16.0399,23.5518,8.57,0.060809,0.041744,1,0.200000
E3,sport_diversity,6,27,0.677071,16.0399,23.5518,12.82,0.060747,0.041715,2,0.333333
E3,sport_diversity,7,27,0.832475,16.0399,23.5518,14.29,0.060703,0.041695,2,0.285714
E3,sport_facility,3,27,0.528074,8.65908,31.3866,4.17,0.111097,0.031524,1,0.333333
E3,sport_facility,4,27,0.631579,8.65908,31.3866,3.33,0.110580,0.031482,1,0.250000
E3,sport_facility,5,27,0.779014,8.65908,36.88,8.57,0.110273,0.026822,1,0.200000
E3,sport_facility,6,27,0.802997,8.65908,36.88,15.38,0.110069,0.026810,2,0.333333
E3,sport_facility,7,27,1.000000,8.65908,36.88,19.05,0.109924,0.026802,2,0.285714
E3,sport_coverage,3,28,0.699854,1.34472,19.9723,4.44,0.574543,0.049238,1,0.333333
E3,sport_coverage,4,28,0.803265,1.34472,21.0861,12.07,0.560778,0.046588,1,0.250000
E3,sport_coverage,5,28,0.689840,1.34472,24.4832,21.43,0.552970,0.040183,2,0.400000
E3,sport_coverage,6,28,0.639952,1.34472,24.4832,27.16,0.547938,0.040156,3,0.500000
E3,sport_coverage,7,28,0.622687,1.34472,35.9019,30.77,0.544424,0.027523,4,0.571429
E3,sport_diversity,3,28,0.716212,24.4507,69.0218,2.22,0.040344,0.014418,0,0.000000
E3,sport_diversity,4,28,0.691753,24.4507,69.0218,5.17,0.040276,0.014410,0,0.000000
E3,sport_diversity,5,28,0.750559,24.4507,69.0218,8.57,0.040235,0.014404,0,0.000000
E3,sport_diversity,6,28,0.781830,24.4507,69.0218,13.58,0.040208,0.014401,0,0.000000
E3,sport_diversity,7,28,0.760163,24.4507,69.0218,18.68,0.040189,0.014399,1,0.142857
E3,sport_facility,3,28,0.668777,3.58216,30.2681,2.22,0.253990,0.032676,0,0.000000
E3,sport_facility,4,28,0.586346,3.58216,31.855,10.34,0.251273,0.031025,1,0.250000
E3,sport_facility,5,28,0.582099,4.34468,31.855,14.29,0.209929,0.031001,1,0.200000
E3,sport_facility,6,28,0.641860,4.34468,31.855,17.28,0.209190,0.030985,1,0.166667
E3,sport_facility,7,28,0.637857,4.34468,31.855,20.88,0.208666,0.030973,2,0.285714
E3,sport_coverage,3,29,0.710784,2.45098,15.4576,4.76,0.355027,0.063308,0,0.000000
E3,sport_coverage,4,29,0.614525,2.45098,15.4576,15.38,0.349713,0.063141,1,0.250000
E3,sport_coverage,5,29,0.735800,2.45098,15.4576,20.00,0.346630,0.063041,1,0.200000
E3,sport_coverage,6,29,0.743899,2.45098,15.4576,24.24,0.344617,0.062974,2,0.333333
E3,sport_diversity,3,29,0.859553,2.42504,14.5749,33.33,0.358279,0.067054,0,0.000000
E3,sport_diversity,4,29,0.751678,2.42504,14.5749,42.31,0.352867,0.066866,1,0.250000
E3,sport_diversity,5,29,0.908046,2.42504,14.5749,46.67,0.349728,0.066754,1,0.200000
E3,sport_diversity,6,29,0.806763,2.42504,14.5749,51.52,0.347679,0.066679,2,0.333333
E3,sport_facility,3,29,0.609244,2.42504,12.3315,33.33,0.358279,0.078921,1,0.333333
E3,sport_facility,4,29,0.819444,2.42504,12.3315,38.46,0.352867,0.078660,1,0.250000
E3,sport_facility,5,29,0.831871,2.42504,12.3315,43.33,0.349728,0.078505,2,0.400000
E3,sport_facility,6,29,0.730932,2.42504,12.3315,45.45,0.347679,0.078402,3,0.500000
E3,sport_coverage,3,30,0.899556,1.77147,10.3663,0.00,0.464945,0.093398,0,0.000000
E3,sport_coverage,4,30,0.905611,1.77147,16.6086,0.00,0.455851,0.058864,0,0.000000
E3,sport_coverage,5,30,0.819118,6.6462,17.9992,0.74,0.141675,0.054337,0,0.000000
E3,sport_coverage,6,30,0.748560,29.6886,18.5199,3.14,0.033214,0.052796,0,0.000000
E3,sport_coverage,7,30,0.693968,29.6886,19.6101,5.49,0.033201,0.049893,1,0.142857
E3,sport_diversity,3,30,0.330842,5.90904,22.7363,0.00,0.159865,0.043341,0,0.000000
E3,sport_diversity,4,30,0.305296,10.8428,25.2221,0.00,0.089086,0.039062,0,0.000000
E3,sport_diversity,5,30,0.356655,10.8428,25.2221,0.00,0.088887,0.039024,0,0.000000
E3,sport_diversity,6,30,0.354418,10.8428,25.2221,0.00,0.088755,0.038999,0,0.000000
E3,sport_diversity,7,30,0.460352,10.8428,25.2221,0.00,0.088661,0.038980,0,0.000000
E3,sport_facility,3,30,0.533708,3.9209,42.244,0.00,0.233975,0.023486,0,0.000000
E3,sport_facility,4,30,0.480287,8.52188,42.244,0.00,0.112282,0.023463,0,0.000000
E3,sport_facility,5,30,0.470169,8.52188,42.244,0.00,0.111965,0.023449,0,0.000000
E3,sport_facility,6,30,0.468627,8.52188,42.244,0.00,0.111755,0.023440,0,0.000000
E3,sport_facility,7,30,0.454472,10.8337,42.244,0.00,0.088732,0.023433,0,0.000000
E3,sport_coverage,3,31,0.779032,32.8827,40.9818,0.00,0.030104,0.024203,0,0.000000
E3,sport_coverage,4,31,0.848101,32.8827,40.9818,13.33,0.030066,0.024179,0,0.000000
E3,sport_coverage,5,31,0.776985,32.8827,40.9818,22.86,0.030043,0.024164,1,0.200000
E3,sport_coverage,6,31,0.786150,32.8827,40.9818,28.21,0.030028,0.024154,2,0.333333
E3,sport_coverage,7,31,0.805687,32.8827,40.9818,30.95,0.030018,0.024147,3,0.428571
E3,sport_diversity,3,31,0.658839,7.5347,17.245,8.33,0.126934,0.056874,0,0.000000
E3,sport_diversity,4,31,0.577465,7.5347,17.245,16.67,0.126259,0.056739,1,0.250000
E3,sport_diversity,5,31,0.750963,7.5347,17.245,20.00,0.125858,0.056658,1,0.200000
E3,sport_diversity,6,31,0.754648,7.5347,17.245,25.64,0.125593,0.056605,2,0.333333
E3,sport_diversity,7,31,0.751232,7.5347,17.245,28.57,0.125404,0.056566,3,0.428571
E3,sport_facility,3,31,0.924566,1.44315,30.3149,20.83,0.545202,0.032626,0,0.000000
E3,sport_facility,4,31,1.000000,1.44315,30.3149,33.33,0.532767,0.032581,0,0.000000
E3,sport_facility,5,31,0.923077,1.44315,30.3149,42.86,0.525693,0.032555,1,0.200000
E3,sport_facility,6,31,1.000000,1.44315,30.3149,48.72,0.521125,0.032537,2,0.333333
E3,sport_facility,7,31,0.989583,1.44315,30.3149,52.38,0.517933,0.032524,3,0.428571
E3,sport_coverage,3,32,0.832655,3.54023,47.1084,21.21,0.256706,0.021078,0,0.000000
E3,sport_coverage,4,32,0.696356,3.54023,69.81,28.57,0.253931,0.014248,1,0.250000
E3,sport_coverage,5,32,0.623857,3.54023,69.81,32.00,0.252305,0.014243,2,0.400000
E3,sport_coverage,6,32,0.708311,3.54023,69.81,33.33,0.251237,0.014239,2,0.333333
E3,sport_coverage,7,32,0.710149,3.54023,69.81,34.92,0.250482,0.014237,3,0.428571
E3,sport_diversity,3,32,0.443109,50.2674,86.8374,0.00,0.019762,0.011472,0,0.000000
E3,sport_diversity,4,32,0.542245,50.2674,86.8374,0.00,0.019746,0.011466,0,0.000000
E3,sport_diversity,5,32,0.661569,50.2674,86.8374,8.00,0.019736,0.011463,0,0.000000
E3,sport_diversity,6,32,0.746598,50.2674,86.8374,14.04,0.019729,0.011461,0,0.000000
E3,sport_diversity,7,32,0.881148,50.2674,86.8374,20.63,0.019725,0.011459,0,0.000000
E3,sport_facility,3,32,0.430789,492.175,51.7575,0.00,0.002030,0.019197,0,0.000000
E3,sport_facility,4,32,0.412572,492.175,51.7575,0.00,0.002030,0.019181,0,0.000000
E3,sport_facility,5,32,0.599823,492.175,51.7575,2.00,0.002030,0.019172,0,0.000000
E3,sport_facility,6,32,0.608343,492.175,51.7575,8.77,0.002030,0.019166,1,0.166667
E3,sport_facility,7,32,0.625860,492.175,51.7575,12.70,0.002030,0.019162,2,0.285714
E3,sport_coverage,3,33,0.967925,1.17778,18.4752,9.52,0.631427,0.053156,0,0.000000
E3,sport_coverage,4,33,0.977525,1.17778,22.4485,18.52,0.614945,0.043808,0,0.000000
E3,sport_coverage,5,33,0.838986,1.17778,22.4485,29.23,0.605648,0.043760,1,0.200000
E3,sport_coverage,6,33,0.741259,1.17778,22.4485,34.67,0.599675,0.043728,2,0.333333
E3,sport_coverage,7,33,0.827846,1.17778,22.4485,38.10,0.595512,0.043705,2,0.285714
E3,sport_diversity,3,33,0.459278,9.06217,17.0394,4.76,0.106340,0.057547,1,0.333333
E3,sport_diversity,4,33,0.598810,9.06217,18.0727,5.56,0.105866,0.054194,1,0.250000
E3,sport_diversity,5,33,0.721709,9.06217,20.0297,7.69,0.105584,0.048939,1,0.200000
E3,sport_diversity,6,33,0.661871,9.06217,20.0297,12.00,0.105398,0.048899,2,0.333333
E3,sport_diversity,7,33,0.755356,9.06217,20.0297,14.29,0.105265,0.048870,2,0.285714
E3,sport_facility,3,33,0.657513,1.4612,24.1205,7.14,0.540121,0.040888,1,0.333333
E3,sport_facility,4,33,0.563833,1.4612,24.1205,9.26,0.527911,0.040818,2,0.500000
E3,sport_facility,5,33,0.496007,1.4612,54.0007,9.23,0.520961,0.018382,3,0.600000
E3,sport_facility,6,33,0.476596,30.9071,54.0007,8.00,0.031922,0.018376,3,0.500000
E3,sport_facility,7,33,0.566681,30.9071,54.0007,8.33,0.031910,0.018372,3,0.428571
E3,sport_coverage,3,34,0.709366,2.10185,4.71885,0.00,0.404307,0.197299,0,0.000000
E3,sport_coverage,4,34,0.765457,2.10185,5.50424,0.00,0.397418,0.169671,0,0.000000
E3,sport_coverage,5,34,0.811735,2.10185,6.95671,0.00,0.393442,0.135715,0,0.000000
E3,sport_coverage,6,34,0.840469,2.10185,12.8114,0.00,0.390853,0.075561,0,0.000000
E3,sport_coverage,7,34,0.786211,4.19822,12.8114,0.00,0.215213,0.075493,0,0.000000
E3,sport_diversity,3,34,0.807151,2.26573,22.9036,0.00,0.379610,0.043029,0,0.000000
E3,sport_diversity,4,34,0.709413,4.12119,26.3827,0.00,0.221448,0.037368,0,0.000000
E3,sport_diversity,5,34,0.694230,4.12119,27.2051,0.00,0.220212,0.036221,0,0.000000
E3,sport_diversity,6,34,0.655048,4.12119,51.5713,0.00,0.219399,0.019235,0,0.000000
E3,sport_diversity,7,34,0.613696,6.10122,51.5713,0.00,0.152828,0.019230,0,0.000000
E3,sport_facility,3,34,0.780534,2.81404,35.9562,0.00,0.314929,0.027555,0,0.000000
E3,sport_facility,4,34,0.707977,3.09016,36.7327,0.00,0.286412,0.026947,0,0.000000
E3,sport_facility,5,34,0.737524,3.09016,36.7327,0.00,0.284343,0.026929,0,0.000000
E3,sport_facility,6,34,0.660374,21.098,36.7327,0.00,0.046472,0.026917,0,0.000000
E3,sport_facility,7,34,0.740222,21.098,36.7327,0.00,0.046446,0.026908,0,0.000000
E3,sport_coverage,3,35,0.828452,2.81899,19.422,2.08,0.314444,0.050609,0,0.000000
E3,sport_coverage,4,35,0.854843,2.81899,23.2848,8.06,0.310276,0.042260,0,0.000000
E3,sport_coverage,5,35,0.737868,2.81899,24.2229,17.33,0.307848,0.040607,1,0.200000
E3,sport_coverage,6,35,0.738462,2.81899,39.9695,22.99,0.306258,0.024760,1,0.166667
E3,sport_coverage,7,35,0.779893,2.81899,39.9695,28.57,0.305137,0.024752,1,0.142857
E3,sport_diversity,3,35,0.450867,14.5792,24.4783,0.00,0.067035,0.040299,0,0.000000
E3,sport_diversity,4,35,0.655761,14.5792,24.4783,0.00,0.066847,0.040231,0,0.000000
E3,sport_diversity,5,35,0.764979,14.5792,24.4783,5.33,0.066735,0.040190,0,0.000000
E3,sport_diversity,6,35,0.696000,14.5792,24.4783,13.79,0.066660,0.040163,1,0.166667
E3,sport_diversity,7,35,0.713235,14.5792,24.4783,19.39,0.066607,0.040144,1,0.142857
E3,sport_facility,3,35,0.548223,15.9422,35.7561,0.00,0.061424,0.027707,0,0.000000
E3,sport_facility,4,35,0.695802,15.9422,39.7329,0.00,0.061266,0.024931,0,0.000000
E3,sport_facility,5,35,0.641238,29.1322,39.7329,5.33,0.033858,0.024916,0,0.000000
E3,sport_facility,6,35,0.605419,30.7974,39.7329,9.20,0.032034,0.024906,0,0.000000
E3,sport_facility,7,35,0.584304,30.7974,39.7329,12.24,0.032022,0.024898,1,0.142857
E3,sport_coverage,3,36,0.735538,2.49553,13.1579,6.67,0.349575,0.074091,0,0.000000
E3,sport_coverage,4,36,0.663507,2.49553,13.1579,18.42,0.344422,0.073861,1,0.250000
E3,sport_coverage,5,36,0.757771,2.49553,13.1579,24.44,0.341432,0.073724,1,0.200000
E3,sport_coverage,6,36,0.748525,2.49553,13.1579,29.41,0.339478,0.073634,2,0.333333
E3,sport_coverage,7,36,0.761793,2.49553,13.1579,33.93,0.338102,0.073569,3,0.428571
E3,sport_diversity,3,36,0.632493,1.75,39.5056,23.33,0.469496,0.025100,1,0.333333
E3,sport_diversity,4,36,0.740385,1.75,39.5056,31.58,0.460225,0.025074,1,0.250000
E3,sport_diversity,5,36,0.750866,1.75,39.5056,40.00,0.454910,0.025058,2,0.400000
E3,sport_diversity,6,36,0.890295,1.75,39.5056,45.10,0.451463,0.025047,2,0.333333
E3,sport_diversity,7,36,0.898039,1.75,39.5056,50.00,0.449046,0.025040,3,0.428571
E3,sport_facility,3,36,0.891353,1.75,72.77,23.33,0.469496,0.013679,0,0.000000
E3,sport_facility,4,36,0.775956,1.75,72.77,36.84,0.460225,0.013671,1,0.250000
E3,sport_facility,5,36,0.724490,1.75,72.77,44.44,0.454910,0.013667,2,0.400000
E3,sport_facility,6,36,0.694852,1.75,72.77,49.02,0.451463,0.013663,3,0.500000
E3,sport_facility,7,36,0.751093,1.75,72.77,51.79,0.449046,0.013661,4,0.571429
E3,sport_coverage,3,37,0.772642,2.83333,9.19556,13.89,0.313047,0.104854,0,0.000000
E3,sport_coverage,4,37,0.712870,2.83333,9.19556,23.91,0.308916,0.104393,1,0.250000
E3,sport_coverage,5,37,0.655844,2.83333,9.19556,29.09,0.306509,0.104119,2,0.400000
E3,sport_coverage,6,37,0.631577,2.83333,10.5997,31.75,0.304933,0.090710,3,0.500000
E3,sport_coverage,7,37,0.692942,2.83333,10.5997,32.86,0.303822,0.090612,3,0.428571
E3,sport_diversity,3,37,0.447704,142.39,21.9173,0.00,0.007007,0.044936,0,0.000000
E3,sport_diversity,4,37,0.735699,142.39,33.7506,0.00,0.007004,0.029302,0,0.000000
E3,sport_diversity,5,37,0.683636,142.39,33.7506,9.09,0.007003,0.029280,1,0.200000
E3,sport_diversity,6,37,0.616360,142.39,33.7506,14.29,0.007002,0.029266,2,0.333333
E3,sport_diversity,7,37,0.698765,142.39,33.7506,17.14,0.007002,0.029256,2,0.285714
E3,sport_facility,3,37,0.420330,98.3125,61.8528,0.00,0.010137,0.016080,0,0.000000
E3,sport_facility,4,37,0.415496,98.3125,61.8528,0.00,0.010133,0.016070,0,0.000000
E3,sport_facility,5,37,0.421053,98.3125,61.8528,0.00,0.010130,0.016063,0,0.000000
E3,sport_facility,6,37,0.541235,98.3125,95.1522,1.59,0.010129,0.010464,0,0.000000
E3,sport_facility,7,37,0.559605,402.739,95.1522,4.29,0.002480,0.010462,0,0.000000
E3,sport_coverage,3,38,1.000000,1,7.08847,3.33,0.703704,0.134544,0,0.000000
E3,sport_coverage,4,38,0.886573,4.80327,16.0751,3.85,0.192494,0.060772,0,0.000000
E3,sport_coverage,5,38,0.795821,4.80327,20.5386,8.42,0.191561,0.047750,1,0.200000
E3,sport_coverage,6,38,0.741436,95.3191,22.9987,11.71,0.010445,0.042700,1,0.166667
E3,sport_coverage,7,38,0.758419,95.3191,24.6545,15.08,0.010444,0.039862,1,0.142857
E3,sport_diversity,3,38,0.554622,6.0512,16.1761,3.33,0.156320,0.060554,0,0.000000
E3,sport_diversity,4,38,0.467318,6.0512,16.1761,3.85,0.155295,0.060401,1,0.250000
E3,sport_diversity,5,38,0.483591,6.0512,16.1761,3.16,0.154688,0.060310,1,0.200000
E3,sport_diversity,6,38,0.473434,8.2877,16.1761,2.70,0.114755,0.060249,1,0.166667
E3,sport_diversity,7,38,0.497472,8.2877,16.1761,2.38,0.114597,0.060206,1,0.142857
E3,sport_facility,3,38,0.808989,6.0512,27.005,3.33,0.156320,0.036575,0,0.000000
E3,sport_facility,4,38,0.682870,6.0512,27.005,3.85,0.155295,0.036519,1,0.250000
E3,sport_facility,5,38,0.659123,6.0512,27.005,3.16,0.154688,0.036486,1,0.200000
E3,sport_facility,6,38,0.626197,10.495,35.4598,2.70,0.091580,0.027872,1,0.166667
E3,sport_facility,7,38,0.615446,10.495,35.4598,2.38,0.091479,0.027862,1,0.142857
E3,sport_coverage,3,39,1.000000,1.07845,37.1063,9.52,0.670182,0.026708,0,0.000000
E3,sport_coverage,4,39,0.872753,1.07845,69.8846,23.08,0.651769,0.014233,1,0.250000
E3,sport_coverage,5,39,0.855000,1.07845,69.8846,30.00,0.641419,0.014228,2,0.400000
E3,sport_coverage,6,39,0.850840,1.07845,69.8846,33.33,0.634783,0.014224,3,0.500000
E3,sport_diversity,3,39,0.709842,7.11111,18.8428,0.00,0.134136,0.052137,0,0.000000
E3,sport_diversity,4,39,0.644444,7.11111,18.8428,7.69,0.133382,0.052024,1,0.250000
E3,sport_diversity,5,39,0.781308,7.11111,18.8428,10.00,0.132934,0.051956,1,0.200000
E3,sport_diversity,6,39,0.776596,7.11111,18.8428,15.15,0.132638,0.051911,2,0.333333
E3,sport_facility,3,39,0.743377,6.17647,20.0131,0.00,0.153324,0.049140,0,0.000000
E3,sport_facility,4,39,0.727599,6.33863,54.5913,3.85,0.148672,0.018192,0,0.000000
E3,sport_facility,5,39,0.738279,6.33863,54.5913,6.67,0.148116,0.018184,1,0.200000
E3,sport_facility,6,39,0.760309,6.33863,54.5913,9.09,0.147749,0.018179,2,0.333333
E3,sport_coverage,3,40,0.776934,2.08622,7.45432,0.00,0.406828,0.128241,0,0.000000
E3,sport_coverage,4,40,0.849326,2.08622,8.09185,0.00,0.399852,0.117971,0,0.000000
E3,sport_coverage,5,40,0.870903,2.08622,9.34565,0.62,0.395827,0.102519,0,0.000000
E3,sport_coverage,6,40,0.829428,3.96588,11.3332,1.59,0.227098,0.085055,0,0.000000
E3,sport_coverage,7,40,0.840863,3.96588,14.1595,4.15,0.226481,0.068522,0,0.000000
E3,sport_diversity,3,40,0.595883,4.40677,35.0044,0.00,0.210192,0.028297,0,0.000000
E3,sport_diversity,4,40,0.547122,4.40677,38.7321,0.00,0.208333,0.025569,0,0.000000
E3,sport_diversity,5,40,0.502549,10.3365,41.777,0.00,0.093072,0.023709,0,0.000000
E3,sport_diversity,6,40,0.487221,10.3365,44.8468,0.00,0.092927,0.022092,0,0.000000
E3,sport_diversity,7,40,0.465299,18.6892,46.9229,0.00,0.052295,0.021118,0,0.000000
E3,sport_facility,3,40,0.645295,4.51126,51.9581,0.00,0.205692,0.019123,0,0.000000
E3,sport_facility,4,40,0.590917,4.51126,51.9581,0.00,0.203913,0.019108,0,0.000000
E3,sport_facility,5,40,0.531665,19.3138,51.9581,0.00,0.050715,0.019099,0,0.000000
E3,sport_facility,6,40,0.505080,19.3138,51.9581,0.00,0.050672,0.019093,0,0.000000
E3,sport_facility,7,40,0.554254,19.3138,51.9581,0.00,0.050642,0.019088,0,0.000000
E3,sport_coverage,3,41,0.611912,15.1801,58.5483,18.52,0.064440,0.016983,1,0.333333
E3,sport_coverage,4,41,0.539130,15.1801,73.7309,23.53,0.064266,0.013494,2,0.500000
E3,sport_coverage,5,41,0.659844,15.1801,205.01,25.00,0.064163,0.004868,2,0.400000
E3,sport_coverage,6,41,0.668148,15.1801,205.01,28.89,0.064094,0.004868,3,0.500000
E3,sport_coverage,7,41,0.677639,15.1801,205.01,30.61,0.064045,0.004868,4,0.571429
E3,sport_diversity,3,41,0.860057,4.95629,16.7742,25.93,0.188499,0.058439,0,0.000000
E3,sport_diversity,4,41,0.744898,4.95629,16.7742,35.29,0.187005,0.058296,1,0.250000
E3,sport_diversity,5,41,0.854378,4.95629,16.7742,40.00,0.186124,0.058211,1,0.200000
E3,sport_diversity,6,41,0.952381,4.95629,16.7742,44.44,0.185544,0.058154,1,0.166667
E3,sport_diversity,7,41,0.955823,4.95629,16.7742,48.98,0.185132,0.058114,2,0.285714
E3,sport_facility,3,41,0.846876,5.2737,18.9395,25.93,0.177887,0.051876,0,0.000000
E3,sport_facility,4,41,0.755556,5.2737,18.9395,35.29,0.176558,0.051763,1,0.250000
E3,sport_facility,5,41,0.727662,5.2737,18.9395,40.00,0.175773,0.051696,2,0.400000
E3,sport_facility,6,41,0.743379,5.2737,18.9395,42.22,0.175255,0.051652,3,0.500000
E3,sport_facility,7,41,0.721212,5.2737,18.9395,42.86,0.174888,0.051620,4,0.571429
E3,sport_coverage,3,42,0.868499,24.5493,21.7213,16.67,0.040184,0.045335,0,0.000000
E3,sport_coverage,4,42,0.776786,24.5493,27.9997,26.32,0.040116,0.035239,1,0.250000
E3,sport_coverage,5,42,0.703078,24.5493,27.9997,31.11,0.040076,0.035208,2,0.400000
E3,sport_coverage,6,42,0.699248,24.5493,27.9997,33.33,0.040049,0.035187,3,0.500000
E3,sport_coverage,7,42,0.717905,24.5493,27.9997,33.93,0.040030,0.035173,4,0.571429
E3,sport_diversity,3,42,0.810010,1.2546,24.7343,3.33,0.604050,0.039887,1,0.333333
E3,sport_diversity,4,42,0.857143,1.34573,24.7343,13.16,0.560477,0.039821,1,0.250000
E3,sport_diversity,5,42,0.786854,1.34573,24.7343,22.22,0.552677,0.039781,2,0.400000
E3,sport_diversity,6,42,0.735986,1.34573,24.7343,27.45,0.547650,0.039755,3,0.500000
E3,sport_diversity,7,42,0.718101,1.34573,24.7343,30.36,0.544140,0.039736,4,0.571429
E3,sport_facility,3,42,0.857277,1,35.8593,3.33,0.703704,0.027628,1,0.333333
E3,sport_facility,4,42,0.772665,1,44.691,10.53,0.683594,0.022189,2,0.500000
E3,sport_facility,5,42,0.746329,1,44.691,15.56,0.672320,0.022176,3,0.600000
E3,sport_facility,6,42,0.802416,1.75986,44.691,19.61,0.449519,0.022168,3,0.500000
E3,sport_facility,7,42,0.828460,1.75986,44.691,23.21,0.447123,0.022162,4,0.571429
E3,sport_coverage,3,43,0.862637,1.93615,15.7038,3.33,0.432671,0.062337,0,0.000000
E3,sport_coverage,4,43,0.866271,1.93615,15.7038,8.97,0.424787,0.062174,0,0.000000
E3,sport_coverage,5,43,0.748429,1.93615,16.9402,14.74,0.420249,0.057654,1,0.200000
E3,sport_coverage,6,43,0.672404,1.93615,16.9402,19.82,0.417300,0.057598,2,0.333333
E3,sport_coverage,7,43,0.629643,1.93615,16.9402,23.02,0.415229,0.057559,3,0.428571
E3,sport_diversity,3,43,0.522071,38.3737,104.018,0.00,0.025834,0.009583,0,0.000000
E3,sport_diversity,4,43,0.478344,38.3737,104.018,0.00,0.025806,0.009579,0,0.000000
E3,sport_diversity,5,43,0.445565,38.3737,104.018,1.05,0.025789,0.009577,0,0.000000
E3,sport_diversity,6,43,0.407391,38.3737,104.018,1.80,0.025778,0.009575,1,0.166667
E3,sport_diversity,7,43,0.398710,38.3737,104.018,1.59,0.025770,0.009574,1,0.142857
E3,sport_facility,3,43,0.730931,2.44114,93.9573,0.00,0.356254,0.010605,0,0.000000
E3,sport_facility,4,43,0.641191,14.3545,93.9573,2.56,0.067866,0.010601,0,0.000000
E3,sport_facility,5,43,0.567613,14.3545,93.9573,4.21,0.067750,0.010598,1,0.200000
E3,sport_facility,6,43,0.520487,234.592,93.9573,4.50,0.004255,0.010596,1,0.166667
E3,sport_facility,7,43,0.601462,234.592,93.9573,4.76,0.004255,0.010595,1,0.142857
E3,sport_coverage,3,44,0.966520,1.24034,18.7689,10.26,0.608970,0.052339,0,0.000000
E3,sport_coverage,4,44,0.818099,1.24034,21.7647,24.00,0.593580,0.045160,1,0.250000
E3,sport_coverage,5,44,0.732176,1.24034,25.9818,31.67,0.584880,0.037901,2,0.400000
E3,sport_coverage,6,44,0.707947,77.7241,25.9818,34.78,0.012797,0.037877,2,0.333333
E3,sport_coverage,7,44,0.702576,77.7241,37.7763,37.66,0.012795,0.026173,3,0.428571
E3,sport_diversity,3,44,0.504638,8.11532,86.7035,0.00,0.118232,0.011489,0,0.000000
E3,sport_diversity,4,44,0.568425,8.11532,86.7035,2.00,0.117646,0.011484,0,0.000000
E3,sport_diversity,5,44,0.560269,11.7545,86.7035,6.67,0.082228,0.011480,0,0.000000
E3,sport_diversity,6,44,0.673770,11.7545,86.7035,10.14,0.082114,0.011478,0,0.000000
E3,sport_diversity,7,44,0.652012,11.7545,86.7035,15.58,0.082034,0.011477,1,0.142857
E3,sport_facility,3,44,0.635600,1.62137,42.1094,2.56,0.498652,0.023560,1,0.333333
E3,sport_facility,4,44,0.590860,13.2051,42.1181,2.00,0.073605,0.023532,1,0.250000
E3,sport_facility,5,44,0.561039,13.2051,42.1181,3.33,0.073469,0.023518,2,0.400000
E3,sport_facility,6,44,0.556593,13.2051,42.1181,4.35,0.073379,0.023509,2,0.333333
E3,sport_facility,7,44,0.562431,13.2051,42.1181,7.79,0.073314,0.023503,3,0.428571
E3,sport_coverage,3,45,0.788742,1,12.5922,9.52,0.703704,0.077331,1,0.333333
E3,sport_coverage,4,45,0.685837,50.8947,14.443,14.81,0.019504,0.067461,1,0.250000
E3,sport_coverage,5,45,0.748990,50.8947,18.5789,20.00,0.019495,0.052678,1,0.200000
E3,sport_coverage,6,45,0.668790,50.8947,18.5789,25.33,0.019488,0.052632,2,0.333333
E3,sport_coverage,7,45,0.745139,50.8947,18.5789,28.57,0.019484,0.052599,2,0.285714
E3,sport_diversity,3,45,0.582891,3.98361,12.762,0.00,0.230610,0.076329,0,0.000000
E3,sport_diversity,4,45,0.701075,3.98361,27.6549,1.85,0.228371,0.035673,0,0.000000
E3,sport_diversity,5,45,0.790432,3.98361,27.6549,6.15,0.227057,0.035641,0,0.000000
E3,sport_diversity,6,45,0.705455,3.98361,27.6549,14.67,0.226192,0.035620,1,0.166667
E3,sport_diversity,7,45,0.718845,3.98361,27.6549,21.43,0.225580,0.035604,2,0.285714
E3,sport_facility,3,45,0.433047,5.16594,27.9127,0.00,0.181354,0.035400,0,0.000000
E3,sport_facility,4,45,0.385417,29.2941,50.8922,0.00,0.033702,0.019505,0,0.000000
E3,sport_facility,5,45,0.389213,29.2941,50.8922,0.00,0.033674,0.019496,0,0.000000
E3,sport_facility,6,45,0.381323,29.2941,50.8922,0.00,0.033655,0.019489,0,0.000000
E3,sport_facility,7,45,0.409524,29.2941,50.8922,0.00,0.033641,0.019485,0,0.000000
E3,sport_coverage,3,46,0.747476,9.10225,58.8593,18.52,0.105889,0.016894,0,0.000000
E3,sport_coverage,4,46,0.684354,9.10225,58.8593,26.47,0.105419,0.016882,1,0.250000
E3,sport_coverage,5,46,0.777418,9.10225,58.8593,30.00,0.105140,0.016875,1,0.200000
E3,sport_coverage,6,46,0.765473,9.10225,58.8593,35.56,0.104955,0.016870,2,0.333333
E3,sport_coverage,7,46,0.781753,9.10225,58.8593,38.78,0.104823,0.016866,3,0.428571
E3,sport_diversity,3,46,0.785304,4.0468,11.4944,14.81,0.227314,0.084500,0,0.000000
E3,sport_diversity,4,46,0.855491,4.0468,19.4612,23.53,0.225139,0.050403,0,0.000000
E3,sport_diversity,5,46,0.798447,4.0468,19.4612,32.50,0.223861,0.050339,1,0.200000
E3,sport_diversity,6,46,0.800112,4.0468,19.4612,37.78,0.223021,0.050297,2,0.333333
E3,sport_diversity,7,46,0.846842,4.0468,19.4612,40.82,0.222426,0.050266,3,0.428571
E3,sport_facility,3,46,0.502222,6.34112,10.0212,0.00,0.149556,0.096506,0,0.000000
E3,sport_facility,4,46,0.478824,6.34112,12.0569,8.82,0.148618,0.080396,1,0.250000
E3,sport_facility,5,46,0.638509,6.34112,27.259,12.50,0.148062,0.036151,1,0.200000
E3,sport_facility,6,46,0.673335,6.34112,27.259,17.78,0.147695,0.036129,2,0.333333
E3,sport_facility,7,46,0.862745,6.34112,27.259,20.41,0.147434,0.036113,2,0.285714
E3,sport_coverage,3,47,0.728921,1.5332,15.6543,2.78,0.520706,0.062530,0,0.000000
E3,sport_coverage,4,47,0.663819,1.5332,15.6543,10.87,0.509339,0.062366,1,0.250000
E3,sport_coverage,5,47,0.732308,1.5332,15.6543,14.55,0.502857,0.062269,1,0.200000
E3,sport_coverage,6,47,0.774693,1.5332,15.6543,19.05,0.498665,0.062204,1,0.166667
E3,sport_coverage,7,47,0.829628,1.5332,15.6543,22.86,0.495733,0.062158,1,0.142857
E3,sport_diversity,3,47,0.729106,27.2498,75.275,5.56,0.036250,0.013226,0,0.000000
E3,sport_diversity,4,47,0.707547,27.2498,75.275,8.70,0.036196,0.013219,0,0.000000
E3,sport_diversity,5,47,0.786141,27.2498,75.275,12.73,0.036163,0.013214,0,0.000000
E3,sport_diversity,6,47,0.736261,27.2498,75.275,19.05,0.036141,0.013211,1,0.166667
E3,sport_diversity,7,47,0.764463,27.2498,75.275,22.86,0.036125,0.013209,1,0.142857
E3,sport_facility,3,47,0.729106,27.2498,39.7681,5.56,0.036250,0.024936,0,0.000000
E3,sport_facility,4,47,0.673939,27.2498,39.7681,8.70,0.036196,0.024910,0,0.000000
E3,sport_facility,5,47,0.631944,27.2498,39.7681,10.91,0.036163,0.024894,1,0.200000
E3,sport_facility,6,47,0.631009,28.2152,39.7681,11.11,0.034923,0.024884,1,0.166667
E3,sport_facility,7,47,0.785644,28.2152,39.7681,11.43,0.034908,0.024876,1,0.142857
E3,sport_coverage,3,48,0.888980,2.96866,12.8923,7.41,0.300445,0.075578,0,0.000000
E3,sport_coverage,4,48,0.803453,9.61271,13.252,12.86,0.100041,0.073352,0,0.000000
E3,sport_coverage,5,48,0.806658,9.61271,14.0013,18.82,0.099789,0.069411,0,0.000000
E3,sport_coverage,6,48,0.763427,9.61271,17.0228,24.24,0.099623,0.057326,1,0.166667
E3,sport_coverage,7,48,0.710660,9.61271,17.0228,28.57,0.099504,0.057286,2,0.285714
E3,sport_diversity,3,48,0.611325,17.0302,33.2055,0.00,0.057577,0.029814,0,0.000000
E3,sport_diversity,4,48,0.543512,17.0302,33.2055,1.43,0.057439,0.029777,1,0.250000
E3,sport_diversity,5,48,0.677613,17.0302,33.2055,1.18,0.057356,0.029755,1,0.200000
E3,sport_diversity,6,48,0.667532,17.0302,33.2055,3.03,0.057301,0.029740,1,0.166667
E3,sport_diversity,7,48,0.633100,17.0302,33.2055,6.25,0.057262,0.029730,2,0.285714
E3,sport_facility,3,48,0.587010,301.78,33.1851,0.00,0.003310,0.029832,0,0.000000
E3,sport_facility,4,48,0.543512,301.78,33.1851,0.00,0.003310,0.029795,0,0.000000
E3,sport_facility,5,48,0.677613,301.78,33.1851,0.00,0.003309,0.029773,0,0.000000
E3,sport_facility,6,48,0.626358,301.78,33.1851,2.02,0.003309,0.029758,1,0.166667
E3,sport_facility,7,48,0.640082,301.78,33.1851,2.68,0.003309,0.029748,1,0.142857
E3,sport_coverage,3,49,0.877990,1.68527,20.9812,0.00,0.483750,0.046909,0,0.000000
E3,sport_coverage,4,49,0.895669,1.68527,30.5097,7.32,0.473915,0.032376,0,0.000000
E3,sport_coverage,5,49,0.900826,1.68527,30.5097,15.00,0.468285,0.032349,0,0.000000
E3,sport_coverage,6,49,0.818264,1.68527,36.2793,21.55,0.464637,0.027249,1,0.166667
E3,sport_coverage,7,49,0.751554,1.68527,56.8883,25.95,0.462080,0.017446,2,0.285714
E3,sport_diversity,3,49,0.647435,5.92131,82.0041,0.00,0.159553,0.012145,0,0.000000
E3,sport_diversity,4,49,0.715195,5.92131,82.0041,1.22,0.158484,0.012139,0,0.000000
E3,sport_diversity,5,49,0.733298,5.92131,82.0041,4.00,0.157852,0.012135,0,0.000000
E3,sport_diversity,6,49,0.673111,5.92131,82.0041,8.55,0.157434,0.012133,1,0.166667
E3,sport_diversity,7,49,0.646167,18.5921,82.0041,11.28,0.052562,0.012131,1,0.142857
E3,sport_facility,3,49,0.653883,5.20495,39.5165,0.00,0.180083,0.025093,0,0.000000
E3,sport_facility,4,49,0.577923,43.2778,39.5165,0.00,0.022907,0.025067,0,0.000000
E3,sport_facility,5,49,0.623201,43.2778,39.5165,1.00,0.022894,0.025051,0,0.000000
E3,sport_facility,6,49,0.585551,43.2778,39.5165,2.56,0.022885,0.025041,0,0.000000
E3,sport_facility,7,49,0.562975,43.2778,39.5165,3.76,0.022879,0.025033,0,0.000000
E3,sport_coverage,3,50,0.551698,14.6682,24.7135,5.56,0.066637,0.039920,0,0.000000
E3,sport_coverage,4,50,0.471238,14.6682,37.443,8.70,0.066451,0.026441,1,0.250000
E3,sport_coverage,5,50,0.466164,14.6682,37.443,9.09,0.066341,0.026423,1,0.200000
E3,sport_coverage,6,50,0.558304,14.6682,37.443,9.52,0.066267,0.026412,1,0.166667
E3,sport_coverage,7,50,0.571753,14.6682,37.443,11.43,0.066215,0.026403,2,0.285714
E3,sport_diversity,3,50,0.574317,22.1309,56.6887,5.56,0.044508,0.017537,0,0.000000
E3,sport_diversity,4,50,0.635289,22.1309,56.6887,8.70,0.044426,0.017524,0,0.000000
E3,sport_diversity,5,50,0.546908,22.1309,56.6887,14.55,0.044376,0.017516,1,0.200000
E3,sport_diversity,6,50,0.595420,22.1309,56.6887,17.46,0.044343,0.017511,1,0.166667
E3,sport_diversity,7,50,0.585366,22.1309,56.6887,20.00,0.044320,0.017507,2,0.285714
E3,sport_facility,3,50,0.703196,11.9805,25.0492,5.56,0.081168,0.039392,0,0.000000
E3,sport_facility,4,50,0.691655,11.9805,25.0492,10.87,0.080892,0.039328,0,0.000000
E3,sport_facility,5,50,0.628980,61.5982,27.8412,16.36,0.016129,0.035406,0,0.000000
E3,sport_facility,6,50,0.580913,61.5982,27.8412,22.22,0.016125,0.035385,1,0.166667
E3,sport_facility,7,50,0.573977,61.5982,27.8412,25.71,0.016122,0.035370,2,0.285714
E3,sport_coverage,3,51,0.751234,2.15721,21.3453,0.00,0.395621,0.046121,0,0.000000
E3,sport_coverage,4,51,0.647799,254.482,21.3453,9.26,0.003924,0.046032,0,0.000000
E3,sport_coverage,5,51,0.695565,254.482,21.3453,18.46,0.003923,0.045979,0,0.000000
E3,sport_coverage,6,51,0.629921,254.482,24.1987,25.33,0.003923,0.040620,1,0.166667
E3,sport_coverage,7,51,0.733720,254.482,24.1987,29.76,0.003923,0.040600,1,0.142857
E3,sport_diversity,3,51,0.434805,7.92604,14.9456,0.00,0.120935,0.065428,0,0.000000
E3,sport_diversity,4,51,0.418399,7.92604,37.6087,0.00,0.120322,0.026326,0,0.000000
E3,sport_diversity,5,51,0.581315,7.92604,37.6087,4.62,0.119958,0.026308,0,0.000000
E3,sport_diversity,6,51,0.617391,7.92604,37.6087,10.67,0.119717,0.026297,0,0.000000
E3,sport_diversity,7,51,0.727181,7.92604,37.6087,16.67,0.119546,0.026288,0,0.000000
E3,sport_facility,3,51,0.567255,6.19123,28.8746,0.00,0.152979,0.034234,0,0.000000
E3,sport_facility,4,51,0.481254,6.19123,39.5686,1.85,0.151996,0.025034,1,0.250000
E3,sport_facility,5,51,0.541224,6.19123,41.3571,1.54,0.151415,0.023947,1,0.200000
E3,sport_facility,6,51,0.516129,71.8936,41.3571,5.33,0.013829,0.023937,1,0.166667
E3,sport_facility,7,51,0.533855,71.8936,41.3571,9.52,0.013827,0.023931,1,0.142857
E3,sport_coverage,3,52,0.904782,1.364,19.7675,33.33,0.568569,0.049740,0,0.000000
E3,sport_coverage,4,52,0.889496,1.364,19.7675,44.44,0.555079,0.049636,1,0.250000
E3,sport_diversity,3,52,0.707339,5.37634,36.7022,13.33,0.174706,0.027000,0,0.000000
E3,sport_diversity,4,52,0.696466,5.37634,36.7022,22.22,0.173424,0.026969,1,0.250000
E3,sport_facility,3,52,0.715564,5.37634,27.6478,13.33,0.174706,0.035735,0,0.000000
E3,sport_facility,4,52,0.704077,5.37634,27.6478,22.22,0.173424,0.035682,1,0.250000
E3,sport_coverage,3,53,1.000000,1.40878,4.8145,42.86,0.555125,0.193657,0,0.000000
E3,sport_coverage,4,53,0.914439,1.40878,4.8145,53.85,0.542246,0.192080,1,0.250000
E3,sport_coverage,5,53,0.898551,1.40878,4.8145,60.00,0.534927,0.191151,2,0.400000
E3,sport_coverage,6,53,0.903509,1.40878,4.8145,63.64,0.530204,0.190539,3,0.500000
E3,sport_diversity,3,53,0.740260,1.76217,19.2947,23.81,0.466906,0.050937,1,0.333333
E3,sport_diversity,4,53,0.710428,1.76217,19.2947,34.62,0.457736,0.050829,2,0.500000
E3,sport_diversity,5,53,0.701019,1.76217,19.2947,40.00,0.452477,0.050764,3,0.600000
E3,sport_diversity,6,53,0.756988,1.76217,19.2947,42.42,0.449067,0.050721,4,0.666667
E3,sport_facility,3,53,0.740260,1.76217,21.83,23.81,0.466906,0.045113,1,0.333333
E3,sport_facility,4,53,0.710428,1.76217,21.83,34.62,0.457736,0.045028,2,0.500000
E3,sport_facility,5,53,0.701019,1.76217,21.83,40.00,0.452477,0.044977,3,0.600000
E3,sport_facility,6,53,0.712405,1.76217,21.83,42.42,0.449067,0.044943,4,0.666667
E3,sport_coverage,3,54,0.948435,1.40046,13.4017,11.11,0.557579,0.072777,0,0.000000
E3,sport_coverage,4,54,0.796817,1.40046,16.1459,17.24,0.544589,0.060512,1,0.250000
E3,sport_coverage,5,54,0.709232,1.40046,16.1459,22.86,0.537209,0.060420,2,0.400000
E3,sport_coverage,6,54,0.764488,1.40046,16.1459,25.93,0.532447,0.060359,2,0.333333
E3,sport_coverage,7,54,0.812128,1.40046,16.1459,28.57,0.529120,0.060315,2,0.285714
E3,sport_diversity,3,54,0.880655,1.47889,31.6414,11.11,0.535224,0.031272,0,0.000000
E3,sport_diversity,4,54,0.950464,1.47889,32.2689,15.52,0.523229,0.030631,0,0.000000
E3,sport_diversity,5,54,0.846874,1.47889,32.2689,22.86,0.516399,0.030608,1,0.200000
E3,sport_diversity,6,54,0.829942,5.74795,32.2689,27.16,0.161841,0.030592,1,0.166667
E3,sport_diversity,7,54,0.771257,5.74795,32.2689,30.77,0.161528,0.030581,2,0.285714
E3,sport_facility,3,54,0.885049,2.75825,34.3374,11.11,0.320500,0.028841,0,0.000000
E3,sport_facility,4,54,0.764854,2.75825,34.3374,17.24,0.316169,0.028806,1,0.250000
E3,sport_facility,5,54,0.696527,2.75825,34.3374,20.00,0.313649,0.028785,2,0.400000
E3,sport_facility,6,54,0.762286,2.75825,34.3374,20.99,0.311999,0.028772,2,0.333333
E3,sport_facility,7,54,0.748599,36.1054,34.3374,21.98,0.027370,0.028762,2,0.285714
E3,sport_coverage,3,55,0.768627,1,18.1243,22.22,0.703704,0.054166,1,0.333333
E3,sport_coverage,4,55,0.644689,1,18.1243,32.35,0.683594,0.054044,2,0.500000
E3,sport_coverage,5,55,0.733319,1,18.1243,35.00,0.672320,0.053970,2,0.400000
E3,sport_coverage,6,55,0.751837,1,18.1243,40.00,0.665102,0.053922,3,0.500000
E3,sport_coverage,7,55,0.749619,1,18.1243,42.86,0.660083,0.053887,4,0.571429
E3,sport_diversity,3,55,0.768627,1.15842,36.5808,33.33,0.638674,0.027088,1,0.333333
E3,sport_diversity,4,55,0.699187,1.15842,36.5808,41.18,0.621835,0.027058,2,0.500000
E3,sport_diversity,5,55,0.785776,1.29304,36.5808,45.00,0.568362,0.027039,2,0.400000
E3,sport_diversity,6,55,0.796361,1.29304,36.5808,48.89,0.563061,0.027027,3,0.500000
E3,sport_diversity,7,55,0.781421,1.29304,36.5808,51.02,0.559361,0.027019,4,0.571429
E3,sport_facility,3,55,0.663931,14.0095,24.9829,22.22,0.069695,0.039496,1,0.333333
E3,sport_facility,4,55,0.604255,14.0095,24.9829,26.47,0.069492,0.039431,2,0.500000
E3,sport_facility,5,55,0.612305,14.0095,24.9829,30.00,0.069371,0.039392,3,0.600000
E3,sport_facility,6,55,0.708003,14.0095,24.9829,31.11,0.069290,0.039366,3,0.500000
E3,sport_facility,7,55,0.840094,14.0095,24.9829,32.65,0.069233,0.039347,3,0.428571
E3,sport_coverage,3,56,1.000000,1.27155,5.09881,20.00,0.598293,0.183582,0,0.000000
E3,sport_coverage,4,56,0.900000,1.27155,5.09881,33.33,0.583413,0.182166,1,0.250000
E3,sport_diversity,3,56,0.875137,25.3905,51.0988,0.00,0.038870,0.019443,0,0.000000
E3,sport_diversity,4,56,0.789314,25.3905,51.0988,11.11,0.038807,0.019427,1,0.250000
E3,sport_facility,3,56,0.744998,25.3905,35.3937,0.00,0.038870,0.027988,0,0.000000
E3,sport_facility,4,56,0.740741,25.3905,35.3937,11.11,0.038807,0.027956,1,0.250000
E3,sport_coverage,3,57,0.999301,1.06657,7.80576,0.00,0.675090,0.122718,0,0.000000
E3,sport_coverage,4,57,0.890912,2.55793,11.2858,0.00,0.337271,0.085706,0,0.000000
E3,sport_coverage,5,57,0.887135,2.55793,15.3673,1.25,0.334403,0.063401,0,0.000000
E3,sport_coverage,6,57,0.835587,3.28166,20.4421,2.65,0.268556,0.047932,0,0.000000
E3,sport_coverage,7,57,0.771707,3.28166,20.9841,5.99,0.267693,0.046693,1,0.142857
E3,sport_diversity,3,57,0.666060,7.41176,45.7202,0.00,0.128944,0.021713,0,0.000000
E3,sport_diversity,4,57,0.576408,8.15717,51.5549,0.00,0.117070,0.019256,0,0.000000
E3,sport_diversity,5,57,0.598089,8.15717,51.5549,0.00,0.116726,0.019247,0,0.000000
E3,sport_diversity,6,57,0.563175,8.15717,51.5549,0.00,0.116498,0.019241,0,0.000000
E3,sport_diversity,7,57,0.537410,8.90933,51.5549,0.00,0.106985,0.019236,0,0.000000
E3,sport_facility,3,57,0.990493,1.06799,30.6134,0.00,0.674498,0.032311,0,0.000000
E3,sport_facility,4,57,0.833571,9.60701,30.6134,0.77,0.100098,0.032267,0,0.000000
E3,sport_facility,5,57,0.728839,128.472,30.6134,1.25,0.007760,0.032241,0,0.000000
E3,sport_facility,6,57,0.783415,128.472,30.6134,2.65,0.007759,0.032224,0,0.000000
E3,sport_facility,7,57,0.719342,128.472,30.6134,4.15,0.007758,0.032212,1,0.142857
E3,sport_coverage,3,58,0.888695,2.12321,7.44733,0.00,0.400912,0.128356,0,0.000000
E3,sport_coverage,4,58,0.797014,4.51674,7.89348,0.59,0.203686,0.120794,0,0.000000
E3,sport_coverage,5,58,0.805679,4.51674,9.16616,0.95,0.202641,0.104439,0,0.000000
E3,sport_coverage,6,58,0.774518,4.51674,10.267,1.20,0.201952,0.093531,0,0.000000
E3,sport_coverage,7,58,0.738035,4.51674,10.5659,1.39,0.201464,0.090890,0,0.000000
E3,sport_diversity,3,58,0.543683,7.05857,58.3894,0.00,0.135087,0.017029,0,0.000000
E3,sport_diversity,4,58,0.501141,11.6628,58.3894,0.00,0.083025,0.017017,0,0.000000
E3,sport_diversity,5,58,0.472540,12.4702,58.3894,0.00,0.077660,0.017009,0,0.000000
E3,sport_diversity,6,58,0.444718,20.2949,58.3894,0.00,0.048273,0.017005,0,0.000000
E3,sport_diversity,7,58,0.432984,20.2949,58.3894,0.00,0.048245,0.017001,0,0.000000
E3,sport_facility,3,58,0.915200,2.78422,40.7502,0.78,0.317882,0.024340,0,0.000000
E3,sport_facility,4,58,0.922886,2.78422,42.0645,1.18,0.313622,0.023562,0,0.000000
E3,sport_facility,5,58,0.834353,10.5277,43.4569,1.90,0.091446,0.022800,0,0.000000
E3,sport_facility,6,58,0.850126,10.5277,43.4569,2.41,0.091307,0.022792,0,0.000000
E3,sport_facility,7,58,0.793832,12.2712,43.4569,3.48,0.078700,0.022786,0,0.000000
E3,sport_coverage,3,59,0.776774,1.50802,6.61366,0.00,0.527344,0.143710,0,0.000000
E3,sport_coverage,4,59,0.842757,1.50802,11.1532,0.74,0.515691,0.086691,0,0.000000
E3,sport_coverage,5,59,0.879082,1.50802,17.3345,1.81,0.509051,0.056373,0,0.000000
E3,sport_coverage,6,59,0.880398,1.50802,17.3345,3.57,0.504759,0.056319,0,0.000000
E3,sport_coverage,7,59,0.902452,1.50802,20.3156,6.64,0.501756,0.048197,0,0.000000
E3,sport_diversity,3,59,0.610401,3.75564,27.9875,0.00,0.243333,0.035306,0,0.000000
E3,sport_diversity,4,59,0.726728,3.75564,33.4594,0.00,0.240840,0.029554,0,0.000000
E3,sport_diversity,5,59,0.800215,3.75564,33.4594,0.00,0.239377,0.029532,0,0.000000
E3,sport_diversity,6,59,0.722812,16.0437,47.6472,1.49,0.060733,0.020805,0,0.000000
E3,sport_diversity,7,59,0.666039,16.7576,47.6472,2.60,0.058170,0.020800,0,0.000000
E3,sport_facility,3,59,0.743919,1.45356,32.6666,0.00,0.542261,0.030301,0,0.000000
E3,sport_facility,4,59,0.763907,1.45356,32.6666,1.45,0.529956,0.030263,0,0.000000
E3,sport_facility,5,59,0.770996,1.45356,32.6666,2.94,0.522954,0.030240,0,0.000000
E3,sport_facility,6,59,0.676192,1.45356,32.6666,4.48,0.518433,0.030224,1,0.166667
E3,sport_facility,7,59,0.735043,1.45356,32.6666,5.19,0.515272,0.030214,1,0.142857
E3,sport_coverage,3,60,0.985163,1.07013,18.1162,9.80,0.673613,0.054190,0,0.000000
E3,sport_coverage,4,60,0.989342,1.07013,24.4951,13.64,0.655028,0.040204,0,0.000000
E3,sport_coverage,5,60,0.840096,1.07013,24.4951,22.50,0.644584,0.040163,1,0.200000
E3,sport_coverage,6,60,0.745369,1.07013,24.4951,29.03,0.637888,0.040136,2,0.333333
E3,sport_coverage,7,60,0.698489,81.8362,24.4951,32.38,0.012156,0.040117,2,0.285714
E3,sport_diversity,3,60,0.985163,1.07013,73.1358,7.84,0.673613,0.013611,0,0.000000
E3,sport_diversity,4,60,0.830686,1.07013,84.2341,12.12,0.655028,0.011819,1,0.250000
E3,sport_diversity,5,60,0.881174,1.07013,84.2341,16.25,0.644584,0.011815,1,0.200000
E3,sport_diversity,6,60,0.803501,1.07013,84.2341,22.58,0.637888,0.011813,2,0.333333
E3,sport_diversity,7,60,0.819843,1.34257,84.2341,26.67,0.545030,0.011811,2,0.285714
E3,sport_facility,3,60,0.985163,1.07013,46.6845,7.84,0.673613,0.021268,0,0.000000
E3,sport_facility,4,60,0.830686,1.07013,46.6845,12.12,0.655028,0.021249,1,0.250000
E3,sport_facility,5,60,0.881174,1.07013,46.6845,16.25,0.644584,0.021238,1,0.200000
E3,sport_facility,6,60,0.796027,1.07013,46.6845,22.58,0.637888,0.021230,2,0.333333
E3,sport_facility,7,60,0.728616,1.07013,46.6845,26.67,0.633228,0.021225,3,0.428571
E3,sport_coverage,3,61,0.885014,1.71033,9.79143,0.00,0.478135,0.098693,0,0.000000
E3,sport_coverage,4,61,0.909616,1.71033,9.79143,0.82,0.468524,0.098285,0,0.000000
E3,sport_coverage,5,61,0.833026,3.27025,10.2293,2.00,0.270603,0.094010,0,0.000000
E3,sport_coverage,6,61,0.850000,3.27025,15.2952,3.39,0.269375,0.063624,0,0.000000
E3,sport_coverage,7,61,0.797896,5.72859,22.9745,4.93,0.162033,0.042723,0,0.000000
E3,sport_diversity,3,61,0.858604,1.47121,29.5305,0.00,0.537340,0.033482,0,0.000000
E3,sport_diversity,4,61,0.722913,14.7618,35.0802,0.00,0.066041,0.028203,0,0.000000
E3,sport_diversity,5,61,0.643071,14.7618,35.0802,0.00,0.065931,0.028183,0,0.000000
E3,sport_diversity,6,61,0.583799,30.6616,35.0802,0.00,0.032174,0.028170,0,0.000000
E3,sport_diversity,7,61,0.659337,30.6616,35.0802,0.00,0.032162,0.028160,0,0.000000
E3,sport_facility,3,61,0.572637,3.56084,26.9968,0.00,0.255364,0.036586,0,0.000000
E3,sport_facility,4,61,0.752078,3.56084,26.9968,0.00,0.252617,0.036530,0,0.000000
E3,sport_facility,5,61,0.652661,3.56084,32.3826,0.67,0.251008,0.030502,1,0.200000
E3,sport_facility,6,61,0.712357,3.56084,32.3826,0.56,0.249951,0.030486,1,0.166667
E3,sport_facility,7,61,0.661008,19.8486,32.3826,0.49,0.049307,0.030475,1,0.142857
E3,sport_coverage,3,62,0.371217,3.12181,8.2452,0.00,0.287342,0.116446,0,0.000000
E3,sport_coverage,4,62,0.501742,3.12181,10.006,0.00,0.283862,0.096257,0,0.000000
E3,sport_coverage,5,62,0.577778,3.12181,10.006,4.00,0.281830,0.096024,0,0.000000
E3,sport_coverage,6,62,0.562446,3.12181,13.7724,7.14,0.280498,0.070447,1,0.166667
E3,sport_coverage,7,62,0.635870,3.12181,13.7724,9.68,0.279556,0.070388,1,0.142857
E3,sport_diversity,3,62,0.738308,3.64221,24.9445,3.03,0.250198,0.039556,0,0.000000
E3,sport_diversity,4,62,0.837968,3.64221,24.9445,11.90,0.247561,0.039490,0,0.000000
E3,sport_diversity,5,62,0.737430,3.64221,24.9445,22.00,0.246016,0.039451,1,0.200000
E3,sport_diversity,6,62,0.724468,3.64221,24.9445,28.07,0.245001,0.039425,2,0.333333
E3,sport_diversity,7,62,0.701835,3.64221,24.9445,31.75,0.244283,0.039407,3,0.428571
E3,sport_facility,3,62,0.738308,3.64221,25.6483,3.03,0.250198,0.038484,0,0.000000
E3,sport_facility,4,62,0.597196,3.64221,25.6483,11.90,0.247561,0.038423,1,0.250000
E3,sport_facility,5,62,0.549223,3.64221,25.6483,20.00,0.246016,0.038386,2,0.400000
E3,sport_facility,6,62,0.541987,3.64221,25.6483,24.56,0.245001,0.038361,3,0.500000
E3,sport_facility,7,62,0.554348,3.64221,25.6483,26.98,0.244283,0.038343,4,0.571429
E3,sport_coverage,3,63,0.558515,13.6775,43.5808,7.69,0.071346,0.022771,1,0.333333
E3,sport_coverage,4,63,0.626072,13.6775,45.524,12.00,0.071133,0.021786,1,0.250000
E3,sport_coverage,5,63,0.564880,13.6775,45.524,16.67,0.071006,0.021774,2,0.400000
E3,sport_coverage,6,63,0.527011,13.6775,45.524,18.84,0.070922,0.021766,3,0.500000
E3,sport_coverage,7,63,0.620232,13.6775,45.524,19.48,0.070862,0.021761,3,0.428571
E3,sport_diversity,3,63,0.592770,20.938,67.6096,7.69,0.047004,0.014718,0,0.000000
E3,sport_diversity,4,63,0.723401,20.938,67.6096,12.00,0.046912,0.014709,0,0.000000
E3,sport_diversity,5,63,0.629086,20.938,67.6096,15.00,0.046856,0.014704,1,0.200000
E3,sport_diversity,6,63,0.624772,20.938,67.6096,15.94,0.046820,0.014700,1,0.166667
E3,sport_diversity,7,63,0.669010,20.938,67.6096,18.18,0.046794,0.014697,1,0.142857
E3,sport_facility,3,63,0.741121,16.8445,46.9177,7.69,0.058200,0.021163,0,0.000000
E3,sport_facility,4,63,0.698934,16.8445,46.9177,14.00,0.058058,0.021144,0,0.000000
E3,sport_facility,5,63,0.646399,16.8445,46.9177,20.00,0.057974,0.021133,1,0.200000
E3,sport_facility,6,63,0.703676,16.8445,46.9177,23.19,0.057917,0.021126,1,0.166667
E3,sport_facility,7,63,0.708573,16.8445,46.9177,27.27,0.057877,0.021120,2,0.285714
E3,sport_coverage,3,64,0.660871,21.1916,27.8337,13.33,0.046450,0.035499,0,0.000000
E3,sport_coverage,4,64,0.738448,21.1916,38.987,21.05,0.046360,0.025404,0,0.000000
E3,sport_coverage,5,64,0.690142,21.1916,38.987,28.89,0.046306,0.025388,1,0.200000
E3,sport_coverage,6,64,0.807073,21.1916,38.987,33.33,0.046270,0.025377,1,0.166667
E3,sport_coverage,7,64,0.814574,21.1916,38.987,37.50,0.046245,0.025369,2,0.285714
E3,sport_diversity,3,64,0.728962,94.4254,47.5191,6.67,0.010553,0.020897,0,0.000000
E3,sport_diversity,4,64,0.632426,94.4254,47.5191,15.79,0.010548,0.020879,1,0.250000
E3,sport_diversity,5,64,0.605986,94.4254,47.5191,20.00,0.010546,0.020868,2,0.400000
E3,sport_diversity,6,64,0.791231,94.4254,47.5191,21.57,0.010544,0.020861,2,0.333333
E3,sport_diversity,7,64,0.933719,94.4254,47.5191,25.00,0.010542,0.020855,2,0.285714
E3,sport_facility,3,64,0.501169,52.8566,61.3003,6.67,0.018800,0.016225,1,0.333333
E3,sport_facility,4,64,0.444478,96.2953,61.3003,5.26,0.010344,0.016214,1,0.250000
E3,sport_facility,5,64,0.476418,96.2953,61.3003,4.44,0.010342,0.016207,1,0.200000
E3,sport_facility,6,64,0.563668,96.2953,61.3003,5.88,0.010340,0.016203,1,0.166667
E3,sport_facility,7,64,0.742464,96.2953,61.3003,7.14,0.010339,0.016200,1,0.142857
E3,sport_coverage,3,65,0.701149,9.768,11.7473,0.00,0.098921,0.082734,0,0.000000
E3,sport_coverage,4,65,0.798212,9.768,13.1077,3.70,0.098511,0.074136,0,0.000000
E3,sport_coverage,5,65,0.814446,9.768,17.8315,9.23,0.098268,0.054837,0,0.000000
E3,sport_coverage,6,65,0.854305,9.768,17.8315,16.00,0.098106,0.054786,0,0.000000
E3,sport_coverage,7,65,0.809105,9.768,17.8315,22.62,0.097991,0.054751,1,0.142857
E3,sport_diversity,3,65,0.724804,1.2813,19.7789,4.76,0.595026,0.049712,1,0.333333
E3,sport_diversity,4,65,0.667334,7.50602,19.7789,5.56,0.126717,0.049608,1,0.250000
E3,sport_diversity,5,65,0.629846,13.6196,21.097,9.23,0.071299,0.046510,1,0.200000
E3,sport_diversity,6,65,0.661355,13.6196,21.097,13.33,0.071214,0.046474,1,0.166667
E3,sport_diversity,7,65,0.740757,13.6196,21.097,16.67,0.071153,0.046448,1,0.142857
E3,sport_facility,3,65,0.703653,6.15718,20.5135,2.38,0.153778,0.047961,0,0.000000
E3,sport_facility,4,65,0.678295,6.15718,20.5135,5.56,0.152785,0.047864,0,0.000000
E3,sport_facility,5,65,0.589536,6.15718,48.8351,10.77,0.152198,0.020310,1,0.200000
E3,sport_facility,6,65,0.538462,6.15718,48.8351,13.33,0.151810,0.020303,2,0.333333
E3,sport_facility,7,65,0.549864,63.0235,48.8351,14.29,0.015760,0.020298,2,0.285714
E3,sport_coverage,3,66,0.990321,1.03613,6.60538,0.00,0.687935,0.143880,0,0.000000
E3,sport_coverage,4,66,0.872727,2.76041,12.6091,0.00,0.315956,0.076980,0,0.000000
E3,sport_coverage,5,66,0.801471,2.78596,12.6091,0.00,0.310976,0.076831,0,0.000000
E3,sport_coverage,6,66,0.837904,2.78596,12.6091,0.00,0.309354,0.076733,0,0.000000
E3,sport_coverage,7,66,0.791444,3.32385,13.5989,0.38,0.264727,0.071258,0,0.000000
E3,sport_diversity,3,66,0.628941,3.43409,14.4193,0.00,0.263847,0.067761,0,0.000000
E3,sport_diversity,4,66,0.610367,3.43409,16.0167,0.00,0.260915,0.060988,0,0.000000
E3,sport_diversity,5,66,0.693592,3.43409,18.6308,0.00,0.259198,0.052534,0,0.000000
E3,sport_diversity,6,66,0.631643,6.97105,24.7018,0.00,0.135145,0.039806,0,0.000000
E3,sport_diversity,7,66,0.590553,6.97105,24.7018,0.00,0.134926,0.039787,0,0.000000
E3,sport_facility,3,66,0.729030,2.28107,36.598,0.00,0.377449,0.027076,0,0.000000
E3,sport_facility,4,66,0.804575,2.28107,36.598,0.00,0.371443,0.027045,0,0.000000
E3,sport_facility,5,66,0.850210,2.28107,36.598,0.00,0.367966,0.027027,0,0.000000
E3,sport_facility,6,66,0.875921,2.28107,36.598,0.00,0.365699,0.027015,0,0.000000
E3,sport_facility,7,66,0.792761,2.28107,36.598,0.38,0.364104,0.027006,1,0.142857
E3,sport_coverage,3,67,0.481928,5.2346,12.4344,8.33,0.179130,0.078285,0,0.000000
E3,sport_coverage,4,67,0.410526,5.2346,30.1921,13.33,0.177781,0.032712,1,0.250000
E3,sport_coverage,5,67,0.549794,5.2346,30.1921,14.29,0.176986,0.032685,1,0.200000
E3,sport_coverage,6,67,0.657381,5.2346,30.1921,17.95,0.176461,0.032668,1,0.166667
E3,sport_coverage,7,67,0.801587,5.2346,30.1921,21.43,0.176088,0.032655,1,0.142857
E3,sport_diversity,3,67,1.000000,1.04421,10.5148,33.33,0.684485,0.092121,0,0.000000
E3,sport_diversity,4,67,0.765714,1.04421,10.5148,43.33,0.665350,0.091765,1,0.250000
E3,sport_diversity,5,67,0.767421,1.04421,10.5148,48.57,0.654607,0.091554,2,0.400000
E3,sport_diversity,6,67,0.898990,1.04421,10.5148,51.28,0.647723,0.091414,2,0.333333
E3,sport_diversity,7,67,0.909910,1.04421,10.5148,54.76,0.642933,0.091314,3,0.428571
E3,sport_facility,3,67,0.704403,1.04421,8.99484,33.33,0.684485,0.107106,1,0.333333
E3,sport_facility,4,67,0.576471,1.04421,8.99484,36.67,0.665350,0.106625,2,0.500000
E3,sport_facility,5,67,0.723798,1.04421,8.99484,37.14,0.654607,0.106340,2,0.400000
E3,sport_facility,6,67,0.855769,1.04421,8.99484,38.46,0.647723,0.106150,2,0.333333
E3,sport_facility,7,67,0.870690,1.04421,8.99484,42.86,0.642933,0.106016,3,0.428571
E3,sport_coverage,3,68,0.758805,3.92933,17.3648,5.30,0.233517,0.056489,0,0.000000
E3,sport_coverage,4,68,0.804651,3.92933,17.3648,8.62,0.231222,0.056356,0,0.000000
E3,sport_coverage,5,68,0.856926,3.92933,18.2546,12.09,0.229874,0.053593,0,0.000000
E3,sport_coverage,6,68,0.751143,3.92933,22.9046,15.75,0.228988,0.042873,1,0.166667
E3,sport_coverage,7,68,0.677045,3.92933,26.8988,18.49,0.228361,0.036589,2,0.285714
E3,sport_diversity,3,68,0.849450,2.24183,43.6687,0.76,0.383027,0.022725,0,0.000000
E3,sport_diversity,4,68,0.834090,2.24183,45.3726,2.30,0.376842,0.021858,0,0.000000
E3,sport_diversity,5,68,0.769752,4.17192,45.3726,3.72,0.217791,0.021846,0,0.000000
E3,sport_diversity,6,68,0.779802,4.17192,47.1386,5.88,0.216996,0.021027,0,0.000000
E3,sport_diversity,7,68,0.723654,180.093,47.1386,9.18,0.005540,0.021022,0,0.000000
E3,sport_facility,3,68,0.938639,1.29105,22.6036,0.76,0.591790,0.043591,0,0.000000
E3,sport_facility,4,68,0.912840,1.34931,38.1289,1.72,0.559412,0.025970,0,0.000000
E3,sport_facility,5,68,0.850715,2.88889,38.1289,8.37,0.301430,0.025953,0,0.000000
E3,sport_facility,6,68,0.829187,2.88889,38.1289,12.94,0.299906,0.025942,0,0.000000
E3,sport_facility,7,68,0.842518,2.88889,38.1289,16.67,0.298831,0.025934,0,0.000000
E3,sport_coverage,3,69,0.912034,1.35316,6.45033,0.00,0.571914,0.147157,0,0.000000
E3,sport_coverage,4,69,0.822941,2.46768,14.2383,0.00,0.347711,0.068405,0,0.000000
E3,sport_coverage,5,69,0.751275,3.46877,14.2383,0.00,0.256905,0.068288,0,0.000000
E3,sport_coverage,6,69,0.708146,3.46877,14.2383,0.00,0.255798,0.068210,0,0.000000
E3,sport_coverage,7,69,0.750762,3.46877,14.2383,0.79,0.255015,0.068154,0,0.000000
E3,sport_diversity,3,69,0.543965,5.98802,33.9817,0.00,0.157876,0.029140,0,0.000000
E3,sport_diversity,4,69,0.497765,5.98802,33.9817,0.00,0.156830,0.029104,0,0.000000
E3,sport_diversity,5,69,0.583313,5.98802,33.9817,0.00,0.156211,0.029083,0,0.000000
E3,sport_diversity,6,69,0.592323,5.98802,33.9817,0.00,0.155802,0.029069,0,0.000000
E3,sport_diversity,7,69,0.565517,6.37886,33.9817,0.00,0.146620,0.029059,0,0.000000
E3,sport_facility,3,69,0.813034,1.48815,32.9811,0.00,0.532698,0.030015,0,0.000000
E3,sport_facility,4,69,0.833215,1.48815,38.502,0.00,0.520813,0.025721,0,0.000000
E3,sport_facility,5,69,0.789802,2.47877,38.502,0.00,0.343369,0.025704,0,0.000000
E3,sport_facility,6,69,0.708311,2.47877,38.502,0.46,0.341393,0.025693,1,0.166667
E3,sport_facility,7,69,0.656092,18.3632,38.502,0.40,0.053202,0.025685,1,0.142857
E3,sport_coverage,3,70,0.840363,2.90919,7.11833,0.00,0.305857,0.134007,0,0.000000
E3,sport_coverage,4,70,0.888369,2.90919,9.83394,0.00,0.301913,0.097876,0,0.000000
E3,sport_coverage,5,70,0.912959,2.90919,20.3134,0.00,0.299615,0.048269,0,0.000000
E3,sport_coverage,6,70,0.851693,4.73864,24.5054,1.09,0.193323,0.040120,0,0.000000
E3,sport_coverage,7,70,0.780235,4.73864,65.9042,4.76,0.192876,0.015075,1,0.142857
E3,sport_diversity,3,70,0.651094,5.43525,28.7874,0.00,0.172931,0.034337,0,0.000000
E3,sport_diversity,4,70,0.706707,5.43525,31.3265,0.00,0.171675,0.031542,0,0.000000
E3,sport_diversity,5,70,0.706577,5.43525,39.1525,0.00,0.170933,0.025282,0,0.000000
E3,sport_diversity,6,70,0.675974,5.43525,45.524,0.00,0.170443,0.021766,0,0.000000
E3,sport_diversity,7,70,0.637464,17.9549,49.5382,0.00,0.054383,0.020013,0,0.000000
E3,sport_facility,3,70,0.668218,4.21457,36.1174,0.00,0.219001,0.027433,0,0.000000
E3,sport_facility,4,70,0.786800,4.21457,36.1174,0.00,0.216983,0.027401,0,0.000000
E3,sport_facility,5,70,0.809852,4.21457,36.1174,0.65,0.215796,0.027383,0,0.000000
E3,sport_facility,6,70,0.783941,4.21457,36.1174,1.09,0.215015,0.027370,0,0.000000
E3,sport_facility,7,70,0.736376,20.4828,37.3188,1.90,0.047812,0.026490,0,0.000000
E3,sport_coverage,3,71,0.599200,1.8959,13.8993,20.83,0.440154,0.070234,1,0.333333
E3,sport_coverage,4,71,0.675556,1.8959,13.8993,26.67,0.431996,0.070028,1,0.250000
E3,sport_coverage,5,71,0.779706,1.8959,13.8993,31.43,0.427305,0.069905,1,0.200000
E3,sport_coverage,6,71,0.727974,1.8959,13.8993,35.90,0.424257,0.069823,2,0.333333
E3,sport_coverage,7,71,0.840000,1.8959,13.8993,38.10,0.422118,0.069765,2,0.285714
E3,sport_diversity,3,71,0.612130,25.8929,46.9871,8.33,0.038126,0.021132,0,0.000000
E3,sport_diversity,4,71,0.523810,25.8929,46.9871,16.67,0.038065,0.021113,1,0.250000
E3,sport_diversity,5,71,0.656335,25.8929,46.9871,20.00,0.038029,0.021102,1,0.200000
E3,sport_diversity,6,71,0.732477,25.8929,46.9871,23.08,0.038004,0.021095,1,0.166667
E3,sport_diversity,7,71,0.884211,25.8929,46.9871,26.19,0.037987,0.021089,1,0.142857
E3,sport_facility,3,71,0.599200,1.8959,33.95,20.83,0.440154,0.029167,1,0.333333
E3,sport_facility,4,71,0.527363,1.8959,33.95,26.67,0.431996,0.029131,2,0.500000
E3,sport_facility,5,71,0.526302,1.8959,33.95,28.57,0.427305,0.029110,3,0.600000
E3,sport_facility,6,71,0.623434,1.8959,33.95,28.21,0.424257,0.029096,3,0.500000
E3,sport_facility,7,71,0.629863,1.8959,33.95,28.57,0.422118,0.029086,4,0.571429
E3,sport_coverage,3,72,0.741758,2.56312,12.8711,1.39,0.341610,0.075699,0,0.000000
E3,sport_coverage,4,72,0.767593,2.56312,15.2677,3.19,0.336689,0.063906,0,0.000000
E3,sport_coverage,5,72,0.699977,6.42985,21.1617,8.77,0.146146,0.046370,0,0.000000
E3,sport_coverage,6,72,0.632833,6.42985,35.287,13.53,0.145788,0.028007,1,0.166667
E3,sport_coverage,7,72,0.574789,6.42985,35.287,17.22,0.145534,0.027997,2,0.285714
E3,sport_diversity,3,72,0.643176,9.8179,35.6695,0.00,0.098436,0.027774,0,0.000000
E3,sport_diversity,4,72,0.560386,18.6088,42.4676,0.00,0.052665,0.023340,0,0.000000
E3,sport_diversity,5,72,0.548497,18.6088,42.4676,0.00,0.052595,0.023327,0,0.000000
E3,sport_diversity,6,72,0.544358,18.6088,42.4676,0.00,0.052549,0.023318,0,0.000000
E3,sport_diversity,7,72,0.653945,18.6088,42.4676,0.65,0.052516,0.023311,0,0.000000
E3,sport_facility,3,72,0.783745,3.71529,52.6943,0.00,0.245732,0.018858,0,0.000000
E3,sport_facility,4,72,0.687747,8.83052,52.6943,1.06,0.108525,0.018843,0,0.000000
E3,sport_facility,5,72,0.633696,8.83052,52.6943,6.09,0.108229,0.018834,0,0.000000
E3,sport_facility,6,72,0.671889,8.83052,52.6943,9.63,0.108033,0.018828,0,0.000000
E3,sport_facility,7,72,0.613462,8.83052,52.6943,14.29,0.107893,0.018824,1,0.142857
E3,sport_coverage,3,73,0.480159,8.24087,20.7993,3.70,0.116504,0.047312,0,0.000000
E3,sport_coverage,4,73,0.611853,8.24087,20.7993,5.88,0.115935,0.047219,0,0.000000
E3,sport_coverage,5,73,0.564286,8.24087,20.7993,10.00,0.115598,0.047163,1,0.200000
E3,sport_coverage,6,73,0.649601,8.24087,20.7993,11.11,0.115374,0.047126,1,0.166667
E3,sport_coverage,7,73,0.666707,8.24087,20.7993,14.29,0.115215,0.047099,2,0.285714
E3,sport_diversity,3,73,0.606516,3.41615,27.6356,3.70,0.265093,0.035750,0,0.000000
E3,sport_diversity,4,73,0.638532,3.41615,27.6356,11.76,0.262133,0.035697,0,0.000000
E3,sport_diversity,5,73,0.641082,3.41615,27.6356,20.00,0.260400,0.035665,1,0.200000
E3,sport_diversity,6,73,0.652000,3.41615,27.6356,24.44,0.259262,0.035644,2,0.333333
E3,sport_diversity,7,73,0.682298,21.0833,35.8529,26.53,0.046477,0.027561,2,0.285714
E3,sport_facility,3,73,0.414781,54.9688,21.205,3.70,0.018082,0.046421,0,0.000000
E3,sport_facility,4,73,0.403744,54.9688,24.5439,5.88,0.018068,0.040125,0,0.000000
E3,sport_facility,5,73,0.425046,54.9688,24.5439,7.50,0.018060,0.040085,0,0.000000
E3,sport_facility,6,73,0.611413,54.9688,24.5439,8.89,0.018055,0.040058,0,0.000000
E3,sport_facility,7,73,0.573692,54.9688,24.5439,10.20,0.018051,0.040039,1,0.142857
E3,sport_coverage,3,74,0.682927,2.24,7.9673,6.67,0.383291,0.120335,0,0.000000
E3,sport_coverage,4,74,0.645311,2.24,7.9673,11.11,0.377097,0.119728,1,0.250000
E3,sport_diversity,3,74,0.837209,9.14516,29.7409,13.33,0.105410,0.033248,0,0.000000
E3,sport_diversity,4,74,0.710224,9.14516,29.7409,22.22,0.104945,0.033202,1,0.250000
E3,sport_facility,3,74,0.598425,31.0395,37.9235,13.33,0.031872,0.026138,0,0.000000
E3,sport_facility,4,74,0.774282,31.0395,37.9235,16.67,0.031830,0.026109,0,0.000000
E3,sport_coverage,3,75,0.835612,2.51489,8.42747,0.00,0.347257,0.114028,0,0.000000
E3,sport_coverage,4,75,0.731397,7.99895,25.6983,1.06,0.119277,0.038349,0,0.000000
E3,sport_coverage,5,75,0.711756,7.99895,25.6983,1.74,0.118919,0.038312,0,0.000000
E3,sport_coverage,6,75,0.664910,7.99895,88.8512,3.70,0.118682,0.011202,0,0.000000
E3,sport_coverage,7,75,0.612243,7.99895,88.8512,5.84,0.118514,0.011201,1,0.142857
E3,sport_diversity,3,75,0.609677,5.00402,31.3774,0.00,0.186823,0.031533,0,0.000000
E3,sport_diversity,4,75,0.576132,5.00402,33.436,0.00,0.185356,0.029574,0,0.000000
E3,sport_diversity,5,75,0.517438,340.695,33.436,0.00,0.002932,0.029552,0,0.000000
E3,sport_diversity,6,75,0.586903,340.695,33.436,0.00,0.002932,0.029538,0,0.000000
E3,sport_diversity,7,75,0.634250,340.695,33.436,1.30,0.002931,0.029527,0,0.000000
E3,sport_facility,3,75,0.680024,2.51489,70.1918,0.00,0.347257,0.014179,0,0.000000
E3,sport_facility,4,75,0.612591,5.72297,78.0258,0.00,0.163615,0.012755,0,0.000000
E3,sport_facility,5,75,0.636613,5.72297,78.0258,0.87,0.162941,0.012751,0,0.000000
E3,sport_facility,6,75,0.601371,7.37706,78.0258,2.96,0.128126,0.012748,0,0.000000
E3,sport_facility,7,75,0.579499,7.37706,78.0258,4.55,0.127930,0.012746,0,0.000000
E3,sport_coverage,3,76,0.552657,3.47737,21.7723,10.00,0.260889,0.045230,0,0.000000
E3,sport_coverage,4,76,0.585859,3.47737,21.7723,18.42,0.258022,0.045145,0,0.000000
E3,sport_coverage,5,76,0.543751,3.47737,27.0173,26.67,0.256343,0.036469,1,0.200000
E3,sport_coverage,6,76,0.555077,3.47737,27.0173,31.37,0.255241,0.036447,2,0.333333
E3,sport_coverage,7,76,0.666140,3.47737,27.0173,33.93,0.254461,0.036431,2,0.285714
E3,sport_diversity,3,76,0.552657,2.24079,16.4926,16.67,0.383178,0.059416,1,0.333333
E3,sport_diversity,4,76,0.454545,2.24079,16.4926,23.68,0.376987,0.059269,2,0.500000
E3,sport_diversity,5,76,0.465916,128.421,16.4926,26.67,0.007763,0.059180,2,0.400000
E3,sport_diversity,6,76,0.575226,128.421,16.4926,29.41,0.007762,0.059122,2,0.333333
E3,sport_diversity,7,76,0.622400,128.421,16.4926,32.14,0.007761,0.059080,3,0.428571
E3,sport_facility,3,76,0.527536,2.24079,26.4715,16.67,0.383178,0.037303,1,0.333333
E3,sport_facility,4,76,0.425287,2.24079,26.4715,21.05,0.376987,0.037245,2,0.500000
E3,sport_facility,5,76,0.554119,2.24079,26.4715,17.78,0.373407,0.037210,2,0.400000
E3,sport_facility,6,76,0.590547,2.24079,26.4715,23.53,0.371073,0.037187,3,0.500000
E3,sport_facility,7,76,0.592678,2.24079,26.4715,26.79,0.369431,0.037170,4,0.571429
E3,sport_coverage,3,77,0.492754,1,41.9231,33.33,0.703704,0.023664,2,0.666667
E3,sport_coverage,4,77,0.506512,1,41.9231,36.36,0.683594,0.023641,3,0.750000
E3,sport_coverage,5,77,0.698773,1,41.9231,36.00,0.672320,0.023627,3,0.600000
E3,sport_diversity,3,77,0.480000,4.16173,19.6873,11.11,0.221553,0.049939,0,0.000000
E3,sport_diversity,4,77,0.706712,4.16173,19.6873,18.18,0.219488,0.049835,0,0.000000
E3,sport_diversity,5,77,0.886905,4.16173,19.6873,24.00,0.218274,0.049773,0,0.000000
E3,sport_facility,3,77,0.672131,3.82418,6.17369,22.22,0.239363,0.153389,0,0.000000
E3,sport_facility,4,77,0.608957,3.82418,6.17369,31.82,0.236951,0.152402,1,0.250000
E3,sport_facility,5,77,0.609407,3.82418,6.17369,36.00,0.235536,0.151817,2,0.400000
E3,sport_coverage,3,78,0.823529,1,2.81149,42.86,0.703704,0.315180,1,0.333333
E3,sport_coverage,4,78,0.775451,1,2.81149,50.00,0.683594,0.310992,2,0.500000
E3,sport_coverage,5,78,0.791646,1,2.81149,53.33,0.672320,0.308553,3,0.600000
E3,sport_coverage,6,78,0.820144,1,2.81149,54.55,0.665102,0.306956,4,0.666667
E3,sport_diversity,3,78,0.637363,1,13.9852,42.86,0.703704,0.069813,2,0.666667
E3,sport_diversity,4,78,0.637363,1,13.9852,46.15,0.683594,0.069610,3,0.750000
E3,sport_diversity,5,78,0.768746,1.68092,13.9852,46.67,0.469209,0.069488,3,0.600000
E3,sport_diversity,6,78,0.798115,1.68092,13.9852,48.48,0.465547,0.069407,4,0.666667
E3,sport_facility,3,78,0.632184,1,14.6522,42.86,0.703704,0.066708,2,0.666667
E3,sport_facility,4,78,0.797441,1,14.6522,46.15,0.683594,0.066522,2,0.500000
E3,sport_facility,5,78,0.802296,1,14.6522,50.00,0.672320,0.066411,3,0.600000
E3,sport_facility,6,78,0.820144,1,14.6522,51.52,0.665102,0.066337,4,0.666667
E3,sport_coverage,3,79,0.754324,5.84293,74.1246,9.09,0.161569,0.013430,0,0.000000
E3,sport_coverage,4,79,0.843451,5.84293,74.1246,19.05,0.160473,0.013423,0,0.000000
E3,sport_coverage,5,79,0.722433,5.84293,74.1246,26.00,0.159825,0.013418,1,0.200000
E3,sport_coverage,6,79,0.815625,5.84293,74.1246,29.82,0.159397,0.013415,1,0.166667
E3,sport_coverage,7,79,0.794262,5.84293,74.1246,33.33,0.159093,0.013413,2,0.285714
E3,sport_diversity,3,79,0.738868,117.131,48.9432,12.12,0.008513,0.020293,0,0.000000
E3,sport_diversity,4,79,0.621044,117.131,48.9432,21.43,0.008510,0.020276,1,0.250000
E3,sport_diversity,5,79,0.576271,117.131,48.9432,24.00,0.008508,0.020266,1,0.200000
E3,sport_diversity,6,79,0.569974,117.131,48.9432,28.07,0.008507,0.020259,2,0.333333
E3,sport_diversity,7,79,0.671875,117.131,48.9432,30.16,0.008506,0.020254,2,0.285714
E3,sport_facility,3,79,0.738868,1.224,42.959,24.24,0.614698,0.023098,1,0.333333
E3,sport_facility,4,79,0.638788,1.224,42.959,30.95,0.599032,0.023076,2,0.500000
E3,sport_facility,5,79,0.715517,1.31725,42.959,32.00,0.561054,0.023062,2,0.400000
E3,sport_facility,6,79,0.684936,1.31725,42.959,36.84,0.555881,0.023053,3,0.500000
E3,sport_facility,7,79,0.700284,1.31725,42.959,39.68,0.552269,0.023047,4,0.571429
E3,sport_coverage,3,80,0.613292,8.80842,37.7877,23.33,0.109286,0.026231,1,0.333333
E3,sport_coverage,4,80,0.570587,8.80842,37.7877,28.95,0.108785,0.026202,2,0.500000
E3,sport_coverage,5,80,0.681101,8.80842,37.7877,31.11,0.108488,0.026185,2,0.400000
E3,sport_coverage,6,80,0.664794,8.80842,37.7877,35.29,0.108291,0.026174,3,0.500000
E3,sport_coverage,7,80,0.759013,8.80842,37.7877,37.50,0.108151,0.026165,3,0.428571
E3,sport_diversity,3,80,0.858021,14.6282,22.7339,30.00,0.066815,0.043345,0,0.000000
E3,sport_diversity,4,80,0.705939,14.6282,22.7339,39.47,0.066629,0.043267,1,0.250000
E3,sport_diversity,5,80,0.773329,14.6282,22.7339,44.44,0.066517,0.043220,1,0.200000
E3,sport_diversity,6,80,0.807746,14.6282,22.7339,49.02,0.066443,0.043189,2,0.333333
E3,sport_diversity,7,80,0.782245,14.6282,22.7339,51.79,0.066391,0.043167,3,0.428571
E3,sport_facility,3,80,0.691418,11.0288,41.6486,20.00,0.087958,0.023819,0,0.000000
E3,sport_facility,4,80,0.647356,36.9792,41.6486,26.32,0.026769,0.023795,0,0.000000
E3,sport_facility,5,80,0.742306,36.9792,41.6486,31.11,0.026751,0.023781,0,0.000000
E3,sport_facility,6,80,0.720797,36.9792,41.6486,35.29,0.026739,0.023771,1,0.166667
E3,sport_facility,7,80,0.826424,36.9792,41.6486,37.50,0.026731,0.023765,1,0.142857
E3,sport_coverage,3,81,0.705383,3.09161,11.4634,0.00,0.289835,0.084722,0,0.000000
E3,sport_coverage,4,81,0.606210,3.09161,15.6198,3.45,0.286294,0.062500,1,0.250000
E3,sport_coverage,5,81,0.642255,3.09161,20.1154,4.29,0.284227,0.048734,1,0.200000
E3,sport_coverage,6,81,0.619566,8.80567,20.1154,7.41,0.108323,0.048695,1,0.166667
E3,sport_coverage,7,81,0.613978,8.80567,20.1154,11.11,0.108183,0.048666,2,0.285714
E3,sport_diversity,3,81,0.502137,64.8165,28.3236,0.00,0.015349,0.034892,0,0.000000
E3,sport_diversity,4,81,0.626855,64.8165,28.3236,0.00,0.015339,0.034842,0,0.000000
E3,sport_diversity,5,81,0.758769,64.8165,28.3236,1.43,0.015333,0.034811,0,0.000000
E3,sport_diversity,6,81,0.786719,64.8165,28.3236,6.17,0.015329,0.034791,0,0.000000
E3,sport_diversity,7,81,0.850646,64.8165,28.3236,13.19,0.015327,0.034776,0,0.000000
E3,sport_facility,3,81,0.700656,263.947,54.0831,2.22,0.003784,0.018376,0,0.000000
E3,sport_facility,4,81,0.614216,263.947,54.0831,3.45,0.003783,0.018362,0,0.000000
E3,sport_facility,5,81,0.570710,263.947,54.0831,4.29,0.003783,0.018354,0,0.000000
E3,sport_facility,6,81,0.649263,263.947,54.0831,4.94,0.003783,0.018348,0,0.000000
E3,sport_facility,7,81,0.635738,263.947,54.0831,6.59,0.003782,0.018344,1,0.142857
E3,sport_coverage,3,82,0.838215,1.86862,7.01812,0.00,0.445367,0.135828,0,0.000000
E3,sport_coverage,4,82,0.909542,1.86862,13.4437,0.00,0.437016,0.072335,0,0.000000
E3,sport_coverage,5,82,0.803881,1.86862,17.3825,2.22,0.432217,0.056221,1,0.200000
E3,sport_coverage,6,82,0.740830,41.0824,20.7621,2.86,0.024096,0.047208,1,0.166667
E3,sport_coverage,7,82,0.732913,41.0824,22.5884,6.72,0.024089,0.043439,1,0.142857
E3,sport_diversity,3,82,0.838215,1.66334,25.9696,0.00,0.488767,0.038014,0,0.000000
E3,sport_diversity,4,82,0.724300,14.6558,37.3358,0.00,0.066506,0.026516,0,0.000000
E3,sport_diversity,5,82,0.759521,14.6558,37.3358,0.00,0.066396,0.026499,0,0.000000
E3,sport_diversity,6,82,0.835673,14.6558,37.3358,0.95,0.066322,0.026487,0,0.000000
E3,sport_diversity,7,82,0.788034,14.6558,37.3358,5.88,0.066269,0.026478,1,0.142857
E3,sport_facility,3,82,0.723985,2.2176,30.9964,0.00,0.386552,0.031916,0,0.000000
E3,sport_facility,4,82,0.630167,13.3363,30.9964,0.00,0.072901,0.031874,0,0.000000
E3,sport_facility,5,82,0.583727,13.3363,30.9964,0.00,0.072768,0.031848,0,0.000000
E3,sport_facility,6,82,0.666317,13.3363,30.9964,0.95,0.072680,0.031831,0,0.000000
E3,sport_facility,7,82,0.702164,13.3363,35.904,3.36,0.072616,0.027522,0,0.000000
E3,sport_coverage,3,83,0.634146,2.20952,4.96106,13.33,0.387742,0.188330,0,0.000000
E3,sport_coverage,4,83,0.751381,2.20952,4.96106,22.22,0.381404,0.186839,0,0.000000
E3,sport_diversity,3,83,0.823529,47.2124,100.136,26.67,0.021032,0.009953,0,0.000000
E3,sport_diversity,4,83,0.640000,47.2124,100.136,33.33,0.021013,0.009949,1,0.250000
E3,sport_facility,3,83,0.552381,47.2124,54.8184,26.67,0.021032,0.018131,1,0.333333
E3,sport_facility,4,83,0.788903,47.2124,54.8184,27.78,0.021013,0.018118,1,0.250000
E3,sport_coverage,3,84,0.904782,1.364,19.7675,33.33,0.568569,0.049740,0,0.000000
E3,sport_coverage,4,84,0.889496,1.364,19.7675,44.44,0.555079,0.049636,1,0.250000
E3,sport_diversity,3,84,0.707339,5.37634,36.7022,13.33,0.174706,0.027000,0,0.000000
E3,sport_diversity,4,84,0.696466,5.37634,36.7022,22.22,0.173424,0.026969,1,0.250000
E3,sport_facility,3,84,0.715564,5.37634,27.6478,13.33,0.174706,0.035735,0,0.000000
E3,sport_facility,4,84,0.704077,5.37634,27.6478,22.22,0.173424,0.035682,1,0.250000
E3,sport_coverage,3,85,0.727273,1,10.1149,38.10,0.703704,0.095642,1,0.333333
E3,sport_coverage,4,85,0.699894,1,10.1149,46.15,0.683594,0.095259,2,0.500000
E3,sport_coverage,5,85,0.825137,1,10.1149,50.00,0.672320,0.095031,2,0.400000
E3,sport_coverage,6,85,0.837563,1,10.1149,54.55,0.665102,0.094880,3,0.500000
E3,sport_diversity,3,85,0.440367,16.7103,25.9976,23.81,0.058657,0.037974,1,0.333333
E3,sport_diversity,4,85,0.757488,16.7103,26.8238,26.92,0.058514,0.036762,1,0.250000
E3,sport_diversity,5,85,0.949686,16.7103,26.8238,33.33,0.058428,0.036728,1,0.200000
E3,sport_diversity,6,85,0.916667,16.7103,26.8238,39.39,0.058371,0.036706,2,0.333333
E3,sport_facility,3,85,0.475248,5.95534,18.2364,23.81,0.158693,0.053839,1,0.333333
E3,sport_facility,4,85,0.417391,5.95534,18.2364,30.77,0.157636,0.053718,2,0.500000
E3,sport_facility,5,85,0.440830,80.2282,18.2364,30.00,0.012402,0.053646,2,0.400000
E3,sport_facility,6,85,0.463315,80.2282,18.2364,30.30,0.012400,0.053598,3,0.500000
E3,sport_coverage,3,86,0.782123,6.02725,49.879,10.00,0.156907,0.019915,0,0.000000
E3,sport_coverage,4,86,0.833216,6.02725,49.879,18.42,0.155873,0.019898,0,0.000000
E3,sport_coverage,5,86,0.742009,6.02725,75.5661,24.44,0.155262,0.013164,1,0.200000
E3,sport_coverage,6,86,0.737153,6.02725,75.5661,29.41,0.154858,0.013161,2,0.333333
E3,sport_coverage,7,86,0.817004,6.02725,75.5661,32.14,0.154571,0.013159,2,0.285714
E3,sport_diversity,3,86,0.931953,2.38815,51.7362,13.33,0.363008,0.019205,0,0.000000
E3,sport_diversity,4,86,0.810280,2.38815,51.7362,26.32,0.357451,0.019189,1,0.250000
E3,sport_diversity,5,86,0.699418,2.38815,51.7362,33.33,0.354231,0.019180,2,0.400000
E3,sport_diversity,6,86,0.703876,2.38815,51.7362,37.25,0.352129,0.019174,3,0.500000
E3,sport_diversity,7,86,0.788431,2.38815,51.7362,39.29,0.350649,0.019169,3,0.428571
E3,sport_facility,3,86,0.410448,8.90151,39.235,0.00,0.108186,0.025271,0,0.000000
E3,sport_facility,4,86,0.419825,8.90151,40.7242,0.00,0.107696,0.024330,0,0.000000
E3,sport_facility,5,86,0.398904,47.5239,40.7242,0.00,0.020866,0.024315,0,0.000000
E3,sport_facility,6,86,0.504398,47.5239,40.7242,1.96,0.020858,0.024306,0,0.000000
E3,sport_facility,7,86,0.639241,47.5239,40.7242,5.36,0.020853,0.024299,0,0.000000
E3,sport_coverage,3,87,0.792120,1.51163,27.0352,20.83,0.526383,0.036535,1,0.333333
E3,sport_coverage,4,87,0.681931,1.51163,27.0352,30.00,0.514772,0.036479,2,0.500000
E3,sport_coverage,5,87,0.798701,1.51163,27.0352,31.43,0.508154,0.036446,2,0.400000
E3,sport_coverage,6,87,0.815975,1.51163,27.0352,35.90,0.503877,0.036423,3,0.500000
E3,sport_coverage,7,87,0.823048,1.51163,27.0352,38.10,0.500885,0.036408,4,0.571429
E3,sport_diversity,3,87,0.600527,2.37574,55.8217,8.33,0.364625,0.017807,1,0.333333
E3,sport_diversity,4,87,0.529255,2.37574,55.8217,13.33,0.359019,0.017794,2,0.500000
E3,sport_diversity,5,87,0.528351,2.37574,55.8217,17.14,0.355771,0.017786,3,0.600000
E3,sport_diversity,6,87,0.818836,2.37574,55.8217,17.95,0.353651,0.017781,3,0.500000
E3,sport_diversity,7,87,0.972000,2.37574,55.8217,21.43,0.352158,0.017777,3,0.428571
E3,sport_facility,3,87,0.634082,57.103,46.0683,8.33,0.017410,0.021550,0,0.000000
E3,sport_facility,4,87,0.641091,57.103,46.0683,13.33,0.017398,0.021531,0,0.000000
E3,sport_facility,5,87,0.633393,57.103,46.0683,20.00,0.017390,0.021519,1,0.200000
E3,sport_facility,6,87,0.625344,57.103,46.0683,23.08,0.017385,0.021512,2,0.333333
E3,sport_facility,7,87,0.761233,57.103,46.0683,23.81,0.017381,0.021506,2,0.285714
E3,sport_coverage,3,88,0.877990,1.68527,20.9812,0.00,0.483750,0.046909,0,0.000000
E3,sport_coverage,4,88,0.895669,1.68527,30.5097,7.32,0.473915,0.032376,0,0.000000
E3,sport_coverage,5,88,0.900826,1.68527,30.5097,15.00,0.468285,0.032349,0,0.000000
E3,sport_coverage,6,88,0.818264,1.68527,36.2793,21.37,0.464637,0.027249,1,0.166667
E3,sport_coverage,7,88,0.751554,1.68527,56.8883,25.56,0.462080,0.017446,2,0.285714
E3,sport_diversity,3,88,0.647435,5.92131,81.948,0.00,0.159553,0.012153,0,0.000000
E3,sport_diversity,4,88,0.715195,5.92131,81.948,1.22,0.158484,0.012147,0,0.000000
E3,sport_diversity,5,88,0.794434,5.92131,81.948,4.00,0.157852,0.012143,0,0.000000
E3,sport_diversity,6,88,0.732588,5.92131,81.948,9.40,0.157434,0.012141,1,0.166667
E3,sport_diversity,7,88,0.762056,5.92131,81.948,14.29,0.157138,0.012139,1,0.142857
E3,sport_facility,3,88,0.653883,5.20495,39.5058,0.00,0.180083,0.025100,0,0.000000
E3,sport_facility,4,88,0.577923,43.2778,39.5058,0.00,0.022907,0.025073,0,0.000000
E3,sport_facility,5,88,0.638804,43.2778,39.5058,1.00,0.022894,0.025058,0,0.000000
E3,sport_facility,6,88,0.675542,43.2778,39.5058,2.56,0.022885,0.025047,0,0.000000
E3,sport_facility,7,88,0.642724,43.2778,39.5058,6.77,0.022879,0.025040,1,0.142857
E3,sport_coverage,3,89,0.980819,1.1088,27.4543,4.44,0.657917,0.035984,0,0.000000
E3,sport_coverage,4,89,1.000000,1.1088,27.4543,12.07,0.640121,0.035930,0,0.000000
E3,sport_coverage,5,89,0.900298,1.1088,27.4543,21.43,0.630106,0.035897,1,0.200000
E3,sport_coverage,6,89,0.791444,1.1088,27.4543,27.16,0.623681,0.035876,2,0.333333
E3,sport_coverage,7,89,0.747966,1.1088,27.4543,29.67,0.619207,0.035860,3,0.428571
E3,sport_diversity,3,89,0.531995,17.1636,42.7533,0.00,0.057139,0.023208,0,0.000000
E3,sport_diversity,4,89,0.697442,17.1636,42.7533,0.00,0.057002,0.023186,0,0.000000
E3,sport_diversity,5,89,0.657371,22.5716,42.7533,5.71,0.043525,0.023172,0,0.000000
E3,sport_diversity,6,89,0.632646,22.5716,42.7533,9.88,0.043494,0.023163,0,0.000000
E3,sport_diversity,7,89,0.580091,22.5716,42.7533,13.19,0.043471,0.023157,1,0.142857
E3,sport_facility,3,89,0.535767,14.6508,32.5469,0.00,0.066715,0.030411,0,0.000000
E3,sport_facility,4,89,0.474810,497.267,32.5469,0.00,0.002009,0.030373,0,0.000000
E3,sport_facility,5,89,0.490357,497.267,32.5469,0.00,0.002009,0.030350,0,0.000000
E3,sport_facility,6,89,0.603665,497.267,32.5469,0.00,0.002009,0.030334,0,0.000000
E3,sport_facility,7,89,0.581182,497.267,32.5469,2.20,0.002009,0.030323,1,0.142857
E3,sport_coverage,3,90,0.674198,1.23976,12.711,7.84,0.609171,0.076627,1,0.333333
E3,sport_coverage,4,90,0.560702,1.23976,13.8045,12.12,0.593772,0.070496,2,0.500000
E3,sport_coverage,5,90,0.493339,1.23976,13.8045,13.75,0.585066,0.070371,3,0.600000
E3,sport_coverage,6,90,0.516168,1.44143,13.8045,13.98,0.521572,0.070289,3,0.500000
E3,sport_coverage,7,90,0.562279,1.44143,13.8045,16.19,0.518374,0.070230,3,0.428571
E3,sport_diversity,3,90,0.478639,7.34297,43.4598,0.00,0.130096,0.022834,0,0.000000
E3,sport_diversity,4,90,0.510591,7.34297,43.4598,0.00,0.129386,0.022812,0,0.000000
E3,sport_diversity,5,90,0.558319,7.34297,43.4598,6.25,0.128965,0.022799,0,0.000000
E3,sport_diversity,6,90,0.502886,7.34297,43.4598,12.90,0.128687,0.022790,1,0.166667
E3,sport_diversity,7,90,0.472262,7.34297,43.4598,17.14,0.128489,0.022784,2,0.285714
E3,sport_facility,3,90,0.478639,7.34297,23.3609,0.00,0.130096,0.042199,0,0.000000
E3,sport_facility,4,90,0.410400,48.1509,30.8501,0.00,0.020607,0.032023,0,0.000000
E3,sport_facility,5,90,0.386867,48.1509,33.4311,0.00,0.020596,0.029557,0,0.000000
E3,sport_facility,6,90,0.373092,48.1509,33.4311,1.08,0.020589,0.029542,0,0.000000
E3,sport_facility,7,90,0.462274,48.1509,33.4311,2.86,0.020584,0.029532,0,0.000000
E3,sport_coverage,3,91,0.790310,1,25.4502,17.95,0.703704,0.038780,1,0.333333
E3,sport_coverage,4,91,0.659284,1,25.4502,24.00,0.683594,0.038717,2,0.500000
E3,sport_coverage,5,91,0.616171,18.7433,34.6921,26.67,0.052226,0.028495,2,0.400000
E3,sport_coverage,6,91,0.545455,18.7433,34.6921,28.99,0.052180,0.028481,3,0.500000
E3,sport_coverage,7,91,0.520755,18.7433,34.6921,29.87,0.052148,0.028471,4,0.571429
E3,sport_diversity,3,91,0.546662,33.8025,74.8327,10.26,0.029293,0.013304,0,0.000000
E3,sport_diversity,4,91,0.592081,33.8025,74.8327,12.00,0.029257,0.013296,0,0.000000
E3,sport_diversity,5,91,0.683036,33.8025,74.8327,15.00,0.029236,0.013292,0,0.000000
E3,sport_diversity,6,91,0.603636,33.8025,74.8327,20.29,0.029221,0.013289,1,0.166667
E3,sport_diversity,7,91,0.603729,33.8025,74.8327,23.38,0.029211,0.013287,2,0.285714
E3,sport_facility,3,91,0.763368,1.11295,41.4075,15.38,0.656269,0.023956,1,0.333333
E3,sport_facility,4,91,0.642683,1.11295,41.4075,20.00,0.638555,0.023932,2,0.500000
E3,sport_facility,5,91,0.562257,1.11295,41.4075,23.33,0.628586,0.023918,3,0.600000
E3,sport_facility,6,91,0.630824,1.11295,41.4075,24.64,0.622189,0.023909,3,0.500000
E3,sport_facility,7,91,0.602502,1.11295,41.4075,27.27,0.617734,0.023902,4,0.571429
E3,sport_coverage,3,92,0.970628,1.1661,40.2045,16.67,0.635780,0.024667,0,0.000000
E3,sport_coverage,4,92,0.795435,1.1661,40.2045,28.95,0.619084,0.024642,1,0.250000
E3,sport_coverage,5,92,0.673913,1.1661,40.2045,33.33,0.609669,0.024627,2,0.400000
E3,sport_coverage,6,92,0.771852,1.1661,40.2045,35.29,0.603622,0.024616,2,0.333333
E3,sport_coverage,7,92,0.849057,1.1661,40.2045,39.29,0.599409,0.024609,2,0.285714
E3,sport_diversity,3,92,0.721053,1.17356,33.5331,3.33,0.632992,0.029526,1,0.333333
E3,sport_diversity,4,92,0.799382,1.37042,33.5331,10.53,0.553206,0.029489,1,0.250000
E3,sport_diversity,5,92,0.707317,1.37042,33.5331,17.78,0.545599,0.029468,2,0.400000
E3,sport_diversity,6,92,0.722444,42.3808,33.5331,21.57,0.023365,0.029453,2,0.333333
E3,sport_diversity,7,92,0.679119,42.3808,33.5331,25.00,0.023358,0.029443,3,0.428571
E3,sport_facility,3,92,0.469172,7.72656,58.1786,10.00,0.123920,0.017090,1,0.333333
E3,sport_facility,4,92,0.448492,7.93007,58.1786,10.53,0.120264,0.017078,1,0.250000
E3,sport_facility,5,92,0.535433,7.93007,58.9322,11.11,0.119900,0.016854,1,0.200000
E3,sport_facility,6,92,0.549969,41.3578,58.9322,11.76,0.023937,0.016849,1,0.166667
E3,sport_facility,7,92,0.734394,41.3578,58.9322,14.29,0.023930,0.016846,1,0.142857
E3,sport_coverage,3,93,0.738575,2.19364,5.83217,0.00,0.390102,0.161850,0,0.000000
E3,sport_coverage,4,93,0.769408,2.19364,5.83217,0.00,0.383686,0.160750,0,0.000000
E3,sport_coverage,5,93,0.755105,2.19364,5.83217,0.59,0.379978,0.160100,0,0.000000
E3,sport_coverage,6,93,0.802454,2.19364,8.50424,2.49,0.377562,0.111976,0,0.000000
E3,sport_coverage,7,93,0.765048,6.55575,10.2089,3.93,0.142920,0.093936,0,0.000000
E3,sport_diversity,3,93,0.878250,1.48988,31.4592,0.00,0.532227,0.031452,0,0.000000
E3,sport_diversity,4,93,0.775956,5.46962,38.9269,0.00,0.170671,0.025443,0,0.000000
E3,sport_diversity,5,93,0.699562,10.5546,42.1,0.00,0.091222,0.023528,0,0.000000
E3,sport_diversity,6,93,0.682463,10.5546,43.7163,0.00,0.091083,0.022658,0,0.000000
E3,sport_diversity,7,93,0.646564,16.7545,47.3318,0.00,0.058180,0.020937,0,0.000000
E3,sport_facility,3,93,0.774871,4.29332,24.4059,0.00,0.215304,0.040417,0,0.000000
E3,sport_facility,4,93,0.770865,4.29332,27.5901,0.00,0.213354,0.035755,0,0.000000
E3,sport_facility,5,93,0.694433,11.5492,27.5901,0.00,0.083639,0.035723,0,0.000000
E3,sport_facility,6,93,0.647461,16.0566,27.5901,0.00,0.060686,0.035702,0,0.000000
E3,sport_facility,7,93,0.671717,16.0566,27.5901,0.00,0.060642,0.035687,0,0.000000
E3,sport_coverage,3,94,0.827245,1,4.58614,30.30,0.703704,0.202584,1,0.333333
E3,sport_coverage,4,94,0.689904,1,4.58614,35.71,0.683594,0.200858,2,0.500000
E3,sport_coverage,5,94,0.699615,1.29388,5.79744,38.00,0.568106,0.160992,2,0.400000
E3,sport_coverage,6,94,0.678198,1.29388,5.79744,40.35,0.562809,0.160558,3,0.500000
E3,sport_coverage,7,94,0.779670,1.29388,5.79744,41.27,0.559112,0.160250,3,0.428571
E3,sport_diversity,3,94,0.760563,1.59724,18.1456,33.33,0.504511,0.054104,1,0.333333
E3,sport_diversity,4,94,0.857529,1.59724,18.1456,38.10,0.493827,0.053981,1,0.250000
E3,sport_diversity,5,94,0.755102,1.59724,18.1456,44.00,0.487724,0.053908,2,0.400000
E3,sport_diversity,6,94,0.755102,1.59724,18.1456,47.37,0.483775,0.053860,3,0.500000
E3,sport_diversity,7,94,0.731195,1.59724,18.1456,49.21,0.481009,0.053825,4,0.571429
E3,sport_facility,3,94,0.760563,1.8017,9.96686,30.30,0.458678,0.097014,1,0.333333
E3,sport_facility,4,94,0.651838,1.8017,10.8164,35.71,0.449825,0.089296,2,0.500000
E3,sport_facility,5,94,0.683090,2.00292,10.8164,38.00,0.409032,0.089096,2,0.400000
E3,sport_facility,6,94,0.682177,2.00292,10.8164,40.35,0.406236,0.088963,3,0.500000
E3,sport_facility,7,94,0.798864,2.00292,10.8164,41.27,0.404272,0.088868,3,0.428571
E3,sport_coverage,3,95,0.711660,2.4203,5.48456,7.41,0.358880,0.171473,0,0.000000
E3,sport_coverage,4,95,0.691754,2.4203,10.0332,9.43,0.353450,0.096005,0,0.000000
E3,sport_coverage,5,95,0.744021,2.4203,10.0332,11.54,0.350301,0.095774,0,0.000000
E3,sport_coverage,6,95,0.765649,2.4203,14.436,15.69,0.348245,0.067302,0,0.000000
E3,sport_coverage,7,95,0.706856,2.4203,14.436,19.43,0.346797,0.067248,1,0.142857
E3,sport_diversity,3,95,0.639493,6.53142,34.6574,7.41,0.145425,0.028577,0,0.000000
E3,sport_diversity,4,95,0.529904,3961.29,34.6574,8.49,0.000252,0.028543,0,0.000000
E3,sport_diversity,5,95,0.459382,3961.29,34.6574,9.23,0.000252,0.028523,1,0.200000
E3,sport_diversity,6,95,0.415709,3961.29,34.6574,9.15,0.000252,0.028509,2,0.333333
E3,sport_diversity,7,95,0.551170,3961.29,34.6574,8.57,0.000252,0.028500,2,0.285714
E3,sport_facility,3,95,0.582458,1.87223,54.3937,7.41,0.444670,0.018272,1,0.333333
E3,sport_facility,4,95,0.681615,1.87223,54.3937,7.55,0.436345,0.018258,1,0.250000
E3,sport_facility,5,95,0.594891,1.87223,54.3937,8.46,0.431560,0.018250,2,0.400000
E3,sport_facility,6,95,0.600168,2.92022,54.3937,8.50,0.297142,0.018244,2,0.333333
E3,sport_facility,7,95,0.556938,2.92022,54.3937,8.57,0.296086,0.018240,3,0.428571
E3,sport_coverage,3,96,0.928354,1.30069,16.2206,20.00,0.588624,0.060392,0,0.000000
E3,sport_coverage,4,96,1.000000,1.30069,16.2206,34.21,0.574202,0.060239,0,0.000000
E3,sport_coverage,5,96,0.937500,1.30069,16.2206,44.44,0.566033,0.060148,1,0.200000
E3,sport_coverage,6,96,0.903030,1.30069,16.2206,50.98,0.560772,0.060088,2,0.333333
E3,sport_coverage,7,96,0.893983,1.30069,16.2206,55.36,0.557101,0.060045,3,0.428571
E3,sport_diversity,3,96,0.618362,10.8036,47.049,6.67,0.089735,0.021104,0,0.000000
E3,sport_diversity,4,96,0.715144,10.8036,47.049,13.16,0.089398,0.021086,0,0.000000
E3,sport_diversity,5,96,0.694304,10.8036,47.049,20.00,0.089198,0.021075,1,0.200000
E3,sport_diversity,6,96,0.681976,10.8036,47.049,23.53,0.089065,0.021067,2,0.333333
E3,sport_diversity,7,96,0.784830,10.8036,47.049,25.00,0.088970,0.021062,2,0.285714
E3,sport_facility,3,96,0.587390,61.2404,54.3326,6.67,0.016240,0.018292,0,0.000000
E3,sport_facility,4,96,0.594660,61.2404,54.3326,7.89,0.016229,0.018279,0,0.000000
E3,sport_facility,5,96,0.607244,113.912,54.3326,11.11,0.008748,0.018270,0,0.000000
E3,sport_facility,6,96,0.747650,113.912,54.3326,13.73,0.008747,0.018265,0,0.000000
E3,sport_facility,7,96,0.952285,113.912,54.3326,17.86,0.008746,0.018261,0,0.000000
E3,sport_coverage,3,97,0.995015,1.03429,29.2136,3.92,0.688722,0.033842,0,0.000000
E3,sport_coverage,4,97,0.874840,1.03429,29.2136,12.12,0.669372,0.033794,1,0.250000
E3,sport_coverage,5,97,0.881597,1.56728,38.4255,15.19,0.494695,0.025755,1,0.200000
E3,sport_coverage,6,97,0.891604,1.56728,38.4255,19.78,0.490635,0.025744,1,0.166667
E3,sport_coverage,7,97,0.842727,1.56728,38.4255,26.21,0.487793,0.025736,2,0.285714
E3,sport_diversity,3,97,0.729424,7.43438,34.9833,0.00,0.128569,0.028314,0,0.000000
E3,sport_diversity,4,97,0.658065,24.6083,48.2319,0.00,0.040022,0.020573,0,0.000000
E3,sport_diversity,5,97,0.792662,24.6083,48.2319,0.00,0.039982,0.020562,0,0.000000
E3,sport_diversity,6,97,0.847073,24.6083,48.2319,7.53,0.039955,0.020555,0,0.000000
E3,sport_diversity,7,97,0.805638,24.6083,48.2319,14.29,0.039936,0.020550,1,0.142857
E3,sport_facility,3,97,0.622421,16.0779,22.5201,0.00,0.060916,0.043751,0,0.000000
E3,sport_facility,4,97,0.781109,16.0779,23.6482,0.00,0.060761,0.041621,0,0.000000
E3,sport_facility,5,97,0.730228,16.0779,27.2224,3.75,0.060669,0.036199,1,0.200000
E3,sport_facility,6,97,0.791114,16.0779,27.2224,5.38,0.060607,0.036177,1,0.166667
E3,sport_facility,7,97,0.759495,16.0779,27.2224,9.52,0.060563,0.036161,2,0.285714
E3,sport_coverage,3,98,0.723543,1.49511,15.1415,30.00,0.530810,0.064600,1,0.333333
E3,sport_coverage,4,98,0.780872,1.49511,15.1415,34.21,0.519007,0.064426,1,0.250000
E3,sport_coverage,5,98,0.714867,1.49511,15.1415,40.00,0.512283,0.064322,2,0.400000
E3,sport_coverage,6,98,0.689696,1.49511,15.1695,41.18,0.507938,0.064137,3,0.500000
E3,sport_coverage,7,98,0.717989,29.011,15.1695,41.07,0.033965,0.064088,3,0.428571
E3,sport_diversity,3,98,0.828509,6.76677,20.6162,30.00,0.140621,0.047725,0,0.000000
E3,sport_diversity,4,98,0.799519,6.76677,20.6162,36.84,0.139791,0.047630,0,0.000000
E3,sport_diversity,5,98,0.723778,6.76677,20.6162,42.22,0.139300,0.047573,1,0.200000
E3,sport_diversity,6,98,0.792769,6.76677,20.6162,45.10,0.138975,0.047536,1,0.166667
E3,sport_diversity,7,98,0.920000,6.76677,20.6162,48.21,0.138744,0.047509,1,0.142857
E3,sport_facility,3,98,0.866496,1,25.0347,33.33,0.703704,0.039415,1,0.333333
E3,sport_facility,4,98,0.888797,1.23,25.0347,39.47,0.597020,0.039350,1,0.250000
E3,sport_facility,5,98,0.804904,1.23,25.0347,44.44,0.588224,0.039311,2,0.400000
E3,sport_facility,6,98,0.742857,1.23,25.0347,47.06,0.582568,0.039286,3,0.500000
E3,sport_facility,7,98,0.742857,1.23,25.0347,48.21,0.578623,0.039267,4,0.571429
E3,sport_coverage,3,99,0.651623,7.06996,27.1102,11.11,0.134880,0.036435,1,0.333333
E3,sport_coverage,4,99,0.590937,29.0351,27.1102,15.22,0.033999,0.036379,1,0.250000
E3,sport_coverage,5,99,0.575107,29.0351,27.1102,18.18,0.033970,0.036346,1,0.200000
E3,sport_coverage,6,99,0.563119,29.0351,27.1102,20.63,0.033951,0.036324,2,0.333333
E3,sport_coverage,7,99,0.644419,29.0351,27.1102,21.43,0.033937,0.036308,2,0.285714
E3,sport_diversity,3,99,0.563209,13.6017,37.8855,5.56,0.071733,0.026164,0,0.000000
E3,sport_diversity,4,99,0.509969,98.6362,37.8855,10.87,0.010100,0.026135,0,0.000000
E3,sport_diversity,5,99,0.598985,98.6362,37.8855,14.55,0.010097,0.026118,0,0.000000
E3,sport_diversity,6,99,0.572570,98.6362,37.8855,20.63,0.010096,0.026107,1,0.166667
E3,sport_diversity,7,99,0.568472,98.6362,37.8855,24.29,0.010094,0.026099,2,0.285714
E3,sport_facility,3,99,0.523669,3.73374,20.1735,5.56,0.244629,0.048755,1,0.333333
E3,sport_facility,4,99,0.491491,12.0115,60.5243,8.70,0.080690,0.016420,1,0.250000
E3,sport_facility,5,99,0.473118,47.6978,60.5243,10.91,0.020790,0.016413,1,0.200000
E3,sport_facility,6,99,0.483330,47.6978,60.5243,12.70,0.020783,0.016409,2,0.333333
E3,sport_facility,7,99,0.682576,47.6978,60.5243,14.29,0.020778,0.016406,2,0.285714
E3,sport_coverage,3,100,0.661739,34.4215,24.324,11.90,0.028771,0.040551,0,0.000000
E3,sport_coverage,4,100,0.765632,34.4215,35.3852,14.81,0.028737,0.027962,0,0.000000
E3,sport_coverage,5,100,0.693555,34.4215,40.1902,20.00,0.028716,0.024635,1,0.200000
E3,sport_coverage,6,100,0.614037,34.4215,40.1902,22.67,0.028702,0.024625,2,0.333333
E3,sport_coverage,7,100,0.547613,34.4215,40.1902,23.81,0.028692,0.024618,3,0.428571
E3,sport_diversity,3,100,0.825618,1,35.4034,14.29,0.703704,0.027981,1,0.333333
E3,sport_diversity,4,100,0.763674,4.77894,35.4034,16.67,0.193397,0.027948,1,0.250000
E3,sport_diversity,5,100,0.784714,4.77894,35.4034,20.00,0.192455,0.027929,1,0.200000
E3,sport_diversity,6,100,0.715734,4.77894,35.4034,24.00,0.191834,0.027916,2,0.333333
E3,sport_diversity,7,100,0.736371,4.77894,35.4034,26.19,0.191393,0.027906,2,0.285714
E3,sport_facility,3,100,0.870687,3.47794,21.2535,11.90,0.260850,0.046317,0,0.000000
E3,sport_facility,4,100,0.760157,3.47794,22.9468,20.37,0.257984,0.042872,1,0.250000
E3,sport_facility,5,100,0.667560,3.47794,23.5212,24.62,0.256305,0.041798,2,0.400000
E3,sport_facility,6,100,0.616099,3.47794,24.2053,26.67,0.255203,0.040609,3,0.500000
E3,sport_facility,7,100,0.545531,3.47794,24.2053,27.38,0.254424,0.040589,4,0.571429
E3,tech_coverage,3,1,0.819378,1.73098,9.91172,0.00,0.473600,0.097536,0,0.000000
E3,tech_coverage,4,1,0.885634,1.73098,9.91172,0.00,0.464168,0.097137,0,0.000000
E3,tech_coverage,5,1,0.890822,1.73098,14.9521,2.00,0.458764,0.065115,0,0.000000
E3,tech_coverage,6,1,0.835309,8.14019,22.1249,3.95,0.116728,0.044355,0,0.000000
E3,tech_coverage,7,1,0.797706,11.5562,35.5118,6.40,0.083390,0.027822,0,0.000000
E3,tech_diversity,3,1,0.594381,6.33175,30.3185,0.00,0.149766,0.032622,0,0.000000
E3,tech_diversity,4,1,0.514112,14.8907,34.5603,0.00,0.065484,0.028622,0,0.000000
E3,tech_diversity,5,1,0.486903,14.8907,36.2584,0.67,0.065376,0.027277,0,0.000000
E3,tech_diversity,6,1,0.459050,21.7443,39.9482,1.13,0.045117,0.024773,0,0.000000
E3,tech_diversity,7,1,0.599768,21.7443,39.9482,1.48,0.045092,0.024765,0,0.000000
E3,tech_facility,3,1,0.816817,1.94287,60.6962,0.00,0.431447,0.016385,0,0.000000
E3,tech_facility,4,1,0.691697,29.164,60.6962,0.00,0.033850,0.016374,0,0.000000
E3,tech_facility,5,1,0.619529,29.8005,60.6962,0.00,0.033109,0.016367,0,0.000000
E3,tech_facility,6,1,0.598854,29.8005,60.6962,0.00,0.033091,0.016363,0,0.000000
E3,tech_facility,7,1,0.568891,170.938,60.6962,0.49,0.005835,0.016360,0,0.000000
E3,tech_coverage,3,2,0.540853,2.61373,5.32765,0.00,0.335877,0.176201,0,0.000000
E3,tech_coverage,4,2,0.657836,2.61373,6.47712,0.00,0.331120,0.145679,0,0.000000
E3,tech_coverage,5,2,0.727746,2.61373,16.341,0.00,0.328355,0.059716,0,0.000000
E3,tech_coverage,6,2,0.668258,206.307,17.0996,2.86,0.004837,0.057074,0,0.000000
E3,tech_coverage,7,2,0.627686,206.307,21.1858,6.72,0.004837,0.046257,1,0.142857
E3,tech_diversity,3,2,0.616543,1.99037,23.0051,0.00,0.422975,0.042842,0,0.000000
E3,tech_diversity,4,2,0.545300,12.4074,32.4614,0.00,0.078193,0.030452,0,0.000000
E3,tech_diversity,5,2,0.545810,12.4074,32.4614,0.00,0.078040,0.030429,0,0.000000
E3,tech_diversity,6,2,0.629448,12.4074,32.4614,0.00,0.077938,0.030413,0,0.000000
E3,tech_diversity,7,2,0.603239,12.4074,32.4614,2.52,0.077866,0.030402,0,0.000000
E3,tech_facility,3,2,0.734209,1.9525,17.3171,0.00,0.429703,0.056642,0,0.000000
E3,tech_facility,4,2,0.670239,5.03184,22.0332,1.35,0.184408,0.044620,0,0.000000
E3,tech_facility,5,2,0.614464,8.62936,22.0332,2.22,0.110635,0.044570,0,0.000000
E3,tech_facility,6,2,0.667453,8.62936,22.0332,3.81,0.110430,0.044536,0,0.000000
E3,tech_facility,7,2,0.640111,8.62936,22.0332,10.08,0.110284,0.044513,0,0.000000
E3,tech_coverage,3,3,0.666933,2.51327,25.1273,6.67,0.347449,0.039272,0,0.000000
E3,tech_coverage,4,3,0.541436,2.51327,40.0687,15.79,0.342359,0.024725,1,0.250000
E3,tech_coverage,5,3,0.528053,2.51327,40.0687,20.00,0.339404,0.024709,2,0.400000
E3,tech_coverage,6,3,0.549814,2.51327,40.0687,21.57,0.337473,0.024699,3,0.500000
E3,tech_coverage,7,3,0.669399,2.51327,40.0687,21.43,0.336113,0.024692,3,0.428571
E3,tech_diversity,3,3,0.643599,1.44309,15.9364,3.33,0.545218,0.061446,1,0.333333
E3,tech_diversity,4,3,0.546667,1.44309,16.974,13.16,0.532782,0.057625,2,0.500000
E3,tech_diversity,5,3,0.586081,7,16.974,17.78,0.134924,0.057542,2,0.400000
E3,tech_diversity,6,3,0.569996,7,16.974,23.53,0.134619,0.057486,3,0.500000
E3,tech_diversity,7,3,0.694332,7,16.974,26.79,0.134402,0.057447,3,0.428571
E3,tech_facility,3,3,0.498983,3.14516,44.4337,6.67,0.285442,0.022337,1,0.333333
E3,tech_facility,4,3,0.455696,13.5883,44.4337,7.89,0.071587,0.022316,1,0.250000
E3,tech_facility,5,3,0.672551,13.5883,44.4337,11.11,0.071458,0.022304,1,0.200000
E3,tech_facility,6,3,0.663154,13.5883,44.4337,17.65,0.071373,0.022295,2,0.333333
E3,tech_facility,7,3,0.721168,13.5883,44.4337,21.43,0.071312,0.022290,3,0.428571
E3,tech_coverage,3,4,0.772561,3.8256,8.74601,0.00,0.239282,0.110035,0,0.000000
E3,tech_coverage,4,4,0.651256,3.8256,15.4588,1.72,0.236872,0.063136,1,0.250000
E3,tech_coverage,5,4,0.678138,3.8256,16.9589,4.29,0.235458,0.057591,1,0.200000
E3,tech_coverage,6,4,0.701026,3.8256,18.6076,8.64,0.234528,0.052552,1,0.166667
E3,tech_coverage,7,4,0.741354,3.8256,18.6076,14.29,0.233869,0.052520,1,0.142857
E3,tech_diversity,3,4,0.503961,10.11,35.8913,2.22,0.095686,0.027604,0,0.000000
E3,tech_diversity,4,4,0.598879,10.11,35.8913,3.45,0.095303,0.027572,0,0.000000
E3,tech_diversity,5,4,0.596429,10.11,35.8913,4.29,0.095075,0.027553,0,0.000000
E3,tech_diversity,6,4,0.603606,10.11,35.8913,4.94,0.094924,0.027540,0,0.000000
E3,tech_diversity,7,4,0.571825,10.11,35.8913,9.89,0.094816,0.027531,1,0.142857
E3,tech_facility,3,4,0.486006,14.6942,42.3734,0.00,0.066522,0.023415,0,0.000000
E3,tech_facility,4,4,0.595929,14.6942,42.3734,0.00,0.066337,0.023392,0,0.000000
E3,tech_facility,5,4,0.533277,14.6942,42.3734,1.43,0.066227,0.023378,1,0.200000
E3,tech_facility,6,4,0.527476,14.6942,42.3734,1.23,0.066153,0.023369,1,0.166667
E3,tech_facility,7,4,0.526160,18.1949,42.3734,1.10,0.053683,0.023362,1,0.142857
E3,tech_coverage,3,5,0.808328,1.44111,5.57558,0.00,0.545780,0.168845,0,0.000000
E3,tech_coverage,4,5,0.834525,1.44111,7.65332,0.00,0.533319,0.124398,0,0.000000
E3,tech_coverage,5,5,0.738284,5.6147,9.25882,0.59,0.165859,0.103439,0,0.000000
E3,tech_coverage,6,5,0.734846,5.6147,10.0816,2.00,0.165398,0.095181,0,0.000000
E3,tech_coverage,7,5,0.754195,5.6147,10.0816,3.49,0.165071,0.095072,0,0.000000
E3,tech_diversity,3,5,0.899705,1.19381,45.2411,0.00,0.625535,0.021941,0,0.000000
E3,tech_diversity,4,5,0.890959,1.24467,45.2411,0.00,0.592151,0.021921,0,0.000000
E3,tech_diversity,5,5,0.861507,1.57494,45.2411,0.00,0.492893,0.021909,0,0.000000
E3,tech_diversity,6,5,0.881351,1.57494,45.2411,0.00,0.488862,0.021901,0,0.000000
E3,tech_diversity,7,5,0.902481,1.57494,45.2411,1.30,0.486040,0.021895,0,0.000000
E3,tech_facility,3,5,0.810729,2.22914,95.3535,0.00,0.384865,0.010451,0,0.000000
E3,tech_facility,4,5,0.829296,2.22914,95.3535,0.00,0.378620,0.010446,0,0.000000
E3,tech_facility,5,5,0.856260,2.22914,95.3535,0.00,0.375009,0.010443,0,0.000000
E3,tech_facility,6,5,0.854336,2.22914,95.3535,0.00,0.372655,0.010442,0,0.000000
E3,tech_facility,7,5,0.864303,2.22914,95.3535,0.87,0.370999,0.010440,0,0.000000
E3,tech_coverage,3,6,0.778702,1.74284,5.47221,0.00,0.471032,0.171836,0,0.000000
E3,tech_coverage,4,6,0.715998,2.57134,8.17988,0.00,0.335773,0.116760,0,0.000000
E3,tech_coverage,5,6,0.760836,2.57134,10.438,0.80,0.332930,0.092202,0,0.000000
E3,tech_coverage,6,6,0.780349,2.57134,20.1836,2.04,0.331072,0.048534,0,0.000000
E3,tech_coverage,7,6,0.817047,2.57134,36.4705,3.57,0.329763,0.027099,0,0.000000
E3,tech_diversity,3,6,0.462469,7.31391,21.9269,0.00,0.130589,0.044916,0,0.000000
E3,tech_diversity,4,6,0.458979,7.31391,27.4686,0.00,0.129874,0.035911,0,0.000000
E3,tech_diversity,5,6,0.413359,18.4278,33.2348,0.00,0.053101,0.029729,0,0.000000
E3,tech_diversity,6,6,0.435585,18.4278,33.2348,0.00,0.053054,0.029714,0,0.000000
E3,tech_diversity,7,6,0.544726,18.4278,33.2348,0.00,0.053020,0.029704,0,0.000000
E3,tech_facility,3,6,0.590071,2.1944,38.783,0.00,0.389987,0.025563,0,0.000000
E3,tech_facility,4,6,0.500998,19.4777,38.783,0.00,0.050361,0.025536,0,0.000000
E3,tech_facility,5,6,0.488260,19.4777,38.783,0.00,0.050297,0.025520,0,0.000000
E3,tech_facility,6,6,0.456180,19.4777,38.783,0.00,0.050255,0.025509,0,0.000000
E3,tech_facility,7,6,0.431980,19.4777,38.783,0.00,0.050225,0.025501,0,0.000000
E3,tech_coverage,3,7,0.432908,5.97249,14.2391,4.44,0.158263,0.068598,0,0.000000
E3,tech_coverage,4,7,0.379394,17.1683,39.5052,8.62,0.056987,0.025074,0,0.000000
E3,tech_coverage,5,7,0.453028,17.1683,39.5052,11.43,0.056905,0.025058,0,0.000000
E3,tech_coverage,6,7,0.509804,17.1683,39.5052,16.05,0.056851,0.025048,0,0.000000
E3,tech_coverage,7,7,0.476978,17.1683,39.5052,20.88,0.056813,0.025040,1,0.142857
E3,tech_diversity,3,7,0.410916,16.4601,57.5195,4.44,0.059531,0.017285,0,0.000000
E3,tech_diversity,4,7,0.499456,16.4601,57.5195,6.90,0.059383,0.017272,0,0.000000
E3,tech_diversity,5,7,0.569172,16.4601,57.5195,12.86,0.059294,0.017265,0,0.000000
E3,tech_diversity,6,7,0.530806,16.4601,57.5195,19.75,0.059236,0.017260,1,0.166667
E3,tech_diversity,7,7,0.510000,16.4601,57.5195,24.18,0.059194,0.017256,2,0.285714
E3,tech_facility,3,7,0.567766,247.766,33.577,6.67,0.004031,0.029488,0,0.000000
E3,tech_facility,4,7,0.465412,247.766,37.6675,13.79,0.004030,0.026285,1,0.250000
E3,tech_facility,5,7,0.508832,247.766,37.6675,17.14,0.004030,0.026268,1,0.200000
E3,tech_facility,6,7,0.485149,247.766,37.6675,22.22,0.004029,0.026256,1,0.166667
E3,tech_facility,7,7,0.545915,247.766,37.6675,26.37,0.004029,0.026248,1,0.142857
E3,tech_coverage,3,8,0.733639,1.02589,19.5101,12.82,0.692347,0.050385,1,0.333333
E3,tech_coverage,4,8,0.642235,1.02589,19.5101,18.00,0.672814,0.050279,2,0.500000
E3,tech_coverage,5,8,0.623765,3.95643,43.4007,20.00,0.228459,0.022830,2,0.400000
E3,tech_coverage,6,8,0.596026,3.95643,43.4007,23.53,0.227583,0.022821,3,0.500000
E3,tech_coverage,7,8,0.608145,3.95643,43.4007,25.33,0.226963,0.022815,4,0.571429
E3,tech_diversity,3,8,0.462521,9.89863,19.8199,0.00,0.097660,0.049611,0,0.000000
E3,tech_diversity,4,8,0.602041,9.89863,19.8199,0.00,0.097261,0.049508,0,0.000000
E3,tech_diversity,5,8,0.755147,9.89863,23.5936,1.67,0.097023,0.041672,0,0.000000
E3,tech_diversity,6,8,0.864865,9.89863,23.5936,10.14,0.096866,0.041643,0,0.000000
E3,tech_diversity,7,8,0.925997,9.89863,23.5936,16.88,0.096754,0.041622,0,0.000000
E3,tech_facility,3,8,0.462521,9.89863,62.2203,0.00,0.097660,0.015986,0,0.000000
E3,tech_facility,4,8,0.407653,523.182,62.2203,0.00,0.001910,0.015975,0,0.000000
E3,tech_facility,5,8,0.411447,523.182,62.2203,0.00,0.001910,0.015969,0,0.000000
E3,tech_facility,6,8,0.418605,523.182,62.2203,0.00,0.001910,0.015965,0,0.000000
E3,tech_facility,7,8,0.487179,523.182,62.2203,0.00,0.001910,0.015962,0,0.000000
E3,tech_coverage,3,9,0.843311,2.10781,4.79951,0.00,0.403355,0.194219,0,0.000000
E3,tech_coverage,4,9,0.785919,2.10781,5.00134,0.00,0.396498,0.185448,0,0.000000
E3,tech_coverage,5,9,0.840764,2.10781,5.45707,0.00,0.392540,0.170300,0,0.000000
E3,tech_coverage,6,9,0.797972,2.31552,6.78655,0.00,0.361222,0.138594,0,0.000000
E3,tech_coverage,7,9,0.826680,2.31552,7.65523,0.00,0.359666,0.123540,0,0.000000
E3,tech_diversity,3,9,0.397022,9.70033,33.5762,1.39,0.099587,0.029488,0,0.000000
E3,tech_diversity,4,9,0.400170,9.70033,33.5762,1.57,0.099172,0.029452,0,0.000000
E3,tech_diversity,5,9,0.387356,9.70033,33.5762,1.68,0.098925,0.029430,0,0.000000
E3,tech_diversity,6,9,0.381971,9.70033,33.5762,1.77,0.098761,0.029416,0,0.000000
E3,tech_diversity,7,9,0.401147,9.70033,33.5762,1.83,0.098645,0.029406,0,0.000000
E3,tech_facility,3,9,0.464668,5.4549,130.662,1.39,0.172347,0.007634,0,0.000000
E3,tech_facility,4,9,0.429880,5.52057,134.489,1.58,0.169204,0.007415,0,0.000000
E3,tech_facility,5,9,0.377672,20.9195,134.489,1.70,0.046897,0.007413,0,0.000000
E3,tech_facility,6,9,0.368188,20.9195,134.489,1.61,0.046860,0.007413,0,0.000000
E3,tech_facility,7,9,0.390004,20.9195,134.489,1.55,0.046834,0.007412,0,0.000000
E3,tech_coverage,3,10,1.000000,1.21481,23.4091,1.67,0.617963,0.042113,0,0.000000
E3,tech_coverage,4,10,0.885146,6.98631,31.756,3.85,0.135636,0.031120,0,0.000000
E3,tech_coverage,5,10,0.825088,6.98631,68.1843,6.32,0.135173,0.014580,0,0.000000
E3,tech_coverage,6,10,0.782004,6.98631,68.1843,9.91,0.134867,0.014577,0,0.000000
E3,tech_coverage,7,10,0.777869,6.98631,85.2271,13.49,0.134650,0.011675,0,0.000000
E3,tech_diversity,3,10,0.684319,41.941,25.1507,0.00,0.023654,0.039236,0,0.000000
E3,tech_diversity,4,10,0.614955,41.941,27.4901,0.00,0.023631,0.035883,0,0.000000
E3,tech_diversity,5,10,0.702238,41.941,27.4901,0.00,0.023617,0.035851,0,0.000000
E3,tech_diversity,6,10,0.669319,41.941,27.4901,1.80,0.023607,0.035830,0,0.000000
E3,tech_diversity,7,10,0.707038,41.941,27.4901,3.17,0.023601,0.035814,0,0.000000
E3,tech_facility,3,10,0.720648,7.34321,41.8829,0.00,0.130092,0.023687,0,0.000000
E3,tech_facility,4,10,0.645419,12.4072,41.8829,0.00,0.078195,0.023663,0,0.000000
E3,tech_facility,5,10,0.588495,113.472,41.8829,0.00,0.008782,0.023649,0,0.000000
E3,tech_facility,6,10,0.593860,113.472,47.1816,0.00,0.008780,0.021008,0,0.000000
E3,tech_facility,7,10,0.578017,113.472,47.1816,0.79,0.008780,0.021003,0,0.000000
E3,tech_coverage,3,11,0.991252,1.03416,6.41706,0.00,0.688777,0.147880,0,0.000000
E3,tech_coverage,4,11,0.888254,2.4861,18.1643,0.00,0.345528,0.053927,0,0.000000
E3,tech_coverage,5,11,0.904285,2.4861,23.5566,0.74,0.342519,0.041736,0,0.000000
E3,tech_coverage,6,11,0.844625,3.99408,23.5566,3.14,0.225660,0.041707,0,0.000000
E3,tech_coverage,7,11,0.783754,962.787,24.7991,5.49,0.001038,0.039634,0,0.000000
E3,tech_diversity,3,11,0.549189,8.87861,20.9481,0.00,0.108455,0.046981,0,0.000000
E3,tech_diversity,4,11,0.478021,8.87861,20.9481,0.00,0.107962,0.046889,0,0.000000
E3,tech_diversity,5,11,0.443221,8.87861,20.9481,0.00,0.107669,0.046834,0,0.000000
E3,tech_diversity,6,11,0.420567,8.87861,20.9481,0.00,0.107475,0.046797,0,0.000000
E3,tech_diversity,7,11,0.520422,8.87861,20.9481,0.00,0.107337,0.046771,0,0.000000
E3,tech_facility,3,11,0.919475,1.43694,23.6053,0.00,0.546969,0.041768,0,0.000000
E3,tech_facility,4,11,0.779780,7.62759,23.6053,0.00,0.124797,0.041695,0,0.000000
E3,tech_facility,5,11,0.697728,9.14597,23.6053,0.74,0.104659,0.041652,0,0.000000
E3,tech_facility,6,11,0.648084,9.14597,23.6053,1.26,0.104476,0.041623,0,0.000000
E3,tech_facility,7,11,0.635939,9.14597,23.6053,1.65,0.104346,0.041602,0,0.000000
E3,tech_coverage,3,12,0.844609,12.4068,25.2927,5.56,0.078455,0.039018,0,0.000000
E3,tech_coverage,4,12,0.706108,12.4068,25.6642,17.39,0.078197,0.038399,1,0.250000
E3,tech_coverage,5,12,0.643777,12.4068,25.6642,23.64,0.078044,0.038362,2,0.400000
E3,tech_coverage,6,12,0.658756,12.4068,26.3569,26.98,0.077942,0.037346,3,0.500000
E3,tech_coverage,7,12,0.663715,12.4068,26.3569,30.00,0.077870,0.037329,4,0.571429
E3,tech_diversity,3,12,0.396232,8.68815,19.6722,0.00,0.110740,0.049977,0,0.000000
E3,tech_diversity,4,12,0.557037,8.68815,19.6722,0.00,0.110226,0.049872,0,0.000000
E3,tech_diversity,5,12,0.625641,8.68815,19.6722,3.64,0.109921,0.049810,0,0.000000
E3,tech_diversity,6,12,0.650943,13.643,26.2517,7.94,0.071095,0.037493,0,0.000000
E3,tech_diversity,7,12,0.750404,13.643,26.2517,12.86,0.071035,0.037476,0,0.000000
E3,tech_facility,3,12,0.642357,10.1483,25.5771,2.78,0.095338,0.038590,0,0.000000
E3,tech_facility,4,12,0.597549,10.1483,48.63,4.35,0.094957,0.020405,0,0.000000
E3,tech_facility,5,12,0.528846,10.1483,48.63,9.09,0.094731,0.020395,1,0.200000
E3,tech_facility,6,12,0.639832,10.1483,48.63,11.11,0.094581,0.020388,1,0.166667
E3,tech_facility,7,12,0.659351,10.1483,48.63,15.71,0.094474,0.020383,2,0.285714
E3,tech_coverage,3,13,0.813670,2.81374,7.40544,3.03,0.314959,0.129049,0,0.000000
E3,tech_coverage,4,13,0.855813,2.81374,8.52716,6.98,0.310777,0.112215,0,0.000000
E3,tech_coverage,5,13,0.907926,2.81374,12.5827,10.48,0.308341,0.076987,0,0.000000
E3,tech_coverage,6,13,0.934884,2.81374,17.0402,14.63,0.306747,0.057268,0,0.000000
E3,tech_coverage,7,13,0.877854,2.81374,20.0106,21.58,0.305622,0.048916,1,0.142857
E3,tech_diversity,3,13,0.512649,5.0205,28.1824,0.00,0.186251,0.035065,0,0.000000
E3,tech_diversity,4,13,0.474322,13.1239,30.1995,1.16,0.074047,0.032704,0,0.000000
E3,tech_diversity,5,13,0.426072,13.1239,30.1995,1.90,0.073910,0.032677,1,0.200000
E3,tech_diversity,6,13,0.481531,13.1239,30.1995,1.63,0.073818,0.032660,1,0.166667
E3,tech_diversity,7,13,0.596236,13.1239,30.1995,1.43,0.073753,0.032647,1,0.142857
E3,tech_facility,3,13,0.678930,2.49238,37.0276,0.00,0.349955,0.026764,0,0.000000
E3,tech_facility,4,13,0.578111,2.49238,37.0276,1.16,0.344791,0.026735,1,0.250000
E3,tech_facility,5,13,0.548311,10.9305,37.0276,0.95,0.088200,0.026717,1,0.200000
E3,tech_facility,6,13,0.562432,10.9305,41.389,0.81,0.088070,0.023919,1,0.166667
E3,tech_facility,7,13,0.545595,35.8198,41.389,0.71,0.027586,0.023912,1,0.142857
E3,tech_coverage,3,14,0.830594,2.4632,25.0222,7.69,0.353516,0.039434,0,0.000000
E3,tech_coverage,4,14,0.660491,2.4632,25.0222,12.00,0.348246,0.039369,1,0.250000
E3,tech_coverage,5,14,0.620269,13.4611,25.0222,13.33,0.072113,0.039331,1,0.200000
E3,tech_coverage,6,14,0.684564,13.4611,25.0222,15.94,0.072027,0.039305,1,0.166667
E3,tech_coverage,7,14,0.736627,13.4611,25.0222,20.78,0.071965,0.039286,1,0.142857
E3,tech_diversity,3,14,0.418813,11.4265,17.9599,5.13,0.084987,0.054652,1,0.333333
E3,tech_diversity,4,14,0.602227,11.4265,17.9599,4.00,0.084685,0.054528,1,0.250000
E3,tech_diversity,5,14,0.598902,11.4265,17.9599,3.33,0.084505,0.054453,1,0.200000
E3,tech_diversity,6,14,0.568421,44.495,17.9599,4.35,0.022265,0.054404,1,0.166667
E3,tech_diversity,7,14,0.659605,44.495,22.7359,7.79,0.022259,0.043163,1,0.142857
E3,tech_facility,3,14,0.418813,11.4265,34.2875,5.13,0.084987,0.028883,1,0.333333
E3,tech_facility,4,14,0.370192,20.5023,37.9133,4.00,0.047890,0.026116,1,0.250000
E3,tech_facility,5,14,0.456346,20.5023,37.9133,3.33,0.047833,0.026099,1,0.200000
E3,tech_facility,6,14,0.438819,23.8281,46.2824,2.90,0.041240,0.021413,1,0.166667
E3,tech_facility,7,14,0.525338,23.8281,46.2824,2.60,0.041220,0.021407,1,0.142857
E3,tech_coverage,3,15,0.629936,1,16.3019,17.95,0.703704,0.060097,2,0.666667
E3,tech_coverage,4,15,0.545670,1,17.2109,26.00,0.683594,0.056849,3,0.750000
E3,tech_coverage,5,15,0.608937,1,22.9009,30.00,0.672320,0.042910,3,0.600000
E3,tech_coverage,6,15,0.593192,1,22.9009,33.33,0.665102,0.042880,4,0.666667
E3,tech_coverage,7,15,0.654045,1.01226,22.9009,35.06,0.655253,0.042858,4,0.571429
E3,tech_diversity,3,15,0.809977,1,34.8634,28.21,0.703704,0.028410,1,0.333333
E3,tech_diversity,4,15,0.730145,16.6515,34.8634,32.00,0.058716,0.028376,1,0.250000
E3,tech_diversity,5,15,0.616817,16.6515,34.8634,36.67,0.058629,0.028356,2,0.400000
E3,tech_diversity,6,15,0.592969,16.6515,34.8634,39.13,0.058572,0.028343,3,0.500000
E3,tech_diversity,7,15,0.594369,16.6515,34.8634,40.26,0.058531,0.028333,4,0.571429
E3,tech_facility,3,15,0.809977,1,21.5997,28.21,0.703704,0.045586,1,0.333333
E3,tech_facility,4,15,0.706564,1,21.5997,32.00,0.683594,0.045499,2,0.500000
E3,tech_facility,5,15,0.631257,1,21.5997,33.33,0.672320,0.045447,3,0.600000
E3,tech_facility,6,15,0.607069,1,21.5997,33.33,0.665102,0.045413,4,0.666667
E3,tech_facility,7,15,0.682288,1.3783,21.5997,35.06,0.535109,0.045388,4,0.571429
E3,tech_coverage,3,16,0.880130,1.73689,7.8895,3.12,0.472318,0.121471,0,0.000000
E3,tech_coverage,4,16,0.938836,1.73689,7.8895,4.76,0.462937,0.120852,0,0.000000
E3,tech_coverage,5,16,0.929450,1.73689,11.1025,6.45,0.457560,0.086883,0,0.000000
E3,tech_coverage,6,16,0.889429,2.1146,12.7529,8.79,0.388952,0.075896,0,0.000000
E3,tech_coverage,7,16,0.884335,2.1146,12.7529,11.06,0.387150,0.075827,0,0.000000
E3,tech_diversity,3,16,0.484279,5.75547,50.7219,0.00,0.163879,0.019586,0,0.000000
E3,tech_diversity,4,16,0.602404,5.75547,50.7219,0.79,0.162751,0.019570,0,0.000000
E3,tech_diversity,5,16,0.550180,26.554,77.5384,2.58,0.037096,0.012830,0,0.000000
E3,tech_diversity,6,16,0.526424,26.554,77.5384,3.83,0.037073,0.012828,0,0.000000
E3,tech_diversity,7,16,0.487335,26.554,77.5384,4.76,0.037057,0.012826,1,0.142857
E3,tech_facility,3,16,0.729704,2.2194,60.5295,2.08,0.386288,0.016430,0,0.000000
E3,tech_facility,4,16,0.735002,2.79979,84.6075,3.17,0.312115,0.011767,0,0.000000
E3,tech_facility,5,16,0.655880,2.79979,84.6075,3.87,0.309658,0.011764,1,0.200000
E3,tech_facility,6,16,0.619551,11.091,84.6075,3.83,0.086843,0.011761,1,0.166667
E3,tech_facility,7,16,0.599835,11.091,84.6075,3.81,0.086753,0.011760,1,0.142857
E3,tech_coverage,3,17,0.825534,2.76393,10.6632,0.00,0.319924,0.090879,0,0.000000
E3,tech_coverage,4,17,0.766225,2.9502,12.4843,1.22,0.298257,0.077727,0,0.000000
E3,tech_coverage,5,17,0.794808,2.9502,12.4843,4.00,0.296014,0.077575,0,0.000000
E3,tech_coverage,6,17,0.735466,2.9502,13.1699,7.69,0.294544,0.073569,1,0.166667
E3,tech_coverage,7,17,0.695328,18.8743,13.1699,11.28,0.051794,0.073504,1,0.142857
E3,tech_diversity,3,17,0.795621,2.65316,26.9214,0.00,0.331538,0.036687,0,0.000000
E3,tech_diversity,4,17,0.771039,2.65316,26.9214,1.22,0.326904,0.036631,0,0.000000
E3,tech_diversity,5,17,0.734288,3.579,26.9214,3.00,0.249877,0.036597,0,0.000000
E3,tech_diversity,6,17,0.673963,3.579,26.9214,5.98,0.248830,0.036575,1,0.166667
E3,tech_diversity,7,17,0.676569,3.579,26.9214,7.52,0.248089,0.036559,1,0.142857
E3,tech_facility,3,17,0.829756,1.86202,18.0437,0.00,0.446647,0.054404,0,0.000000
E3,tech_facility,4,17,0.852935,1.86202,18.0437,0.00,0.438249,0.054280,0,0.000000
E3,tech_facility,5,17,0.861093,1.86202,18.0437,1.00,0.433423,0.054206,0,0.000000
E3,tech_facility,6,17,0.813094,8.55055,18.0437,4.27,0.111398,0.054157,0,0.000000
E3,tech_facility,7,17,0.762513,8.55055,18.0437,9.77,0.111250,0.054122,1,0.142857
E3,tech_coverage,3,18,0.743197,1.80098,11.0262,1.85,0.458826,0.087979,0,0.000000
E3,tech_coverage,4,18,0.780743,1.80098,11.0262,4.29,0.449967,0.087655,0,0.000000
E3,tech_coverage,5,18,0.681849,1.80098,23.4646,7.06,0.444883,0.041897,1,0.200000
E3,tech_coverage,6,18,0.724133,1.80098,23.8234,8.08,0.441584,0.041248,1,0.166667
E3,tech_coverage,7,18,0.660008,1.80098,53.6049,11.71,0.439270,0.018507,2,0.285714
E3,tech_diversity,3,18,0.498216,29.4257,48.8464,0.00,0.033600,0.020333,0,0.000000
E3,tech_diversity,4,18,0.436724,29.4257,48.8464,0.00,0.033553,0.020316,0,0.000000
E3,tech_diversity,5,18,0.559165,29.4257,48.8464,0.00,0.033525,0.020305,0,0.000000
E3,tech_diversity,6,18,0.610462,29.4257,48.8464,0.00,0.033506,0.020298,0,0.000000
E3,tech_diversity,7,18,0.669006,29.4257,48.8464,0.00,0.033493,0.020294,0,0.000000
E3,tech_facility,3,18,0.719875,1.13333,38.0852,1.85,0.648280,0.026028,1,0.333333
E3,tech_facility,4,18,0.620409,25.5191,39.6667,1.43,0.038614,0.024973,1,0.250000
E3,tech_facility,5,18,0.734936,25.5191,39.6667,1.18,0.038577,0.024957,1,0.200000
E3,tech_facility,6,18,0.663983,25.5191,39.6667,2.02,0.038552,0.024947,2,0.333333
E3,tech_facility,7,18,0.626352,25.5191,39.6667,1.79,0.038534,0.024939,2,0.285714
E3,tech_coverage,3,19,1.000000,1,7.06329,0.00,0.703704,0.135001,0,0.000000
E3,tech_coverage,4,19,0.860841,31.3553,9.60695,0.00,0.031513,0.100098,0,0.000000
E3,tech_coverage,5,19,0.788243,31.3553,15.0839,1.05,0.031488,0.064561,0,0.000000
E3,tech_coverage,6,19,0.726075,34.0716,16.5068,3.60,0.028993,0.059072,0,0.000000
E3,tech_coverage,7,19,0.689303,34.0716,24.1905,5.56,0.028983,0.040613,0,0.000000
E3,tech_diversity,3,19,0.680137,4.89518,40.9683,0.00,0.190688,0.024211,0,0.000000
E3,tech_diversity,4,19,0.592740,23.2696,45.5469,0.00,0.042287,0.021775,0,0.000000
E3,tech_diversity,5,19,0.630016,23.2696,45.5469,0.00,0.042242,0.021763,0,0.000000
E3,tech_diversity,6,19,0.622574,23.2696,45.5469,0.90,0.042212,0.021756,0,0.000000
E3,tech_diversity,7,19,0.581880,23.2696,45.5469,1.59,0.042191,0.021750,1,0.142857
E3,tech_facility,3,19,0.713162,3.21379,52.3912,0.00,0.280002,0.018966,0,0.000000
E3,tech_facility,4,19,0.657728,4.86298,52.3912,0.00,0.190315,0.018951,0,0.000000
E3,tech_facility,5,19,0.601314,13.8851,52.3912,0.00,0.069975,0.018942,0,0.000000
E3,tech_facility,6,19,0.552120,8229.32,52.3912,0.00,0.000122,0.018936,0,0.000000
E3,tech_facility,7,19,0.533490,8229.32,52.3912,0.00,0.000122,0.018932,0,0.000000
E3,tech_coverage,3,20,1.000000,1,7.99747,0.00,0.703704,0.119900,0,0.000000
E3,tech_coverage,4,20,0.845642,24.8916,18.4269,1.11,0.039573,0.053174,0,0.000000
E3,tech_coverage,5,20,0.756890,24.8916,19.5802,3.64,0.039534,0.050039,0,0.000000
E3,tech_coverage,6,20,0.700186,24.8916,22.7676,5.43,0.039508,0.043126,0,0.000000
E3,tech_coverage,7,20,0.722730,24.8916,23.6771,6.80,0.039489,0.041478,0,0.000000
E3,tech_diversity,3,20,0.714126,4.80584,51.0522,0.00,0.193981,0.019460,0,0.000000
E3,tech_diversity,4,20,0.637873,5.86915,51.0522,0.00,0.159802,0.019444,0,0.000000
E3,tech_diversity,5,20,0.564500,106.23,51.0522,0.91,0.009378,0.019435,0,0.000000
E3,tech_diversity,6,20,0.632370,106.23,51.0522,1.55,0.009377,0.019429,0,0.000000
E3,tech_diversity,7,20,0.712177,106.23,51.0522,2.04,0.009376,0.019424,0,0.000000
E3,tech_facility,3,20,0.920097,1.3461,29.6437,0.00,0.574111,0.033356,0,0.000000
E3,tech_facility,4,20,0.766537,1.3461,29.6437,1.11,0.560366,0.033310,1,0.250000
E3,tech_facility,5,20,0.854298,1.3461,29.6437,0.91,0.552569,0.033282,1,0.200000
E3,tech_facility,6,20,0.785127,9.5731,29.6437,2.33,0.100017,0.033263,1,0.166667
E3,tech_facility,7,20,0.738374,10.4465,29.6437,4.08,0.091887,0.033250,1,0.142857
E3,tech_coverage,3,21,0.814286,3.71829,14.431,5.88,0.245552,0.067707,0,0.000000
E3,tech_coverage,4,21,0.716592,19.682,23.239,9.09,0.049848,0.042342,0,0.000000
E3,tech_coverage,5,21,0.656122,19.682,23.239,13.75,0.049786,0.042297,1,0.200000
E3,tech_coverage,6,21,0.714711,19.682,23.239,16.13,0.049744,0.042267,1,0.166667
E3,tech_coverage,7,21,0.749311,19.682,23.239,20.95,0.049715,0.042246,1,0.142857
E3,tech_diversity,3,21,0.571130,29.3753,74.256,0.00,0.033657,0.013407,0,0.000000
E3,tech_diversity,4,21,0.534298,29.3753,74.256,1.52,0.033610,0.013399,0,0.000000
E3,tech_diversity,5,21,0.656494,29.3753,74.256,2.50,0.033582,0.013395,0,0.000000
E3,tech_diversity,6,21,0.693541,29.3753,74.256,6.45,0.033563,0.013392,0,0.000000
E3,tech_diversity,7,21,0.654762,29.3753,74.256,13.33,0.033550,0.013389,1,0.142857
E3,tech_facility,3,21,0.681484,6.28129,73.2977,0.00,0.150904,0.013581,0,0.000000
E3,tech_facility,4,21,0.583072,6.28129,73.2977,3.03,0.149948,0.013573,1,0.250000
E3,tech_facility,5,21,0.532377,6.28129,73.2977,5.00,0.149382,0.013569,2,0.400000
E3,tech_facility,6,21,0.602331,6.28129,73.2977,5.38,0.149009,0.013566,2,0.333333
E3,tech_facility,7,21,0.567657,6.28129,73.2977,7.62,0.148743,0.013563,3,0.428571
E3,tech_coverage,3,22,0.434963,8.68219,15.3436,2.38,0.110813,0.063768,0,0.000000
E3,tech_coverage,4,22,0.400804,9.0436,15.6837,3.70,0.106074,0.062252,0,0.000000
E3,tech_coverage,5,22,0.388261,9.0436,15.6837,4.62,0.105792,0.062155,0,0.000000
E3,tech_coverage,6,22,0.452555,9.0436,16.9063,6.67,0.105604,0.057711,0,0.000000
E3,tech_coverage,7,22,0.444334,9.0436,30.9326,9.64,0.105471,0.031884,1,0.142857
E3,tech_diversity,3,22,0.468463,12.3747,55.8411,0.00,0.078653,0.017801,0,0.000000
E3,tech_diversity,4,22,0.559659,12.3747,55.8411,3.70,0.078394,0.017788,0,0.000000
E3,tech_diversity,5,22,0.520258,12.3747,55.8411,10.77,0.078240,0.017780,1,0.200000
E3,tech_diversity,6,22,0.480916,12.3747,55.8411,14.67,0.078137,0.017775,2,0.333333
E3,tech_diversity,7,22,0.540012,12.3747,55.8411,17.86,0.078064,0.017771,2,0.285714
E3,tech_facility,3,22,0.740808,2.5251,44.1192,0.00,0.346046,0.022495,0,0.000000
E3,tech_facility,4,22,0.629238,2.5251,44.1192,7.41,0.340996,0.022474,1,0.250000
E3,tech_facility,5,22,0.595650,18.701,44.1192,15.38,0.052341,0.022461,1,0.200000
E3,tech_facility,6,22,0.550218,18.701,44.1192,21.33,0.052296,0.022453,2,0.333333
E3,tech_facility,7,22,0.530334,18.701,44.1192,25.00,0.052263,0.022447,3,0.428571
E3,tech_coverage,3,23,0.905062,1.83909,11.4139,0.00,0.451147,0.085079,0,0.000000
E3,tech_coverage,4,23,0.810811,3.92649,16.1818,0.00,0.231373,0.060380,0,0.000000
E3,tech_coverage,5,23,0.843801,3.92649,31.7546,0.00,0.230024,0.031097,0,0.000000
E3,tech_coverage,6,23,0.880532,3.92649,41.9308,2.33,0.229136,0.023613,0,0.000000
E3,tech_coverage,7,23,0.842440,4.79419,41.9308,7.48,0.190838,0.023606,0,0.000000
E3,tech_diversity,3,23,0.678230,5.59613,33.2031,0.00,0.168262,0.029816,0,0.000000
E3,tech_diversity,4,23,0.599131,13.3171,40.9658,0.00,0.073003,0.024188,0,0.000000
E3,tech_diversity,5,23,0.559556,13.3171,40.9658,0.00,0.072870,0.024173,0,0.000000
E3,tech_diversity,6,23,0.645431,13.3171,40.9658,0.00,0.072781,0.024164,0,0.000000
E3,tech_diversity,7,23,0.621203,13.3171,40.9658,0.68,0.072718,0.024157,0,0.000000
E3,tech_facility,3,23,0.678230,5.59613,19.8581,0.00,0.168262,0.049517,0,0.000000
E3,tech_facility,4,23,0.716487,5.59613,20.4912,0.00,0.167073,0.047916,0,0.000000
E3,tech_facility,5,23,0.665603,12.0974,31.6143,0.00,0.079974,0.031234,0,0.000000
E3,tech_facility,6,23,0.629445,13.4583,31.6143,0.78,0.072041,0.031217,0,0.000000
E3,tech_facility,7,23,0.619552,13.4583,31.6143,1.36,0.071979,0.031206,0,0.000000
E3,tech_coverage,3,24,0.810000,5.17861,23.7234,0.00,0.180939,0.041563,0,0.000000
E3,tech_coverage,4,24,0.833744,5.17861,28.827,10.87,0.179564,0.034241,0,0.000000
E3,tech_coverage,5,24,0.867585,5.17861,37.1986,18.18,0.178752,0.026595,0,0.000000
E3,tech_coverage,6,24,0.764478,5.17861,50.8255,25.40,0.178216,0.019515,1,0.166667
E3,tech_coverage,7,24,0.714788,5.17861,50.8255,28.99,0.177836,0.019510,2,0.285714
E3,tech_diversity,3,24,0.831325,3.50501,32.4352,0.00,0.259033,0.030515,0,0.000000
E3,tech_diversity,4,24,0.829937,3.50501,32.4352,8.70,0.256207,0.030476,0,0.000000
E3,tech_diversity,5,24,0.751562,3.50501,32.4352,18.18,0.254552,0.030453,1,0.200000
E3,tech_diversity,6,24,0.788462,3.50501,32.4352,23.81,0.253465,0.030437,1,0.166667
E3,tech_diversity,7,24,0.822365,3.50501,32.4352,28.57,0.252696,0.030426,1,0.142857
E3,tech_facility,3,24,0.828221,11.1429,20.7774,2.78,0.087086,0.047361,0,0.000000
E3,tech_facility,4,24,0.853659,11.1429,20.7774,8.70,0.086768,0.047268,0,0.000000
E3,tech_facility,5,24,0.751562,11.1429,20.7774,18.18,0.086579,0.047212,1,0.200000
E3,tech_facility,6,24,0.760302,11.1429,20.7774,23.81,0.086454,0.047174,1,0.166667
E3,tech_facility,7,24,0.739893,11.1429,20.7774,28.57,0.086365,0.047148,2,0.285714
E3,tech_coverage,3,25,0.623016,5.21182,22.5504,20.00,0.179862,0.043693,1,0.333333
E3,tech_coverage,4,25,0.545455,5.21182,22.5504,26.32,0.178502,0.043613,2,0.500000
E3,tech_coverage,5,25,0.636836,5.21182,22.5504,28.89,0.177700,0.043566,2,0.400000
E3,tech_coverage,6,25,0.660428,5.21182,22.5504,33.33,0.177171,0.043534,3,0.500000
E3,tech_coverage,7,25,0.783471,5.21182,22.5504,35.71,0.176795,0.043511,3,0.428571
E3,tech_diversity,3,25,0.823124,28.6565,59.3452,16.67,0.034492,0.016756,0,0.000000
E3,tech_diversity,4,25,0.841463,28.6565,59.3452,26.32,0.034442,0.016744,0,0.000000
E3,tech_diversity,5,25,0.807204,28.6565,59.3452,35.56,0.034412,0.016737,1,0.200000
E3,tech_diversity,6,25,0.964467,28.6565,59.3452,41.18,0.034393,0.016733,1,0.166667
E3,tech_diversity,7,25,0.902655,28.6565,59.3452,46.43,0.034379,0.016729,2,0.285714
E3,tech_facility,3,25,0.579448,28.6565,37.5736,16.67,0.034492,0.026379,1,0.333333
E3,tech_facility,4,25,0.518519,28.6565,37.5736,21.05,0.034442,0.026350,2,0.500000
E3,tech_facility,5,25,0.554473,28.6565,37.5736,22.22,0.034412,0.026333,2,0.400000
E3,tech_facility,6,25,0.558824,28.6565,37.5736,23.53,0.034393,0.026321,3,0.500000
E3,tech_facility,7,25,0.570874,28.6565,37.5736,23.21,0.034379,0.026313,4,0.571429
E3,tech_coverage,3,26,1.000000,1.1741,8.51254,1.67,0.632793,0.112934,0,0.000000
E3,tech_coverage,4,26,0.892633,5.27747,9.39785,7.69,0.176441,0.102236,0,0.000000
E3,tech_coverage,5,26,0.782123,5.27747,11.7686,11.58,0.175657,0.082132,1,0.200000
E3,tech_coverage,6,26,0.802475,5.27747,11.97,13.51,0.175140,0.080687,1,0.166667
E3,tech_coverage,7,26,0.762185,5.27747,15.9767,18.25,0.174773,0.060937,2,0.285714
E3,tech_diversity,3,26,0.514078,16.5671,34.0911,0.00,0.059154,0.029047,0,0.000000
E3,tech_diversity,4,26,0.460436,17.2471,34.0911,0.00,0.056732,0.029012,0,0.000000
E3,tech_diversity,5,26,0.540839,17.2471,34.0911,0.00,0.056651,0.028991,0,0.000000
E3,tech_diversity,6,26,0.591865,17.2471,34.0911,0.00,0.056598,0.028977,0,0.000000
E3,tech_diversity,7,26,0.702796,17.2471,34.0911,0.00,0.056560,0.028967,0,0.000000
E3,tech_facility,3,26,0.547241,18.6548,41.2979,0.00,0.052653,0.024019,0,0.000000
E3,tech_facility,4,26,0.527458,18.6548,41.2979,0.00,0.052538,0.023995,0,0.000000
E3,tech_facility,5,26,0.474194,18.6548,41.2979,1.05,0.052468,0.023981,1,0.200000
E3,tech_facility,6,26,0.524834,18.6548,41.2979,0.90,0.052422,0.023971,1,0.166667
E3,tech_facility,7,26,0.539237,18.6548,41.2979,0.79,0.052390,0.023964,1,0.142857
E3,tech_coverage,3,27,0.991605,1.17959,8.56207,0.00,0.630756,0.112306,0,0.000000
E3,tech_coverage,4,27,0.873581,3.50381,32.5602,0.00,0.256285,0.030360,0,0.000000
E3,tech_coverage,5,27,0.756114,3.50381,37.74,2.61,0.254629,0.026218,1,0.200000
E3,tech_coverage,6,27,0.667950,3.50381,39.8922,4.44,0.253541,0.024807,2,0.333333
E3,tech_coverage,7,27,0.707456,3.50381,39.8922,5.84,0.252772,0.024800,2,0.285714
E3,tech_diversity,3,27,0.613027,5.07471,28.1326,0.00,0.184395,0.035126,0,0.000000
E3,tech_diversity,4,27,0.593252,5.07471,28.1326,0.00,0.182966,0.035075,0,0.000000
E3,tech_diversity,5,27,0.521137,718.714,28.1326,0.00,0.001391,0.035044,0,0.000000
E3,tech_diversity,6,27,0.609092,718.714,28.1326,0.00,0.001391,0.035024,0,0.000000
E3,tech_diversity,7,27,0.646852,718.714,29.7421,2.60,0.001391,0.033142,0,0.000000
E3,tech_facility,3,27,0.633737,5.16632,25.6002,0.00,0.181341,0.038556,0,0.000000
E3,tech_facility,4,27,0.528974,170.515,25.6002,0.00,0.005852,0.038494,0,0.000000
E3,tech_facility,5,27,0.672101,170.515,25.6002,0.00,0.005851,0.038457,0,0.000000
E3,tech_facility,6,27,0.644686,170.515,25.6002,0.00,0.005850,0.038432,0,0.000000
E3,tech_facility,7,27,0.732353,170.515,25.6002,2.60,0.005850,0.038414,0,0.000000
E3,tech_coverage,3,28,0.686321,2.06088,10.5484,0.00,0.410979,0.091837,0,0.000000
E3,tech_coverage,4,28,0.719276,2.06088,11.7752,0.00,0.403861,0.082258,0,0.000000
E3,tech_coverage,5,28,0.671294,4.22933,17.2263,2.00,0.215114,0.056718,0,0.000000
E3,tech_coverage,6,28,0.719216,4.22933,21.9515,4.27,0.214338,0.044699,0,0.000000
E3,tech_coverage,7,28,0.659739,4.22933,27.811,9.02,0.213788,0.035408,1,0.142857
E3,tech_diversity,3,28,0.479427,3.00277,22.1194,0.00,0.297425,0.044531,0,0.000000
E3,tech_diversity,4,28,0.446003,5.4174,22.1194,1.22,0.172201,0.044448,0,0.000000
E3,tech_diversity,5,28,0.544171,5.4174,22.1194,2.00,0.171455,0.044399,0,0.000000
E3,tech_diversity,6,28,0.518058,13.8942,28.4806,2.56,0.069848,0.034602,0,0.000000
E3,tech_diversity,7,28,0.512633,13.8942,28.4806,4.51,0.069790,0.034588,0,0.000000
E3,tech_facility,3,28,0.688408,2.95427,26.437,0.00,0.301737,0.037351,0,0.000000
E3,tech_facility,4,28,0.741192,2.95427,26.437,0.00,0.297899,0.037293,0,0.000000
E3,tech_facility,5,28,0.714560,3.54388,29.5266,1.00,0.252075,0.033412,0,0.000000
E3,tech_facility,6,28,0.679725,9.34773,29.5266,5.98,0.102321,0.033393,0,0.000000
E3,tech_facility,7,28,0.677726,9.34773,29.5266,10.53,0.102196,0.033380,0,0.000000
E3,tech_coverage,3,29,0.693440,8.92854,43.9854,6.67,0.107871,0.022563,1,0.333333
E3,tech_coverage,4,29,0.621429,8.92854,44.9795,12.07,0.107384,0.022048,2,0.500000
E3,tech_coverage,5,29,0.643927,8.92854,44.9795,14.29,0.107094,0.022036,2,0.400000
E3,tech_coverage,6,29,0.600000,8.92854,44.9795,19.75,0.106902,0.022027,3,0.500000
E3,tech_coverage,7,29,0.605071,8.92854,44.9795,23.08,0.106765,0.022022,4,0.571429
E3,tech_diversity,3,29,0.678521,13.4301,38.2111,4.44,0.072627,0.025943,1,0.333333
E3,tech_diversity,4,29,0.627541,13.4301,38.2111,3.45,0.072406,0.025915,1,0.250000
E3,tech_diversity,5,29,0.693167,13.4301,38.2111,7.14,0.072275,0.025898,1,0.200000
E3,tech_diversity,6,29,0.618667,13.4301,38.2111,13.58,0.072187,0.025887,2,0.333333
E3,tech_diversity,7,29,0.687867,13.4301,38.2111,17.58,0.072125,0.025879,2,0.285714
E3,tech_facility,3,29,0.935356,1.48243,34.3671,11.11,0.534255,0.028816,0,0.000000
E3,tech_facility,4,29,0.829995,1.48243,34.3671,24.14,0.522302,0.028782,1,0.250000
E3,tech_facility,5,29,0.748872,1.48243,34.3671,30.00,0.515495,0.028761,2,0.400000
E3,tech_facility,6,29,0.719243,12.0963,34.3671,34.57,0.079874,0.028747,2,0.333333
E3,tech_facility,7,29,0.719389,12.0963,34.3671,38.46,0.079798,0.028737,3,0.428571
E3,tech_coverage,3,30,0.595898,17.2646,20.4334,11.90,0.056811,0.048145,0,0.000000
E3,tech_coverage,4,30,0.688305,17.2646,20.5,16.67,0.056676,0.047895,0,0.000000
E3,tech_coverage,5,30,0.734683,17.2646,20.9859,21.54,0.056596,0.046751,0,0.000000
E3,tech_coverage,6,30,0.690141,17.2646,24.9167,28.00,0.056542,0.039469,1,0.166667
E3,tech_coverage,7,30,0.661456,17.2646,24.9167,32.14,0.056504,0.039450,2,0.285714
E3,tech_diversity,3,30,0.750947,17.0428,46.3116,7.14,0.057536,0.021438,0,0.000000
E3,tech_diversity,4,30,0.809590,17.0428,46.3116,14.81,0.057397,0.021419,0,0.000000
E3,tech_diversity,5,30,0.736537,513.174,46.3116,23.08,0.001947,0.021407,0,0.000000
E3,tech_diversity,6,30,0.756972,513.174,46.3116,29.33,0.001947,0.021400,0,0.000000
E3,tech_diversity,7,30,0.763933,513.174,46.3116,34.52,0.001947,0.021394,1,0.142857
E3,tech_facility,3,30,0.760773,60.5401,25.6682,14.29,0.016427,0.038455,0,0.000000
E3,tech_facility,4,30,0.634207,60.5401,25.6682,20.37,0.016416,0.038393,1,0.250000
E3,tech_facility,5,30,0.717432,60.5401,25.6682,23.08,0.016409,0.038356,1,0.200000
E3,tech_facility,6,30,0.649057,60.5401,25.6682,26.67,0.016405,0.038332,2,0.333333
E3,tech_facility,7,30,0.640898,60.5401,25.6682,29.76,0.016402,0.038314,3,0.428571
E3,tech_coverage,3,31,1.000000,1.16667,8.53015,0.00,0.635569,0.112710,0,0.000000
E3,tech_coverage,4,31,1.000000,1.16667,12.1081,0.00,0.618883,0.080066,0,0.000000
E3,tech_coverage,5,31,1.000000,1.16667,21.4914,0.49,0.609474,0.045672,0,0.000000
E3,tech_coverage,6,31,0.923994,33.0616,37.7707,1.65,0.029868,0.026185,0,0.000000
E3,tech_coverage,7,31,0.874027,33.0616,37.7707,2.87,0.029857,0.026177,0,0.000000
E3,tech_diversity,3,31,0.760385,2.87672,28.0294,0.00,0.308895,0.035254,0,0.000000
E3,tech_diversity,4,31,0.692579,6.30322,30.1403,0.00,0.149458,0.032768,0,0.000000
E3,tech_diversity,5,31,0.698354,6.30322,32.6591,0.00,0.148896,0.030247,0,0.000000
E3,tech_diversity,6,31,0.698192,6.30322,32.6591,0.00,0.148524,0.030231,0,0.000000
E3,tech_diversity,7,31,0.662842,14.218,32.6591,0.00,0.068248,0.030220,0,0.000000
E3,tech_facility,3,31,1.000000,1.16667,45.7483,0.00,0.635569,0.021700,0,0.000000
E3,tech_facility,4,31,1.000000,1.16667,45.7483,0.00,0.618883,0.021680,0,0.000000
E3,tech_facility,5,31,0.979394,1.21934,45.7483,0.49,0.591708,0.021668,0,0.000000
E3,tech_facility,6,31,0.911648,10.7984,45.7483,2.06,0.089106,0.021661,0,0.000000
E3,tech_facility,7,31,0.858760,10.7984,45.7483,3.21,0.089011,0.021655,0,0.000000
E3,tech_coverage,3,32,0.917461,1.88346,17.9528,0.00,0.442516,0.054674,0,0.000000
E3,tech_coverage,4,32,0.849837,4.07678,17.9528,0.82,0.223637,0.054549,0,0.000000
E3,tech_coverage,5,32,0.790801,9.3577,24.3929,4.03,0.102392,0.040329,0,0.000000
E3,tech_coverage,6,32,0.735540,9.3577,24.3929,6.86,0.102217,0.040302,1,0.166667
E3,tech_coverage,7,32,0.695803,9.3577,24.3929,9.00,0.102092,0.040282,2,0.285714
E3,tech_diversity,3,32,0.979954,1.14487,38.0835,1.08,0.643831,0.026029,0,0.000000
E3,tech_diversity,4,32,0.898470,5.31265,38.0835,2.46,0.175356,0.026001,0,0.000000
E3,tech_diversity,5,32,0.821214,5.31265,38.0835,6.00,0.174581,0.025984,1,0.200000
E3,tech_diversity,6,32,0.766864,5.31265,38.0835,7.91,0.174071,0.025972,2,0.333333
E3,tech_diversity,7,32,0.737742,9.86874,38.0835,8.87,0.097034,0.025964,2,0.285714
E3,tech_facility,3,32,0.914475,2.26677,32.0776,0.00,0.379464,0.030852,0,0.000000
E3,tech_facility,4,32,0.923174,2.26677,39.0378,2.46,0.373393,0.025371,0,0.000000
E3,tech_facility,5,32,0.845837,2.26677,39.0378,4.67,0.369880,0.025355,1,0.200000
E3,tech_facility,6,32,0.793654,56.3358,39.0378,6.21,0.017620,0.025344,1,0.166667
E3,tech_facility,7,32,0.752058,56.3358,39.0378,7.88,0.017616,0.025337,2,0.285714
E3,tech_coverage,3,33,0.864891,2.10637,18.9777,5.88,0.403584,0.051773,0,0.000000
E3,tech_coverage,4,33,0.738480,2.10637,24.278,12.12,0.396719,0.040558,1,0.250000
E3,tech_coverage,5,33,0.684052,19.3598,24.278,15.00,0.050597,0.040517,1,0.200000
E3,tech_coverage,6,33,0.638410,19.3598,27.1978,18.28,0.050555,0.036209,2,0.333333
E3,tech_coverage,7,33,0.594342,19.3598,70.2523,20.00,0.050524,0.014148,3,0.428571
E3,tech_diversity,3,33,0.682358,2.84424,34.5192,0.00,0.311993,0.028691,0,0.000000
E3,tech_diversity,4,33,0.602501,2.84424,34.5192,1.52,0.307889,0.028656,1,0.250000
E3,tech_diversity,5,33,0.618654,3.67025,34.5192,1.25,0.244342,0.028636,1,0.200000
E3,tech_diversity,6,33,0.736065,3.67025,34.5192,2.15,0.243340,0.028622,1,0.166667
E3,tech_diversity,7,33,0.753400,3.67025,39.606,6.67,0.242632,0.024977,1,0.142857
E3,tech_facility,3,33,0.485232,66.5154,29.5761,0.00,0.014959,0.033431,0,0.000000
E3,tech_facility,4,33,0.522874,66.5154,29.5761,0.00,0.014950,0.033385,0,0.000000
E3,tech_facility,5,33,0.616721,66.5154,29.5761,0.00,0.014944,0.033357,0,0.000000
E3,tech_facility,6,33,0.610501,66.5154,29.5761,2.15,0.014940,0.033338,0,0.000000
E3,tech_facility,7,33,0.593269,66.5154,32.9591,5.71,0.014938,0.029949,0,0.000000
E3,tech_coverage,3,34,0.914751,1.55073,19.2485,1.39,0.516176,0.051058,0,0.000000
E3,tech_coverage,4,34,0.996132,1.55073,23.5432,4.26,0.505002,0.041803,0,0.000000
E3,tech_coverage,5,34,0.984156,1.55073,23.5432,11.30,0.498626,0.041760,0,0.000000
E3,tech_coverage,6,34,0.912404,1.55073,61.0409,17.78,0.494503,0.016271,1,0.166667
E3,tech_coverage,7,34,0.847791,1.55073,61.0409,22.08,0.491618,0.016268,2,0.285714
E3,tech_diversity,3,34,0.433186,12.6666,24.4489,0.00,0.076889,0.040347,0,0.000000
E3,tech_diversity,4,34,0.392203,35.4851,49.1275,0.00,0.027884,0.020200,0,0.000000
E3,tech_diversity,5,34,0.359104,136.696,49.1275,0.00,0.007294,0.020190,0,0.000000
E3,tech_diversity,6,34,0.591237,136.696,49.1275,0.00,0.007293,0.020183,0,0.000000
E3,tech_diversity,7,34,0.590440,136.696,49.1275,0.00,0.007293,0.020178,0,0.000000
E3,tech_facility,3,34,0.582711,5.25713,59.0772,0.00,0.178412,0.016832,0,0.000000
E3,tech_facility,4,34,0.514035,5.25713,59.0772,1.06,0.177074,0.016820,1,0.250000
E3,tech_facility,5,34,0.480412,20.892,59.0772,0.87,0.046957,0.016813,1,0.200000
E3,tech_facility,6,34,0.504696,20.892,59.0772,0.74,0.046921,0.016808,1,0.166667
E3,tech_facility,7,34,0.481305,52.4265,59.0772,0.65,0.018919,0.016805,1,0.142857
E3,tech_coverage,3,35,0.957251,1.24749,17.3138,3.51,0.606493,0.056652,0,0.000000
E3,tech_coverage,4,35,0.820847,1.24749,46.1753,9.46,0.591222,0.021481,1,0.250000
E3,tech_coverage,5,35,0.744278,19.6711,70.3103,13.33,0.049813,0.014142,1,0.200000
E3,tech_coverage,6,35,0.683105,19.6711,70.3103,17.14,0.049771,0.014139,2,0.333333
E3,tech_coverage,7,35,0.646060,19.6711,70.3103,19.33,0.049742,0.014136,3,0.428571
E3,tech_diversity,3,35,0.738856,3.13044,43.8939,0.00,0.286637,0.022610,0,0.000000
E3,tech_diversity,4,35,0.651000,14.646,43.8939,0.00,0.066550,0.022588,0,0.000000
E3,tech_diversity,5,35,0.604050,14.646,43.8939,1.11,0.066439,0.022576,0,0.000000
E3,tech_diversity,6,35,0.570429,14.646,43.8939,2.86,0.066365,0.022567,1,0.166667
E3,tech_diversity,7,35,0.622046,14.646,43.8939,5.04,0.066312,0.022561,1,0.142857
E3,tech_facility,3,35,0.675621,34.0163,41.6309,0.00,0.029111,0.023829,0,0.000000
E3,tech_facility,4,35,0.604938,34.0163,41.6309,0.00,0.029075,0.023805,0,0.000000
E3,tech_facility,5,35,0.750670,34.0163,41.6309,1.11,0.029054,0.023791,0,0.000000
E3,tech_facility,6,35,0.709794,34.0163,41.6309,6.67,0.029040,0.023781,1,0.166667
E3,tech_facility,7,35,0.665909,34.0163,41.6309,10.92,0.029030,0.023775,2,0.285714
E3,tech_coverage,3,36,0.666933,2.51327,25.1273,6.67,0.347449,0.039272,0,0.000000
E3,tech_coverage,4,36,0.541436,2.51327,40.0687,15.79,0.342359,0.024725,1,0.250000
E3,tech_coverage,5,36,0.528053,2.51327,40.0687,20.00,0.339404,0.024709,2,0.400000
E3,tech_coverage,6,36,0.549814,2.51327,40.0687,21.57,0.337473,0.024699,3,0.500000
E3,tech_coverage,7,36,0.669399,2.51327,40.0687,21.43,0.336113,0.024692,3,0.428571
E3,tech_diversity,3,36,0.643599,1.44309,15.9364,3.33,0.545218,0.061446,1,0.333333
E3,tech_diversity,4,36,0.546667,1.44309,16.974,13.16,0.532782,0.057625,2,0.500000
E3,tech_diversity,5,36,0.586081,7,16.974,17.78,0.134924,0.057542,2,0.400000
E3,tech_diversity,6,36,0.569996,7,16.974,23.53,0.134619,0.057486,3,0.500000
E3,tech_diversity,7,36,0.694332,7,16.974,26.79,0.134402,0.057447,3,0.428571
E3,tech_facility,3,36,0.498983,3.14516,44.4337,6.67,0.285442,0.022337,1,0.333333
E3,tech_facility,4,36,0.455696,13.5883,44.4337,7.89,0.071587,0.022316,1,0.250000
E3,tech_facility,5,36,0.672551,13.5883,44.4337,11.11,0.071458,0.022304,1,0.200000
E3,tech_facility,6,36,0.663154,13.5883,44.4337,17.65,0.071373,0.022295,2,0.333333
E3,tech_facility,7,36,0.721168,13.5883,44.4337,21.43,0.071312,0.022290,3,0.428571
E3,tech_coverage,3,37,0.701277,2882.24,6.70068,6.06,0.000347,0.141938,0,0.000000
E3,tech_coverage,4,37,0.732378,2882.24,6.70068,11.90,0.000347,0.141092,0,0.000000
E3,tech_coverage,5,37,0.631206,2882.24,6.70068,18.00,0.000347,0.140592,1,0.200000
E3,tech_coverage,6,37,0.619807,2882.24,6.70068,21.05,0.000347,0.140261,2,0.333333
E3,tech_coverage,7,37,0.686002,2882.24,6.70068,22.22,0.000347,0.140025,2,0.285714
E3,tech_diversity,3,37,0.541571,8.03204,16.3693,0.00,0.119406,0.059854,0,0.000000
E3,tech_diversity,4,37,0.488524,50.7956,23.7652,4.76,0.019542,0.041419,0,0.000000
E3,tech_diversity,5,37,0.550847,50.7956,24.946,8.00,0.019532,0.039449,0,0.000000
E3,tech_diversity,6,37,0.557470,50.7956,24.946,12.28,0.019526,0.039423,1,0.166667
E3,tech_diversity,7,37,0.582124,60.1887,24.946,14.29,0.016497,0.039404,1,0.142857
E3,tech_facility,3,37,0.562366,8.03204,18.708,0.00,0.119406,0.052506,0,0.000000
E3,tech_facility,4,37,0.487062,8.03204,26.2543,4.76,0.118808,0.037548,1,0.250000
E3,tech_facility,5,37,0.572770,8.03204,26.2543,6.00,0.118454,0.037513,1,0.200000
E3,tech_facility,6,37,0.665649,8.03204,34.8677,7.02,0.118219,0.028339,1,0.166667
E3,tech_facility,7,37,0.849587,8.03204,34.8677,12.70,0.118052,0.028330,1,0.142857
E3,tech_coverage,3,38,0.545219,3.8867,48.6885,5.56,0.235853,0.020398,1,0.333333
E3,tech_coverage,4,38,0.484659,19.0713,61.1475,5.71,0.051413,0.016254,1,0.250000
E3,tech_coverage,5,38,0.558975,19.0713,63.7101,7.06,0.051347,0.015598,1,0.200000
E3,tech_coverage,6,38,0.530806,19.0713,79.2947,10.10,0.051302,0.012545,1,0.166667
E3,tech_coverage,7,38,0.572553,19.0713,95.1371,12.50,0.051271,0.010464,1,0.142857
E3,tech_diversity,3,38,0.779436,2.23636,69.868,9.26,0.383817,0.014245,0,0.000000
E3,tech_diversity,4,38,0.663114,2.23636,69.868,17.14,0.377606,0.014236,1,0.250000
E3,tech_diversity,5,38,0.704932,2.23636,69.868,22.35,0.374014,0.014231,1,0.200000
E3,tech_diversity,6,38,0.726923,2.27251,69.868,28.28,0.366828,0.014228,1,0.166667
E3,tech_diversity,7,38,0.682503,2.27251,69.868,33.04,0.365223,0.014225,2,0.285714
E3,tech_facility,3,38,0.815594,1.78929,24.495,12.96,0.461231,0.040272,0,0.000000
E3,tech_facility,4,38,0.678353,1.78929,41.081,18.57,0.452281,0.024121,1,0.250000
E3,tech_facility,5,38,0.590282,1.78929,41.081,23.53,0.447145,0.024106,2,0.400000
E3,tech_facility,6,38,0.545672,1.78929,41.081,25.25,0.443812,0.024097,3,0.500000
E3,tech_facility,7,38,0.580160,2.15803,41.081,25.89,0.380867,0.024090,3,0.428571
E3,tech_coverage,3,39,0.804435,1,28.0324,11.11,0.703704,0.035250,1,0.333333
E3,tech_coverage,4,39,0.724490,25.4459,41.8416,13.04,0.038724,0.023686,1,0.250000
E3,tech_coverage,5,39,0.794760,25.4459,42.0247,16.36,0.038686,0.023570,1,0.200000
E3,tech_coverage,6,39,0.744545,25.4459,57.9989,23.81,0.038661,0.017118,2,0.333333
E3,tech_coverage,7,39,0.719233,25.4459,62.9269,28.57,0.038643,0.015784,3,0.428571
E3,tech_diversity,3,39,0.540517,11.5432,23.5865,0.00,0.084153,0.041801,0,0.000000
E3,tech_diversity,4,39,0.794436,11.5432,27.3679,0.00,0.083857,0.036042,0,0.000000
E3,tech_diversity,5,39,0.882353,11.5432,27.3679,9.09,0.083681,0.036009,0,0.000000
E3,tech_diversity,6,39,1.000000,11.5432,27.3679,19.05,0.083564,0.035987,0,0.000000
E3,tech_diversity,7,39,1.000000,11.5432,27.3679,27.14,0.083480,0.035972,1,0.142857
E3,tech_facility,3,39,0.791667,2.40046,66.8838,0.00,0.361416,0.014877,0,0.000000
E3,tech_facility,4,39,0.711645,58.0905,66.8838,6.52,0.017104,0.014868,0,0.000000
E3,tech_facility,5,39,0.677778,58.0905,66.8838,10.91,0.017096,0.014862,0,0.000000
E3,tech_facility,6,39,0.695876,72.6416,66.8838,14.29,0.013687,0.014858,0,0.000000
E3,tech_facility,7,39,0.709391,72.6416,66.8838,17.14,0.013685,0.014856,1,0.142857
E3,tech_coverage,3,40,0.849736,1.77141,7.88979,0.00,0.464958,0.121467,0,0.000000
E3,tech_coverage,4,40,0.899818,1.77141,10.4092,0.98,0.455863,0.092663,0,0.000000
E3,tech_coverage,5,40,0.822199,4.25568,19.0109,5.60,0.213907,0.051506,0,0.000000
E3,tech_coverage,6,40,0.751396,13.8228,29.9492,8.84,0.070198,0.032929,0,0.000000
E3,tech_coverage,7,40,0.786073,13.8228,50.3431,11.31,0.070140,0.019695,0,0.000000
E3,tech_diversity,3,40,0.640630,3.85487,16.4209,0.00,0.237627,0.059670,0,0.000000
E3,tech_diversity,4,40,0.575758,5.76718,17.3479,0.00,0.162443,0.056410,0,0.000000
E3,tech_diversity,5,40,0.533861,7.52036,17.3479,0.80,0.126085,0.056330,0,0.000000
E3,tech_diversity,6,40,0.554721,7.52036,20.4493,1.36,0.125819,0.047916,0,0.000000
E3,tech_diversity,7,40,0.627097,7.52036,20.4493,1.79,0.125630,0.047889,0,0.000000
E3,tech_facility,3,40,0.840622,1.70258,30.3002,0.00,0.479856,0.032641,0,0.000000
E3,tech_facility,4,40,0.726300,8.36808,30.3002,0.98,0.114252,0.032597,0,0.000000
E3,tech_facility,5,40,0.746124,8.36808,30.3002,2.40,0.113924,0.032570,0,0.000000
E3,tech_facility,6,40,0.649988,8.36808,32.112,4.08,0.113707,0.030740,1,0.166667
E3,tech_facility,7,40,0.587096,8.36808,32.112,4.76,0.113553,0.030728,2,0.285714
E3,tech_coverage,3,41,0.819699,1.62653,7.91514,0.00,0.497418,0.121094,0,0.000000
E3,tech_coverage,4,41,0.706843,17.9889,27.3015,0.00,0.054442,0.036128,0,0.000000
E3,tech_coverage,5,41,0.643579,17.9889,27.3015,1.11,0.054368,0.036095,0,0.000000
E3,tech_coverage,6,41,0.662730,17.9889,31.7346,7.62,0.054318,0.031101,0,0.000000
E3,tech_coverage,7,41,0.608511,17.9889,51.0012,12.71,0.054283,0.019443,1,0.142857
E3,tech_diversity,3,41,0.663572,3.36589,18.8545,0.00,0.268647,0.052106,0,0.000000
E3,tech_diversity,4,41,0.598062,5.35561,33.7264,0.00,0.174048,0.029322,0,0.000000
E3,tech_diversity,5,41,0.551519,6.75706,33.7264,0.00,0.139488,0.029301,0,0.000000
E3,tech_diversity,6,41,0.513073,11.7662,36.7607,0.95,0.082036,0.026897,0,0.000000
E3,tech_diversity,7,41,0.528822,11.7662,36.7607,5.04,0.081956,0.026888,0,0.000000
E3,tech_facility,3,41,0.604534,4.55794,28.9216,0.00,0.203744,0.034179,0,0.000000
E3,tech_facility,4,41,0.540230,7.74311,28.9216,0.00,0.123026,0.034130,0,0.000000
E3,tech_facility,5,41,0.504051,7.74311,28.9216,0.00,0.122646,0.034101,0,0.000000
E3,tech_facility,6,41,0.585933,7.74311,28.9216,0.00,0.122394,0.034082,0,0.000000
E3,tech_facility,7,41,0.624109,7.74311,36.9505,2.52,0.122215,0.026751,0,0.000000
E3,tech_coverage,3,42,0.837000,2.04348,12.1581,11.11,0.413877,0.080015,0,0.000000
E3,tech_coverage,4,42,0.706977,2.04348,12.1581,21.74,0.406659,0.079747,1,0.250000
E3,tech_coverage,5,42,0.611765,2.04348,12.1581,27.27,0.402497,0.079588,2,0.400000
E3,tech_coverage,6,42,0.678083,2.04348,12.1581,30.16,0.399789,0.079482,2,0.333333
E3,tech_coverage,7,42,0.760593,2.04348,12.1581,34.29,0.397886,0.079407,2,0.285714
E3,tech_diversity,3,42,0.536538,2.55072,55.8597,0.00,0.343044,0.017795,0,0.000000
E3,tech_diversity,4,42,0.611367,2.55072,55.8597,6.52,0.338082,0.017782,0,0.000000
E3,tech_diversity,5,42,0.584158,11.6417,55.8597,12.73,0.082997,0.017774,0,0.000000
E3,tech_diversity,6,42,0.673560,11.6417,55.8597,19.05,0.082881,0.017769,0,0.000000
E3,tech_diversity,7,42,0.661151,11.6417,55.8597,24.29,0.082799,0.017765,1,0.142857
E3,tech_facility,3,42,0.452517,9.02802,23.2582,0.00,0.106727,0.042382,0,0.000000
E3,tech_facility,4,42,0.656525,9.02802,23.2582,2.17,0.106250,0.042307,0,0.000000
E3,tech_facility,5,42,0.687831,9.02802,23.2582,12.73,0.105966,0.042262,0,0.000000
E3,tech_facility,6,42,0.822642,9.02802,23.2582,20.63,0.105778,0.042233,0,0.000000
E3,tech_facility,7,42,0.812748,9.02802,23.2582,27.14,0.105645,0.042211,1,0.142857
E3,tech_coverage,3,43,0.564351,23.7124,36.8899,0.00,0.041582,0.026863,0,0.000000
E3,tech_coverage,4,43,0.614039,23.7124,36.8899,0.00,0.041510,0.026833,0,0.000000
E3,tech_coverage,5,43,0.603175,23.7124,51.0958,1.25,0.041467,0.019418,0,0.000000
E3,tech_coverage,6,43,0.663326,23.7124,51.0958,2.15,0.041438,0.019412,0,0.000000
E3,tech_coverage,7,43,0.630573,23.7124,51.0958,9.52,0.041417,0.019408,1,0.142857
E3,tech_diversity,3,43,0.795124,1.94043,103.138,0.00,0.431891,0.009664,0,0.000000
E3,tech_diversity,4,43,0.890567,1.94043,103.138,4.55,0.424035,0.009661,0,0.000000
E3,tech_diversity,5,43,0.913768,1.94043,103.138,15.00,0.419513,0.009658,0,0.000000
E3,tech_diversity,6,43,0.830493,1.94043,103.138,24.73,0.416574,0.009657,1,0.166667
E3,tech_diversity,7,43,0.931900,1.94043,103.138,31.43,0.414511,0.009656,1,0.142857
E3,tech_facility,3,43,0.628716,10.1633,62.3655,0.00,0.095201,0.015949,0,0.000000
E3,tech_facility,4,43,0.586672,10.1633,62.3655,0.00,0.094822,0.015938,0,0.000000
E3,tech_facility,5,43,0.574419,10.1633,62.3655,1.25,0.094596,0.015932,0,0.000000
E3,tech_facility,6,43,0.561768,10.1633,62.3655,3.23,0.094446,0.015928,0,0.000000
E3,tech_facility,7,43,0.558333,32.2666,62.3655,4.76,0.030583,0.015925,0,0.000000
E3,tech_coverage,3,44,0.797849,2.02449,6.58137,4.76,0.417085,0.144378,0,0.000000
E3,tech_coverage,4,44,0.666436,2.02449,22.4672,11.11,0.409756,0.043772,1,0.250000
E3,tech_coverage,5,44,0.725448,2.02449,22.4672,15.38,0.405531,0.043724,1,0.200000
E3,tech_coverage,6,44,0.752000,2.02449,24.2717,21.33,0.402782,0.040499,1,0.166667
E3,tech_coverage,7,44,0.801841,2.02449,24.2717,27.38,0.400851,0.040480,1,0.142857
E3,tech_diversity,3,44,0.278250,32.9371,52.5287,0.00,0.030055,0.018917,0,0.000000
E3,tech_diversity,4,44,0.364381,32.9371,52.5287,0.00,0.030017,0.018902,0,0.000000
E3,tech_diversity,5,44,0.378536,32.9371,52.5287,0.00,0.029994,0.018893,0,0.000000
E3,tech_diversity,6,44,0.506944,32.9371,52.5287,0.00,0.029979,0.018887,0,0.000000
E3,tech_diversity,7,44,0.505933,32.9371,52.5287,4.76,0.029969,0.018883,1,0.142857
E3,tech_facility,3,44,0.278250,30.3966,42.3351,0.00,0.032539,0.023436,0,0.000000
E3,tech_facility,4,44,0.328389,30.3966,42.3351,0.00,0.032495,0.023413,0,0.000000
E3,tech_facility,5,44,0.323347,30.3966,42.3351,0.00,0.032468,0.023399,0,0.000000
E3,tech_facility,6,44,0.427481,30.3966,42.3351,0.00,0.032451,0.023390,0,0.000000
E3,tech_facility,7,44,0.438783,38.1223,42.3351,0.00,0.025938,0.023383,0,0.000000
E3,tech_coverage,3,45,0.593735,4.66284,12.4091,0.00,0.199496,0.078441,0,0.000000
E3,tech_coverage,4,45,0.720362,4.66284,21.894,10.00,0.197822,0.044898,0,0.000000
E3,tech_coverage,5,45,0.595875,4.66284,21.894,18.33,0.196836,0.044848,1,0.200000
E3,tech_coverage,6,45,0.543307,4.66284,21.894,23.19,0.196187,0.044814,2,0.333333
E3,tech_coverage,7,45,0.649380,4.66284,21.894,25.97,0.195726,0.044790,2,0.285714
E3,tech_diversity,3,45,0.453045,22.5561,54.4416,0.00,0.043682,0.018256,0,0.000000
E3,tech_diversity,4,45,0.425668,22.5561,54.4416,0.00,0.043602,0.018242,0,0.000000
E3,tech_diversity,5,45,0.542986,22.5561,54.4416,5.00,0.043555,0.018234,0,0.000000
E3,tech_diversity,6,45,0.520548,22.5561,54.4416,10.14,0.043523,0.018228,0,0.000000
E3,tech_diversity,7,45,0.615855,22.5561,54.4416,14.29,0.043500,0.018224,0,0.000000
E3,tech_facility,3,45,0.453045,22.5561,34.0201,0.00,0.043682,0.029107,0,0.000000
E3,tech_facility,4,45,0.401345,31.0517,39.5183,0.00,0.031818,0.025066,0,0.000000
E3,tech_facility,5,45,0.496324,31.0517,39.5183,1.67,0.031792,0.025050,0,0.000000
E3,tech_facility,6,45,0.446512,31.0517,41.7443,5.80,0.031775,0.023718,1,0.166667
E3,tech_facility,7,45,0.607301,31.0517,41.7443,10.39,0.031763,0.023711,1,0.142857
E3,tech_coverage,3,46,0.673230,8.29577,24.1017,11.76,0.115765,0.040920,0,0.000000
E3,tech_coverage,4,46,0.599619,8.29577,48.0532,16.67,0.115203,0.020648,1,0.250000
E3,tech_coverage,5,46,0.663357,8.29577,48.0532,18.75,0.114869,0.020638,1,0.200000
E3,tech_coverage,6,46,0.597266,8.29577,71.7804,22.58,0.114649,0.013851,2,0.333333
E3,tech_coverage,7,46,0.652952,8.29577,71.7804,24.76,0.114492,0.013848,2,0.285714
E3,tech_diversity,3,46,0.562426,4.79271,29.3955,0.00,0.194475,0.033635,0,0.000000
E3,tech_diversity,4,46,0.517172,18.1038,53.0819,0.00,0.054103,0.018706,0,0.000000
E3,tech_diversity,5,46,0.639835,18.1038,53.0819,0.00,0.054030,0.018697,0,0.000000
E3,tech_diversity,6,46,0.628858,18.1038,53.0819,6.45,0.053981,0.018692,0,0.000000
E3,tech_diversity,7,46,0.691696,18.1038,53.0819,11.43,0.053947,0.018687,0,0.000000
E3,tech_facility,3,46,0.504112,12.3233,41.923,0.00,0.078972,0.023664,0,0.000000
E3,tech_facility,4,46,0.506508,12.3233,41.923,0.00,0.078711,0.023641,0,0.000000
E3,tech_facility,5,46,0.476045,76.3596,41.923,0.00,0.013028,0.023627,0,0.000000
E3,tech_facility,6,46,0.466025,76.3596,41.923,0.00,0.013025,0.023617,0,0.000000
E3,tech_facility,7,46,0.463332,76.3596,42.3547,0.00,0.013023,0.023373,0,0.000000
E3,tech_coverage,3,47,0.658537,2.90649,40.6032,0.00,0.306108,0.024427,0,0.000000
E3,tech_coverage,4,47,0.552888,2.90649,40.6032,4.55,0.302158,0.024402,1,0.250000
E3,tech_coverage,5,47,0.506434,11.6992,44.5365,7.50,0.082603,0.022253,1,0.200000
E3,tech_coverage,6,47,0.542201,11.6992,86.5414,9.68,0.082489,0.011500,1,0.166667
E3,tech_coverage,7,47,0.587031,11.6992,86.5414,12.38,0.082408,0.011498,1,0.142857
E3,tech_diversity,3,47,0.532258,6.03136,19.5339,0.00,0.156806,0.050325,0,0.000000
E3,tech_diversity,4,47,0.477679,8.9799,44.947,0.00,0.106795,0.022064,0,0.000000
E3,tech_diversity,5,47,0.624168,8.9799,44.947,0.00,0.106509,0.022051,0,0.000000
E3,tech_diversity,6,47,0.679595,8.9799,44.947,4.30,0.106319,0.022043,0,0.000000
E3,tech_diversity,7,47,0.635659,8.9799,44.947,11.43,0.106184,0.022037,1,0.142857
E3,tech_facility,3,47,0.609375,4.44464,22.1002,0.00,0.208539,0.044569,0,0.000000
E3,tech_facility,4,47,0.540404,8.95887,22.1002,7.58,0.107035,0.044486,0,0.000000
E3,tech_facility,5,47,0.638098,8.95887,22.1002,12.50,0.106747,0.044437,0,0.000000
E3,tech_facility,6,47,0.573146,8.95887,24.475,17.20,0.106557,0.040169,1,0.166667
E3,tech_facility,7,47,0.626506,8.95887,24.475,20.00,0.106421,0.040150,1,0.142857
E3,tech_coverage,3,49,0.833627,2.63366,8.84629,0.00,0.333670,0.108836,0,0.000000
E3,tech_coverage,4,49,0.845217,2.63366,10.445,1.16,0.328975,0.092357,0,0.000000
E3,tech_coverage,5,49,0.853367,2.63366,27.092,1.90,0.326246,0.036370,0,0.000000
E3,tech_coverage,6,49,0.766614,2.63366,27.4866,7.32,0.324462,0.035834,1,0.166667
E3,tech_coverage,7,49,0.711341,2.63366,27.4866,10.71,0.323204,0.035819,2,0.285714
E3,tech_diversity,3,49,0.558412,12.9263,68.9825,0.00,0.075384,0.014426,0,0.000000
E3,tech_diversity,4,49,0.489796,21.2442,68.9825,0.00,0.046247,0.014418,0,0.000000
E3,tech_diversity,5,49,0.440741,57.6009,68.9825,0.00,0.017241,0.014413,0,0.000000
E3,tech_diversity,6,49,0.587644,57.6009,68.9825,0.00,0.017236,0.014409,0,0.000000
E3,tech_diversity,7,49,0.563710,57.6009,68.9825,0.00,0.017232,0.014407,0,0.000000
E3,tech_facility,3,49,0.683714,7.22018,53.2865,0.00,0.132205,0.018649,0,0.000000
E3,tech_facility,4,49,0.652568,7.22018,53.2865,1.16,0.131472,0.018635,0,0.000000
E3,tech_facility,5,49,0.576347,7.22018,53.2865,1.90,0.131037,0.018626,1,0.200000
E3,tech_facility,6,49,0.546791,9.81638,53.2865,1.63,0.097643,0.018620,1,0.166667
E3,tech_facility,7,49,0.518320,17.611,53.2865,2.14,0.055420,0.018616,1,0.142857
E3,tech_coverage,3,50,0.669787,2.3659,6.48869,0.00,0.365919,0.146333,0,0.000000
E3,tech_coverage,4,50,0.602317,3.90541,7.45343,0.00,0.232501,0.127566,0,0.000000
E3,tech_coverage,5,50,0.652470,3.90541,9.30198,0.00,0.231139,0.102979,0,0.000000
E3,tech_coverage,6,50,0.593978,33.4606,15.5587,5.05,0.029516,0.062576,0,0.000000
E3,tech_coverage,7,50,0.642560,33.4606,15.5587,8.93,0.029506,0.062529,0,0.000000
E3,tech_diversity,3,50,0.535027,6.80454,61.5161,0.00,0.139879,0.016168,0,0.000000
E3,tech_diversity,4,50,0.468468,9.03262,61.5161,0.00,0.106198,0.016157,0,0.000000
E3,tech_diversity,5,50,0.480819,9.03262,61.5161,0.00,0.105914,0.016151,0,0.000000
E3,tech_diversity,6,50,0.466330,9.03262,61.5161,0.00,0.105727,0.016146,0,0.000000
E3,tech_diversity,7,50,0.547398,9.03262,61.5161,0.00,0.105593,0.016143,0,0.000000
E3,tech_facility,3,50,0.732549,7.87437,30.1451,0.00,0.121694,0.032807,0,0.000000
E3,tech_facility,4,50,0.747556,7.87437,30.1451,0.00,0.121073,0.032763,0,0.000000
E3,tech_facility,5,50,0.681486,7.87437,30.1451,1.18,0.120705,0.032736,0,0.000000
E3,tech_facility,6,50,0.722483,7.87437,30.1451,2.02,0.120461,0.032718,0,0.000000
E3,tech_facility,7,50,0.674950,7.87437,34.1205,3.57,0.120288,0.028942,1,0.142857
E3,tech_coverage,3,51,0.959743,1.46404,11.0308,5.13,0.539330,0.087943,0,0.000000
E3,tech_coverage,4,51,0.858745,1.46404,12.1141,18.00,0.527155,0.080028,1,0.250000
E3,tech_coverage,5,51,0.862078,1.46404,12.1141,25.42,0.520224,0.079867,1,0.200000
E3,tech_coverage,6,51,0.830075,1.46404,12.1141,31.34,0.515748,0.079761,2,0.333333
E3,tech_coverage,7,51,0.793974,1.46404,12.1141,35.14,0.512619,0.079685,3,0.428571
E3,tech_diversity,3,51,0.608267,13.072,25.4339,0.00,0.074565,0.038805,0,0.000000
E3,tech_diversity,4,51,0.728792,13.072,25.4339,0.00,0.074333,0.038742,0,0.000000
E3,tech_diversity,5,51,0.799753,13.072,25.9735,3.33,0.074194,0.037912,0,0.000000
E3,tech_diversity,6,51,0.871018,13.072,25.9735,11.59,0.074102,0.037888,0,0.000000
E3,tech_diversity,7,51,0.841714,13.072,25.9735,18.18,0.074037,0.037871,1,0.142857
E3,tech_facility,3,51,0.614973,13.4696,21.3371,0.00,0.072419,0.046138,0,0.000000
E3,tech_facility,4,51,0.699043,13.4696,24.6788,0.00,0.072200,0.039909,0,0.000000
E3,tech_facility,5,51,0.654448,839.349,24.6788,1.67,0.001191,0.039869,0,0.000000
E3,tech_facility,6,51,0.675629,839.349,25.3078,2.90,0.001191,0.038869,0,0.000000
E3,tech_facility,7,51,0.679966,839.349,30.5945,3.90,0.001191,0.032231,1,0.142857
E3,tech_coverage,3,52,0.701843,2.17949,12.0294,0.00,0.392228,0.080847,0,0.000000
E3,tech_coverage,4,52,0.642265,2.70971,14.8254,1.16,0.321039,0.065765,0,0.000000
E3,tech_coverage,5,52,0.701805,2.70971,14.8254,3.81,0.318440,0.065656,0,0.000000
E3,tech_coverage,6,52,0.665548,3.7456,14.8254,8.13,0.238985,0.065584,0,0.000000
E3,tech_coverage,7,52,0.684880,3.7456,17.0231,12.86,0.238301,0.057285,0,0.000000
E3,tech_diversity,3,52,0.948471,1.25232,30.6759,0.00,0.604831,0.032246,0,0.000000
E3,tech_diversity,4,52,0.964407,1.25232,30.6759,2.33,0.589639,0.032203,0,0.000000
E3,tech_diversity,5,52,0.983919,1.25232,30.6759,8.57,0.581048,0.032177,0,0.000000
E3,tech_diversity,6,52,0.880551,1.25232,30.6759,17.89,0.575521,0.032159,1,0.166667
E3,tech_diversity,7,52,0.826285,15.1494,39.5869,24.29,0.064171,0.024989,1,0.142857
E3,tech_facility,3,52,0.948471,1.24976,21.6329,0.00,0.605714,0.045517,0,0.000000
E3,tech_facility,4,52,0.844897,2.90146,40.7905,2.33,0.302613,0.024291,0,0.000000
E3,tech_facility,5,52,0.875091,2.90146,40.7905,7.62,0.300304,0.024276,0,0.000000
E3,tech_facility,6,52,0.793693,2.90146,40.7905,12.20,0.298791,0.024266,1,0.166667
E3,tech_facility,7,52,0.747748,10.7177,40.7905,15.00,0.089654,0.024259,1,0.142857
E3,tech_coverage,3,53,0.458494,4.13687,10.2299,0.00,0.222774,0.094602,0,0.000000
E3,tech_coverage,4,53,0.543897,4.13687,18.5452,1.43,0.220686,0.052842,0,0.000000
E3,tech_coverage,5,53,0.608930,4.13687,18.5452,4.71,0.219458,0.052772,0,0.000000
E3,tech_coverage,6,53,0.553571,4.13687,24.5497,8.08,0.218650,0.040049,1,0.166667
E3,tech_coverage,7,53,0.525757,17.9486,24.5497,10.71,0.054402,0.040029,1,0.142857
E3,tech_diversity,3,53,0.758045,2.14943,47.9001,0.00,0.396821,0.020732,0,0.000000
E3,tech_diversity,4,53,0.808069,2.14943,47.9001,4.29,0.390183,0.020714,0,0.000000
E3,tech_diversity,5,53,0.851934,2.14943,47.9001,9.41,0.386349,0.020703,0,0.000000
E3,tech_diversity,6,53,0.735431,2.14943,47.9001,18.18,0.383852,0.020696,1,0.166667
E3,tech_diversity,7,53,0.653746,2.14943,47.9001,25.00,0.382096,0.020691,2,0.285714
E3,tech_facility,3,53,0.586854,17.8326,27.011,0.00,0.055036,0.036567,0,0.000000
E3,tech_facility,4,53,0.681887,17.8326,27.011,0.00,0.054909,0.036511,0,0.000000
E3,tech_facility,5,53,0.733650,17.8326,27.7238,3.53,0.054833,0.035553,0,0.000000
E3,tech_facility,6,53,0.691964,17.8326,27.7238,8.08,0.054783,0.035532,0,0.000000
E3,tech_facility,7,53,0.612852,17.8326,27.7238,13.39,0.054747,0.035517,1,0.142857
E3,tech_coverage,3,54,0.691626,4.11791,7.72529,11.90,0.223715,0.123940,0,0.000000
E3,tech_coverage,4,54,0.581673,4.11791,21.1449,20.37,0.221609,0.046461,1,0.250000
E3,tech_coverage,5,54,0.626939,4.11791,21.1449,24.62,0.220371,0.046406,1,0.200000
E3,tech_coverage,6,54,0.656604,4.11791,21.1449,29.33,0.219556,0.046371,1,0.166667
E3,tech_coverage,7,54,0.639928,4.11791,21.1449,33.33,0.218980,0.046345,2,0.285714
E3,tech_diversity,3,54,0.263415,179.292,66.8895,0.00,0.005567,0.014876,0,0.000000
E3,tech_diversity,4,54,0.444553,179.292,66.8895,0.00,0.005566,0.014866,0,0.000000
E3,tech_diversity,5,54,0.533333,179.292,66.8895,1.54,0.005565,0.014861,0,0.000000
E3,tech_diversity,6,54,0.570093,179.292,66.8895,6.67,0.005565,0.014857,0,0.000000
E3,tech_diversity,7,54,0.568663,179.292,66.8895,11.90,0.005564,0.014855,1,0.142857
E3,tech_facility,3,54,0.370879,3.20642,37.3409,2.38,0.280576,0.026542,1,0.333333
E3,tech_facility,4,54,0.324941,67.2544,38.3044,1.85,0.014786,0.025852,1,0.250000
E3,tech_facility,5,54,0.443156,67.2544,38.3044,1.54,0.014781,0.025835,1,0.200000
E3,tech_facility,6,54,0.530973,67.2544,38.3044,4.00,0.014777,0.025824,1,0.166667
E3,tech_facility,7,54,0.523594,67.2544,38.3044,8.33,0.014775,0.025816,2,0.285714
E3,tech_coverage,3,55,0.560547,2.67097,20.0251,0.00,0.329616,0.049111,0,0.000000
E3,tech_coverage,4,55,0.472023,2.67097,20.4404,4.76,0.325035,0.048032,1,0.250000
E3,tech_coverage,5,55,0.510460,2.67097,20.4404,6.00,0.322371,0.047975,1,0.200000
E3,tech_coverage,6,55,0.604479,2.67097,22.5748,8.77,0.320628,0.043488,1,0.166667
E3,tech_coverage,7,55,0.617893,2.67097,22.5748,14.29,0.319400,0.043465,2,0.285714
E3,tech_diversity,3,55,0.760484,10.3412,24.5516,6.06,0.093617,0.040180,0,0.000000
E3,tech_diversity,4,55,0.837073,10.3412,24.5516,16.67,0.093250,0.040113,0,0.000000
E3,tech_diversity,5,55,0.740331,10.3412,24.5516,26.00,0.093032,0.040072,1,0.200000
E3,tech_diversity,6,55,0.734257,10.3412,24.5516,31.58,0.092887,0.040045,2,0.333333
E3,tech_diversity,7,55,0.666125,10.3412,24.5516,34.92,0.092784,0.040026,3,0.428571
E3,tech_facility,3,55,0.980710,1.09756,41.6511,12.12,0.662416,0.023817,0,0.000000
E3,tech_facility,4,55,0.832317,1.09756,41.6511,26.19,0.644394,0.023794,1,0.250000
E3,tech_facility,5,55,0.680203,1.09756,41.6511,34.00,0.634257,0.023780,2,0.400000
E3,tech_facility,6,55,0.667048,1.09756,41.6511,38.60,0.627754,0.023770,3,0.500000
E3,tech_facility,7,55,0.657000,1.09756,41.6511,41.27,0.623227,0.023763,4,0.571429
E3,tech_coverage,3,56,0.822241,1,10.6799,7.58,0.703704,0.090742,1,0.333333
E3,tech_coverage,4,56,0.757423,13.9134,23.3485,10.47,0.069959,0.042146,1,0.250000
E3,tech_coverage,5,56,0.689914,13.9134,42.6495,14.29,0.069836,0.023228,2,0.400000
E3,tech_coverage,6,56,0.736630,13.9134,42.6495,16.26,0.069755,0.023219,2,0.333333
E3,tech_coverage,7,56,0.698573,13.9134,60.8758,22.14,0.069697,0.016312,3,0.428571
E3,tech_diversity,3,56,0.662107,12.7633,34.0087,4.55,0.076321,0.029117,0,0.000000
E3,tech_diversity,4,56,0.598955,12.7633,34.0087,5.81,0.076078,0.029082,1,0.250000
E3,tech_diversity,5,56,0.549316,12.7633,34.0087,5.71,0.075933,0.029060,2,0.400000
E3,tech_diversity,6,56,0.715060,12.7633,34.0087,4.88,0.075836,0.029046,2,0.333333
E3,tech_diversity,7,56,0.683575,256.192,34.0087,8.57,0.003897,0.029036,2,0.285714
E3,tech_facility,3,56,0.935963,1.57952,34.7221,7.58,0.508896,0.028525,0,0.000000
E3,tech_facility,4,56,0.833911,1.57952,34.7221,15.12,0.498029,0.028491,1,0.250000
E3,tech_facility,5,56,0.767976,1.57952,34.7221,19.05,0.491824,0.028470,2,0.400000
E3,tech_facility,6,56,0.781474,1.94405,34.7221,21.14,0.415960,0.028457,2,0.333333
E3,tech_facility,7,56,0.735655,1.94405,34.7221,25.71,0.413902,0.028447,3,0.428571
E3,tech_coverage,3,57,0.763784,1.06215,27.1833,9.09,0.676928,0.036338,1,0.333333
E3,tech_coverage,4,57,0.622247,1.06215,27.1833,16.67,0.658176,0.036283,2,0.500000
E3,tech_coverage,5,57,0.699298,1.06215,27.1833,20.00,0.647640,0.036250,2,0.400000
E3,tech_coverage,6,57,0.681675,1.06215,27.1833,26.32,0.640887,0.036228,3,0.500000
E3,tech_coverage,7,57,0.708338,1.06215,27.1833,30.16,0.636188,0.036212,4,0.571429
E3,tech_diversity,3,57,0.986857,1.06698,17.6176,12.12,0.674917,0.055694,0,0.000000
E3,tech_diversity,4,57,0.983514,1.06698,17.6176,23.81,0.656266,0.055565,0,0.000000
E3,tech_diversity,5,57,0.924727,1.06698,17.6176,34.00,0.645786,0.055487,1,0.200000
E3,tech_diversity,6,57,1.000000,1.06698,17.6176,40.35,0.639067,0.055436,1,0.166667
E3,tech_diversity,7,57,0.965957,1.06698,17.6176,46.03,0.634392,0.055399,2,0.285714
E3,tech_facility,3,57,0.763194,1,31.0654,12.12,0.703704,0.031846,1,0.333333
E3,tech_facility,4,57,0.642242,1,31.0654,19.05,0.683594,0.031804,2,0.500000
E3,tech_facility,5,57,0.699298,1.34872,31.0654,22.00,0.551811,0.031778,2,0.400000
E3,tech_facility,6,57,0.778923,1.34872,31.0654,28.07,0.546799,0.031761,2,0.333333
E3,tech_facility,7,57,0.792353,1.34872,31.0654,33.33,0.543299,0.031749,3,0.428571
E3,tech_coverage,3,58,0.755996,2.08791,7.53184,0.00,0.406553,0.126980,0,0.000000
E3,tech_coverage,4,58,0.808546,2.08791,46.8282,1.43,0.399587,0.021184,0,0.000000
E3,tech_coverage,5,58,0.712726,2.08791,85.8335,4.71,0.395568,0.011596,1,0.200000
E3,tech_coverage,6,58,0.656121,26.2319,85.8335,7.07,0.037521,0.011594,1,0.166667
E3,tech_coverage,7,58,0.695226,26.2319,85.8335,8.93,0.037504,0.011592,1,0.142857
E3,tech_diversity,3,58,0.743621,4.82381,31.9393,0.00,0.193310,0.030984,0,0.000000
E3,tech_diversity,4,58,0.636753,11.931,40.6188,0.00,0.081218,0.024393,0,0.000000
E3,tech_diversity,5,58,0.625835,11.931,40.6188,1.18,0.081052,0.024378,0,0.000000
E3,tech_diversity,6,58,0.677047,11.931,40.6188,3.03,0.080942,0.024368,0,0.000000
E3,tech_diversity,7,58,0.721402,11.931,40.6188,6.25,0.080864,0.024361,0,0.000000
E3,tech_facility,3,58,0.799528,2.47423,24.4832,0.00,0.352161,0.040291,0,0.000000
E3,tech_facility,4,58,0.815543,2.47423,31.6848,1.43,0.346932,0.031189,0,0.000000
E3,tech_facility,5,58,0.724985,120.265,35.9072,7.06,0.008287,0.027541,0,0.000000
E3,tech_facility,6,58,0.682236,120.265,35.9072,13.13,0.008286,0.027528,0,0.000000
E3,tech_facility,7,58,0.634577,120.265,35.9072,18.75,0.008285,0.027519,1,0.142857
E3,tech_coverage,3,59,0.637602,1.74275,15.9895,0.00,0.471053,0.061246,0,0.000000
E3,tech_coverage,4,59,0.683788,1.74275,15.9895,0.00,0.461721,0.061090,0,0.000000
E3,tech_coverage,5,59,0.725167,1.74275,15.9895,0.69,0.456372,0.060996,0,0.000000
E3,tech_coverage,6,59,0.646454,1.74275,15.9895,1.17,0.452904,0.060934,1,0.166667
E3,tech_coverage,7,59,0.667484,1.74275,16.0791,2.04,0.450472,0.060559,1,0.142857
E3,tech_diversity,3,59,0.504963,3.16498,18.1837,0.00,0.283849,0.053992,0,0.000000
E3,tech_diversity,4,59,0.472144,4.38194,20.7395,0.00,0.209412,0.047352,0,0.000000
E3,tech_diversity,5,59,0.459455,4.38194,22.818,0.00,0.208307,0.043064,0,0.000000
E3,tech_diversity,6,59,0.434880,9.02305,27.0691,0.00,0.105834,0.036378,0,0.000000
E3,tech_diversity,7,59,0.524478,9.02305,27.0691,0.00,0.105700,0.036363,0,0.000000
E3,tech_facility,3,59,0.398614,9.86657,25.632,0.00,0.097967,0.038509,0,0.000000
E3,tech_facility,4,59,0.460820,9.86657,26.9131,0.00,0.097565,0.036642,0,0.000000
E3,tech_facility,5,59,0.573276,9.86657,26.9131,0.00,0.097326,0.036608,0,0.000000
E3,tech_facility,6,59,0.563172,9.86657,26.9131,0.58,0.097167,0.036586,0,0.000000
E3,tech_facility,7,59,0.542338,9.86657,26.9131,1.02,0.097055,0.036570,0,0.000000
E3,tech_coverage,3,60,0.432908,5.97249,14.2391,4.44,0.158263,0.068598,0,0.000000
E3,tech_coverage,4,60,0.379394,17.1683,39.5052,8.62,0.056987,0.025074,0,0.000000
E3,tech_coverage,5,60,0.453028,17.1683,39.5052,11.43,0.056905,0.025058,0,0.000000
E3,tech_coverage,6,60,0.509804,17.1683,39.5052,14.81,0.056851,0.025048,0,0.000000
E3,tech_coverage,7,60,0.474640,17.1683,39.5052,18.68,0.056813,0.025040,1,0.142857
E3,tech_diversity,3,60,0.410916,16.4601,57.6672,4.44,0.059531,0.017241,0,0.000000
E3,tech_diversity,4,60,0.499456,16.4601,57.6672,6.90,0.059383,0.017228,0,0.000000
E3,tech_diversity,5,60,0.569172,16.4601,57.6672,12.86,0.059294,0.017221,0,0.000000
E3,tech_diversity,6,60,0.530806,16.4601,57.6672,19.75,0.059236,0.017216,1,0.166667
E3,tech_diversity,7,60,0.507500,16.4601,57.6672,24.18,0.059194,0.017213,2,0.285714
E3,tech_facility,3,60,0.567766,247.766,33.577,6.67,0.004031,0.029488,0,0.000000
E3,tech_facility,4,60,0.465412,247.766,37.6675,13.79,0.004030,0.026285,1,0.250000
E3,tech_facility,5,60,0.508832,247.766,37.6675,17.14,0.004030,0.026268,1,0.200000
E3,tech_facility,6,60,0.485149,247.766,37.6675,22.22,0.004029,0.026256,1,0.166667
E3,tech_facility,7,60,0.543239,247.766,37.6675,26.37,0.004029,0.026248,1,0.142857
E3,tech_coverage,3,61,0.888378,1.99013,12.6285,0.00,0.423016,0.077114,0,0.000000
E3,tech_coverage,4,61,0.773692,8.48312,18.5973,2.86,0.112772,0.052697,0,0.000000
E3,tech_coverage,5,61,0.808219,8.48312,18.9539,7.06,0.112452,0.051658,0,0.000000
E3,tech_coverage,6,61,0.849700,8.48312,23.4504,13.13,0.112241,0.041893,0,0.000000
E3,tech_coverage,7,61,0.784336,8.48312,23.4504,17.86,0.112090,0.041872,1,0.142857
E3,tech_diversity,3,61,0.518822,17.0296,45.0352,0.00,0.057579,0.022041,0,0.000000
E3,tech_diversity,4,61,0.459028,17.0296,45.0352,0.00,0.057441,0.022021,0,0.000000
E3,tech_diversity,5,61,0.469895,17.0296,45.0352,0.00,0.057358,0.022009,0,0.000000
E3,tech_diversity,6,61,0.532801,17.0296,45.0352,0.00,0.057303,0.022000,0,0.000000
E3,tech_diversity,7,61,0.588300,17.0296,45.0352,0.89,0.057264,0.021995,0,0.000000
E3,tech_facility,3,61,0.781250,3.14286,43.9807,0.00,0.285628,0.022565,0,0.000000
E3,tech_facility,4,61,0.666887,94.5146,43.9807,0.00,0.010538,0.022544,0,0.000000
E3,tech_facility,5,61,0.628036,94.5146,43.9807,0.00,0.010536,0.022531,0,0.000000
E3,tech_facility,6,61,0.592601,94.5146,43.9807,1.01,0.010534,0.022523,0,0.000000
E3,tech_facility,7,61,0.702526,94.5146,43.9807,1.79,0.010533,0.022517,0,0.000000
E3,tech_coverage,3,62,0.776119,6.35067,21.4622,1.67,0.149343,0.045874,0,0.000000
E3,tech_coverage,4,62,0.855437,6.35067,25.3605,3.85,0.148407,0.038852,0,0.000000
E3,tech_coverage,5,62,0.731481,6.35067,36.7184,13.68,0.147853,0.026939,1,0.200000
E3,tech_coverage,6,62,0.663408,6.35067,36.7184,19.82,0.147487,0.026927,2,0.333333
E3,tech_coverage,7,62,0.697947,6.35067,36.7184,23.81,0.147227,0.026918,2,0.285714
E3,tech_diversity,3,62,0.740984,5.9355,66.3821,0.00,0.159193,0.014989,0,0.000000
E3,tech_diversity,4,62,0.639707,26.6927,83.0451,2.56,0.036940,0.011987,0,0.000000
E3,tech_diversity,5,62,0.726864,26.6927,83.0451,4.21,0.036906,0.011984,0,0.000000
E3,tech_diversity,6,62,0.695477,26.6927,83.0451,8.11,0.036884,0.011981,0,0.000000
E3,tech_diversity,7,62,0.651417,26.6927,83.0451,13.49,0.036867,0.011980,1,0.142857
E3,tech_facility,3,62,0.753042,3.52763,28.6873,0.00,0.257534,0.034455,0,0.000000
E3,tech_facility,4,62,0.714401,3.52763,28.6873,2.56,0.254740,0.034406,0,0.000000
E3,tech_facility,5,62,0.667955,6.12551,28.6873,6.32,0.152934,0.034376,0,0.000000
E3,tech_facility,6,62,0.617582,6.12551,28.6873,10.81,0.152542,0.034356,1,0.166667
E3,tech_facility,7,62,0.572049,6.12551,28.6873,14.29,0.152263,0.034342,2,0.285714
E3,tech_coverage,3,63,0.772561,3.8256,8.74601,0.00,0.239282,0.110035,0,0.000000
E3,tech_coverage,4,63,0.651256,3.8256,15.4588,1.72,0.236872,0.063136,1,0.250000
E3,tech_coverage,5,63,0.678138,3.8256,16.9589,4.29,0.235458,0.057591,1,0.200000
E3,tech_coverage,6,63,0.701026,3.8256,18.6076,8.64,0.234528,0.052552,1,0.166667
E3,tech_coverage,7,63,0.741354,3.8256,18.6076,14.29,0.233869,0.052520,1,0.142857
E3,tech_diversity,3,63,0.503961,10.11,35.8913,2.22,0.095686,0.027604,0,0.000000
E3,tech_diversity,4,63,0.598879,10.11,35.8913,3.45,0.095303,0.027572,0,0.000000
E3,tech_diversity,5,63,0.596429,10.11,35.8913,4.29,0.095075,0.027553,0,0.000000
E3,tech_diversity,6,63,0.603606,10.11,35.8913,4.94,0.094924,0.027540,0,0.000000
E3,tech_diversity,7,63,0.571825,10.11,35.8913,9.89,0.094816,0.027531,1,0.142857
E3,tech_facility,3,63,0.486006,14.6942,42.3734,0.00,0.066522,0.023415,0,0.000000
E3,tech_facility,4,63,0.595929,14.6942,42.3734,0.00,0.066337,0.023392,0,0.000000
E3,tech_facility,5,63,0.533277,14.6942,42.3734,1.43,0.066227,0.023378,1,0.200000
E3,tech_facility,6,63,0.527476,14.6942,42.3734,1.23,0.066153,0.023369,1,0.166667
E3,tech_facility,7,63,0.526160,18.1949,42.3734,1.10,0.053683,0.023362,1,0.142857
E3,tech_coverage,3,64,0.826511,3.24357,8.86554,0.00,0.277704,0.108608,0,0.000000
E3,tech_coverage,4,64,0.871570,3.24357,10.9259,0.00,0.274454,0.088432,0,0.000000
E3,tech_coverage,5,64,0.825558,3.24357,19.1294,1.67,0.272555,0.051194,0,0.000000
E3,tech_coverage,6,64,0.847693,3.24357,19.1294,4.26,0.271309,0.051150,0,0.000000
E3,tech_coverage,7,64,0.782359,3.24357,34.1078,6.88,0.270428,0.028953,1,0.142857
E3,tech_diversity,3,64,0.869173,1.6062,23.9211,0.00,0.502321,0.041224,0,0.000000
E3,tech_diversity,4,64,0.892894,1.6062,23.9211,0.00,0.491728,0.041153,0,0.000000
E3,tech_diversity,5,64,0.812318,8.1305,28.3156,0.83,0.117090,0.034821,0,0.000000
E3,tech_diversity,6,64,0.828714,8.1305,28.3156,1.42,0.116860,0.034801,0,0.000000
E3,tech_diversity,7,64,0.850069,8.1305,28.3156,4.97,0.116697,0.034786,0,0.000000
E3,tech_facility,3,64,0.903876,1.6062,34.5029,0.00,0.502321,0.028704,0,0.000000
E3,tech_facility,4,64,0.902420,1.6062,34.5029,1.02,0.491728,0.028670,0,0.000000
E3,tech_facility,5,64,0.819543,8.25196,34.5029,2.50,0.115450,0.028649,0,0.000000
E3,tech_facility,6,64,0.845070,8.25196,34.5029,3.55,0.115227,0.028635,0,0.000000
E3,tech_facility,7,64,0.784328,8.25196,34.5029,4.97,0.115068,0.028626,1,0.142857
E3,tech_coverage,3,65,0.766347,8.60007,34.5562,0.00,0.111829,0.028660,0,0.000000
E3,tech_coverage,4,65,0.655483,8.60007,34.5562,5.56,0.111305,0.028626,1,0.250000
E3,tech_coverage,5,65,0.717974,8.60007,34.5562,10.77,0.110994,0.028605,1,0.200000
E3,tech_coverage,6,65,0.648485,8.60007,42.0341,17.33,0.110788,0.023556,2,0.333333
E3,tech_coverage,7,65,0.644857,8.60007,42.0341,21.43,0.110641,0.023549,3,0.428571
E3,tech_diversity,3,65,0.530603,4.48312,51.1964,4.76,0.206885,0.019406,1,0.333333
E3,tech_diversity,4,65,0.575077,4.48312,51.1964,5.56,0.205085,0.019390,1,0.250000
E3,tech_diversity,5,65,0.708955,4.48312,51.1964,7.69,0.204025,0.019381,1,0.200000
E3,tech_diversity,6,65,0.662295,4.48312,51.1964,13.33,0.203327,0.019374,2,0.333333
E3,tech_diversity,7,65,0.737160,4.48312,51.1964,17.86,0.202832,0.019370,2,0.285714
E3,tech_facility,3,65,0.530603,4.48312,25.1082,4.76,0.206885,0.039301,1,0.333333
E3,tech_facility,4,65,0.485161,8.65338,25.8771,5.56,0.110650,0.038088,1,0.250000
E3,tech_facility,5,65,0.592521,8.65338,36.1787,6.15,0.110342,0.027337,1,0.200000
E3,tech_facility,6,65,0.563380,29.3754,36.1787,10.67,0.033563,0.027324,1,0.166667
E3,tech_facility,7,65,0.543064,29.3754,36.1787,14.29,0.033549,0.027315,2,0.285714
E3,tech_coverage,3,66,1.000000,1,17.2578,0.00,0.703704,0.056833,0,0.000000
E3,tech_coverage,4,66,0.979824,1.20526,33.3161,3.66,0.605395,0.029679,0,0.000000
E3,tech_coverage,5,66,0.972540,1.20526,33.3161,10.10,0.596366,0.029657,0,0.000000
E3,tech_coverage,6,66,1.000000,1.20526,33.3161,15.65,0.590562,0.029643,0,0.000000
E3,tech_coverage,7,66,0.969678,4.59722,33.3161,21.54,0.198263,0.029632,0,0.000000
E3,tech_diversity,3,66,0.651977,5.53854,23.6725,0.00,0.169904,0.041651,0,0.000000
E3,tech_diversity,4,66,0.593794,12.3011,23.6725,0.00,0.078849,0.041579,0,0.000000
E3,tech_diversity,5,66,0.744283,12.3011,23.6725,1.00,0.078693,0.041535,0,0.000000
E3,tech_diversity,6,66,0.800799,12.3011,23.6725,2.56,0.078589,0.041506,0,0.000000
E3,tech_diversity,7,66,0.778126,12.3011,23.6725,4.51,0.078516,0.041486,0,0.000000
E3,tech_facility,3,66,0.781483,5.85113,36.3174,1.59,0.161356,0.027283,0,0.000000
E3,tech_facility,4,66,0.780065,5.85113,36.3174,2.44,0.160262,0.027252,0,0.000000
E3,tech_facility,5,66,0.720536,12.3508,36.3174,4.00,0.078386,0.027233,0,0.000000
E3,tech_facility,6,66,0.693958,14.3455,36.3174,5.13,0.067715,0.027221,0,0.000000
E3,tech_facility,7,66,0.664950,14.3455,36.3174,6.02,0.067660,0.027212,1,0.142857
E3,tech_coverage,3,67,0.939759,1.23071,4.23077,0.00,0.612334,0.218230,0,0.000000
E3,tech_coverage,4,67,0.832694,2.96703,8.58061,0.00,0.296782,0.111547,0,0.000000
E3,tech_coverage,5,67,0.862460,2.96703,9.68294,0.74,0.294560,0.099095,0,0.000000
E3,tech_coverage,6,67,0.826502,2.96703,10.1258,1.26,0.293105,0.094782,0,0.000000
E3,tech_coverage,7,67,0.787253,3.65555,13.1886,2.20,0.243494,0.073403,0,0.000000
E3,tech_diversity,3,67,0.764850,2.50889,29.2433,0.00,0.347971,0.033808,0,0.000000
E3,tech_diversity,4,67,0.723376,2.50889,43.1008,0.00,0.342866,0.023000,0,0.000000
E3,tech_diversity,5,67,0.734144,2.50889,43.1008,0.74,0.339902,0.022987,0,0.000000
E3,tech_diversity,6,67,0.737055,2.50889,43.1008,1.26,0.337966,0.022978,0,0.000000
E3,tech_diversity,7,67,0.790652,2.50889,43.1008,1.65,0.336602,0.022972,0,0.000000
E3,tech_facility,3,67,0.793536,3.64106,23.402,0.00,0.250269,0.042126,0,0.000000
E3,tech_facility,4,67,0.742192,3.64106,26.6938,0.00,0.247632,0.036939,0,0.000000
E3,tech_facility,5,67,0.692799,3.64106,26.6938,0.00,0.246086,0.036905,0,0.000000
E3,tech_facility,6,67,0.638495,10.5979,26.6938,0.00,0.090725,0.036882,0,0.000000
E3,tech_facility,7,67,0.654174,10.5979,26.6938,0.00,0.090627,0.036866,0,0.000000
E3,tech_coverage,3,68,0.853278,2.36849,16.2689,3.51,0.365577,0.060216,0,0.000000
E3,tech_coverage,4,68,0.870779,2.36849,16.2689,5.41,0.359941,0.060064,0,0.000000
E3,tech_coverage,5,68,0.796014,58.2595,24.5932,11.11,0.017047,0.040006,0,0.000000
E3,tech_coverage,6,68,0.796285,58.2595,24.5932,17.14,0.017042,0.039979,0,0.000000
E3,tech_coverage,7,68,0.734824,58.2595,24.5932,23.53,0.017039,0.039960,1,0.142857
E3,tech_diversity,3,68,0.541279,6.02255,54.0362,0.00,0.157022,0.018392,0,0.000000
E3,tech_diversity,4,68,0.466809,6.02255,54.0362,1.35,0.155987,0.018378,1,0.250000
E3,tech_diversity,5,68,0.480833,6.02255,54.0362,2.22,0.155375,0.018370,1,0.200000
E3,tech_diversity,6,68,0.481278,6.02255,54.0362,2.86,0.154970,0.018364,1,0.166667
E3,tech_diversity,7,68,0.539764,6.02255,54.0362,3.36,0.154683,0.018360,1,0.142857
E3,tech_facility,3,68,0.602788,4.81375,20.2566,1.75,0.193685,0.048559,0,0.000000
E3,tech_facility,4,68,0.705523,4.81375,20.9034,2.70,0.192108,0.046988,0,0.000000
E3,tech_facility,5,68,0.620570,4.81375,40.6556,4.44,0.191179,0.024356,1,0.200000
E3,tech_facility,6,68,0.685570,4.81375,40.6556,4.76,0.190566,0.024346,1,0.166667
E3,tech_facility,7,68,0.657221,4.81375,41.9836,7.56,0.190131,0.023577,2,0.285714
E3,tech_coverage,3,69,0.839128,3.86632,21.7965,1.23,0.236986,0.045181,0,0.000000
E3,tech_coverage,4,69,0.787592,3.86632,22.9281,1.89,0.234621,0.042906,0,0.000000
E3,tech_coverage,5,69,0.716664,8.50214,25.7945,6.15,0.112213,0.038171,0,0.000000
E3,tech_coverage,6,69,0.763888,8.50214,36.9079,9.80,0.112002,0.026790,0,0.000000
E3,tech_coverage,7,69,0.689037,8.50214,38.44,14.86,0.111852,0.025726,1,0.142857
E3,tech_diversity,3,69,0.878276,2.27764,43.1487,2.47,0.377931,0.022997,0,0.000000
E3,tech_diversity,4,69,0.871174,2.27764,43.1487,4.72,0.371909,0.022975,0,0.000000
E3,tech_diversity,5,69,0.778661,52.6424,43.1487,8.46,0.018852,0.022962,0,0.000000
E3,tech_diversity,6,69,0.715387,52.6424,43.1487,11.11,0.018846,0.022953,1,0.166667
E3,tech_diversity,7,69,0.767993,52.6424,43.1487,13.14,0.018842,0.022947,1,0.142857
E3,tech_facility,3,69,0.878276,2.27764,25.474,2.47,0.377931,0.038744,0,0.000000
E3,tech_facility,4,69,0.764704,11.6725,26.1008,4.72,0.082958,0.037766,0,0.000000
E3,tech_facility,5,69,0.786118,11.6725,26.1008,6.15,0.082786,0.037730,0,0.000000
E3,tech_facility,6,69,0.726799,29.1045,27.6896,9.15,0.033871,0.035576,0,0.000000
E3,tech_facility,7,69,0.661280,29.1045,27.6896,12.00,0.033857,0.035561,1,0.142857
E3,tech_coverage,3,70,0.778905,1.87608,35.969,2.56,0.443930,0.027545,0,0.000000
E3,tech_coverage,4,70,0.654438,1.87608,49.2264,8.00,0.435633,0.020160,1,0.250000
E3,tech_coverage,5,70,0.677604,1.87608,49.2264,11.67,0.430863,0.020150,1,0.200000
E3,tech_coverage,6,70,0.609589,1.87608,49.2264,15.94,0.427765,0.020143,2,0.333333
E3,tech_coverage,7,70,0.589427,1.87608,49.2264,19.48,0.425591,0.020138,3,0.428571
E3,tech_diversity,3,70,0.463119,15.4445,43.8427,0.00,0.063361,0.022636,0,0.000000
E3,tech_diversity,4,70,0.493290,15.4445,43.8427,0.00,0.063193,0.022614,0,0.000000
E3,tech_diversity,5,70,0.581959,15.4445,43.8427,1.67,0.063093,0.022602,0,0.000000
E3,tech_diversity,6,70,0.611111,15.4445,43.8427,5.80,0.063026,0.022593,0,0.000000
E3,tech_diversity,7,70,0.529699,15.4445,43.8427,10.39,0.062979,0.022587,1,0.142857
E3,tech_facility,3,70,0.577255,4.03,28.5755,0.00,0.228181,0.034588,0,0.000000
E3,tech_facility,4,70,0.643064,4.03,28.5755,6.00,0.225989,0.034538,0,0.000000
E3,tech_facility,5,70,0.661206,4.03,28.5755,11.67,0.224702,0.034509,0,0.000000
E3,tech_facility,6,70,0.588235,4.03,28.5755,18.84,0.223855,0.034489,1,0.166667
E3,tech_facility,7,70,0.584848,4.03,28.5755,23.38,0.223255,0.034474,2,0.285714
E3,tech_coverage,3,71,0.862084,2.3188,6.45427,0.00,0.372233,0.147072,0,0.000000
E3,tech_coverage,4,71,0.796067,2.3188,13.3241,0.85,0.366391,0.072966,0,0.000000
E3,tech_coverage,5,71,0.823594,2.3188,13.3241,1.38,0.363008,0.072832,0,0.000000
E3,tech_coverage,6,71,0.844516,2.3188,15.4766,2.34,0.360802,0.062899,0,0.000000
E3,tech_coverage,7,71,0.797609,6.33649,31.569,5.10,0.147534,0.031250,0,0.000000
E3,tech_diversity,3,71,0.765663,2.2586,24.9448,0.00,0.380623,0.039555,0,0.000000
E3,tech_diversity,4,71,0.759193,2.2586,43.2102,0.00,0.374515,0.022943,0,0.000000
E3,tech_diversity,5,71,0.688595,7.81264,43.2102,0.69,0.121610,0.022929,0,0.000000
E3,tech_diversity,6,71,0.630333,55.2685,43.2102,1.17,0.017958,0.022921,0,0.000000
E3,tech_diversity,7,71,0.605380,55.2685,43.2102,1.53,0.017954,0.022914,0,0.000000
E3,tech_facility,3,71,0.761015,6.15923,69.7955,0.00,0.153730,0.014259,0,0.000000
E3,tech_facility,4,71,0.771460,6.15923,71.9198,0.00,0.152738,0.013832,0,0.000000
E3,tech_facility,5,71,0.681309,48.0405,71.9198,0.00,0.020643,0.013827,0,0.000000
E3,tech_facility,6,71,0.653254,48.0405,71.9198,0.00,0.020636,0.013824,0,0.000000
E3,tech_facility,7,71,0.614439,48.0405,71.9198,0.51,0.020631,0.013822,0,0.000000
E3,tech_coverage,3,72,0.908068,1.59205,7.35181,0.00,0.505787,0.129947,0,0.000000
E3,tech_coverage,4,72,0.919502,1.59205,9.94936,0.63,0.495050,0.096784,0,0.000000
E3,tech_coverage,5,72,0.920073,1.59205,13.2892,1.03,0.488917,0.073018,0,0.000000
E3,tech_coverage,6,72,0.847757,4.4145,15.6964,1.30,0.206191,0.062041,0,0.000000
E3,tech_coverage,7,72,0.788219,25.3836,16.7678,1.50,0.038737,0.058135,0,0.000000
E3,tech_diversity,3,72,0.627800,4.47925,39.8948,0.00,0.207050,0.024857,0,0.000000
E3,tech_diversity,4,72,0.730799,4.47925,39.8948,0.00,0.205247,0.024831,0,0.000000
E3,tech_diversity,5,72,0.745842,4.47925,39.8948,0.51,0.204186,0.024816,0,0.000000
E3,tech_diversity,6,72,0.677656,14.8013,41.5962,1.73,0.065688,0.023801,0,0.000000
E3,tech_diversity,7,72,0.625682,14.8013,41.5962,2.63,0.065637,0.023794,1,0.142857
E3,tech_facility,3,72,0.607860,2.22551,38.4099,0.00,0.385395,0.025810,0,0.000000
E3,tech_facility,4,72,0.634534,2.22551,42.6524,0.63,0.379133,0.023240,0,0.000000
E3,tech_facility,5,72,0.591108,5.10026,42.6524,1.03,0.181283,0.023226,0,0.000000
E3,tech_facility,6,72,0.667315,5.10026,42.6524,1.30,0.180732,0.023217,0,0.000000
E3,tech_facility,7,72,0.617791,789.115,44.3028,1.88,0.001267,0.022355,0,0.000000
E3,tech_coverage,3,73,0.757155,1.98112,6.92534,0.00,0.424599,0.137559,0,0.000000
E3,tech_coverage,4,73,0.848485,1.98112,12.0589,2.22,0.417004,0.080383,0,0.000000
E3,tech_coverage,5,73,0.775978,8.38731,24,8.18,0.113676,0.040978,0,0.000000
E3,tech_coverage,6,73,0.803761,8.38731,24,12.40,0.113459,0.040950,0,0.000000
E3,tech_coverage,7,73,0.742200,8.38731,25.1483,17.01,0.113305,0.039093,1,0.142857
E3,tech_diversity,3,73,0.494798,6.68949,34.5441,0.00,0.142163,0.028670,0,0.000000
E3,tech_diversity,4,73,0.555166,6.68949,34.5441,0.00,0.141315,0.028636,0,0.000000
E3,tech_diversity,5,73,0.517484,14.5261,40.3221,0.91,0.066972,0.024556,0,0.000000
E3,tech_diversity,6,73,0.555650,14.5261,40.3221,1.55,0.066897,0.024545,0,0.000000
E3,tech_diversity,7,73,0.590699,14.5261,40.3221,2.04,0.066844,0.024538,0,0.000000
E3,tech_facility,3,73,0.617601,4.99819,39.8709,0.00,0.187026,0.024872,0,0.000000
E3,tech_facility,4,73,0.551747,13.8532,39.8709,0.00,0.070255,0.024846,0,0.000000
E3,tech_facility,5,73,0.559566,13.8532,39.8709,0.91,0.070131,0.024831,0,0.000000
E3,tech_facility,6,73,0.596862,13.8532,39.8709,3.10,0.070049,0.024820,0,0.000000
E3,tech_facility,7,73,0.586519,13.8532,39.8709,5.44,0.069990,0.024813,0,0.000000
E3,tech_coverage,3,74,0.880334,1.81029,9.65418,0.00,0.456926,0.100047,0,0.000000
E3,tech_coverage,4,74,0.770842,15.2435,27.3028,0.00,0.064006,0.036126,0,0.000000
E3,tech_coverage,5,74,0.829781,15.2435,36.0225,1.90,0.063903,0.027454,0,0.000000
E3,tech_coverage,6,74,0.759460,15.2435,44.4558,5.69,0.063835,0.022284,1,0.166667
E3,tech_coverage,7,74,0.772523,15.2435,48.9011,8.57,0.063786,0.020271,1,0.142857
E3,tech_diversity,3,74,0.742619,5.27437,56.694,0.00,0.177866,0.017535,0,0.000000
E3,tech_diversity,4,74,0.648951,22.7984,67.712,0.00,0.043146,0.014687,0,0.000000
E3,tech_diversity,5,74,0.609406,22.7984,67.712,0.00,0.043100,0.014681,0,0.000000
E3,tech_diversity,6,74,0.595668,22.7984,67.712,0.00,0.043069,0.014678,0,0.000000
E3,tech_diversity,7,74,0.608696,22.7984,67.712,0.00,0.043047,0.014675,0,0.000000
E3,tech_facility,3,74,0.834609,1.78938,21.6625,0.00,0.461211,0.045456,0,0.000000
E3,tech_facility,4,74,0.901711,1.78938,25.7537,0.00,0.452261,0.038268,0,0.000000
E3,tech_facility,5,74,0.810309,5776.46,25.7537,1.90,0.000173,0.038231,0,0.000000
E3,tech_facility,6,74,0.762931,5776.46,25.7537,3.25,0.000173,0.038207,0,0.000000
E3,tech_facility,7,74,0.727528,5776.46,25.7537,4.29,0.000173,0.038189,0,0.000000
E3,tech_coverage,3,75,0.676819,3.49628,16.8173,4.44,0.259616,0.058292,0,0.000000
E3,tech_coverage,4,75,0.602665,25.959,49.8056,6.90,0.037969,0.019927,0,0.000000
E3,tech_coverage,5,75,0.662651,25.959,49.8056,10.00,0.037933,0.019917,0,0.000000
E3,tech_coverage,6,75,0.589552,25.959,54.0373,13.58,0.037909,0.018364,1,0.166667
E3,tech_coverage,7,75,0.589825,25.959,54.0373,15.38,0.037892,0.018360,2,0.285714
E3,tech_diversity,3,75,0.568306,4.32834,15.5174,2.22,0.213700,0.063070,1,0.333333
E3,tech_diversity,4,75,0.634045,4.32834,15.5174,1.72,0.211779,0.062903,1,0.250000
E3,tech_diversity,5,75,0.593112,9.11305,30.636,1.43,0.105021,0.032218,1,0.200000
E3,tech_diversity,6,75,0.556452,30.5867,30.636,6.17,0.032252,0.032201,1,0.166667
E3,tech_diversity,7,75,0.631369,30.5867,30.636,10.99,0.032239,0.032188,1,0.142857
E3,tech_facility,3,75,0.825046,7.56821,10.5312,2.22,0.126398,0.091982,0,0.000000
E3,tech_facility,4,75,0.681011,7.56821,23.6639,8.62,0.125728,0.041594,1,0.250000
E3,tech_facility,5,75,0.645933,7.56821,23.6639,11.43,0.125330,0.041550,1,0.200000
E3,tech_facility,6,75,0.592275,7.56821,23.6639,13.58,0.125067,0.041521,2,0.333333
E3,tech_facility,7,75,0.598600,7.56821,27.4826,15.38,0.124880,0.035824,3,0.428571
E3,tech_coverage,3,76,0.842729,2.50544,19.3449,5.88,0.348385,0.050808,0,0.000000
E3,tech_coverage,4,76,0.755583,10.9646,20.201,9.09,0.088130,0.048591,0,0.000000
E3,tech_coverage,5,76,0.806415,10.9646,23.8329,11.25,0.087935,0.041260,0,0.000000
E3,tech_coverage,6,76,0.741579,10.9646,23.8329,17.20,0.087806,0.041232,1,0.166667
E3,tech_coverage,7,76,0.686166,10.9646,23.8329,20.95,0.087714,0.041212,2,0.285714
E3,tech_diversity,3,76,0.438009,7.82817,20.4226,0.00,0.122381,0.048170,0,0.000000
E3,tech_diversity,4,76,0.455233,7.82817,20.4226,1.52,0.121754,0.048073,0,0.000000
E3,tech_diversity,5,76,0.544671,7.82817,20.4226,2.50,0.121381,0.048016,0,0.000000
E3,tech_diversity,6,76,0.659692,7.82817,20.4226,5.38,0.121134,0.047977,0,0.000000
E3,tech_diversity,7,76,0.623536,7.82817,22.0173,7.62,0.120959,0.044544,1,0.142857
E3,tech_facility,3,76,0.582353,2.82248,30.9257,0.00,0.314103,0.031988,0,0.000000
E3,tech_facility,4,76,0.661530,2.82248,31.0173,1.52,0.309944,0.031852,0,0.000000
E3,tech_facility,5,76,0.653766,3.27049,31.0173,5.00,0.270585,0.031827,0,0.000000
E3,tech_facility,6,76,0.591996,3.27049,31.0173,7.53,0.269357,0.031810,1,0.166667
E3,tech_facility,7,76,0.585770,5.01672,31.0173,8.57,0.183090,0.031798,1,0.142857
E3,tech_coverage,3,77,0.848300,3.27475,8.70899,0.00,0.275339,0.110485,0,0.000000
E3,tech_coverage,4,77,0.745830,4.88048,10.8998,0.00,0.189685,0.088636,0,0.000000
E3,tech_coverage,5,77,0.789191,4.88048,11.2941,0.00,0.188779,0.085461,0,0.000000
E3,tech_coverage,6,77,0.807186,4.88048,16.3054,2.84,0.188181,0.059783,0,0.000000
E3,tech_coverage,7,77,0.748733,4.88048,19.2704,10.56,0.187758,0.050753,1,0.142857
E3,tech_diversity,3,77,0.753696,3.38697,22.4342,0.00,0.267145,0.043916,0,0.000000
E3,tech_diversity,4,77,0.668845,6.25874,23.8138,0.00,0.150456,0.041336,0,0.000000
E3,tech_diversity,5,77,0.675395,6.25874,23.8138,0.00,0.149886,0.041293,0,0.000000
E3,tech_diversity,6,77,0.666467,6.25874,23.8138,0.00,0.149510,0.041265,0,0.000000
E3,tech_diversity,7,77,0.738223,6.25874,23.8138,0.00,0.149243,0.041244,0,0.000000
E3,tech_facility,3,77,0.848889,1.68687,33.9644,0.00,0.483387,0.029155,0,0.000000
E3,tech_facility,4,77,0.763469,4.5567,33.9644,0.00,0.202048,0.029119,0,0.000000
E3,tech_facility,5,77,0.760118,4.5567,33.9644,0.00,0.201020,0.029098,0,0.000000
E3,tech_facility,6,77,0.718917,7.3339,35.7389,1.42,0.128837,0.027657,0,0.000000
E3,tech_facility,7,77,0.676783,26.7059,35.7389,3.73,0.036849,0.027647,0,0.000000
E3,tech_coverage,3,78,0.983309,1.08134,29.7813,3.92,0.668999,0.033204,0,0.000000
E3,tech_coverage,4,78,0.811721,1.08134,35.7324,15.15,0.650646,0.027693,1,0.250000
E3,tech_coverage,5,78,0.697407,1.08134,45.8891,20.00,0.640329,0.021603,2,0.400000
E3,tech_coverage,6,78,0.645647,1.08134,45.8891,23.66,0.633712,0.021595,3,0.500000
E3,tech_coverage,7,78,0.711111,1.08134,51.9396,26.67,0.629107,0.019095,3,0.428571
E3,tech_diversity,3,78,0.983309,1.09659,39.8654,3.92,0.662808,0.024875,0,0.000000
E3,tech_diversity,4,78,0.811721,1.09659,39.8654,15.15,0.644767,0.024849,1,0.250000
E3,tech_diversity,5,78,0.842732,1.23985,39.8654,20.00,0.585038,0.024834,1,0.200000
E3,tech_diversity,6,78,0.771027,1.23985,39.8654,25.81,0.579439,0.024824,2,0.333333
E3,tech_diversity,7,78,0.728477,1.23985,39.8654,29.52,0.575534,0.024816,3,0.428571
E3,tech_facility,3,78,0.636634,5.1939,19.0697,0.00,0.180442,0.051528,0,0.000000
E3,tech_facility,4,78,0.786130,5.1939,21.2526,4.55,0.179073,0.046229,0,0.000000
E3,tech_facility,5,78,0.674251,5.1939,21.2526,13.75,0.178266,0.046176,1,0.200000
E3,tech_facility,6,78,0.602914,5.1939,21.2526,19.35,0.177733,0.046140,2,0.333333
E3,tech_facility,7,78,0.655518,5.1939,21.2526,21.90,0.177355,0.046115,2,0.285714
E3,tech_coverage,3,79,0.794166,1.71531,7.92052,1.85,0.477033,0.121016,0,0.000000
E3,tech_coverage,4,79,0.677928,22.4821,45.9813,8.57,0.043743,0.021571,0,0.000000
E3,tech_coverage,5,79,0.724882,22.4821,45.9813,14.12,0.043696,0.021560,0,0.000000
E3,tech_coverage,6,79,0.645949,22.4821,45.9813,20.20,0.043664,0.021552,1,0.166667
E3,tech_coverage,7,79,0.571088,22.4821,45.9813,25.00,0.043641,0.021546,2,0.285714
E3,tech_diversity,3,79,0.890795,1.77874,16.6717,3.70,0.463421,0.058791,0,0.000000
E3,tech_diversity,4,79,0.748756,1.77874,35.4936,7.14,0.454386,0.027878,1,0.250000
E3,tech_diversity,5,79,0.675897,14.7649,37.3443,8.24,0.065918,0.026493,1,0.200000
E3,tech_diversity,6,79,0.706311,14.7649,37.3443,13.13,0.065845,0.026481,1,0.166667
E3,tech_diversity,7,79,0.741587,14.7649,37.3443,19.64,0.065794,0.026472,1,0.142857
E3,tech_facility,3,79,0.890795,1.77874,21.5826,3.70,0.463421,0.045622,0,0.000000
E3,tech_facility,4,79,0.788179,5.30999,34.7833,7.14,0.175437,0.028441,0,0.000000
E3,tech_facility,5,79,0.696019,5.30999,34.7833,12.94,0.174662,0.028421,1,0.200000
E3,tech_facility,6,79,0.638713,5.30999,34.7833,16.16,0.174151,0.028407,2,0.333333
E3,tech_facility,7,79,0.594113,5.30999,34.7833,19.64,0.173788,0.028398,3,0.428571
E3,tech_coverage,3,80,1.000000,1.12637,25.7774,4.44,0.650990,0.038294,0,0.000000
E3,tech_coverage,4,80,0.906461,4.1756,25.7774,18.97,0.218825,0.038233,0,0.000000
E3,tech_coverage,5,80,0.920265,4.1756,25.7774,28.57,0.217618,0.038196,0,0.000000
E3,tech_coverage,6,80,0.783505,4.1756,25.7774,35.80,0.216824,0.038172,1,0.166667
E3,tech_coverage,7,80,0.756352,4.1756,25.7774,40.66,0.216261,0.038155,2,0.285714
E3,tech_diversity,3,80,0.594737,11.6454,27.26,0.00,0.083436,0.036237,0,0.000000
E3,tech_diversity,4,80,0.542199,11.6454,30.7586,0.00,0.083145,0.032117,0,0.000000
E3,tech_diversity,5,80,0.669808,11.6454,37.689,0.00,0.082972,0.026253,0,0.000000
E3,tech_diversity,6,80,0.616541,11.6454,37.689,8.64,0.082857,0.026241,1,0.166667
E3,tech_diversity,7,80,0.685923,11.6454,37.689,14.29,0.082775,0.026233,1,0.142857
E3,tech_facility,3,80,0.594669,11.6787,25.7501,0.00,0.083205,0.038334,0,0.000000
E3,tech_facility,4,80,0.531674,22.1043,34.4382,0.00,0.044478,0.028723,0,0.000000
E3,tech_facility,5,80,0.491704,31.0308,40.6376,1.43,0.031813,0.024367,0,0.000000
E3,tech_facility,6,80,0.556017,31.0308,40.6376,2.47,0.031796,0.024357,0,0.000000
E3,tech_facility,7,80,0.554432,31.0308,40.6376,3.30,0.031784,0.024350,1,0.142857
E3,tech_coverage,3,81,0.703418,3.92094,16.0138,1.75,0.233974,0.061155,0,0.000000
E3,tech_coverage,4,81,0.790491,3.92094,19.4623,5.41,0.231669,0.050400,0,0.000000
E3,tech_coverage,5,81,0.691520,3.92094,19.4623,10.00,0.230316,0.050336,1,0.200000
E3,tech_coverage,6,81,0.639415,3.92094,19.4623,12.38,0.229427,0.050294,2,0.333333
E3,tech_coverage,7,81,0.637260,3.92094,23.866,14.29,0.228797,0.041156,2,0.285714
E3,tech_diversity,3,81,0.437025,10.7122,74.9118,0.00,0.090477,0.013290,0,0.000000
E3,tech_diversity,4,81,0.385930,179.053,74.9118,0.00,0.005573,0.013282,0,0.000000
E3,tech_diversity,5,81,0.479265,179.053,74.9118,0.00,0.005572,0.013278,0,0.000000
E3,tech_diversity,6,81,0.473517,179.053,74.9118,0.95,0.005572,0.013275,0,0.000000
E3,tech_diversity,7,81,0.582373,179.053,74.9118,1.68,0.005572,0.013273,0,0.000000
E3,tech_facility,3,81,0.675794,4.09613,59.849,1.75,0.224805,0.016616,0,0.000000
E3,tech_facility,4,81,0.583559,4.09613,59.849,4.05,0.222678,0.016604,1,0.250000
E3,tech_facility,5,81,0.524193,4.09613,59.849,4.44,0.221428,0.016597,2,0.400000
E3,tech_facility,6,81,0.588291,4.09613,59.849,3.81,0.220606,0.016593,2,0.333333
E3,tech_facility,7,81,0.570990,11.2285,59.849,4.20,0.085731,0.016590,2,0.285714
E3,tech_coverage,3,82,0.918029,1.51561,9.6367,1.52,0.525328,0.100222,0,0.000000
E3,tech_coverage,4,82,0.937284,1.51561,11.5094,2.33,0.513762,0.084095,0,0.000000
E3,tech_coverage,5,82,0.903149,1.81674,19.3285,7.62,0.441867,0.050678,0,0.000000
E3,tech_coverage,6,82,0.921494,1.81674,19.9574,15.45,0.438612,0.049072,0,0.000000
E3,tech_coverage,7,82,0.868492,1.81674,20.5421,23.57,0.436328,0.047677,1,0.142857
E3,tech_diversity,3,82,0.645458,2.78145,28.8007,0.00,0.318160,0.034321,0,0.000000
E3,tech_diversity,4,82,0.547621,55.2044,28.8007,0.00,0.017992,0.034272,0,0.000000
E3,tech_diversity,5,82,0.490503,1911.24,28.8007,0.00,0.000523,0.034242,0,0.000000
E3,tech_diversity,6,82,0.510292,1911.24,28.8007,0.00,0.000523,0.034223,0,0.000000
E3,tech_diversity,7,82,0.586114,1911.24,28.8007,0.71,0.000523,0.034209,0,0.000000
E3,tech_facility,3,82,0.791570,2.78145,34.883,0.00,0.318160,0.028394,0,0.000000
E3,tech_facility,4,82,0.673919,27.881,38.6484,2.33,0.035387,0.025624,0,0.000000
E3,tech_facility,5,82,0.626442,27.881,38.6484,3.81,0.035356,0.025608,0,0.000000
E3,tech_facility,6,82,0.569172,27.881,38.6484,4.88,0.035335,0.025597,1,0.166667
E3,tech_facility,7,82,0.567695,27.881,38.6484,5.00,0.035320,0.025589,1,0.142857
E3,tech_coverage,3,83,0.671962,3.15531,10.7492,0.00,0.284624,0.090175,0,0.000000
E3,tech_coverage,4,83,0.724234,3.15531,16.3226,1.22,0.281210,0.059871,0,0.000000
E3,tech_coverage,5,83,0.669625,9.14891,18.6538,4.00,0.104627,0.052471,0,0.000000
E3,tech_coverage,6,83,0.622821,30.3391,25.1961,6.84,0.032511,0.039038,0,0.000000
E3,tech_coverage,7,83,0.578242,30.3391,25.1961,9.77,0.032499,0.039020,1,0.142857
E3,tech_diversity,3,83,0.681818,4.64951,22.3861,0.00,0.200026,0.044009,0,0.000000
E3,tech_diversity,4,83,0.583660,4.64951,28.3342,1.22,0.198343,0.034829,1,0.250000
E3,tech_diversity,5,83,0.567635,4.64951,28.6669,1.00,0.197352,0.034400,1,0.200000
E3,tech_diversity,6,83,0.621792,4.64951,28.6669,2.56,0.196699,0.034380,1,0.166667
E3,tech_diversity,7,83,0.671216,4.64951,28.6669,6.77,0.196236,0.034366,1,0.142857
E3,tech_facility,3,83,0.719697,2.62546,23.3113,0.00,0.334574,0.042287,0,0.000000
E3,tech_facility,4,83,0.739300,2.62546,23.3113,3.66,0.329854,0.042212,0,0.000000
E3,tech_facility,5,83,0.664278,2.62546,29.7372,7.00,0.327111,0.033179,1,0.200000
E3,tech_facility,6,83,0.604119,2.62546,29.7372,8.55,0.325317,0.033160,2,0.333333
E3,tech_facility,7,83,0.676929,2.62546,29.7372,9.02,0.324053,0.033147,2,0.285714
E3,tech_coverage,3,84,0.822259,3.41469,7.03767,0.00,0.265195,0.135469,0,0.000000
E3,tech_coverage,4,84,0.881200,3.41469,22.8566,0.00,0.262232,0.043038,0,0.000000
E3,tech_coverage,5,84,0.897451,3.41469,26.643,5.45,0.260498,0.036974,0,0.000000
E3,tech_coverage,6,84,0.822600,3.41469,26.643,12.40,0.259360,0.036951,1,0.166667
E3,tech_coverage,7,84,0.841033,3.41469,34.4033,17.01,0.258555,0.028707,1,0.142857
E3,tech_diversity,3,84,0.499711,7.38676,23.7488,0.00,0.129360,0.041519,0,0.000000
E3,tech_diversity,4,84,0.468207,7.38676,26.5201,0.00,0.128658,0.037177,0,0.000000
E3,tech_diversity,5,84,0.435738,12.5427,28.2173,0.00,0.077225,0.034940,0,0.000000
E3,tech_diversity,6,84,0.592940,12.5427,28.2173,0.00,0.077126,0.034920,0,0.000000
E3,tech_diversity,7,84,0.621158,12.5427,28.2173,0.00,0.077055,0.034906,0,0.000000
E3,tech_facility,3,84,0.800528,5.02722,27.4191,0.00,0.186019,0.036029,0,0.000000
E3,tech_facility,4,84,0.703459,11.0191,29.2555,0.00,0.087709,0.033746,0,0.000000
E3,tech_facility,5,84,0.637100,17.5655,30.8191,0.00,0.055648,0.032029,0,0.000000
E3,tech_facility,6,84,0.595156,17.5655,30.8191,0.00,0.055596,0.032012,0,0.000000
E3,tech_facility,7,84,0.566722,17.5655,30.8191,0.68,0.055559,0.032000,0,0.000000
E3,tech_coverage,3,85,0.736011,3.24637,12.9732,1.67,0.277490,0.075119,0,0.000000
E3,tech_coverage,4,85,0.764929,3.24637,13.4695,3.85,0.274246,0.072200,0,0.000000
E3,tech_coverage,5,85,0.710475,4.2771,17.7117,6.32,0.212936,0.055199,0,0.000000
E3,tech_coverage,6,85,0.655686,13.5714,21.8306,9.91,0.071459,0.044942,0,0.000000
E3,tech_coverage,7,85,0.577300,13.5714,21.8306,14.29,0.071398,0.044918,1,0.142857
E3,tech_diversity,3,85,0.740064,2.16996,30.9745,0.00,0.393672,0.031938,0,0.000000
E3,tech_diversity,4,85,0.609767,2.16996,30.9745,2.56,0.387139,0.031896,1,0.250000
E3,tech_diversity,5,85,0.584223,4.25713,30.9745,3.16,0.213842,0.031870,1,0.200000
E3,tech_diversity,6,85,0.553235,6.96605,30.9745,4.50,0.135236,0.031853,1,0.166667
E3,tech_diversity,7,85,0.605395,6.96605,30.9745,7.14,0.135017,0.031841,1,0.142857
E3,tech_facility,3,85,0.740064,2.16996,32.5675,0.00,0.393672,0.030392,0,0.000000
E3,tech_facility,4,85,0.802634,2.16996,32.5675,2.56,0.387139,0.030354,0,0.000000
E3,tech_facility,5,85,0.737256,7.01687,41.0063,5.26,0.134618,0.024150,0,0.000000
E3,tech_facility,6,85,0.675556,61.5,41.0063,9.01,0.016150,0.024140,0,0.000000
E3,tech_facility,7,85,0.608615,61.5,41.0063,11.90,0.016147,0.024133,1,0.142857
E3,tech_coverage,3,86,0.829741,1.84758,11.7948,1.67,0.449472,0.082410,0,0.000000
E3,tech_coverage,4,86,0.732668,35.2,17.6305,6.41,0.028108,0.055525,0,0.000000
E3,tech_coverage,5,86,0.800434,35.2,17.6305,11.58,0.028088,0.055448,0,0.000000
E3,tech_coverage,6,86,0.720573,35.2,17.6305,18.92,0.028075,0.055396,1,0.166667
E3,tech_coverage,7,86,0.661716,35.2,17.6305,24.60,0.028066,0.055360,2,0.285714
E3,tech_diversity,3,86,0.742268,2.27137,65.5151,1.67,0.378813,0.015186,0,0.000000
E3,tech_diversity,4,86,0.648875,2.27137,65.5151,3.85,0.372763,0.015177,1,0.250000
E3,tech_diversity,5,86,0.743149,2.27137,65.5151,4.21,0.369262,0.015171,1,0.200000
E3,tech_diversity,6,86,0.778219,2.27137,65.5151,9.91,0.366979,0.015167,1,0.166667
E3,tech_diversity,7,86,0.846732,2.27137,65.5151,16.67,0.365373,0.015164,1,0.142857
E3,tech_facility,3,86,0.717059,2.45934,50.0521,1.67,0.353992,0.019846,0,0.000000
E3,tech_facility,4,86,0.676397,4.81785,50.0521,2.56,0.191958,0.019830,0,0.000000
E3,tech_facility,5,86,0.608951,4.81785,50.0521,3.16,0.191030,0.019820,1,0.200000
E3,tech_facility,6,86,0.567821,36.9691,50.0521,2.70,0.026747,0.019814,1,0.166667
E3,tech_facility,7,86,0.553233,36.9691,50.0521,2.38,0.026738,0.019809,1,0.142857
E3,tech_coverage,3,87,0.895373,1.66667,7.1831,0.00,0.488000,0.132855,0,0.000000
E3,tech_coverage,4,87,0.800344,3.36103,9.50947,0.00,0.265947,0.101084,0,0.000000
E3,tech_coverage,5,87,0.745931,3.36103,12.7603,0.74,0.264164,0.075950,0,0.000000
E3,tech_coverage,6,87,0.714062,3.39972,12.7603,1.26,0.260363,0.075853,0,0.000000
E3,tech_coverage,7,87,0.684368,5.49198,18.9,2.75,0.168475,0.051725,0,0.000000
E3,tech_diversity,3,87,0.855155,1.91489,39.254,0.00,0.436592,0.025259,0,0.000000
E3,tech_diversity,4,87,0.758719,4.50267,50.1693,0.00,0.204269,0.019784,0,0.000000
E3,tech_diversity,5,87,0.673325,21.4545,51.6526,0.00,0.045749,0.019211,0,0.000000
E3,tech_diversity,6,87,0.619491,26.4556,51.6526,0.00,0.037209,0.019205,0,0.000000
E3,tech_diversity,7,87,0.685846,26.4556,51.6526,0.00,0.037192,0.019200,0,0.000000
E3,tech_facility,3,87,0.843130,2.09276,38.3685,0.00,0.405769,0.025837,0,0.000000
E3,tech_facility,4,87,0.712355,20.5966,38.3685,0.00,0.047675,0.025809,0,0.000000
E3,tech_facility,5,87,0.632233,22.9968,38.3685,0.00,0.042735,0.025793,0,0.000000
E3,tech_facility,6,87,0.586124,22.9968,38.3685,0.00,0.042704,0.025782,0,0.000000
E3,tech_facility,7,87,0.586475,22.9968,38.3685,0.00,0.042682,0.025774,0,0.000000
E3,tech_coverage,3,88,0.655647,3.62061,12.272,1.28,0.251549,0.079293,0,0.000000
E3,tech_coverage,4,88,0.595312,5.14677,17.498,1.96,0.180593,0.055936,0,0.000000
E3,tech_coverage,5,88,0.678197,5.14677,20.1734,2.40,0.179772,0.048597,0,0.000000
E3,tech_coverage,6,88,0.601324,5.14677,24.1484,4.76,0.179230,0.040703,1,0.166667
E3,tech_coverage,7,88,0.650110,5.14677,24.1484,7.14,0.178845,0.040683,1,0.142857
E3,tech_diversity,3,88,0.725547,2.03837,46.5697,0.00,0.414736,0.021320,0,0.000000
E3,tech_diversity,4,88,0.628283,29.4444,59.8295,0.98,0.033532,0.016610,0,0.000000
E3,tech_diversity,5,88,0.557296,29.4444,59.8295,1.60,0.033504,0.016603,1,0.200000
E3,tech_diversity,6,88,0.728726,29.4444,59.8295,1.36,0.033485,0.016598,1,0.166667
E3,tech_diversity,7,88,0.706025,29.4444,59.8295,4.76,0.033472,0.016595,1,0.142857
E3,tech_facility,3,88,0.754309,3.41747,41.4522,1.28,0.265001,0.023931,0,0.000000
E3,tech_facility,4,88,0.640891,3.41747,41.4522,1.96,0.262043,0.023907,1,0.250000
E3,tech_facility,5,88,0.696947,3.41747,41.4522,1.60,0.260311,0.023893,1,0.200000
E3,tech_facility,6,88,0.649254,11.6906,41.4522,3.40,0.082547,0.023883,1,0.166667
E3,tech_facility,7,88,0.633470,11.6906,41.4522,4.76,0.082466,0.023876,1,0.142857
E3,tech_coverage,3,89,0.750876,2.0205,17.5533,5.88,0.417767,0.055894,0,0.000000
E3,tech_coverage,4,89,0.775031,2.0205,20.358,12.12,0.410413,0.048223,0,0.000000
E3,tech_coverage,5,89,0.674577,2.0205,20.358,20.00,0.406175,0.048165,1,0.200000
E3,tech_coverage,6,89,0.623555,2.0205,20.358,24.73,0.403417,0.048126,2,0.333333
E3,tech_coverage,7,89,0.575697,2.0205,20.358,27.62,0.401480,0.048099,3,0.428571
E3,tech_diversity,3,89,0.690006,4.40486,43.3925,3.92,0.210275,0.022869,0,0.000000
E3,tech_diversity,4,89,0.611140,4.40486,43.3925,7.58,0.208416,0.022847,1,0.250000
E3,tech_diversity,5,89,0.594522,4.40486,43.3925,8.75,0.207321,0.022834,1,0.200000
E3,tech_diversity,6,89,0.590626,4.40486,43.3925,12.90,0.206600,0.022825,1,0.166667
E3,tech_diversity,7,89,0.541607,4.40486,43.3925,16.19,0.206090,0.022819,2,0.285714
E3,tech_facility,3,89,0.819738,2.59341,23.1899,3.92,0.338155,0.042505,0,0.000000
E3,tech_facility,4,89,0.845881,2.59341,35.3062,6.06,0.333334,0.028024,0,0.000000
E3,tech_facility,5,89,0.755233,2.59341,35.3062,15.00,0.330532,0.028005,1,0.200000
E3,tech_facility,6,89,0.700894,2.59341,35.3062,21.51,0.328701,0.027991,2,0.333333
E3,tech_facility,7,89,0.661000,2.59341,35.3062,25.71,0.327410,0.027982,3,0.428571
E3,tech_coverage,3,90,0.932755,1.34641,5.05197,0.00,0.574014,0.185169,0,0.000000
E3,tech_coverage,4,90,0.948383,1.34641,6.44636,0.00,0.560273,0.146333,0,0.000000
E3,tech_coverage,5,90,0.996624,1.34641,7.84941,0.00,0.552478,0.121069,0,0.000000
E3,tech_coverage,6,90,0.941639,2.41058,9.96994,0.42,0.349410,0.096202,0,0.000000
E3,tech_coverage,7,90,0.881100,7.27236,12.6997,1.10,0.129664,0.076134,0,0.000000
E3,tech_diversity,3,90,0.827586,1.55187,34.1856,0.00,0.515883,0.028968,0,0.000000
E3,tech_diversity,4,90,0.807440,2.14175,34.1856,0.00,0.391332,0.028933,0,0.000000
E3,tech_diversity,5,90,0.740078,6.02261,34.1856,0.00,0.155373,0.028912,0,0.000000
E3,tech_diversity,6,90,0.708265,6.02261,34.1856,0.00,0.154969,0.028898,0,0.000000
E3,tech_diversity,7,90,0.709157,6.02261,34.1856,0.37,0.154682,0.028888,0,0.000000
E3,tech_facility,3,90,0.743073,1.64065,44.484,0.00,0.494064,0.022312,0,0.000000
E3,tech_facility,4,90,0.686105,4.69902,45.7651,0.00,0.196421,0.021672,0,0.000000
E3,tech_facility,5,90,0.667349,4.69902,45.7651,0.00,0.195450,0.021661,0,0.000000
E3,tech_facility,6,90,0.734362,4.69902,49.3616,0.00,0.194809,0.020088,0,0.000000
E3,tech_facility,7,90,0.740889,4.69902,49.3616,0.00,0.194355,0.020084,0,0.000000
E3,tech_coverage,3,91,0.665660,2.11712,11.868,4.17,0.401875,0.081916,0,0.000000
E3,tech_coverage,4,91,0.716886,2.11712,12.9145,8.06,0.395068,0.075213,0,0.000000
E3,tech_coverage,5,91,0.627404,2.11712,12.9145,16.00,0.391138,0.075071,1,0.200000
E3,tech_coverage,6,91,0.656448,2.11712,12.9145,20.69,0.388579,0.074977,1,0.166667
E3,tech_coverage,7,91,0.589812,2.11712,12.9145,25.51,0.386780,0.074910,2,0.285714
E3,tech_diversity,3,91,0.637838,2.11712,27.8627,4.17,0.401875,0.035463,0,0.000000
E3,tech_diversity,4,91,0.689422,2.11712,27.8627,9.68,0.395068,0.035410,0,0.000000
E3,tech_diversity,5,91,0.684103,2.1875,27.8627,16.00,0.380851,0.035379,0,0.000000
E3,tech_diversity,6,91,0.627273,2.1875,27.8627,20.69,0.378423,0.035358,1,0.166667
E3,tech_diversity,7,91,0.625767,2.96779,27.8627,24.49,0.292014,0.035343,1,0.142857
E3,tech_facility,3,91,0.654406,4.16686,27.5861,6.25,0.221303,0.035814,0,0.000000
E3,tech_facility,4,91,0.563918,4.16686,27.5861,11.29,0.219242,0.035760,1,0.250000
E3,tech_facility,5,91,0.531519,10.3345,27.5861,13.33,0.093090,0.035728,1,0.200000
E3,tech_facility,6,91,0.471687,10.3345,27.5861,14.94,0.092945,0.035707,2,0.333333
E3,tech_facility,7,91,0.528302,10.3345,27.5861,15.31,0.092842,0.035692,2,0.285714
E3,tech_coverage,3,92,0.971463,1.12665,13.8805,2.08,0.650882,0.070327,0,0.000000
E3,tech_coverage,4,92,0.825520,1.12665,18.0021,11.29,0.633437,0.054403,1,0.250000
E3,tech_coverage,5,92,0.740123,1.12665,26.981,16.00,0.623614,0.036518,2,0.400000
E3,tech_coverage,6,92,0.679439,1.12665,26.981,19.54,0.617310,0.036495,3,0.500000
E3,tech_coverage,7,92,0.644391,1.12665,33.5022,22.45,0.612919,0.029470,4,0.571429
E3,tech_diversity,3,92,0.539539,22.5059,40.887,0.00,0.043778,0.024259,0,0.000000
E3,tech_diversity,4,92,0.702989,22.5059,40.887,0.00,0.043698,0.024234,0,0.000000
E3,tech_diversity,5,92,0.783602,22.5059,40.887,4.00,0.043650,0.024220,0,0.000000
E3,tech_diversity,6,92,0.755227,22.5059,40.887,8.05,0.043618,0.024210,0,0.000000
E3,tech_diversity,7,92,0.722078,22.5059,40.887,13.27,0.043596,0.024203,1,0.142857
E3,tech_facility,3,92,0.506522,21.9975,32.4601,0.00,0.044774,0.030492,0,0.000000
E3,tech_facility,4,92,0.492071,21.9975,32.4601,0.00,0.044691,0.030453,0,0.000000
E3,tech_facility,5,92,0.489188,21.9975,34.7944,0.00,0.044641,0.028412,0,0.000000
E3,tech_facility,6,92,0.585591,21.9975,34.7944,1.15,0.044607,0.028398,0,0.000000
E3,tech_facility,7,92,0.673575,21.9975,34.7944,2.04,0.044584,0.028389,0,0.000000
E3,tech_coverage,3,93,0.890610,1.90698,6.87804,0.00,0.438069,0.138458,0,0.000000
E3,tech_coverage,4,93,0.804524,2.56308,14.7681,0.00,0.336694,0.066014,0,0.000000
E3,tech_coverage,5,93,0.846001,2.56308,14.7681,0.00,0.333835,0.065904,0,0.000000
E3,tech_coverage,6,93,0.790514,4.51419,16.8831,1.03,0.202056,0.057788,0,0.000000
E3,tech_coverage,7,93,0.818128,4.51419,16.8831,2.68,0.201567,0.057748,0,0.000000
E3,tech_diversity,3,93,0.837398,2.99334,27.0834,0.00,0.298254,0.036470,0,0.000000
E3,tech_diversity,4,93,0.718125,6.84209,29.72,0.00,0.138337,0.033225,0,0.000000
E3,tech_diversity,5,93,0.650700,6.84209,29.72,0.00,0.137856,0.033198,0,0.000000
E3,tech_diversity,6,93,0.603387,10.3778,29.72,0.00,0.092573,0.033179,0,0.000000
E3,tech_diversity,7,93,0.562305,61.63,29.72,0.00,0.016113,0.033166,0,0.000000
E3,tech_facility,3,93,0.706215,2.32955,70.0024,0.00,0.370774,0.014217,0,0.000000
E3,tech_facility,4,93,0.603251,10.6057,72.2033,0.00,0.091007,0.013778,0,0.000000
E3,tech_facility,5,93,0.650950,10.6057,72.2033,0.00,0.090799,0.013773,0,0.000000
E3,tech_facility,6,93,0.600055,17.6803,72.2033,0.00,0.055244,0.013770,0,0.000000
E3,tech_facility,7,93,0.595228,17.6803,72.2033,0.00,0.055207,0.013768,0,0.000000
E3,tech_coverage,3,94,0.933395,1.47237,9.23301,0.83,0.537021,0.104444,0,0.000000
E3,tech_coverage,4,94,0.847155,3.19828,9.23301,1.27,0.277880,0.103987,0,0.000000
E3,tech_coverage,5,94,0.799171,3.19828,9.23301,1.54,0.275933,0.103715,0,0.000000
E3,tech_coverage,6,94,0.814217,3.19828,9.23301,3.03,0.274656,0.103535,0,0.000000
E3,tech_coverage,7,94,0.790171,3.19828,15.3422,4.89,0.273754,0.063387,0,0.000000
E3,tech_diversity,3,94,0.712896,3.39406,33.4693,0.00,0.266643,0.029582,0,0.000000
E3,tech_diversity,4,94,0.645339,8.3342,42.3727,0.63,0.114696,0.023392,0,0.000000
E3,tech_diversity,5,94,0.711096,8.3342,42.3727,1.03,0.114365,0.023378,0,0.000000
E3,tech_diversity,6,94,0.678774,8.3342,42.3727,1.30,0.114146,0.023369,0,0.000000
E3,tech_diversity,7,94,0.728723,8.3342,42.3727,1.50,0.113991,0.023363,0,0.000000
E3,tech_facility,3,94,0.983264,1.79153,41.0625,0.00,0.460767,0.024156,0,0.000000
E3,tech_facility,4,94,0.916432,2.10534,41.0625,0.63,0.396879,0.024132,0,0.000000
E3,tech_facility,5,94,0.833510,6.67628,41.0625,1.03,0.141075,0.024117,0,0.000000
E3,tech_facility,6,94,0.750358,6.67628,41.0625,1.30,0.140741,0.024107,1,0.166667
E3,tech_facility,7,94,0.752758,6.67628,41.0625,1.13,0.140505,0.024100,1,0.142857
E3,tech_coverage,3,95,0.991398,1.03224,7.49592,0.76,0.689605,0.127561,0,0.000000
E3,tech_coverage,4,95,0.987638,1.06706,12.5792,1.15,0.656238,0.077158,0,0.000000
E3,tech_coverage,5,95,0.990572,1.06706,19.193,1.40,0.645759,0.051028,0,0.000000
E3,tech_coverage,6,95,0.910019,4.06948,19.193,3.14,0.221904,0.050984,0,0.000000
E3,tech_coverage,7,95,0.860455,6.74469,19.193,5.44,0.139169,0.050953,0,0.000000
E3,tech_diversity,3,95,0.724055,2.37989,36.6979,0.00,0.364083,0.027003,0,0.000000
E3,tech_diversity,4,95,0.675096,2.75293,36.6979,0.57,0.316696,0.026972,0,0.000000
E3,tech_diversity,5,95,0.659070,2.75293,36.6979,0.93,0.314166,0.026954,0,0.000000
E3,tech_diversity,6,95,0.617107,5.19657,36.6979,1.18,0.177649,0.026942,0,0.000000
E3,tech_diversity,7,95,0.577812,32.6633,36.6979,1.36,0.030217,0.026933,0,0.000000
E3,tech_facility,3,95,0.733951,2.328,60.5294,0.00,0.370984,0.016430,0,0.000000
E3,tech_facility,4,95,0.626734,7.40891,61.5596,0.57,0.128293,0.016146,0,0.000000
E3,tech_facility,5,95,0.646724,7.40891,61.5596,0.93,0.127880,0.016139,0,0.000000
E3,tech_facility,6,95,0.718311,7.40891,61.5596,1.18,0.127606,0.016135,0,0.000000
E3,tech_facility,7,95,0.697735,7.40891,61.5596,1.70,0.127411,0.016132,0,0.000000
E3,tech_coverage,3,96,0.665761,5.8366,11.9208,0.00,0.161734,0.081563,0,0.000000
E3,tech_coverage,4,96,0.588204,6.33793,13.7009,3.23,0.148688,0.071014,0,0.000000
E3,tech_coverage,5,96,0.511618,6.33793,14.5728,8.00,0.148132,0.066763,1,0.200000
E3,tech_coverage,6,96,0.473485,27.9944,14.5728,10.34,0.035194,0.066688,1,0.166667
E3,tech_coverage,7,96,0.537102,27.9944,14.5728,12.24,0.035179,0.066635,1,0.142857
E3,tech_diversity,3,96,0.587111,5.50381,32.2389,0.00,0.170910,0.030699,0,0.000000
E3,tech_diversity,4,96,0.592415,5.50381,32.2389,1.61,0.169683,0.030659,0,0.000000
E3,tech_diversity,5,96,0.521231,5.50381,32.2389,6.67,0.168959,0.030636,1,0.200000
E3,tech_diversity,6,96,0.574826,5.50381,32.2389,9.20,0.168480,0.030620,1,0.166667
E3,tech_diversity,7,96,0.547529,18.9549,32.2389,13.27,0.051579,0.030609,1,0.142857
E3,tech_facility,3,96,0.587111,5.50381,37.6821,0.00,0.170910,0.026304,0,0.000000
E3,tech_facility,4,96,0.641423,5.50381,37.6821,1.61,0.169683,0.026275,0,0.000000
E3,tech_facility,5,96,0.554066,5.50381,37.6821,5.33,0.168959,0.026258,1,0.200000
E3,tech_facility,6,96,0.496966,5.50381,37.6821,6.90,0.168480,0.026246,2,0.333333
E3,tech_facility,7,96,0.476562,14.9483,37.6821,8.16,0.065009,0.026238,2,0.285714
E3,tech_coverage,3,97,0.671038,4.51622,22.7555,0.00,0.205483,0.043305,0,0.000000
E3,tech_coverage,4,97,0.619668,6.00436,22.7555,3.85,0.156430,0.043227,0,0.000000
E3,tech_coverage,5,97,0.684178,6.00436,22.7555,7.37,0.155814,0.043180,0,0.000000
E3,tech_coverage,6,97,0.661431,6.00436,24.1083,12.61,0.155407,0.040769,0,0.000000
E3,tech_coverage,7,97,0.694147,6.00436,24.1083,17.46,0.155118,0.040749,0,0.000000
E3,tech_diversity,3,97,0.671038,4.51622,70.3058,0.00,0.205483,0.014156,0,0.000000
E3,tech_diversity,4,97,0.713942,4.51622,72.2949,3.85,0.203708,0.013761,0,0.000000
E3,tech_diversity,5,97,0.645993,4.51622,72.2949,7.37,0.202662,0.013756,1,0.200000
E3,tech_diversity,6,97,0.636253,4.51622,72.2949,14.41,0.201973,0.013753,1,0.166667
E3,tech_diversity,7,97,0.586427,4.51622,72.2949,19.84,0.201485,0.013751,2,0.285714
E3,tech_facility,3,97,0.707870,3.46735,25.2601,0.00,0.261567,0.039068,0,0.000000
E3,tech_facility,4,97,0.650631,6.93774,40.0676,1.28,0.136534,0.024725,0,0.000000
E3,tech_facility,5,97,0.597598,26.5447,40.0676,4.21,0.037109,0.024710,0,0.000000
E3,tech_facility,6,97,0.542218,26.5447,40.0676,6.31,0.037086,0.024700,1,0.166667
E3,tech_facility,7,97,0.522741,26.5447,40.0676,7.14,0.037070,0.024692,1,0.142857
E3,tech_coverage,3,98,0.984134,1.20205,15.8967,0.00,0.622544,0.061596,0,0.000000
E3,tech_coverage,4,98,0.973555,1.20205,16.5395,1.22,0.606497,0.059104,0,0.000000
E3,tech_coverage,5,98,0.875622,42.8293,18.3576,5.00,0.023131,0.053299,0,0.000000
E3,tech_coverage,6,98,0.802151,42.8293,19.3634,9.40,0.023123,0.050545,1,0.166667
E3,tech_coverage,7,98,0.828262,42.8293,21.9571,12.88,0.023116,0.044664,1,0.142857
E3,tech_diversity,3,98,0.465269,3.84781,19.5287,0.00,0.238024,0.050338,0,0.000000
E3,tech_diversity,4,98,0.448347,4.35461,19.5287,0.00,0.210612,0.050232,0,0.000000
E3,tech_diversity,5,98,0.533712,4.35461,19.5287,0.00,0.209494,0.050169,0,0.000000
E3,tech_diversity,6,98,0.622846,4.35461,21.1236,0.00,0.208758,0.046416,0,0.000000
E3,tech_diversity,7,98,0.702115,4.35461,25.791,0.75,0.208237,0.038135,0,0.000000
E3,tech_facility,3,98,0.723937,2.49163,27.0755,0.00,0.350045,0.036481,0,0.000000
E3,tech_facility,4,98,0.657379,4.74915,27.0755,0.00,0.194513,0.036425,0,0.000000
E3,tech_facility,5,98,0.604975,12.4472,27.0755,0.00,0.077799,0.036392,0,0.000000
E3,tech_facility,6,98,0.564124,14.9837,27.8753,0.00,0.064911,0.035342,0,0.000000
E3,tech_facility,7,98,0.547126,14.9837,27.8753,0.00,0.064860,0.035327,0,0.000000
E3,tech_coverage,3,99,0.540680,4.95844,7.74693,0.00,0.188422,0.123609,0,0.000000
E3,tech_coverage,4,99,0.669305,4.95844,8.16882,0.00,0.186930,0.116911,0,0.000000
E3,tech_coverage,5,99,0.637592,4.95844,12.0112,0.00,0.186050,0.080529,0,0.000000
E3,tech_coverage,6,99,0.608274,4.95844,13.1199,0.00,0.185470,0.073840,0,0.000000
E3,tech_coverage,7,99,0.647132,4.95844,15.6519,1.14,0.185058,0.062167,0,0.000000
E3,tech_diversity,3,99,0.757041,1.87197,18.6591,0.00,0.444720,0.052641,0,0.000000
E3,tech_diversity,4,99,0.660602,8.21351,25.06,0.00,0.116304,0.039311,0,0.000000
E3,tech_diversity,5,99,0.656067,8.21351,25.06,0.00,0.115964,0.039272,0,0.000000
E3,tech_diversity,6,99,0.609066,9.17225,27.4437,0.00,0.104190,0.035890,0,0.000000
E3,tech_diversity,7,99,0.669662,9.17225,30.3829,0.00,0.104061,0.032453,0,0.000000
E3,tech_facility,3,99,0.650329,1.87197,44.3116,0.00,0.444720,0.022398,0,0.000000
E3,tech_facility,4,99,0.574091,7.1328,44.3116,0.00,0.132997,0.022377,0,0.000000
E3,tech_facility,5,99,0.535110,7.1328,44.3116,0.00,0.132553,0.022365,0,0.000000
E3,tech_facility,6,99,0.627326,7.1328,44.3116,0.00,0.132258,0.022356,0,0.000000
E3,tech_facility,7,99,0.586982,13.9537,44.3116,0.57,0.069502,0.022350,0,0.000000
E3,tech_coverage,3,100,0.861125,1.5312,18.7957,0.00,0.521227,0.052266,0,0.000000
E3,tech_coverage,4,100,0.781057,8.30299,23.8869,1.61,0.115107,0.041211,0,0.000000
E3,tech_coverage,5,100,0.833886,8.30299,35.8926,6.67,0.114774,0.027552,0,0.000000
E3,tech_coverage,6,100,0.757619,8.30299,46.4142,13.79,0.114554,0.021353,1,0.166667
E3,tech_coverage,7,100,0.757740,64.671,46.4142,17.35,0.015361,0.021347,1,0.142857
E3,tech_diversity,3,100,0.704152,10.8614,25.3912,2.08,0.089272,0.038869,0,0.000000
E3,tech_diversity,4,100,0.745866,10.8614,25.3912,3.23,0.088939,0.038806,0,0.000000
E3,tech_diversity,5,100,0.786622,10.8614,25.3912,4.00,0.088740,0.038768,0,0.000000
E3,tech_diversity,6,100,0.823832,10.8614,25.3912,8.05,0.088608,0.038743,0,0.000000
E3,tech_diversity,7,100,0.827813,19.6738,25.3912,14.29,0.049735,0.038725,0,0.000000
E3,tech_facility,3,100,0.704152,10.8614,22.2605,2.08,0.089272,0.044253,0,0.000000
E3,tech_facility,4,100,0.645860,10.8614,22.2605,3.23,0.088939,0.044171,0,0.000000
E3,tech_facility,5,100,0.610320,10.8614,26.2724,4.00,0.088740,0.037488,0,0.000000
E3,tech_facility,6,100,0.606006,10.8614,40.6135,4.60,0.088608,0.024371,0,0.000000
E3,tech_facility,7,100,0.611969,16.3461,40.6135,5.10,0.059596,0.024364,0,0.000000
