family,dataset,seed,K,selected_negative,harmful_zero,negative_candidate_observed,eta_sel_old,eta_sel_repaired_diagnostic,ratio,below_old_L
E1,airline,0,2,False,False,True,1.0,1.0,1.0,False
E1,airline,0,3,False,False,True,1.0,1.0,1.0,False
E1,airline,0,4,False,False,True,1.0,1.0,1.0,False
E1,airline,0,5,False,False,True,1.0,1.0,1.0,False
E1,airline,0,6,False,False,True,1.0,1.0,1.0,False
E1,airline,0,7,False,False,True,1.35484,1.35483870973551,0.997715,False
E1,airline,1,2,False,False,True,1.0,1.0,1.0,False
E1,airline,1,3,False,False,True,1.0,1.0,1.0,False
E1,airline,1,4,False,False,True,1.0,1.0,1.0,False
E1,airline,1,5,False,False,True,1.0,1.0,1.0,False
E1,airline,1,6,False,False,True,1.18182,1.1818181819020661,0.997897,False
E1,airline,1,7,False,False,True,1.54286,1.542857143080857,0.99604,False
E1,airline,2,2,False,False,True,1.0,1.0,1.0,False
E1,airline,2,3,False,False,True,1.0,1.0,1.0,False
E1,airline,2,4,False,False,True,1.0,1.0,1.0,False
E1,airline,2,5,False,False,True,1.08889,1.0888888888989134,0.999154,False
E1,airline,2,6,False,False,True,1.12727,1.12727272779281,0.998537,False
E1,airline,2,7,False,False,True,1.12727,1.12727272779281,1.0,False
E1,airline,3,2,False,False,True,1.0,1.0,1.0,False
E1,airline,3,3,False,False,True,1.0,1.0,1.0,False
E1,airline,3,4,False,False,True,1.0,1.0,1.0,False
E1,airline,3,5,False,False,True,1.0,1.0,1.0,False
E1,airline,3,6,False,False,True,1.0,1.0,1.0,False
E1,airline,3,7,False,False,True,4.11111,4.111111110547222,0.994194,False
E1,airline,4,2,False,False,True,1.0,1.0,1.0,False
E1,airline,4,3,False,False,True,1.0,1.0,1.0,False
E1,airline,4,4,False,False,True,1.0,1.0,1.0,False
E1,airline,4,5,False,False,True,1.03704,1.0370370370439985,0.999788,False
E1,airline,4,6,False,False,True,1.23684,1.2368421052947889,0.998739,False
E1,airline,4,7,False,False,True,1.23684,1.2368421052947889,1.001254,False
E1,airline,5,2,False,False,True,1.0,1.0,1.0,False
E1,airline,5,3,False,False,True,1.0,1.0,1.0,False
E1,airline,5,4,False,False,True,1.0,1.0,1.0,False
E1,airline,5,5,False,False,True,5.375,5.374999999365626,0.992596,False
E1,airline,5,6,False,False,True,5.375,5.374999999365626,0.996855,False
E1,airline,5,7,False,False,True,5.375,5.374999999365626,0.997089,False
E1,airline,6,2,False,False,True,1.0,1.0,1.0,False
E1,airline,6,3,False,False,True,1.0,1.0,1.0,False
E1,airline,6,4,False,False,True,1.0,1.0,1.0,False
E1,airline,6,5,False,False,True,2.41176,2.4117647055838236,0.99492,False
E1,airline,6,6,False,False,True,2.41176,2.4117647055838236,0.99455,False
E1,airline,6,7,False,False,True,2.41176,2.4117647055838236,0.997921,False
E1,airline,7,2,False,False,True,1.0,1.0,1.0,False
E1,airline,7,3,False,False,True,1.0,1.0,1.0,False
E1,airline,7,4,False,False,True,1.0,1.0,1.0,False
E1,airline,7,5,False,False,True,1.0,1.0,1.0,False
E1,airline,7,6,False,False,True,1.12903,1.12903225808564,0.999163,False
E1,airline,7,7,False,False,True,1.21429,1.2142857143245536,0.998752,False
E1,airline,8,2,False,False,True,1.0,1.0,1.0,False
E1,airline,8,3,False,False,True,1.0,1.0,1.0,False
E1,airline,8,4,False,False,True,1.0,1.0,1.0,False
E1,airline,8,5,False,False,True,1.28125,1.2812500000446043,0.998093,False
E1,airline,8,6,False,False,True,1.28125,1.2812500000446043,0.999372,False
E1,airline,8,7,False,False,True,1.28125,1.2812500000446043,0.997927,False
E1,airline,9,2,False,False,True,1.0,1.0,1.0,False
E1,airline,9,3,False,False,True,1.0,1.0,1.0,False
E1,airline,9,4,False,False,True,1.0,1.0,1.0,False
E1,airline,9,5,False,False,True,3.44444,3.4444444438805553,0.995342,False
E1,airline,9,6,False,False,True,3.44444,3.4444444438805553,0.994971,False
E1,airline,9,7,False,False,True,3.44444,3.4444444438805553,1.001252,False
E1,airline,10,2,False,False,True,1.0,1.0,1.0,False
E1,airline,10,3,False,False,True,1.0,1.0,1.0,False
E1,airline,10,4,False,False,True,1.0155,1.015503875972042,0.999571,False
E1,airline,10,5,False,False,True,1.0155,1.015503875972042,1.001491,False
E1,airline,10,6,False,False,True,1.9,1.8999999994755836,0.999366,False
E1,airline,10,7,False,False,True,1.9,1.8999999994755836,1.001674,False
E1,airline,11,2,False,False,True,1.0,1.0,1.0,False
E1,airline,11,3,False,False,True,1.0,1.0,1.0,False
E1,airline,11,4,False,False,True,1.0,1.0,1.0,False
E1,airline,11,5,False,False,True,1.0,1.0,1.0,False
E1,airline,11,6,False,False,True,1.0,1.0,1.0,False
E1,airline,11,7,False,False,True,1.0,1.0,1.0,False
E1,airline,12,2,False,False,True,1.0,1.0,1.0,False
E1,airline,12,3,False,False,True,1.0,1.0,1.0,False
E1,airline,12,4,False,False,True,1.0,1.0,1.0,False
E1,airline,12,5,False,False,True,1.47619,1.4761904763055556,0.99787,False
E1,airline,12,6,False,False,True,1.47619,1.4761904763055556,0.997684,False
E1,airline,12,7,False,False,True,1.47619,1.4761904763055556,0.99812,False
E1,airline,13,2,False,False,True,1.0,1.0,1.0,False
E1,airline,13,3,False,False,True,1.0,1.0,1.0,False
E1,airline,13,4,False,False,True,1.1,1.0999999999999999,0.996578,False
E1,airline,13,5,False,False,True,1.37143,1.3714285714824288,0.988629,False
E1,airline,13,6,False,False,True,1.37143,1.3714285714824288,0.996233,False
E1,airline,13,7,False,False,True,1.37143,1.3714285714824288,1.000209,False
E1,airline,14,2,False,False,True,1.0,1.0,1.0,False
E1,airline,14,3,False,False,True,1.0,1.0,1.0,False
E1,airline,14,4,False,False,True,1.0,1.0,1.0,False
E1,airline,14,5,False,False,True,1.36364,1.3636363636922866,0.997462,False
E1,airline,14,6,False,False,True,2.35484,2.354838709244381,0.992889,False
E1,airline,14,7,False,False,True,2.35484,2.354838709244381,0.99792,False
E1,airline,15,2,False,False,True,1.0,1.0,1.0,False
E1,airline,15,3,False,False,True,1.0,1.0,1.0,False
E1,airline,15,4,False,False,True,1.0,1.0,1.0,False
E1,airline,15,5,False,False,True,1.375,1.3750000000594724,0.997462,False
E1,airline,15,6,False,False,True,1.375,1.3750000000594724,0.998741,False
E1,airline,15,7,False,False,True,1.375,1.3750000000594724,0.998541,False
E1,airline,16,2,False,False,True,1.0,1.0,1.0,False
E1,airline,16,3,False,False,True,1.0,1.0,1.0,False
E1,airline,16,4,False,False,True,1.0,1.0,1.0,False
E1,airline,16,5,False,False,True,1.0,1.0,1.0,False
E1,airline,16,6,False,False,True,1.19565,1.1956521734933245,0.998109,False
E1,airline,16,7,False,False,True,2.08696,2.08695652197897,0.994998,False
E1,airline,17,2,False,False,True,1.0,1.0,1.0,False
E1,airline,17,3,False,False,True,1.0,1.0,1.0,False
E1,airline,17,4,False,False,True,1.0,1.0,1.0,False
E1,airline,17,5,False,False,True,1.0,1.0,1.0,False
E1,airline,17,6,False,False,True,1.18519,1.1851851851851851,0.997909,False
E1,airline,17,7,False,False,True,1.34375,1.3437500000545166,0.997715,False
E1,airline,18,2,False,False,True,1.0,1.0,1.0,False
E1,airline,18,3,False,False,True,1.0,1.0,1.0,False
E1,airline,18,4,False,False,True,1.41573,1.4157303374822938,0.992141,False
E1,airline,18,5,False,False,True,1.41573,1.4157303374822938,0.99055,False
E1,airline,18,6,False,False,True,1.45652,1.4565217387394966,0.994363,False
E1,airline,18,7,False,False,True,1.45652,1.4565217387394966,1.002501,False
E1,airline,19,2,False,False,True,1.0,1.0,1.0,False
E1,airline,19,3,False,False,True,1.0,1.0,1.0,False
E1,airline,19,4,False,False,True,1.0,1.0,1.0,False
E1,airline,19,5,False,False,True,1.0,1.0,1.002972,False
E1,airline,19,6,False,False,True,1.22449,1.2244897960451897,1.00252,False
E1,airline,19,7,False,False,True,1.22449,1.2244897960451897,1.002923,False
E1,airline,20,2,False,False,True,1.0,1.0,1.0,False
E1,airline,20,3,False,False,True,1.0,1.0,1.0,False
E1,airline,20,4,False,False,True,1.00725,1.0072463766277173,0.999786,False
E1,airline,20,5,False,False,True,1.125,1.1250000001189453,0.994727,False
E1,airline,20,6,False,False,True,1.125,1.1250000001189453,1.002308,False
E1,airline,20,7,False,False,True,2.11111,2.111111111111111,0.998748,False
E1,airline,21,2,False,False,True,1.0,1.0,1.0,False
E1,airline,21,3,False,False,True,1.0,1.0,1.0,False
E1,airline,21,4,False,False,True,1.0,1.0,1.0,False
E1,airline,21,5,False,False,True,1.58621,1.5862068966543104,0.9964,False
E1,airline,21,6,False,False,True,1.58621,1.5862068966543104,1.000419,False
E1,airline,21,7,False,False,True,1.68421,1.6842105260486842,0.998127,False
E1,airline,22,2,False,False,True,1.0,1.0,1.0,False
E1,airline,22,3,False,False,True,1.0,1.0,1.0,False
E1,airline,22,4,False,False,True,1.0,1.0,1.0,False
E1,airline,22,5,False,False,True,1.10714,1.1071428571622768,0.99936,False
E1,airline,22,6,False,False,True,1.55319,1.5531914889895202,0.994532,False
E1,airline,22,7,False,False,True,1.55319,1.5531914889895202,0.999791,False
E1,airline,23,2,False,False,True,1.0,1.0,1.0,False
E1,airline,23,3,False,False,True,1.0,1.0,1.0,False
E1,airline,23,4,False,False,True,1.0,1.0,1.0,False
E1,airline,23,5,False,False,True,1.27778,1.2777777778169368,0.997874,False
E1,airline,23,6,False,False,True,1.27778,1.2777777778169368,1.004427,False
E1,airline,23,7,False,False,True,2.35714,2.357142856780357,0.99604,False
E1,airline,24,2,False,False,True,1.0,1.0,1.0,False
E1,airline,24,3,False,False,True,1.0,1.0,1.0,False
E1,airline,24,4,False,False,True,1.0,1.0,1.0,False
E1,airline,24,5,False,False,True,1.0,1.0,1.0,False
E1,airline,24,6,False,False,True,1.0,1.0,1.0,False
E1,airline,24,7,False,False,True,1.0,1.0,1.0,False
E1,airline,25,2,False,False,True,1.0,1.0,1.0,False
E1,airline,25,3,False,False,True,1.0,1.0,1.0,False
E1,airline,25,4,False,False,True,1.0,1.0,1.0,False
E1,airline,25,5,False,False,True,1.34884,1.3488372094615195,0.99682,False
E1,airline,25,6,False,False,True,1.34884,1.3488372094615195,1.003571,False
E1,airline,25,7,False,False,True,1.56,1.5600000001136802,0.999792,False
E1,airline,26,2,False,False,True,1.0,1.0,1.0,False
E1,airline,26,3,False,False,True,1.0,1.0,1.0,False
E1,airline,26,4,False,False,True,1.0,1.0,1.0,False
E1,airline,26,5,False,False,True,2.05,2.04999999974625,0.99554,False
E1,airline,26,6,False,False,True,2.05,2.04999999974625,1.000633,False
E1,airline,26,7,False,False,True,2.05,2.04999999974625,1.003352,False
E1,airline,27,2,False,False,True,1.0,1.0,1.0,False
E1,airline,27,3,False,False,True,1.0,1.0,1.0,False
E1,airline,27,4,False,False,True,1.0,1.0,1.0,False
E1,airline,27,5,False,False,True,2.21739,2.2173913037338377,0.994026,False
E1,airline,27,6,False,False,True,2.21739,2.2173913037338377,0.997472,False
E1,airline,27,7,False,False,True,2.21739,2.2173913037338377,0.999162,False
E1,airline,28,2,False,False,True,1.0,1.0,1.0,False
E1,airline,28,3,False,False,True,1.0,1.0,1.0,False
E1,airline,28,4,False,False,True,1.0,1.0,1.0,False
E1,airline,28,5,False,False,True,4.88889,4.888888888324999,0.992596,False
E1,airline,28,6,False,False,True,4.88889,4.888888888324999,0.996861,False
E1,airline,28,7,False,False,True,4.88889,4.888888888324999,0.999375,False
E1,airline,29,2,False,False,True,1.0,1.0,1.0,False
E1,airline,29,3,False,False,True,1.0,1.0,1.0,False
E1,airline,29,4,False,False,True,1.08462,1.0846153844201922,0.997656,False
E1,airline,29,5,False,False,True,1.32432,1.3243243243688092,0.991593,False
E1,airline,29,6,False,False,True,1.5,1.5000000001585938,0.99499,False
E1,airline,29,7,False,False,True,1.5,1.5000000001585938,1.001036,False
E1,wine,0,2,False,False,True,1.5,1.4999999997,0.852941,False
E1,wine,0,3,False,False,True,1.5,1.5000000004499998,0.942857,False
E1,wine,0,4,False,True,True,1.5,inf,0.942857,False
E1,wine,0,5,False,True,True,1.5,inf,0.942857,False
E1,wine,0,6,False,True,True,1.5,inf,0.944444,False
E1,wine,0,7,False,True,True,1.5,inf,1.0,False
E1,wine,1,2,False,False,True,1.5,1.4999999999999998,0.885714,False
E1,wine,1,3,False,False,True,2.5,2.5000000000000004,0.916667,False
E1,wine,1,4,False,True,True,2.5,inf,0.916667,False
E1,wine,1,5,False,True,True,3.0,inf,0.944444,False
E1,wine,1,6,False,True,True,3.0,inf,0.944444,False
E1,wine,1,7,False,True,True,3.0,inf,0.944444,False
E1,wine,2,2,False,False,True,4.0,3.9999999992800004,0.903226,False
E1,wine,2,3,False,False,True,4.0,3.9999999992800004,0.970588,False
E1,wine,2,4,False,True,True,4.0,inf,0.970588,False
E1,wine,2,5,False,True,True,4.0,inf,0.970588,False
E1,wine,2,6,False,True,True,4.0,inf,0.970588,False
E1,wine,2,7,False,True,True,4.0,inf,1.0,False
E1,wine,3,2,False,False,True,1.0,1.0,1.0,False
E1,wine,3,3,False,False,True,1.0,1.0,1.0,False
E1,wine,3,4,True,False,True,1.0,,1.0,False
E1,wine,3,5,True,True,True,1.0,,0.970588,False
E1,wine,3,6,True,True,True,1.0,,1.0,False
E1,wine,3,7,True,True,True,1.0,,1.030303,False
E1,wine,4,2,False,False,True,1.4,1.399999999568,0.942857,False
E1,wine,4,3,False,True,True,1.4,inf,0.916667,False
E1,wine,4,4,False,True,True,1.4,inf,0.916667,False
E1,wine,4,5,False,True,True,2.0,inf,0.944444,False
E1,wine,4,6,False,True,True,2.0,inf,0.944444,False
E1,wine,4,7,False,True,True,2.0,inf,0.944444,False
E1,wine,5,2,False,False,True,1.06667,1.0666666664746667,1.0,False
E1,wine,5,3,False,True,True,1.06667,inf,0.941176,False
E1,wine,5,4,False,True,True,1.06667,inf,0.969697,False
E1,wine,5,5,False,True,True,1.06667,inf,1.0,False
E1,wine,5,6,False,True,True,1.06667,inf,1.0,False
E1,wine,5,7,True,True,True,1.06667,,0.969697,False
E1,wine,6,2,False,False,True,1.125,1.1250000001125,1.0,False
E1,wine,6,3,False,True,True,1.125,inf,0.942857,False
E1,wine,6,4,False,True,True,1.125,inf,0.942857,False
E1,wine,6,5,False,True,True,1.125,inf,0.942857,False
E1,wine,6,6,False,True,True,1.125,inf,0.942857,False
E1,wine,6,7,False,True,True,1.125,inf,0.916667,False
E1,wine,7,2,False,False,True,1.125,1.1250000001125,0.969697,False
E1,wine,7,3,False,False,True,3.0,2.99999999964,0.942857,False
E1,wine,7,4,False,True,True,3.0,inf,0.942857,False
E1,wine,7,5,True,True,True,3.0,,0.885714,False
E1,wine,7,6,True,True,True,3.0,,0.885714,False
E1,wine,7,7,True,True,True,3.0,,0.885714,False
E1,wine,8,2,False,False,True,1.2,1.2000000001439999,0.96875,False
E1,wine,8,3,False,False,True,1.5,1.49999999982,0.970588,False
E1,wine,8,4,False,False,True,1.5,1.49999999982,0.971429,False
E1,wine,8,5,False,False,True,1.5,1.49999999982,0.971429,False
E1,wine,8,6,False,False,True,1.5,1.49999999982,0.971429,False
E1,wine,8,7,False,False,True,1.5,1.49999999982,0.971429,False
E1,wine,9,2,False,False,True,1.33333,1.3333333332533335,0.96875,False
E1,wine,9,3,False,False,True,4.0,3.9999999992800004,0.888889,False
E1,wine,9,4,True,False,True,4.0,,0.861111,False
E1,wine,9,5,True,True,True,4.0,,0.861111,False
E1,wine,9,6,True,True,True,4.0,,0.888889,False
E1,wine,9,7,True,True,True,4.0,,0.888889,False
E1,wine,10,2,False,False,True,1.0,1.0,1.0,False
E1,wine,10,3,False,False,True,1.0,1.0,1.0,False
E1,wine,10,4,False,False,True,1.0,1.0,0.970588,False
E1,wine,10,5,False,True,True,1.0,inf,0.970588,False
E1,wine,10,6,False,True,True,1.0,inf,0.970588,False
E1,wine,10,7,False,True,True,1.0,inf,0.970588,False
E1,wine,11,2,False,False,True,1.42857,1.4285714290122449,0.942857,False
E1,wine,11,3,False,False,True,2.0,2.0,0.944444,False
E1,wine,11,4,False,True,True,2.0,inf,0.971429,False
E1,wine,11,5,False,True,True,2.0,inf,0.971429,False
E1,wine,11,6,True,True,True,2.0,,0.942857,False
E1,wine,11,7,True,True,True,2.0,,0.942857,False
E1,wine,12,2,False,False,True,1.0,1.0,1.0,False
E1,wine,12,3,False,False,True,1.0,1.0,0.971429,False
E1,wine,12,4,False,False,True,1.0,1.0,1.0,False
E1,wine,12,5,False,False,True,1.0,1.0,1.0,False
E1,wine,12,6,True,False,True,1.0,,0.970588,False
E1,wine,12,7,True,False,True,1.0,,0.970588,False
E1,wine,13,2,False,False,True,1.55556,1.5555555556,0.942857,False
E1,wine,13,3,False,False,True,1.55556,1.5555555556,0.916667,False
E1,wine,13,4,True,False,True,1.55556,,0.888889,False
E1,wine,13,5,True,False,True,1.55556,,0.861111,False
E1,wine,13,6,True,False,True,1.55556,,0.916667,False
E1,wine,13,7,True,False,True,1.55556,,0.861111,False
E1,wine,14,2,False,False,True,1.0,1.0,1.0,False
E1,wine,14,3,False,False,True,1.0,1.0,1.0,False
E1,wine,14,4,False,False,True,1.0,1.0,0.972222,False
E1,wine,14,5,True,False,True,1.0,,0.944444,False
E1,wine,14,6,True,True,True,1.0,,0.944444,False
E1,wine,14,7,True,True,True,1.0,,0.916667,False
E1,wine,15,2,False,False,True,1.14286,1.1428571430040817,0.970588,False
E1,wine,15,3,False,True,True,1.14286,inf,0.916667,False
E1,wine,15,4,False,True,True,3.0,inf,0.971429,False
E1,wine,15,5,True,True,True,3.0,,0.914286,False
E1,wine,15,6,True,True,True,3.0,,0.971429,False
E1,wine,15,7,True,True,True,3.0,,1.0,False
E1,wine,16,2,False,False,True,1.15385,1.1538461539739646,0.96875,False
E1,wine,16,3,False,True,True,1.15385,inf,0.939394,False
E1,wine,16,4,False,True,True,1.15385,inf,0.970588,False
E1,wine,16,5,True,True,True,1.15385,,0.885714,False
E1,wine,16,6,True,True,True,1.15385,,0.885714,False
E1,wine,16,7,True,True,True,1.15385,,0.852941,False
E1,wine,17,2,False,False,True,2.0,2.000000000514286,1.060606,False
E1,wine,17,3,True,False,True,2.0,,1.0,False
E1,wine,17,4,True,True,True,2.0,,0.971429,False
E1,wine,17,5,True,True,True,2.0,,0.944444,False
E1,wine,17,6,True,True,True,2.0,,0.944444,False
E1,wine,17,7,True,True,True,2.0,,0.972222,False
E1,wine,18,2,False,False,True,4.0,3.9999999992800004,0.90625,False
E1,wine,18,3,False,False,True,4.0,3.9999999992800004,0.939394,False
E1,wine,18,4,False,True,True,4.0,inf,0.885714,False
E1,wine,18,5,False,True,True,4.0,inf,0.885714,False
E1,wine,18,6,False,True,True,4.0,inf,0.885714,False
E1,wine,18,7,False,True,True,4.0,inf,0.911765,False
E1,wine,19,2,False,False,True,1.2,1.2000000001439999,0.969697,False
E1,wine,19,3,False,False,True,1.2,1.2000000001439999,0.970588,False
E1,wine,19,4,False,False,True,1.2,1.2000000001439999,1.0,False
E1,wine,19,5,True,False,True,1.2,,0.970588,False
E1,wine,19,6,True,True,True,1.2,,0.970588,False
E1,wine,19,7,True,True,True,1.2,,0.970588,False
E1,wine,20,2,False,False,True,1.5,1.4999999997,1.0,False
E1,wine,20,3,True,False,True,1.5,,0.861111,False
E1,wine,20,4,True,False,True,1.5,,0.942857,False
E1,wine,20,5,True,False,True,1.5,,0.942857,False
E1,wine,20,6,True,False,True,1.5,,0.942857,False
E1,wine,20,7,True,False,True,1.5,,0.970588,False
E1,wine,21,2,False,False,False,1.14286,1.1428571430040817,1.032258,False
E1,wine,21,3,False,False,True,2.0,2.0,1.03125,False
E1,wine,21,4,False,False,True,2.0,2.0,1.030303,False
E1,wine,21,5,True,False,True,2.0,,1.0,False
E1,wine,21,6,True,False,True,2.0,,1.0,False
E1,wine,21,7,True,False,True,2.0,,0.939394,False
E1,wine,22,2,False,False,True,1.0,1.0,1.0,False
E1,wine,22,3,False,True,True,1.0,inf,0.970588,False
E1,wine,22,4,False,True,True,1.0,inf,0.970588,False
E1,wine,22,5,False,True,True,1.0,inf,0.970588,False
E1,wine,22,6,False,True,True,1.0,inf,0.970588,False
E1,wine,22,7,False,True,True,1.0,inf,0.970588,False
E1,wine,23,2,False,False,True,1.25,1.2500000002250002,0.970588,False
E1,wine,23,3,False,False,True,1.25,1.2500000002250002,1.0,False
E1,wine,23,4,False,False,True,1.25,1.2500000002250002,1.0,False
E1,wine,23,5,True,False,True,1.25,,0.972222,False
E1,wine,23,6,True,False,True,1.25,,0.944444,False
E1,wine,23,7,True,False,True,1.25,,0.972222,False
E1,wine,24,2,False,False,True,1.0,1.0,1.0,False
E1,wine,24,3,False,True,True,1.0,inf,0.971429,False
E1,wine,24,4,False,True,True,1.0,inf,0.971429,False
E1,wine,24,5,True,True,True,1.0,,0.970588,False
E1,wine,24,6,True,True,True,1.0,,1.0,False
E1,wine,24,7,True,True,True,1.0,,1.0,False
E1,wine,25,2,False,False,True,1.0,1.0,1.0,False
E1,wine,25,3,True,False,True,1.0,,0.914286,False
E1,wine,25,4,True,False,True,1.0,,0.916667,False
E1,wine,25,5,True,True,True,1.0,,0.916667,False
E1,wine,25,6,True,True,True,1.0,,0.916667,False
E1,wine,25,7,True,True,True,1.0,,0.944444,False
E1,wine,26,2,False,False,True,1.0,1.0,1.0,False
E1,wine,26,3,False,False,True,1.0,1.0,1.0,False
E1,wine,26,4,False,False,True,1.0,1.0,1.0,False
E1,wine,26,5,False,False,True,1.0,1.0,1.0,False
E1,wine,26,6,False,False,True,1.0,1.0,1.0,False
E1,wine,26,7,True,False,True,1.0,,0.888889,False
E1,wine,27,2,False,False,True,1.0,1.0,1.0,False
E1,wine,27,3,False,True,True,1.0,inf,0.971429,False
E1,wine,27,4,False,True,True,1.0,inf,0.944444,False
E1,wine,27,5,False,True,True,1.0,inf,0.944444,False
E1,wine,27,6,False,True,True,1.0,inf,0.971429,False
E1,wine,27,7,False,True,True,1.0,inf,0.944444,False
E1,wine,28,2,False,False,True,2.33333,2.3333333328933334,0.8,False
E1,wine,28,3,False,False,True,2.33333,2.3333333328933334,0.885714,False
E1,wine,28,4,False,True,True,2.33333,inf,0.861111,False
E1,wine,28,5,True,True,True,2.33333,,0.833333,False
E1,wine,28,6,True,True,True,2.33333,,0.833333,False
E1,wine,28,7,True,True,True,2.33333,,0.885714,False
E1,wine,29,2,False,False,True,1.1,1.1000000000719998,1.032258,False
E1,wine,29,3,True,False,True,1.1,,0.939394,False
E1,wine,29,4,True,False,True,1.1,,0.970588,False
E1,wine,29,5,True,False,True,1.1,,0.970588,False
E1,wine,29,6,True,False,True,1.1,,0.970588,False
E1,wine,29,7,True,False,True,1.1,,0.941176,False
E1,digits20,0,2,False,False,True,1.27273,1.2727272730446282,0.92562,False
E1,digits20,0,3,False,False,True,2.66667,2.6666666668,0.883212,False
E1,digits20,0,4,False,False,True,2.66667,2.6666666668,0.92638,False
E1,digits20,0,5,False,False,True,2.66667,2.6666666668,0.982759,False
E1,digits20,0,6,False,False,True,2.66667,2.6666666668,0.994709,False
E1,digits20,0,7,False,False,True,2.66667,2.6666666668,0.994845,False
E1,digits20,1,2,False,False,False,1.13889,1.138888889,0.962963,False
E1,digits20,1,3,False,False,True,1.13889,1.138888889,0.97351,False
E1,digits20,1,4,False,False,True,1.13889,1.138888889,0.930233,False
E1,digits20,1,5,False,False,True,1.15789,1.1578947367722991,1.022857,False
E1,digits20,1,6,False,False,True,1.28571,1.2857142860081634,0.963731,False
E1,digits20,1,7,False,False,True,1.28571,1.2857142860081634,1.014851,False
E1,digits20,2,2,False,False,True,1.40625,1.4062499999824218,0.856061,False
E1,digits20,2,3,False,False,True,1.40625,1.4062499999824218,0.967949,False
E1,digits20,2,4,False,False,True,19.0,18.99999999928,0.863636,False
E1,digits20,2,5,False,False,True,19.0,18.99999999928,0.866667,False
E1,digits20,2,6,False,False,True,19.0,18.99999999928,0.887805,False
E1,digits20,2,7,False,False,True,19.0,18.99999999928,0.906542,False
E1,digits20,3,2,False,False,True,1.38462,1.384615384657988,0.921875,False
E1,digits20,3,3,False,False,True,1.38462,1.384615384657988,1.006494,False
E1,digits20,3,4,True,False,True,1.38462,,0.91875,False
E1,digits20,3,5,True,False,True,1.38462,,0.955056,False
E1,digits20,3,6,True,False,True,1.58333,,0.962963,False
E1,digits20,3,7,True,False,True,8.33333,,0.958549,False
E1,digits20,4,2,False,False,True,2.2,2.199999999904,0.868613,False
E1,digits20,4,3,False,False,True,2.2,2.199999999904,0.993464,False
E1,digits20,4,4,False,False,True,2.2,2.199999999904,1.0,False
E1,digits20,4,5,False,False,True,2.2,2.199999999904,0.979058,False
E1,digits20,4,6,False,False,True,2.2,2.199999999904,0.97561,False
E1,digits20,4,7,False,False,True,2.2,2.199999999904,0.971429,False
E1,digits20,5,2,False,False,True,1.31034,1.310344828065636,0.927419,False
E1,digits20,5,3,False,False,True,1.52632,1.526315789493629,0.899329,False
E1,digits20,5,4,False,False,True,1.69231,1.692307692328994,0.864706,False
E1,digits20,5,5,False,False,True,1.69231,1.692307692328994,0.898936,False
E1,digits20,5,6,False,False,True,1.69231,1.692307692328994,0.96,False
E1,digits20,5,7,True,False,True,1.69231,,0.94898,False
E1,digits20,6,2,False,False,True,1.0,1.0,1.0,False
E1,digits20,6,3,False,False,True,1.66667,1.6666666668666668,0.986111,False
E1,digits20,6,4,False,False,True,1.66667,1.6666666668666668,0.942529,False
E1,digits20,6,5,False,False,True,1.66667,1.6666666668666668,0.957895,False
E1,digits20,6,6,False,False,True,1.66667,1.6666666668666668,1.005102,False
E1,digits20,6,7,False,False,True,18.0,17.999999998560003,0.985075,False
E1,digits20,7,2,False,False,True,1.77778,1.7777777778,0.890625,False
E1,digits20,7,3,False,False,True,1.77778,1.7777777778,1.035461,False
E1,digits20,7,4,False,False,True,1.77778,1.7777777778,1.02454,False
E1,digits20,7,5,False,False,True,1.77778,1.7777777778,1.052326,False
E1,digits20,7,6,True,False,True,1.77778,,1.034483,False
E1,digits20,7,7,True,False,True,1.77778,,1.065934,False
E1,digits20,8,2,False,False,True,1.34483,1.344827585718906,0.92126,False
E1,digits20,8,3,False,False,True,1.34483,1.344827585718906,0.959184,False
E1,digits20,8,4,False,False,True,1.35714,1.3571428571612245,0.861111,False
E1,digits20,8,5,False,False,True,1.35714,1.3571428571612245,0.951872,False
E1,digits20,8,6,False,False,True,5.25,5.250000000225,0.905473,False
E1,digits20,8,7,False,False,True,5.25,5.250000000225,0.894737,False
E1,digits20,9,2,False,False,True,1.5,1.4999999999999998,0.874126,False
E1,digits20,9,3,False,False,True,1.52,1.52000000073728,0.920245,False
E1,digits20,9,4,False,False,True,1.52,1.52000000073728,1.0,False
E1,digits20,9,5,True,False,True,1.52,,0.931937,False
E1,digits20,9,6,True,False,True,1.52,,0.882653,False
E1,digits20,9,7,True,False,True,1.52,,0.846535,False
E1,digits20,10,2,False,False,False,1.57143,1.571428571097959,0.846154,False
E1,digits20,10,3,False,False,False,1.57143,1.571428571097959,0.984962,False
E1,digits20,10,4,False,False,True,1.57143,1.571428571097959,0.942675,False
E1,digits20,10,5,False,False,True,2.0,2.0000000003,0.91954,False
E1,digits20,10,6,False,False,True,2.0,2.0000000003,0.955801,False
E1,digits20,10,7,False,False,True,2.6,2.5999999997120002,0.967391,False
E1,digits20,11,2,False,False,True,1.0,1.0,1.0,False
E1,digits20,11,3,False,False,True,1.38462,1.384615384657988,0.901316,False
E1,digits20,11,4,False,False,True,1.38462,1.384615384657988,0.872093,False
E1,digits20,11,5,False,False,True,1.78571,1.7857142855489796,0.942529,False
E1,digits20,11,6,False,False,True,1.78571,1.7857142855489796,0.943005,False
E1,digits20,11,7,True,False,True,1.78571,,0.904523,False
E1,digits20,12,2,False,False,False,1.18,1.1799999999856,1.0625,False
E1,digits20,12,3,False,False,True,1.7,1.699999999784,1.013889,False
E1,digits20,12,4,False,False,True,1.7,1.699999999784,1.02439,False
E1,digits20,12,5,False,False,True,1.7,1.699999999784,1.027933,False
E1,digits20,12,6,True,False,True,1.7,,0.928934,False
E1,digits20,12,7,True,False,True,1.7,,0.942029,False
E1,digits20,13,2,False,False,True,1.5,1.4999999996062499,0.888112,False
E1,digits20,13,3,False,False,True,2.29412,2.2941176464609,0.86747,False
E1,digits20,13,4,False,False,True,2.29412,2.2941176464609,0.947059,False
E1,digits20,13,5,False,False,True,2.29412,2.2941176464609,1.02924,False
E1,digits20,13,6,True,False,True,2.29412,,1.017647,False
E1,digits20,13,7,True,False,True,2.29412,,1.094675,False
E1,digits20,14,2,False,False,False,1.24242,1.2424242425002756,0.932203,False
E1,digits20,14,3,False,False,True,1.76923,1.7692307693159761,0.91791,False
E1,digits20,14,4,False,False,True,1.76923,1.7692307693159761,0.819767,False
E1,digits20,14,5,False,False,True,1.76923,1.7692307693159761,0.972973,False
E1,digits20,14,6,False,False,True,1.76923,1.7692307693159761,1.005263,False
E1,digits20,14,7,False,False,True,1.85714,1.8571428575102042,0.985075,False
E1,digits20,15,2,False,False,True,1.21875,1.2187499996097655,0.943548,False
E1,digits20,15,3,False,False,True,1.21875,1.2187499996097655,1.081481,False
E1,digits20,15,4,False,False,True,14.0,13.999999999280002,0.875,False
E1,digits20,15,5,False,False,True,14.0,13.999999999280002,0.962567,False
E1,digits20,15,6,False,False,True,14.0,13.999999999280002,0.948718,False
E1,digits20,15,7,False,False,True,14.0,13.999999999280002,0.995169,False
E1,digits20,16,2,False,False,True,1.4,1.4,0.852941,False
E1,digits20,16,3,False,False,True,1.61905,1.6190476190639456,0.913333,False
E1,digits20,16,4,False,False,True,1.61905,1.6190476190639456,1.005988,False
E1,digits20,16,5,False,False,True,1.61905,1.6190476190639456,1.0,False
E1,digits20,16,6,False,False,True,4.0,3.9999999997600004,0.967742,False
E1,digits20,16,7,False,False,True,4.0,3.9999999997600004,1.0,False
E1,digits20,17,2,False,False,False,1.48837,1.4883720937631153,0.839416,False
E1,digits20,17,3,False,False,True,1.48837,1.4883720937631153,1.013605,False
E1,digits20,17,4,False,False,True,1.48837,1.4883720937631153,1.072727,False
E1,digits20,17,5,False,False,True,1.48837,1.4883720937631153,1.133333,False
E1,digits20,17,6,False,False,True,1.48837,1.4883720937631153,1.197605,False
E1,digits20,17,7,True,False,True,1.48837,,1.162651,False
E1,digits20,18,2,False,False,True,1.17143,1.1714285715696326,1.0,False
E1,digits20,18,3,False,False,True,1.17143,1.1714285715696326,1.0,False
E1,digits20,18,4,False,False,True,1.17143,1.1714285715696326,0.982249,False
E1,digits20,18,5,False,False,True,1.17143,1.1714285715696326,1.0,False
E1,digits20,18,6,False,False,True,3.66667,3.666666667346667,0.960396,False
E1,digits20,18,7,True,False,True,3.66667,,0.87619,False
E1,digits20,19,2,False,False,True,1.3125,1.3125000003585938,0.922481,False
E1,digits20,19,3,False,False,True,1.3125,1.3125000003585938,0.968354,False
E1,digits20,19,4,True,False,True,1.3125,,0.962025,False
E1,digits20,19,5,True,False,True,1.3125,,1.035714,False
E1,digits20,19,6,True,False,True,5.0,,0.936508,False
E1,digits20,19,7,True,False,True,5.0,,0.939086,False
E1,digits20,20,2,False,False,True,1.40741,1.407407408,0.92029,False
E1,digits20,20,3,False,False,True,1.40741,1.407407408,1.0,False
E1,digits20,20,4,False,False,True,3.66667,3.666666667346667,0.964286,False
E1,digits20,20,5,False,False,True,3.66667,3.666666667346667,1.066298,False
E1,digits20,20,6,True,False,True,3.66667,,0.964467,False
E1,digits20,20,7,True,False,True,3.66667,,0.951691,False
E1,digits20,21,2,False,False,True,1.01515,1.015151515275482,1.015267,False
E1,digits20,21,3,False,False,True,1.01515,1.015151515275482,0.90184,False
E1,digits20,21,4,False,False,True,1.15,1.149999999928,0.943503,False
E1,digits20,21,5,False,False,True,1.875,1.8750000001124998,0.933673,False
E1,digits20,21,6,False,False,True,1.875,1.8750000001124998,0.985366,False
E1,digits20,21,7,False,True,True,1.875,inf,0.95283,False
E1,digits20,22,2,False,False,True,1.13514,1.1351351352140249,1.0,False
E1,digits20,22,3,False,False,True,1.13514,1.1351351352140249,1.0,False
E1,digits20,22,4,False,False,True,1.625,1.6250000001125,0.96988,False
E1,digits20,22,5,False,False,True,1.625,1.6250000001125,0.989011,False
E1,digits20,22,6,False,False,True,10.0,10.0,0.91,False
E1,digits20,22,7,False,False,True,10.0,10.0,0.931373,False
E1,digits20,23,2,False,False,True,1.0,1.0,1.0,False
E1,digits20,23,3,False,False,True,1.55556,1.5555555556,0.964539,False
E1,digits20,23,4,False,False,True,1.90909,1.9090909087041323,0.936306,False
E1,digits20,23,5,False,False,True,1.90909,1.9090909087041323,0.886486,False
E1,digits20,23,6,False,False,True,1.90909,1.9090909087041323,0.994565,False
E1,digits20,23,7,False,False,True,2.0,1.9999999994,0.979275,False
E1,digits20,24,2,False,False,True,1.74074,1.7407407413333336,0.848485,False
E1,digits20,24,3,False,False,True,1.74074,1.7407407413333336,0.944828,False
E1,digits20,24,4,False,False,True,1.74074,1.7407407413333336,0.899408,False
E1,digits20,24,5,True,False,True,1.74074,,0.765957,False
E1,digits20,24,6,True,False,True,1.74074,,0.948187,False
E1,digits20,24,7,True,False,True,1.74074,,0.886139,False
E1,digits20,25,2,False,False,True,1.05769,1.0576923081715974,0.840278,False
E1,digits20,25,3,False,False,True,1.05769,1.0576923081715974,0.974843,False
E1,digits20,25,4,False,False,True,1.875,1.8750000003374998,0.871658,False
E1,digits20,25,5,False,False,True,1.875,1.8750000003374998,0.974874,False
E1,digits20,25,6,False,False,True,1.875,1.8750000003374998,0.97561,False
E1,digits20,25,7,False,False,True,11.0,11.00000000072,0.961722,False
E1,digits20,26,2,False,False,True,1.56667,1.5666666672626668,0.879433,False
E1,digits20,26,3,False,False,True,1.56667,1.5666666672626668,0.987261,False
E1,digits20,26,4,False,False,True,1.56667,1.5666666672626668,0.966667,False
E1,digits20,26,5,True,False,True,1.56667,,0.857143,False
E1,digits20,26,6,True,False,True,1.61538,,0.874396,False
E1,digits20,26,7,True,False,True,5.5,,0.879808,False
E1,digits20,27,2,False,False,False,1.14286,1.1428571427689795,0.960317,False
E1,digits20,27,3,False,False,True,1.14286,1.1428571427689795,0.959184,False
E1,digits20,27,4,False,False,True,1.3125,1.31250000005625,0.969136,False
E1,digits20,27,5,False,False,True,2.0,1.9999999996727273,0.938547,False
E1,digits20,27,6,False,False,True,2.0,1.9999999996727273,0.947917,False
E1,digits20,27,7,False,False,True,5.0,5.0000000006,0.958549,False
E1,digits20,28,2,False,False,True,1.6,1.5999999999424,0.990991,False
E1,digits20,28,3,False,False,True,1.6,1.5999999999424,0.977099,False
E1,digits20,28,4,False,False,True,2.0,2.0,0.959459,False
E1,digits20,28,5,False,False,True,3.14286,3.142857143518367,0.892216,False
E1,digits20,28,6,False,False,True,3.14286,3.142857143518367,1.016949,False
E1,digits20,28,7,False,False,True,3.14286,3.142857143518367,0.984772,False
E1,digits20,29,2,False,False,False,1.375,1.3750000000937501,0.894737,False
E1,digits20,29,3,False,False,True,1.375,1.3750000000937501,0.89172,False
E1,digits20,29,4,False,False,True,1.81818,1.8181818180628098,0.848315,False
E1,digits20,29,5,False,False,True,1.81818,1.8181818180628098,0.972222,False
E1,digits20,29,6,False,False,True,1.81818,1.8181818180628098,1.005464,False
E1,digits20,29,7,False,False,True,5.5,5.50000000036,0.920792,False
E1,breast_cancer,0,2,False,False,True,3.0,3.00000000038,0.944954,False
E1,breast_cancer,0,3,False,False,True,4.0,4.0,0.945455,False
E1,breast_cancer,0,4,True,False,True,4.0,,0.927928,False
E1,breast_cancer,0,5,True,False,True,6.0,,0.928571,False
E1,breast_cancer,0,6,True,True,True,6.0,,0.936937,False
E1,breast_cancer,0,7,True,True,True,6.0,,0.954545,False
E1,breast_cancer,1,2,False,False,True,1.16667,1.1666666666666665,1.019231,False
E1,breast_cancer,1,3,True,False,True,1.16667,,0.981308,False
E1,breast_cancer,1,4,True,False,True,1.33333,,1.0,False
E1,breast_cancer,1,5,True,True,True,1.33333,,1.0,False
E1,breast_cancer,1,6,True,True,True,1.33333,,0.972477,False
E1,breast_cancer,1,7,True,True,True,1.33333,,0.927928,False
E1,breast_cancer,2,2,False,False,True,1.6,1.6000000001824002,0.944954,False
E1,breast_cancer,2,3,True,False,True,1.6,,0.944444,False
E1,breast_cancer,2,4,True,False,True,1.6,,0.981481,False
E1,breast_cancer,2,5,True,False,True,1.6,,0.963303,False
E1,breast_cancer,2,6,True,False,True,1.6,,0.954128,False
E1,breast_cancer,2,7,True,True,True,1.6,,0.945455,False
E1,breast_cancer,3,2,False,False,True,1.0,1.0,1.0,False
E1,breast_cancer,3,3,True,False,True,1.0,,0.963636,False
E1,breast_cancer,3,4,True,False,True,3.0,,0.963964,False
E1,breast_cancer,3,5,True,True,True,3.0,,0.972727,False
E1,breast_cancer,3,6,True,True,True,3.0,,0.972727,False
E1,breast_cancer,3,7,True,True,True,3.0,,0.963964,False
E1,breast_cancer,4,2,False,False,True,1.58824,1.588235294551557,0.944444,False
E1,breast_cancer,4,3,False,False,True,1.58824,1.588235294551557,0.990741,False
E1,breast_cancer,4,4,True,False,True,1.58824,,0.927273,False
E1,breast_cancer,4,5,True,False,True,5.0,,0.936364,False
E1,breast_cancer,4,6,True,True,True,5.0,,0.927928,False
E1,breast_cancer,4,7,True,True,True,5.0,,0.927273,False
E1,breast_cancer,5,2,False,False,True,1.11765,1.1176470588432525,0.990826,False
E1,breast_cancer,5,3,True,False,True,1.11765,,0.954955,False
E1,breast_cancer,5,4,True,False,True,1.11765,,0.936937,False
E1,breast_cancer,5,5,True,False,True,5.0,,0.945946,False
E1,breast_cancer,5,6,True,False,True,5.0,,0.972973,False
E1,breast_cancer,5,7,True,True,True,5.0,,0.972973,False
E1,breast_cancer,6,2,False,False,True,1.0,1.0,1.009434,False
E1,breast_cancer,6,3,False,True,True,1.0,inf,1.0,False
E1,breast_cancer,6,4,True,True,True,1.0,,0.990654,False
E1,breast_cancer,6,5,True,True,True,1.0,,0.981481,False
E1,breast_cancer,6,6,True,True,True,2.0,,1.0,False
E1,breast_cancer,6,7,True,True,True,2.0,,1.0,False
E1,breast_cancer,7,2,False,False,True,1.0,1.0,1.0,False
E1,breast_cancer,7,3,False,True,True,1.0,inf,0.990909,False
E1,breast_cancer,7,4,False,True,True,1.0,inf,0.973214,False
E1,breast_cancer,7,5,True,True,True,1.0,,0.955357,False
E1,breast_cancer,7,6,True,True,True,2.0,,0.964602,False
E1,breast_cancer,7,7,True,True,True,2.0,,0.938053,False
E1,breast_cancer,8,2,False,False,True,1.375,1.37499999992875,0.954545,False
E1,breast_cancer,8,3,False,False,True,1.375,1.37499999992875,0.990909,False
E1,breast_cancer,8,4,False,True,True,1.375,inf,0.981982,False
E1,breast_cancer,8,5,True,True,True,1.375,,0.972973,False
E1,breast_cancer,8,6,True,True,True,1.375,,0.972973,False
E1,breast_cancer,8,7,True,True,True,1.375,,0.972973,False
E1,breast_cancer,9,2,False,False,True,1.42857,1.428571428687755,0.981308,False
E1,breast_cancer,9,3,False,True,True,1.42857,inf,0.972222,False
E1,breast_cancer,9,4,False,True,True,1.42857,inf,0.945946,False
E1,breast_cancer,9,5,False,True,True,1.42857,inf,0.954545,False
E1,breast_cancer,9,6,True,True,True,1.42857,,0.936937,False
E1,breast_cancer,9,7,True,True,True,3.0,,0.945946,False
E1,breast_cancer,10,2,False,False,True,1.33333,1.3333333335142856,1.009524,False
E1,breast_cancer,10,3,True,False,True,1.33333,,0.954545,False
E1,breast_cancer,10,4,True,True,True,1.33333,,0.945946,False
E1,breast_cancer,10,5,True,True,True,1.33333,,0.981982,False
E1,breast_cancer,10,6,True,True,True,1.33333,,0.972973,False
E1,breast_cancer,10,7,True,True,True,1.33333,,0.964286,False
E1,breast_cancer,11,2,False,False,True,1.2,1.2000000001368,0.990826,False
E1,breast_cancer,11,3,False,True,True,1.2,inf,0.964286,False
E1,breast_cancer,11,4,False,True,True,1.2,inf,0.972973,False
E1,breast_cancer,11,5,False,True,True,1.2,inf,0.991071,False
E1,breast_cancer,11,6,True,True,True,1.2,,0.964286,False
E1,breast_cancer,11,7,True,True,True,1.5,,0.982143,False
E1,breast_cancer,12,2,True,False,True,1.05882,,0.924528,False
E1,breast_cancer,12,3,True,False,True,3.0,,0.917431,False
E1,breast_cancer,12,4,True,False,True,3.0,,0.954545,False
E1,breast_cancer,12,5,True,True,True,3.0,,0.954545,False
E1,breast_cancer,12,6,True,True,True,3.0,,0.981818,False
E1,breast_cancer,12,7,True,True,True,3.0,,0.972973,False
E1,breast_cancer,13,2,False,False,True,2.0,2.0,0.925234,False
E1,breast_cancer,13,3,False,False,True,5.0,4.99999999943,0.909091,False
E1,breast_cancer,13,4,True,False,True,5.0,,0.857143,False
E1,breast_cancer,13,5,True,False,True,5.0,,0.873874,False
E1,breast_cancer,13,6,True,False,True,5.0,,0.882883,False
E1,breast_cancer,13,7,True,False,True,5.0,,0.900901,False
E1,breast_cancer,14,2,False,False,True,1.14815,1.1481481481325102,1.009524,False
E1,breast_cancer,14,3,False,False,True,4.0,4.0,0.990741,False
E1,breast_cancer,14,4,True,False,True,4.0,,0.944954,False
E1,breast_cancer,14,5,True,False,True,4.0,,0.954955,False
E1,breast_cancer,14,6,True,False,True,4.0,,0.963964,False
E1,breast_cancer,14,7,True,True,True,4.0,,0.963964,False
E1,breast_cancer,15,2,False,False,True,1.36842,1.3684210521263158,0.990385,False
E1,breast_cancer,15,3,False,False,True,3.0,2.99999999943,0.971963,False
E1,breast_cancer,15,4,False,False,True,3.0,2.99999999943,0.972222,False
E1,breast_cancer,15,5,True,False,True,3.0,,0.962963,False
E1,breast_cancer,15,6,True,False,True,3.0,,0.981481,False
E1,breast_cancer,15,7,True,False,True,3.0,,0.990741,False
E1,breast_cancer,16,2,False,False,True,2.0,2.000000000228,0.927273,False
E1,breast_cancer,16,3,False,False,True,3.0,2.99999999943,0.936364,False
E1,breast_cancer,16,4,False,False,True,3.0,2.99999999943,0.954545,False
E1,breast_cancer,16,5,False,False,True,3.0,2.99999999943,0.972727,False
E1,breast_cancer,16,6,False,True,True,3.0,inf,0.955357,False
E1,breast_cancer,16,7,True,True,True,3.0,,0.919643,False
E1,breast_cancer,17,2,False,False,True,1.03846,1.0384615387988165,1.0,False
E1,breast_cancer,17,3,False,False,True,2.0,2.0,0.990826,False
E1,breast_cancer,17,4,True,False,True,2.0,,0.972727,False
E1,breast_cancer,17,5,True,True,True,2.0,,0.963964,False
E1,breast_cancer,17,6,True,True,True,2.0,,0.963964,False
E1,breast_cancer,17,7,True,True,True,2.0,,0.954955,False
E1,breast_cancer,18,2,False,False,True,1.0,1.0,1.0,False
E1,breast_cancer,18,3,True,False,True,1.0,,0.927928,False
E1,breast_cancer,18,4,True,True,True,1.0,,0.919643,False
E1,breast_cancer,18,5,True,True,True,7.0,,0.936937,False
E1,breast_cancer,18,6,True,True,True,7.0,,0.928571,False
E1,breast_cancer,18,7,True,True,True,7.0,,0.911504,False
E1,breast_cancer,19,2,False,False,True,1.14286,1.1428571429502041,0.990741,False
E1,breast_cancer,19,3,False,False,True,3.0,2.99999999943,0.981818,False
E1,breast_cancer,19,4,False,True,True,3.0,inf,0.972973,False
E1,breast_cancer,19,5,True,True,True,3.0,,0.963964,False
E1,breast_cancer,19,6,True,True,True,3.0,,0.954955,False
E1,breast_cancer,19,7,True,True,True,3.0,,0.981818,False
E1,breast_cancer,20,2,False,False,True,1.19444,1.194444444523611,0.990826,False
E1,breast_cancer,20,3,True,False,True,1.19444,,0.945946,False
E1,breast_cancer,20,4,True,False,True,1.19444,,0.990991,False
E1,breast_cancer,20,5,True,False,True,1.19444,,0.954955,False
E1,breast_cancer,20,6,True,True,True,1.19444,,0.963636,False
E1,breast_cancer,20,7,True,True,True,1.19444,,0.928571,False
E1,breast_cancer,21,2,False,False,True,1.36364,1.3636363637305786,1.0,False
E1,breast_cancer,21,3,False,False,True,1.36364,1.3636363637305786,0.972973,False
E1,breast_cancer,21,4,False,False,True,2.0,2.0,0.981982,False
E1,breast_cancer,21,5,False,True,True,2.0,inf,0.981982,False
E1,breast_cancer,21,6,True,True,True,2.0,,0.972973,False
E1,breast_cancer,21,7,True,True,True,2.0,,0.954955,False
E1,breast_cancer,22,2,False,False,True,1.63636,1.636363636787603,0.963303,False
E1,breast_cancer,22,3,True,False,True,1.63636,,0.945455,False
E1,breast_cancer,22,4,True,False,True,1.63636,,0.955357,False
E1,breast_cancer,22,5,True,True,True,1.63636,,0.955357,False
E1,breast_cancer,22,6,True,True,True,1.63636,,0.946429,False
E1,breast_cancer,22,7,True,True,True,1.63636,,0.954955,False
E1,breast_cancer,23,2,False,False,True,1.2,1.1999999999088,0.981651,False
E1,breast_cancer,23,3,False,False,True,1.2,1.1999999999088,0.981982,False
E1,breast_cancer,23,4,True,False,True,1.2,,0.963964,False
E1,breast_cancer,23,5,True,False,True,1.2,,0.945946,False
E1,breast_cancer,23,6,True,False,True,1.2,,0.964286,False
E1,breast_cancer,23,7,True,False,True,1.2,,0.946429,False
E1,breast_cancer,24,2,False,False,True,1.0,1.0,1.0,False
E1,breast_cancer,24,3,False,True,True,1.0,inf,0.990909,False
E1,breast_cancer,24,4,True,True,True,1.0,,0.990826,False
E1,breast_cancer,24,5,True,True,True,1.0,,1.009174,False
E1,breast_cancer,24,6,True,True,True,1.0,,1.0,False
E1,breast_cancer,24,7,True,True,True,1.0,,1.0,False
E1,breast_cancer,25,2,False,False,True,1.16,1.16000000001824,1.0,False
E1,breast_cancer,25,3,False,False,True,1.16,1.16000000001824,0.990826,False
E1,breast_cancer,25,4,False,False,True,1.16,1.16000000001824,0.981818,False
E1,breast_cancer,25,5,True,False,True,1.16,,0.963636,False
E1,breast_cancer,25,6,True,True,True,1.16,,0.972477,False
E1,breast_cancer,25,7,True,True,True,1.16,,0.954545,False
E1,breast_cancer,26,2,False,False,True,2.0,2.00000000038,0.955357,False
E1,breast_cancer,26,3,False,False,True,2.0,2.00000000038,0.973451,False
E1,breast_cancer,26,4,False,True,True,2.0,inf,0.964912,False
E1,breast_cancer,26,5,False,True,True,2.0,inf,0.964912,False
E1,breast_cancer,26,6,False,True,True,2.0,inf,0.982301,False
E1,breast_cancer,26,7,False,True,True,2.0,inf,0.973684,False
E1,breast_cancer,27,2,False,False,True,1.1,1.100000000114,0.990741,False
E1,breast_cancer,27,3,False,True,True,1.1,inf,0.972727,False
E1,breast_cancer,27,4,True,True,True,1.1,,0.936937,False
E1,breast_cancer,27,5,True,True,True,2.5,,0.938053,False
E1,breast_cancer,27,6,True,True,True,2.5,,0.954955,False
E1,breast_cancer,27,7,True,True,True,3.0,,0.963964,False
E1,breast_cancer,28,2,False,False,True,4.0,4.0,0.962617,False
E1,breast_cancer,28,3,False,False,True,4.0,4.0,0.981308,False
E1,breast_cancer,28,4,True,False,True,4.0,,0.962963,False
E1,breast_cancer,28,5,True,False,True,4.0,,0.93578,False
E1,breast_cancer,28,6,True,False,True,4.0,,0.890909,False
E1,breast_cancer,28,7,True,False,True,4.0,,0.881818,False
E1,breast_cancer,29,2,True,False,True,1.0,,0.953704,False
E1,breast_cancer,29,3,True,False,True,1.0,,0.963964,False
E1,breast_cancer,29,4,True,False,True,1.5,,0.981982,False
E1,breast_cancer,29,5,True,True,True,1.5,,0.973214,False
E1,breast_cancer,29,6,True,True,True,1.5,,0.973214,False
E1,breast_cancer,29,7,True,True,True,1.5,,0.982143,False
E3,business_coverage,1,3,False,False,False,3.17379,3.173790890623842,0.485162,False
E3,business_coverage,1,4,False,False,True,3.17379,3.173790890623842,0.57509,False
E3,business_coverage,1,5,False,False,True,6.29719,6.297191414119871,0.525836,False
E3,business_coverage,1,6,True,False,True,6.29719,,0.473909,False
E3,business_coverage,1,7,True,False,True,6.29719,,0.421913,False
E3,business_diversity,1,3,False,False,False,3.8818,3.881797438348979,0.528886,False
E3,business_diversity,1,4,False,False,False,13.765,13.765027327119492,0.459825,False
E3,business_diversity,1,5,False,False,False,13.765,13.765027327119492,0.44482,False
E3,business_diversity,1,6,False,False,True,14.746,14.746034136266866,0.417031,False
E3,business_diversity,1,7,True,False,True,14.746,,0.390117,False
E3,business_facility,1,3,False,False,False,2.6076,2.607596704407871,0.543382,False
E3,business_facility,1,4,False,False,False,3.05862,3.058621438423912,0.520482,False
E3,business_facility,1,5,False,False,True,178.697,178.69730391327698,0.461565,False
E3,business_facility,1,6,True,False,True,178.697,,0.415954,False
E3,business_facility,1,7,True,False,True,178.697,,0.461802,False
E3,business_coverage,2,3,False,False,True,3.14505,3.1450503204125098,0.847895,False
E3,business_coverage,2,4,True,False,True,3.14505,,0.714745,False
E3,business_coverage,2,5,True,False,True,3.14505,,0.747634,False
E3,business_coverage,2,6,True,False,True,3.14505,,0.701991,False
E3,business_coverage,2,7,True,False,True,3.14505,,0.753947,False
E3,business_diversity,2,3,False,False,True,42.7951,42.79505694190531,0.760786,False
E3,business_diversity,2,4,False,False,True,42.7951,42.79505694190531,0.692064,False
E3,business_diversity,2,5,True,False,True,42.7951,,0.617476,False
E3,business_diversity,2,6,True,False,True,42.7951,,0.59676,False
E3,business_diversity,2,7,True,False,True,42.7951,,0.669811,False
E3,business_facility,2,3,False,False,True,4.64967,4.649668874120028,0.772911,False
E3,business_facility,2,4,False,False,True,4.64967,4.649668874120028,0.831422,False
E3,business_facility,2,5,True,False,True,4.64967,,0.754662,False
E3,business_facility,2,6,True,False,True,4.64967,,0.733533,False
E3,business_facility,2,7,True,False,True,4.64967,,0.717466,False
E3,business_coverage,3,3,True,False,True,1.0,,0.763327,False
E3,business_coverage,3,4,True,False,True,11.1764,,0.679165,False
E3,business_coverage,3,5,True,False,True,11.1764,,0.602837,False
E3,business_coverage,3,6,True,False,True,11.1764,,0.597074,False
E3,business_coverage,3,7,True,False,True,11.1764,,0.682106,False
E3,business_diversity,3,3,False,False,False,26.3365,26.336538454282866,0.532627,False
E3,business_diversity,3,4,False,False,True,26.3365,26.336538454282866,0.714569,False
E3,business_diversity,3,5,False,False,True,26.3365,26.336538454282866,0.766798,False
E3,business_diversity,3,6,True,False,True,26.3365,,0.743387,False
E3,business_diversity,3,7,True,False,True,26.3365,,0.729134,False
E3,business_facility,3,3,False,False,True,55.61,55.60996941913479,0.542791,False
E3,business_facility,3,4,True,False,True,55.61,,0.470588,False
E3,business_facility,3,5,True,False,True,55.61,,0.526786,False
E3,business_facility,3,6,True,False,True,55.61,,0.524883,False
E3,business_facility,3,7,True,False,True,55.61,,0.51487,False
E3,business_coverage,4,3,True,False,True,1.0,,0.76437,False
E3,business_coverage,4,4,True,False,True,1.0,,0.816474,False
E3,business_coverage,4,5,True,False,True,40.7208,,0.742635,False
E3,business_coverage,4,6,True,False,True,40.7208,,0.784484,False
E3,business_coverage,4,7,True,False,True,40.7208,,0.727549,False
E3,business_diversity,4,3,False,False,False,7.22067,7.2206723658088405,0.513019,False
E3,business_diversity,4,4,False,False,False,10.1455,10.145460705608928,0.463571,False
E3,business_diversity,4,5,False,False,False,10.1455,10.145460705608928,0.505504,False
E3,business_diversity,4,6,False,False,False,10.1455,10.145460705608928,0.6276,False
E3,business_diversity,4,7,False,False,True,10.1455,10.145460705608928,0.725776,False
E3,business_facility,4,3,False,False,False,7.01282,7.012818836840187,0.442243,False
E3,business_facility,4,4,False,False,False,7.01282,7.012818836840187,0.418076,False
E3,business_facility,4,5,False,False,False,9.20434,9.204341297839788,0.403221,False
E3,business_facility,4,6,False,False,False,15.9074,15.907379668697054,0.389341,False
E3,business_facility,4,7,False,False,False,15.9074,15.907379668697054,0.396764,False
E3,business_coverage,5,3,False,False,True,1.11712,1.1171171170666667,1.0,False
E3,business_coverage,5,4,True,False,True,1.11712,,0.800729,False
E3,business_coverage,5,5,True,False,True,1.11712,,0.715953,False
E3,business_coverage,5,6,True,False,True,1.11712,,0.688313,False
E3,business_coverage,5,7,True,False,True,1.11712,,0.686779,False
E3,business_diversity,5,3,False,False,True,27.3053,27.30530613868465,0.566447,False
E3,business_diversity,5,4,False,False,True,27.3053,27.30530613868465,0.714976,False
E3,business_diversity,5,5,True,False,True,27.3053,,0.64,False
E3,business_diversity,5,6,True,False,True,27.3053,,0.616063,False
E3,business_diversity,5,7,True,False,True,27.3053,,0.599761,False
E3,business_facility,5,3,True,False,True,1.11712,,0.724318,False
E3,business_facility,5,4,True,False,True,1.11712,,0.847619,False
E3,business_facility,5,5,True,False,True,1.11712,,0.719368,False
E3,business_facility,5,6,True,False,True,1.11712,,0.716884,False
E3,business_facility,5,7,True,False,True,1.4682,,0.797711,False
E3,business_coverage,6,3,True,False,True,2.80272,,0.536,False
E3,business_coverage,6,4,True,False,True,2.80272,,0.457143,False
E3,business_coverage,6,5,True,False,True,2.80272,,0.550571,False
E3,business_coverage,6,6,True,False,True,2.80272,,0.540541,False
E3,business_coverage,6,7,True,False,True,2.80272,,0.654595,False
E3,business_diversity,6,3,False,False,True,8.16183,8.161834815685216,0.72043,False
E3,business_diversity,6,4,False,False,True,8.16183,8.161834815685216,0.810811,False
E3,business_diversity,6,5,True,False,True,8.16183,,0.778244,False
E3,business_diversity,6,6,True,False,True,8.16183,,0.914286,False
E3,business_diversity,6,7,True,False,True,8.16183,,0.873737,False
E3,business_facility,6,3,False,False,True,8.16183,8.161834815685216,0.543768,False
E3,business_facility,6,4,False,False,True,431.767,431.76738613065777,0.487395,False
E3,business_facility,6,5,False,False,True,431.767,431.76738613065777,0.689473,False
E3,business_facility,6,6,True,False,True,431.767,,0.677304,False
E3,business_facility,6,7,True,False,True,431.767,,0.673199,False
E3,business_coverage,7,3,False,False,True,1.18247,1.1824743499780872,0.90885,False
E3,business_coverage,7,4,False,False,True,1.41228,1.4122844585745855,0.908385,False
E3,business_coverage,7,5,False,False,True,1.7906,1.7905956117506139,0.885536,False
E3,business_coverage,7,6,True,False,True,1.7906,,0.8365,False
E3,business_coverage,7,7,True,False,True,1.7906,,0.954819,False
E3,business_diversity,7,3,False,False,False,22.895,22.89500509625439,0.487342,False
E3,business_diversity,7,4,False,False,False,22.895,22.89500509625439,0.670609,False
E3,business_diversity,7,5,False,False,False,22.895,22.89500509625439,0.624051,False
E3,business_diversity,7,6,False,False,False,22.895,22.89500509625439,0.749269,False
E3,business_diversity,7,7,False,False,True,22.895,22.89500509625439,0.88494,False
E3,business_facility,7,3,True,False,True,1.29285,,0.681515,False
E3,business_facility,7,4,True,False,True,4.45148,,0.633705,False
E3,business_facility,7,5,True,False,True,4.45148,,0.554087,False
E3,business_facility,7,6,True,False,True,4.45148,,0.672939,False
E3,business_facility,7,7,True,False,True,4.45148,,0.68263,False
E3,business_coverage,8,3,False,False,True,4.95911,4.95910780706688,0.795605,False
E3,business_coverage,8,4,False,False,True,4.95911,4.95910780706688,0.827387,False
E3,business_coverage,8,5,False,False,True,4.95911,4.95910780706688,0.846968,False
E3,business_coverage,8,6,False,False,True,4.95911,4.95910780706688,0.883175,False
E3,business_coverage,8,7,True,False,True,4.95911,,0.853483,False
E3,business_diversity,8,3,False,False,False,4.87256,4.872561461957246,0.727662,False
E3,business_diversity,8,4,False,False,True,4.87256,4.872561461957246,0.786555,False
E3,business_diversity,8,5,True,False,True,4.87256,,0.699697,False
E3,business_diversity,8,6,True,False,True,4.87256,,0.651997,False
E3,business_diversity,8,7,True,False,True,75.0349,,0.664403,False
E3,business_facility,8,3,False,False,False,4.87256,4.872561461957246,0.727662,False
E3,business_facility,8,4,True,False,True,4.87256,,0.615737,False
E3,business_facility,8,5,True,False,True,117.417,,0.559066,False
E3,business_facility,8,6,True,False,True,117.417,,0.562418,False
E3,business_facility,8,7,True,False,True,117.417,,0.689086,False
E3,business_coverage,9,3,True,False,True,5.00499,,0.636875,False
E3,business_coverage,9,4,True,False,True,5.00499,,0.698553,False
E3,business_coverage,9,5,True,False,True,5.00499,,0.649789,False
E3,business_coverage,9,6,True,False,True,5.00499,,0.64507,False
E3,business_coverage,9,7,True,False,True,5.00499,,0.639676,False
E3,business_diversity,9,3,False,False,True,174.291,174.29097600265598,0.678072,False
E3,business_diversity,9,4,False,False,True,174.291,174.29097600265598,0.625483,False
E3,business_diversity,9,5,False,False,True,174.291,174.29097600265598,0.663317,False
E3,business_diversity,9,6,True,False,True,174.291,,0.659643,False
E3,business_diversity,9,7,True,False,True,174.291,,0.838588,False
E3,business_facility,9,3,True,False,True,1.74165,,0.649522,False
E3,business_facility,9,4,True,False,True,92.6471,,0.595238,False
E3,business_facility,9,5,True,False,True,92.6471,,0.80203,False
E3,business_facility,9,6,True,False,True,92.6471,,0.795243,False
E3,business_facility,9,7,True,False,True,92.6471,,0.799165,False
E3,business_coverage,10,3,True,False,True,1.0,,0.782123,False
E3,business_coverage,10,4,True,False,True,1.0,,0.650718,True
E3,business_coverage,10,5,True,False,True,1.0,,0.61667,True
E3,business_coverage,10,6,True,False,True,1.0,,0.75856,False
E3,business_coverage,10,7,True,False,True,1.0,,0.762152,False
E3,business_diversity,10,3,False,False,False,5.11594,5.115942458718204,0.671165,False
E3,business_diversity,10,4,False,False,True,5.11594,5.115942458718204,0.670157,False
E3,business_diversity,10,5,True,False,True,5.11594,,0.670247,False
E3,business_diversity,10,6,True,False,True,5.11594,,0.824277,False
E3,business_diversity,10,7,True,False,True,5.11594,,0.827043,False
E3,business_facility,10,3,False,False,False,18.5336,18.533646518977303,0.342262,False
E3,business_facility,10,4,False,False,False,18.5336,18.533646518977303,0.337349,False
E3,business_facility,10,5,False,False,True,18.5336,18.533646518977303,0.367313,False
E3,business_facility,10,6,True,False,True,18.5336,,0.375406,False
E3,business_facility,10,7,True,False,True,18.5336,,0.525371,False
E3,business_coverage,11,3,True,False,True,7.3211,,0.537041,False
E3,business_coverage,11,4,True,False,True,7.3211,,0.466085,False
E3,business_coverage,11,5,True,False,True,7.3211,,0.427807,False
E3,business_coverage,11,6,True,False,True,7.3211,,0.558473,False
E3,business_coverage,11,7,True,False,True,7.3211,,0.658399,False
E3,business_diversity,11,3,True,False,True,1.12512,,0.765086,False
E3,business_diversity,11,4,True,False,True,1.12512,,0.807453,False
E3,business_diversity,11,5,True,False,True,9.51191,,0.754491,False
E3,business_diversity,11,6,True,False,True,9.51191,,0.728414,False
E3,business_diversity,11,7,True,False,True,9.51191,,0.813533,False
E3,business_facility,11,3,True,False,True,5.40757,,0.5052,False
E3,business_facility,11,4,True,False,True,21.4324,,0.458333,False
E3,business_facility,11,5,True,False,True,123.035,,0.424242,False
E3,business_facility,11,6,True,False,True,123.035,,0.457641,False
E3,business_facility,11,7,True,False,True,123.035,,0.562112,False
E3,business_coverage,12,3,False,False,True,4.31218,4.312178890567295,0.759494,False
E3,business_coverage,12,4,True,False,True,4.31218,,0.631148,False
E3,business_coverage,12,5,True,False,True,4.31218,,0.552518,False
E3,business_coverage,12,6,True,False,True,4.31218,,0.495114,False
E3,business_coverage,12,7,True,False,True,4.31218,,0.49185,False
E3,business_diversity,12,3,False,False,False,17.7885,17.788461545399038,0.470749,False
E3,business_diversity,12,4,False,False,False,17.7885,17.788461545399038,0.649371,False
E3,business_diversity,12,5,True,False,True,17.7885,,0.57538,False
E3,business_diversity,12,6,True,False,True,17.7885,,0.66171,False
E3,business_diversity,12,7,True,False,True,17.7885,,0.753324,False
E3,business_facility,12,3,False,False,True,25.9001,25.900075967433004,0.709332,False
E3,business_facility,12,4,False,False,True,30.5097,30.50972698977513,0.615257,False
E3,business_facility,12,5,True,False,True,30.5097,,0.550538,False
E3,business_facility,12,6,True,False,True,30.5097,,0.514768,False
E3,business_facility,12,7,True,False,True,30.5097,,0.497706,False
E3,business_coverage,13,3,False,False,False,2.56,2.56,0.714266,False
E3,business_coverage,13,4,False,False,True,2.56,2.56,0.766334,False
E3,business_coverage,13,5,True,False,True,2.56,,0.677657,False
E3,business_coverage,13,6,True,False,True,2.56,,0.598592,False
E3,business_coverage,13,7,True,False,True,2.56,,0.59287,False
E3,business_diversity,13,3,False,False,False,6.03409,6.034090908641095,0.736771,False
E3,business_diversity,13,4,False,False,False,6.03409,6.034090908641095,0.819149,False
E3,business_diversity,13,5,True,False,True,6.03409,,0.729891,False
E3,business_diversity,13,6,True,False,True,6.03409,,0.748031,False
E3,business_diversity,13,7,True,False,True,6.03409,,0.731429,False
E3,business_facility,13,3,False,False,True,1.62727,1.62726613436434,0.905099,False
E3,business_facility,13,4,False,False,True,7.27726,7.2772634648651815,0.788102,False
E3,business_facility,13,5,True,False,True,7.27726,,0.681977,False
E3,business_facility,13,6,True,False,True,7.27726,,0.610442,False
E3,business_facility,13,7,True,False,True,7.27726,,0.59891,False
E3,business_coverage,14,3,False,False,True,1.96923,1.9692307696575455,0.85761,False
E3,business_coverage,14,4,False,False,True,4.33811,4.338107008688803,0.763462,False
E3,business_coverage,14,5,False,False,True,10.4212,10.421231610839138,0.69495,False
E3,business_coverage,14,6,True,False,True,10.4212,,0.637743,False
E3,business_coverage,14,7,True,False,True,10.4212,,0.573276,False
E3,business_diversity,14,3,False,False,False,7.56566,7.5656565651498315,0.529568,False
E3,business_diversity,14,4,False,False,False,13.6547,13.654656318443964,0.46726,False
E3,business_diversity,14,5,False,False,False,13.6547,13.654656318443964,0.515348,False
E3,business_diversity,14,6,False,False,True,13.6547,13.654656318443964,0.602987,False
E3,business_diversity,14,7,True,False,True,13.6547,,0.565815,False
E3,business_facility,14,3,False,False,True,49.4662,49.4661654243097,0.768138,False
E3,business_facility,14,4,False,False,True,49.4662,49.4661654243097,0.683055,False
E3,business_facility,14,5,False,False,True,49.4662,49.4661654243097,0.62131,False
E3,business_facility,14,6,True,False,True,49.4662,,0.573563,False
E3,business_facility,14,7,True,False,True,49.4662,,0.558893,False
E3,business_coverage,15,3,False,False,False,2.02588,2.025884344201236,0.875095,False
E3,business_coverage,15,4,False,False,False,2.02588,2.025884344201236,0.891298,False
E3,business_coverage,15,5,False,False,True,2.02588,2.025884344201236,0.91116,False
E3,business_coverage,15,6,False,False,True,4.17087,4.170867485075556,0.862951,False
E3,business_coverage,15,7,False,False,True,5.93637,5.936365141822457,0.816425,False
E3,business_diversity,15,3,False,False,False,1.36191,1.361910787958211,0.935826,False
E3,business_diversity,15,4,False,False,False,1.36191,1.361910787958211,1.0,False
E3,business_diversity,15,5,False,False,True,25.5294,25.529411761415375,0.894393,False
E3,business_diversity,15,6,False,False,True,25.5294,25.529411761415375,0.887407,False
E3,business_diversity,15,7,False,False,True,25.5294,25.529411761415375,0.852006,False
E3,business_facility,15,3,False,False,False,1.8599,1.8599033814519736,0.87619,False
E3,business_facility,15,4,False,False,False,2.97622,2.976216937893724,0.81898,False
E3,business_facility,15,5,False,False,False,36.7748,36.77482963080447,0.7331,False
E3,business_facility,15,6,False,False,False,36.7748,36.77482963080447,0.694465,False
E3,business_facility,15,7,False,False,False,36.7748,36.77482963080447,0.667152,False
E3,business_coverage,16,3,False,False,True,2.24441,2.2444120504727008,0.808852,False
E3,business_coverage,16,4,True,False,True,2.24441,,0.658983,False
E3,business_coverage,16,5,True,False,True,2.24441,,0.679688,False
E3,business_coverage,16,6,True,False,True,2.24441,,0.651811,False
E3,business_coverage,16,7,True,False,True,2.24441,,0.754673,False
E3,business_diversity,16,3,False,False,True,2.24441,2.2444120504727008,0.742424,False
E3,business_diversity,16,4,True,False,True,2.24441,,0.641096,False
E3,business_diversity,16,5,True,False,True,2.24441,,0.553191,False
E3,business_diversity,16,6,True,False,True,2.24441,,0.539927,False
E3,business_diversity,16,7,True,False,True,2.24441,,0.655566,False
E3,business_facility,16,3,False,False,True,2.24441,2.2444120504727008,0.635676,False
E3,business_facility,16,4,True,False,True,2.24441,,0.554136,False
E3,business_facility,16,5,True,False,True,2.24441,,0.492754,False
E3,business_facility,16,6,True,False,True,2.24441,,0.476936,False
E3,business_facility,16,7,True,False,True,2.24441,,0.498648,False
E3,business_coverage,17,3,True,False,True,6.98114,,0.545194,False
E3,business_coverage,17,4,True,False,True,6.98114,,0.488108,False
E3,business_coverage,17,5,True,False,True,20.844,,0.460784,False
E3,business_coverage,17,6,True,False,True,20.844,,0.434013,False
E3,business_coverage,17,7,True,False,True,20.844,,0.590093,False
E3,business_diversity,17,3,True,False,True,4.59043,,0.306905,False
E3,business_diversity,17,4,True,False,True,154.146,,0.282187,False
E3,business_diversity,17,5,True,False,True,154.146,,0.462366,False
E3,business_diversity,17,6,True,False,True,154.146,,0.536671,False
E3,business_diversity,17,7,True,False,True,154.146,,0.669524,False
E3,business_facility,17,3,True,False,True,5.61507,,0.291971,False
E3,business_facility,17,4,True,False,True,17.7938,,0.282187,False
E3,business_facility,17,5,True,False,True,17.7938,,0.459893,False
E3,business_facility,17,6,True,False,True,17.7938,,0.432274,False
E3,business_facility,17,7,True,False,True,17.7938,,0.536808,False
E3,business_coverage,18,3,True,False,True,1.22346,,0.66879,False
E3,business_coverage,18,4,True,False,True,1.22346,,0.612,False
E3,business_coverage,18,5,True,False,True,1.22346,,0.588912,True
E3,business_coverage,18,6,True,False,True,1.22346,,0.619384,False
E3,business_coverage,18,7,True,False,True,1.22346,,0.808594,False
E3,business_diversity,18,3,True,False,True,1.42574,,0.66879,False
E3,business_diversity,18,4,True,False,True,1.42574,,0.802558,False
E3,business_diversity,18,5,True,False,True,1.42574,,0.83537,False
E3,business_diversity,18,6,True,False,True,1.42574,,0.843128,False
E3,business_diversity,18,7,True,False,True,1.42574,,0.84884,False
E3,business_facility,18,3,True,False,True,1.42574,,0.7,False
E3,business_facility,18,4,True,False,True,3.07183,,0.753913,False
E3,business_facility,18,5,True,False,True,3.07183,,0.718494,False
E3,business_facility,18,6,True,False,True,3.07183,,0.748461,False
E3,business_facility,18,7,True,False,True,3.07183,,0.737664,False
E3,business_coverage,19,3,False,False,True,10.7819,10.781862745695278,0.362393,False
E3,business_coverage,19,4,False,False,True,10.7819,10.781862745695278,0.464789,False
E3,business_coverage,19,5,True,False,True,10.7819,,0.398305,False
E3,business_coverage,19,6,True,False,True,10.7819,,0.50109,False
E3,business_coverage,19,7,True,False,True,10.7819,,0.482921,False
E3,business_diversity,19,3,True,False,True,1.67507,,0.544913,False
E3,business_diversity,19,4,True,False,True,1.67507,,0.472195,True
E3,business_diversity,19,5,True,False,True,1.67507,,0.424779,True
E3,business_diversity,19,6,True,False,True,1.67507,,0.529841,False
E3,business_diversity,19,7,True,False,True,2.85985,,0.583133,False
E3,business_facility,19,3,True,False,True,1.67507,,0.462947,True
E3,business_facility,19,4,True,False,True,1.67507,,0.576471,False
E3,business_facility,19,5,True,False,True,1.67507,,0.481481,False
E3,business_facility,19,6,True,False,True,1.67507,,0.603554,False
E3,business_facility,19,7,True,False,True,1.67507,,0.607639,False
E3,business_coverage,20,3,False,False,False,4.93299,4.9329941855365185,0.61904,False
E3,business_coverage,20,4,False,False,False,4.93299,4.9329941855365185,0.578395,False
E3,business_coverage,20,5,False,False,False,4.93299,4.9329941855365185,0.621747,False
E3,business_coverage,20,6,False,False,True,4.93299,4.9329941855365185,0.693506,False
E3,business_coverage,20,7,False,False,True,23.0643,23.064327483779135,0.650742,False
E3,business_diversity,20,3,False,False,False,2.54685,2.546849808483371,0.6261,False
E3,business_diversity,20,4,False,False,False,2.54685,2.546849808483371,0.640824,False
E3,business_diversity,20,5,False,False,False,5.95736,5.95735786124489,0.592281,False
E3,business_diversity,20,6,False,False,True,8.86239,8.862394960081257,0.560733,False
E3,business_diversity,20,7,False,False,True,8.86239,8.862394960081257,0.609901,False
E3,business_facility,20,3,False,False,False,2.69713,2.6971309133517325,0.593563,False
E3,business_facility,20,4,False,False,False,2.69713,2.6971309133517325,0.640824,False
E3,business_facility,20,5,False,False,False,2.69713,2.6971309133517325,0.721121,False
E3,business_facility,20,6,False,False,True,3.55237,3.5523733739553123,0.703481,False
E3,business_facility,20,7,False,False,True,29.9021,29.90213366833972,0.66037,False
E3,business_coverage,21,3,False,False,True,3.21724,3.217242363013949,0.869207,False
E3,business_coverage,21,4,True,False,True,3.21724,,0.757452,False
E3,business_coverage,21,5,True,False,True,3.21724,,0.690782,False
E3,business_coverage,21,6,True,False,True,3.21724,,0.636905,False
E3,business_coverage,21,7,True,False,True,3.21724,,0.623269,False
E3,business_diversity,21,3,True,False,True,1.415,,0.762175,False
E3,business_diversity,21,4,True,False,True,5.11512,,0.706427,False
E3,business_diversity,21,5,True,False,True,5.11512,,0.646114,False
E3,business_diversity,21,6,True,False,True,5.11512,,0.69967,False
E3,business_diversity,21,7,True,False,True,5.11512,,0.694562,False
E3,business_facility,21,3,False,False,True,5.44398,5.443975156018593,0.805264,False
E3,business_facility,21,4,True,False,True,5.44398,,0.706427,False
E3,business_facility,21,5,True,False,True,43.5099,,0.652568,False
E3,business_facility,21,6,True,False,True,43.5099,,0.602076,False
E3,business_facility,21,7,True,False,True,43.5099,,0.606307,False
E3,business_coverage,22,3,False,False,True,3.75194,3.7519379840475655,0.727334,False
E3,business_coverage,22,4,True,False,True,3.75194,,0.608869,False
E3,business_coverage,22,5,True,False,True,3.75194,,0.537296,False
E3,business_coverage,22,6,True,False,True,3.75194,,0.489092,False
E3,business_coverage,22,7,True,False,True,3.75194,,0.574078,False
E3,business_diversity,22,3,True,False,True,2.34462,,0.54902,False
E3,business_diversity,22,4,True,False,True,2.34462,,0.638448,False
E3,business_diversity,22,5,True,False,True,2.34462,,0.733705,False
E3,business_diversity,22,6,True,False,True,2.34462,,0.646756,False
E3,business_diversity,22,7,True,False,True,2.34462,,0.613813,False
E3,business_facility,22,3,True,False,True,2.34462,,0.54902,False
E3,business_facility,22,4,True,False,True,2.34462,,0.618049,False
E3,business_facility,22,5,True,False,True,2.34462,,0.569767,False
E3,business_facility,22,6,True,False,True,3.39814,,0.593407,False
E3,business_facility,22,7,True,False,True,3.39814,,0.58357,False
E3,business_coverage,23,3,True,False,True,9.07434,,0.622463,False
E3,business_coverage,23,4,True,False,True,9.07434,,0.563771,False
E3,business_coverage,23,5,True,False,True,9.07434,,0.611013,False
E3,business_coverage,23,6,True,False,True,9.07434,,0.604849,False
E3,business_coverage,23,7,True,False,True,9.07434,,0.672971,False
E3,business_diversity,23,3,False,False,True,9.1439,9.143899627180662,0.719907,False
E3,business_diversity,23,4,False,False,True,9.1439,9.143899627180662,0.756917,False
E3,business_diversity,23,5,True,False,True,9.1439,,0.681279,False
E3,business_diversity,23,6,True,False,True,9.1439,,0.720568,False
E3,business_diversity,23,7,True,False,True,9.1439,,0.723422,False
E3,business_facility,23,3,False,False,True,9.1439,9.143899627180662,0.719907,False
E3,business_facility,23,4,True,False,True,9.1439,,0.674274,False
E3,business_facility,23,5,True,False,True,9.1439,,0.656561,False
E3,business_facility,23,6,True,False,True,9.1439,,0.632779,False
E3,business_facility,23,7,True,False,True,9.1439,,0.655408,False
E3,business_coverage,24,3,True,False,True,4.55956,,0.556548,False
E3,business_coverage,24,4,True,False,True,4.55956,,0.664278,False
E3,business_coverage,24,5,True,False,True,4.55956,,0.73121,False
E3,business_coverage,24,6,True,False,True,4.55956,,0.647887,False
E3,business_coverage,24,7,True,False,True,4.55956,,0.720223,False
E3,business_diversity,24,3,False,False,False,2.63406,2.6340605210046197,0.687502,False
E3,business_diversity,24,4,False,False,True,2.63406,2.6340605210046197,0.724887,False
E3,business_diversity,24,5,False,False,True,2.63406,2.6340605210046197,0.762643,False
E3,business_diversity,24,6,False,False,True,2.63406,2.6340605210046197,0.840841,False
E3,business_diversity,24,7,False,False,True,2.63406,2.6340605210046197,0.930939,False
E3,business_facility,24,3,False,False,False,2.63406,2.6340605210046197,0.721122,False
E3,business_facility,24,4,False,False,True,2.63406,2.6340605210046197,0.727072,False
E3,business_facility,24,5,True,False,True,2.63406,,0.622585,False
E3,business_facility,24,6,True,False,True,2.63406,,0.715976,False
E3,business_facility,24,7,True,False,True,2.63406,,0.812518,False
E3,business_coverage,25,3,False,False,False,1.31731,1.3173114142635802,0.951572,False
E3,business_coverage,25,4,False,False,True,9.01297,9.01296763860063,0.834337,False
E3,business_coverage,25,5,False,False,True,9.01297,9.01296763860063,0.877018,False
E3,business_coverage,25,6,True,False,True,9.01297,,0.792429,False
E3,business_coverage,25,7,True,False,True,95.2319,,0.746814,False
E3,business_diversity,25,3,False,False,False,4.85144,4.8514381324615865,0.590278,False
E3,business_diversity,25,4,False,False,False,23.4653,23.46526280657338,0.517509,False
E3,business_diversity,25,5,False,False,False,35.1591,35.15912361497744,0.471064,False
E3,business_diversity,25,6,False,False,False,35.1591,35.15912361497744,0.581047,False
E3,business_diversity,25,7,False,False,True,35.1591,35.15912361497744,0.637817,False
E3,business_facility,25,3,False,False,True,1.91909,1.9190884793787997,0.739649,False
E3,business_facility,25,4,True,False,True,1.91909,,0.62913,False
E3,business_facility,25,5,True,False,True,1.91909,,0.563937,False
E3,business_facility,25,6,True,False,True,16.1938,,0.532868,False
E3,business_facility,25,7,True,False,True,25.2622,,0.50881,False
E3,business_coverage,26,3,False,False,True,1.22306,1.2230603453016318,0.963289,False
E3,business_coverage,26,4,False,False,True,1.22306,1.2230603453016318,0.994672,False
E3,business_coverage,26,5,True,False,True,1.22306,,0.865489,False
E3,business_coverage,26,6,True,False,True,1.22306,,0.790541,False
E3,business_coverage,26,7,True,False,True,1.22306,,0.748719,False
E3,business_diversity,26,3,False,False,False,22.2301,22.230126371724577,0.376963,False
E3,business_diversity,26,4,False,False,False,22.2301,22.230126371724577,0.644469,False
E3,business_diversity,26,5,False,False,True,22.2301,22.230126371724577,0.713736,False
E3,business_diversity,26,6,False,False,True,22.2301,22.230126371724577,0.776978,False
E3,business_diversity,26,7,True,False,True,22.2301,,0.75531,False
E3,business_facility,26,3,False,False,False,7.55238,7.552380952761901,0.410256,False
E3,business_facility,26,4,False,False,False,23.3535,23.353464127962845,0.37295,False
E3,business_facility,26,5,False,False,False,23.3535,23.353464127962845,0.355469,False
E3,business_facility,26,6,False,False,False,23.3535,23.353464127962845,0.358333,False
E3,business_facility,26,7,False,False,False,23.3535,23.353464127962845,0.420742,False
E3,business_coverage,27,3,True,False,True,1.0,,0.827073,False
E3,business_coverage,27,4,True,False,True,1.0,,0.684431,False
E3,business_coverage,27,5,True,False,True,1.0,,0.589111,True
E3,business_coverage,27,6,True,False,True,1.0,,0.538182,True
E3,business_coverage,27,7,True,False,True,1.0,,0.522548,True
E3,business_diversity,27,3,False,False,True,13.3056,13.305587869857625,0.543774,False
E3,business_diversity,27,4,False,False,True,13.3056,13.305587869857625,0.682717,False
E3,business_diversity,27,5,True,False,True,13.3056,,0.604694,False
E3,business_diversity,27,6,True,False,True,13.3056,,0.547529,False
E3,business_diversity,27,7,True,False,True,13.3056,,0.620801,False
E3,business_facility,27,3,False,False,True,8.13534,8.135342344341066,0.608555,False
E3,business_facility,27,4,False,False,True,8.13534,8.135342344341066,0.667758,False
E3,business_facility,27,5,True,False,True,8.13534,,0.59617,False
E3,business_facility,27,6,True,False,True,10.0557,,0.592593,False
E3,business_facility,27,7,True,False,True,10.0557,,0.566372,False
E3,business_coverage,28,3,False,False,False,5.80083,5.800833947530418,0.354545,False
E3,business_coverage,28,4,True,False,True,5.80083,,0.309278,False
E3,business_coverage,28,5,True,False,True,5.80083,,0.463589,False
E3,business_coverage,28,6,True,False,True,5.80083,,0.476103,False
E3,business_coverage,28,7,True,False,True,5.80083,,0.631923,False
E3,business_diversity,28,3,False,False,False,15.2923,15.292298173870797,0.779528,False
E3,business_diversity,28,4,False,False,True,15.2923,15.292298173870797,0.85906,False
E3,business_diversity,28,5,False,False,True,15.2923,15.292298173870797,1.0,False
E3,business_diversity,28,6,True,False,True,15.2923,,0.963542,False
E3,business_diversity,28,7,True,False,True,15.2923,,0.959276,False
E3,business_facility,28,3,False,False,True,1.40164,1.4016393442801804,0.926471,False
E3,business_facility,28,4,True,False,True,1.40164,,0.822695,False
E3,business_facility,28,5,True,False,True,1.40164,,0.768634,False
E3,business_facility,28,6,True,False,True,1.40164,,0.778947,False
E3,business_facility,28,7,True,False,True,1.40164,,0.78653,False
E3,business_coverage,29,3,False,False,False,1.91342,1.9134178436723581,0.659955,False
E3,business_coverage,29,4,False,False,True,4.98175,4.981747509194701,0.596273,False
E3,business_coverage,29,5,False,False,True,4.98175,4.981747509194701,0.635234,False
E3,business_coverage,29,6,True,False,True,4.98175,,0.565005,False
E3,business_coverage,29,7,True,False,True,4.98175,,0.519224,False
E3,business_diversity,29,3,False,False,False,1.65275,1.6527514228761913,0.712216,False
E3,business_diversity,29,4,True,False,True,1.65275,,0.596424,False
E3,business_diversity,29,5,True,False,True,1.65275,,0.658366,False
E3,business_diversity,29,6,True,False,True,1.65275,,0.707466,False
E3,business_diversity,29,7,True,False,True,1.65275,,0.65747,False
E3,business_facility,29,3,False,False,False,18.9431,18.943148687923692,0.536671,False
E3,business_facility,29,4,False,False,False,18.9431,18.943148687923692,0.629558,False
E3,business_facility,29,5,True,False,True,18.9431,,0.560627,False
E3,business_facility,29,6,True,False,True,27.633,,0.51938,False
E3,business_facility,29,7,True,False,True,27.633,,0.490212,False
E3,business_coverage,30,3,False,False,False,7.31111,7.311111111344935,0.75047,False
E3,business_coverage,30,4,False,False,True,7.31111,7.311111111344935,0.804884,False
E3,business_coverage,30,5,False,False,True,7.31111,7.311111111344935,0.864897,False
E3,business_coverage,30,6,True,False,True,7.31111,,0.791367,False
E3,business_coverage,30,7,True,False,True,7.31111,,0.810985,False
E3,business_diversity,30,3,False,False,False,14.4502,14.450165053310354,0.763367,False
E3,business_diversity,30,4,False,False,False,14.4502,14.450165053310354,0.837289,False
E3,business_diversity,30,5,False,False,True,14.4502,14.450165053310354,0.869222,False
E3,business_diversity,30,6,False,False,True,14.4502,14.450165053310354,0.889902,False
E3,business_diversity,30,7,False,False,True,14.4502,14.450165053310354,0.979903,False
E3,business_facility,30,3,False,False,False,1.53368,1.5336820673837188,0.906582,False
E3,business_facility,30,4,True,False,True,1.53368,,0.774777,False
E3,business_facility,30,5,True,False,True,1.53368,,0.701205,False
E3,business_facility,30,6,True,False,True,1.53368,,0.792885,False
E3,business_facility,30,7,True,False,True,1.53368,,0.861633,False
E3,business_coverage,31,3,False,False,True,1.19676,1.1967567571912379,0.972222,False
E3,business_coverage,31,4,True,False,True,1.19676,,0.827312,False
E3,business_coverage,31,5,True,False,True,1.19676,,0.723556,False
E3,business_coverage,31,6,True,False,True,1.19676,,0.765545,False
E3,business_coverage,31,7,True,False,True,1.19676,,0.732956,False
E3,business_diversity,31,3,True,False,True,1.20268,,0.729167,False
E3,business_diversity,31,4,True,False,True,1.20268,,0.801055,False
E3,business_diversity,31,5,True,False,True,1.20268,,0.728814,False
E3,business_diversity,31,6,True,False,True,1.20268,,0.684987,False
E3,business_diversity,31,7,True,False,True,1.20268,,0.66509,False
E3,business_facility,31,3,True,False,True,1.24935,,0.666232,False
E3,business_facility,31,4,True,False,True,9.5037,,0.591209,False
E3,business_facility,31,5,True,False,True,11.4532,,0.562679,False
E3,business_facility,31,6,True,False,True,119.454,,0.531549,False
E3,business_facility,31,7,True,False,True,119.454,,0.523155,False
E3,business_coverage,32,3,False,False,True,1.06205,1.062046143573497,1.0,False
E3,business_coverage,32,4,True,False,True,1.06205,,0.839919,False
E3,business_coverage,32,5,True,False,True,1.06205,,0.763005,False
E3,business_coverage,32,6,True,False,True,1.06205,,0.69505,False
E3,business_coverage,32,7,True,False,True,1.28213,,0.768237,False
E3,business_diversity,32,3,True,False,True,6.46208,,0.468135,False
E3,business_diversity,32,4,True,False,True,6.46208,,0.623188,False
E3,business_diversity,32,5,True,False,True,6.46208,,0.548996,False
E3,business_diversity,32,6,True,False,True,6.46208,,0.645593,False
E3,business_diversity,32,7,True,False,True,6.46208,,0.763686,False
E3,business_facility,32,3,False,False,True,20.11,20.109989180865576,0.488832,False
E3,business_facility,32,4,False,False,True,20.11,20.109989180865576,0.68984,False
E3,business_facility,32,5,True,False,True,20.11,,0.606302,False
E3,business_facility,32,6,True,False,True,26.4836,,0.580624,False
E3,business_facility,32,7,True,False,True,31.6926,,0.59615,False
E3,business_coverage,33,3,True,False,True,1.0,,0.713669,False
E3,business_coverage,33,4,True,False,True,17.0088,,0.656863,False
E3,business_coverage,33,5,True,False,True,17.0088,,0.654394,False
E3,business_coverage,33,6,True,False,True,17.0088,,0.655969,False
E3,business_coverage,33,7,True,False,True,17.0088,,0.686142,False
E3,business_diversity,33,3,False,False,True,4.77509,4.775094339666839,0.698364,False
E3,business_diversity,33,4,False,False,True,4.77509,4.775094339666839,0.795812,False
E3,business_diversity,33,5,False,False,True,4.77509,4.775094339666839,0.911628,False
E3,business_diversity,33,6,True,False,True,4.77509,,0.882353,False
E3,business_diversity,33,7,True,False,True,4.77509,,0.857678,False
E3,business_facility,33,3,True,False,True,4.77509,,0.535078,False
E3,business_facility,33,4,True,False,True,4.77509,,0.469945,False
E3,business_facility,33,5,True,False,True,4.77509,,0.658246,False
E3,business_facility,33,6,True,False,True,4.77509,,0.661184,False
E3,business_facility,33,7,True,False,True,4.77509,,0.674551,False
E3,business_coverage,34,3,True,False,True,1.79908,,0.568813,False
E3,business_coverage,34,4,True,False,True,1.79908,,0.660184,False
E3,business_coverage,34,5,True,False,True,1.79908,,0.594257,False
E3,business_coverage,34,6,True,False,True,1.79908,,0.662162,False
E3,business_coverage,34,7,True,False,True,1.79908,,0.646683,False
E3,business_diversity,34,3,False,False,True,1.79908,1.799083269242547,0.707146,False
E3,business_diversity,34,4,True,False,True,1.79908,,0.619231,False
E3,business_diversity,34,5,True,False,True,1.81967,,0.649705,False
E3,business_diversity,34,6,True,False,True,1.81967,,0.599222,False
E3,business_diversity,34,7,True,False,True,1.81967,,0.607588,False
E3,business_facility,34,3,False,False,False,2.3991,2.3991032335545848,0.690041,False
E3,business_facility,34,4,True,False,True,2.3991,,0.610867,False
E3,business_facility,34,5,True,False,True,2.3991,,0.643092,False
E3,business_facility,34,6,True,False,True,2.3991,,0.585366,False
E3,business_facility,34,7,True,False,True,2.3991,,0.5755,False
E3,business_coverage,35,3,False,False,False,7.03504,7.035043804672427,0.545659,False
E3,business_coverage,35,4,False,False,True,7.03504,7.035043804672427,0.611082,False
E3,business_coverage,35,5,True,False,True,7.03504,,0.519608,False
E3,business_coverage,35,6,True,False,True,7.03504,,0.640935,False
E3,business_coverage,35,7,True,False,True,7.03504,,0.757601,False
E3,business_diversity,35,3,False,False,True,12.4902,12.490196077027255,0.558847,False
E3,business_diversity,35,4,False,False,True,12.4902,12.490196077027255,0.50116,False
E3,business_diversity,35,5,False,False,True,12.4902,12.490196077027255,0.593407,False
E3,business_diversity,35,6,True,False,True,12.4902,,0.568627,False
E3,business_diversity,35,7,True,False,True,12.4902,,0.705043,False
E3,business_facility,35,3,True,False,True,4.22508,,0.512658,False
E3,business_facility,35,4,True,False,True,4.22508,,0.436145,False
E3,business_facility,35,5,True,False,True,4.22508,,0.397906,False
E3,business_facility,35,6,True,False,True,4.22508,,0.54717,False
E3,business_facility,35,7,True,False,True,4.22508,,0.680625,False
E3,business_coverage,36,3,False,False,True,3.75057,3.750574184498394,0.8344,False
E3,business_coverage,36,4,True,False,True,3.75057,,0.712395,False
E3,business_coverage,36,5,True,False,True,3.75057,,0.655329,False
E3,business_coverage,36,6,True,False,True,3.75057,,0.597019,False
E3,business_coverage,36,7,True,False,True,3.75057,,0.574534,False
E3,business_diversity,36,3,False,False,True,85.3289,85.32891704836793,0.557117,False
E3,business_diversity,36,4,False,False,True,85.3289,85.32891704836793,0.546547,False
E3,business_diversity,36,5,False,False,True,85.3289,85.32891704836793,0.640491,False
E3,business_diversity,36,6,True,False,True,85.3289,,0.603304,False
E3,business_diversity,36,7,True,False,True,85.3289,,0.677335,False
E3,business_facility,36,3,False,False,True,3.90885,3.9088541657511717,0.820871,False
E3,business_facility,36,4,True,False,True,3.90885,,0.712741,False
E3,business_facility,36,5,True,False,True,3.90885,,0.641139,False
E3,business_facility,36,6,True,False,True,3.90885,,0.702136,False
E3,business_facility,36,7,True,False,True,3.90885,,0.762632,False
E3,business_coverage,37,3,False,False,True,6.00522,6.005220648324954,0.835449,False
E3,business_coverage,37,4,True,False,True,6.00522,,0.710452,False
E3,business_coverage,37,5,True,False,True,6.00522,,0.605429,False
E3,business_coverage,37,6,True,False,True,6.00522,,0.556536,False
E3,business_coverage,37,7,True,False,True,6.00522,,0.60605,False
E3,business_diversity,37,3,False,False,True,186.14,186.1401229762908,0.495024,False
E3,business_diversity,37,4,True,False,True,186.14,,0.408793,False
E3,business_diversity,37,5,True,False,True,186.14,,0.578624,False
E3,business_diversity,37,6,True,False,True,186.14,,0.675712,False
E3,business_diversity,37,7,True,False,True,186.14,,0.718927,False
E3,business_facility,37,3,False,False,True,17.0973,17.097280053017407,0.507705,False
E3,business_facility,37,4,True,False,True,17.0973,,0.40805,False
E3,business_facility,37,5,True,False,True,17.0973,,0.3973,False
E3,business_facility,37,6,True,False,True,17.0973,,0.390656,False
E3,business_facility,37,7,True,False,True,17.0973,,0.365023,False
E3,business_coverage,38,3,True,False,True,4.00907,,0.231579,False
E3,business_coverage,38,4,True,False,True,4.00907,,0.19403,True
E3,business_coverage,38,5,True,False,True,4.00907,,0.338926,False
E3,business_coverage,38,6,True,False,True,4.00907,,0.526423,False
E3,business_coverage,38,7,True,False,True,4.00907,,0.546904,False
E3,business_diversity,38,3,False,False,True,4.24856,4.2485598101996445,0.418,False
E3,business_diversity,38,4,False,False,True,4.24856,4.2485598101996445,0.591304,False
E3,business_diversity,38,5,True,False,True,4.24856,,0.529938,False
E3,business_diversity,38,6,True,False,True,4.24856,,0.675862,False
E3,business_diversity,38,7,True,False,True,4.24856,,0.6732,False
E3,business_facility,38,3,True,False,True,3.75,,0.528,False
E3,business_facility,38,4,True,False,True,3.75,,0.45045,False
E3,business_facility,38,5,True,False,True,3.75,,0.401559,False
E3,business_facility,38,6,True,False,True,3.75,,0.428922,False
E3,business_facility,38,7,True,False,True,3.75,,0.424012,False
E3,business_coverage,39,3,False,False,False,3.35106,3.3510638299999997,0.605311,False
E3,business_coverage,39,4,False,False,True,3.35106,3.3510638299999997,0.646154,False
E3,business_coverage,39,5,True,False,True,3.35106,,0.54717,False
E3,business_coverage,39,6,True,False,True,3.35106,,0.613044,False
E3,business_coverage,39,7,True,False,True,3.35106,,0.724688,False
E3,business_diversity,39,3,False,False,True,7.14821,7.148211638412885,0.766964,False
E3,business_diversity,39,4,True,False,True,7.14821,,0.618044,False
E3,business_diversity,39,5,True,False,True,7.14821,,0.630542,False
E3,business_diversity,39,6,True,False,True,7.14821,,0.642074,False
E3,business_diversity,39,7,True,False,True,7.14821,,0.664761,False
E3,business_facility,39,3,False,False,True,1.33778,1.3377777774896316,0.916461,False
E3,business_facility,39,4,True,False,True,1.33778,,0.74927,False
E3,business_facility,39,5,True,False,True,1.33778,,0.655556,False
E3,business_facility,39,6,True,False,True,1.33778,,0.619355,False
E3,business_facility,39,7,True,False,True,1.33778,,0.62503,False
E3,business_coverage,40,3,False,False,True,1.0,1.0,1.0,False
E3,business_coverage,40,4,True,False,True,1.0,,0.826805,False
E3,business_coverage,40,5,True,False,True,1.0,,0.735178,False
E3,business_coverage,40,6,True,False,True,1.0,,0.832618,False
E3,business_coverage,40,7,True,False,True,1.0,,0.831198,False
E3,business_diversity,40,3,False,False,True,1.06275,1.062753036243966,1.0,False
E3,business_diversity,40,4,False,False,True,1.06275,1.062753036243966,1.0,False
E3,business_diversity,40,5,True,False,True,1.06275,,0.873016,False
E3,business_diversity,40,6,True,False,True,1.06275,,0.944238,False
E3,business_diversity,40,7,True,False,True,1.06275,,0.93617,False
E3,business_facility,40,3,False,False,True,4.14858,4.14858292855113,0.77007,False
E3,business_facility,40,4,True,False,True,4.14858,,0.630103,False
E3,business_facility,40,5,True,False,True,4.14858,,0.690265,False
E3,business_facility,40,6,True,False,True,4.14858,,0.682796,False
E3,business_facility,40,7,True,False,True,4.14858,,0.811442,False
E3,business_coverage,41,3,False,False,True,3.43297,3.4329702986150816,0.832911,False
E3,business_coverage,41,4,False,False,True,3.43297,3.4329702986150816,0.846586,False
E3,business_coverage,41,5,True,False,True,3.43297,,0.731881,False
E3,business_coverage,41,6,True,False,True,3.43297,,0.67354,False
E3,business_coverage,41,7,True,False,True,3.43297,,0.653301,False
E3,business_diversity,41,3,True,False,True,22.0396,,0.515932,False
E3,business_diversity,41,4,True,False,True,22.0396,,0.627981,False
E3,business_diversity,41,5,True,False,True,22.0396,,0.588969,False
E3,business_diversity,41,6,True,False,True,22.0396,,0.569231,False
E3,business_diversity,41,7,True,False,True,22.0396,,0.685818,False
E3,business_facility,41,3,True,False,True,22.2531,,0.515932,False
E3,business_facility,41,4,True,False,True,22.2531,,0.517514,False
E3,business_facility,41,5,True,False,True,22.2531,,0.591363,False
E3,business_facility,41,6,True,False,True,22.2531,,0.533835,False
E3,business_facility,41,7,True,False,True,22.2531,,0.554674,False
E3,business_coverage,42,3,False,False,True,10.6436,10.643637017040984,0.766681,False
E3,business_coverage,42,4,True,False,True,10.6436,,0.642978,False
E3,business_coverage,42,5,True,False,True,10.6436,,0.707283,False
E3,business_coverage,42,6,True,False,True,10.6436,,0.754237,False
E3,business_coverage,42,7,True,False,True,10.6436,,0.71742,False
E3,business_diversity,42,3,False,False,True,3.98547,3.985473189821973,0.774705,False
E3,business_diversity,42,4,False,False,True,3.98547,3.985473189821973,0.791049,False
E3,business_diversity,42,5,True,False,True,3.98547,,0.697595,False
E3,business_diversity,42,6,True,False,True,3.98547,,0.8,False
E3,business_diversity,42,7,True,False,True,3.98547,,0.865009,False
E3,business_facility,42,3,False,False,True,12.2941,12.294117647024361,0.570528,False
E3,business_facility,42,4,False,False,True,12.2941,12.294117647024361,0.697822,False
E3,business_facility,42,5,False,False,True,61.5577,61.557692313265804,0.647253,False
E3,business_facility,42,6,True,False,True,61.5577,,0.589372,False
E3,business_facility,42,7,True,False,True,61.5577,,0.592895,False
E3,business_coverage,43,3,False,False,True,18.4091,18.409060628222967,0.754128,False
E3,business_coverage,43,4,False,False,True,110.835,110.8352725175708,0.688995,False
E3,business_coverage,43,5,True,False,True,110.835,,0.683502,False
E3,business_coverage,43,6,True,False,True,110.835,,0.776936,False
E3,business_coverage,43,7,True,False,True,110.835,,0.784423,False
E3,business_diversity,43,3,False,False,False,21.0725,21.072468122245468,0.712651,False
E3,business_diversity,43,4,True,False,True,21.0725,,0.62069,False
E3,business_diversity,43,5,True,False,True,21.0725,,0.744657,False
E3,business_diversity,43,6,True,False,True,21.0725,,0.772339,False
E3,business_diversity,43,7,True,False,True,21.0725,,0.767865,False
E3,business_facility,43,3,False,False,True,162.378,162.37770900702407,0.632813,False
E3,business_facility,43,4,False,False,True,162.378,162.37770900702407,0.828729,False
E3,business_facility,43,5,True,False,True,162.378,,0.789444,False
E3,business_facility,43,6,True,False,True,162.378,,0.754427,False
E3,business_facility,43,7,True,False,True,162.378,,0.77649,False
E3,business_coverage,44,3,False,False,False,2.2334,2.2334004025197753,0.688817,False
E3,business_coverage,44,4,False,False,False,2.2334,2.2334004025197753,0.7642,False
E3,business_coverage,44,5,False,False,True,2.2334,2.2334004025197753,0.813385,False
E3,business_coverage,44,6,True,False,True,2.2334,,0.736116,False
E3,business_coverage,44,7,True,False,True,2.2334,,0.685287,False
E3,business_diversity,44,3,False,False,False,5.10816,5.108163017941673,0.544534,False
E3,business_diversity,44,4,False,False,False,5.10816,5.108163017941673,0.519735,False
E3,business_diversity,44,5,False,False,False,5.10816,5.108163017941673,0.508013,False
E3,business_diversity,44,6,False,False,False,5.10816,5.108163017941673,0.54902,False
E3,business_diversity,44,7,False,False,True,5.10816,5.108163017941673,0.572477,False
E3,business_facility,44,3,False,False,False,2.00945,2.0094496944116074,0.597028,False
E3,business_facility,44,4,False,False,False,4.51403,4.514025723543314,0.558108,False
E3,business_facility,44,5,False,False,False,7.38827,7.388269796485475,0.525208,False
E3,business_facility,44,6,False,False,False,7.38827,7.388269796485475,0.507345,False
E3,business_facility,44,7,False,False,False,17.849,17.849021438902778,0.488567,False
E3,business_coverage,45,3,False,False,True,4.02069,4.020694277187628,0.829646,False
E3,business_coverage,45,4,False,False,True,4.02069,4.020694277187628,0.842364,False
E3,business_coverage,45,5,True,False,True,4.02069,,0.756757,False
E3,business_coverage,45,6,True,False,True,4.02069,,0.81188,False
E3,business_coverage,45,7,True,False,True,4.02069,,0.815287,False
E3,business_diversity,45,3,False,False,True,61.5255,61.52549751986938,0.485646,False
E3,business_diversity,45,4,False,False,True,61.5255,61.52549751986938,0.712159,False
E3,business_diversity,45,5,True,False,True,61.5255,,0.641975,False
E3,business_diversity,45,6,True,False,True,61.5255,,0.625768,False
E3,business_diversity,45,7,True,False,True,61.5255,,0.734584,False
E3,business_facility,45,3,False,False,False,22.1491,22.149055790084546,0.327747,False
E3,business_facility,45,4,False,False,False,22.1491,22.149055790084546,0.627641,False
E3,business_facility,45,5,False,False,True,22.1491,22.149055790084546,0.675241,False
E3,business_facility,45,6,True,False,True,22.1491,,0.679406,False
E3,business_facility,45,7,True,False,True,22.1491,,0.686803,False
E3,business_coverage,46,3,False,False,True,37.2967,37.296668417413635,0.816518,False
E3,business_coverage,46,4,True,False,True,37.2967,,0.680206,False
E3,business_coverage,46,5,True,False,True,37.2967,,0.604203,False
E3,business_coverage,46,6,True,False,True,37.2967,,0.520755,False
E3,business_coverage,46,7,True,False,True,37.2967,,0.597104,False
E3,business_diversity,46,3,False,False,False,6.56021,6.560212907173948,0.676078,False
E3,business_diversity,46,4,False,False,True,6.56021,6.560212907173948,0.667564,False
E3,business_diversity,46,5,False,False,True,6.56021,6.560212907173948,0.701942,False
E3,business_diversity,46,6,True,False,True,6.56021,,0.62931,False
E3,business_diversity,46,7,True,False,True,6.56021,,0.733022,False
E3,business_facility,46,3,False,False,True,1.93755,1.9375534638811815,0.954223,False
E3,business_facility,46,4,True,False,True,1.93755,,0.836235,False
E3,business_facility,46,5,True,False,True,1.93755,,0.732486,False
E3,business_facility,46,6,True,False,True,14.4333,,0.692308,False
E3,business_facility,46,7,True,False,True,14.4333,,0.751862,False
E3,business_coverage,47,3,False,False,True,33.0,32.9999999959152,0.777778,False
E3,business_coverage,47,4,True,False,True,33.0,,0.619381,False
E3,business_coverage,47,5,True,False,True,33.0,,0.711744,False
E3,business_coverage,47,6,True,False,True,33.0,,0.686217,False
E3,business_coverage,47,7,True,False,True,33.0,,0.676342,False
E3,business_diversity,47,3,False,False,True,2.13098,2.130977130882951,0.878374,False
E3,business_diversity,47,4,True,False,True,2.13098,,0.691114,False
E3,business_diversity,47,5,True,False,True,2.13098,,0.63035,False
E3,business_diversity,47,6,True,False,True,2.13098,,0.762591,False
E3,business_diversity,47,7,True,False,True,2.13098,,0.795842,False
E3,business_facility,47,3,True,False,True,1.0,,0.760748,False
E3,business_facility,47,4,True,False,True,1.0,,0.605111,True
E3,business_facility,47,5,True,False,True,1.0,,0.555133,True
E3,business_facility,47,6,True,False,True,1.0,,0.565467,True
E3,business_facility,47,7,True,False,True,1.0,,0.574823,True
E3,business_coverage,48,3,False,False,True,6.64287,6.642872623767817,0.666884,False
E3,business_coverage,48,4,False,False,True,6.64287,6.642872623767817,0.689161,False
E3,business_coverage,48,5,True,False,True,6.64287,,0.6,False
E3,business_coverage,48,6,True,False,True,6.64287,,0.661974,False
E3,business_coverage,48,7,True,False,True,6.64287,,0.744427,False
E3,business_diversity,48,3,True,False,True,7.67619,,0.458758,False
E3,business_diversity,48,4,True,False,True,7.67619,,0.603306,False
E3,business_diversity,48,5,True,False,True,7.67619,,0.733945,False
E3,business_diversity,48,6,True,False,True,7.67619,,0.729167,False
E3,business_diversity,48,7,True,False,True,7.67619,,0.694307,False
E3,business_facility,48,3,True,False,True,2.18022,,0.578065,False
E3,business_facility,48,4,True,False,True,8.07759,,0.527188,False
E3,business_facility,48,5,True,False,True,10.8587,,0.491379,False
E3,business_facility,48,6,True,False,True,10.8587,,0.516878,False
E3,business_facility,48,7,True,False,True,10.8587,,0.56498,False
E3,business_coverage,49,3,False,False,True,1.71677,1.7167671970410958,0.770494,False
E3,business_coverage,49,4,False,False,True,1.71677,1.7167671970410958,0.827622,False
E3,business_coverage,49,5,False,False,True,1.71677,1.7167671970410958,0.872115,False
E3,business_coverage,49,6,True,False,True,1.71677,,0.798349,False
E3,business_coverage,49,7,True,False,True,1.71677,,0.827014,False
E3,business_diversity,49,3,False,False,True,1.74445,1.744448876659325,0.770494,False
E3,business_diversity,49,4,False,False,True,4.66732,4.6673154281889255,0.686165,False
E3,business_diversity,49,5,False,False,True,13.9263,13.926332220378374,0.622581,False
E3,business_diversity,49,6,True,False,True,13.9263,,0.562648,False
E3,business_diversity,49,7,True,False,True,13.9263,,0.536717,False
E3,business_facility,49,3,False,False,False,5.12203,5.122033138858363,0.565735,False
E3,business_facility,49,4,False,False,True,5.27139,5.271393205481762,0.520999,False
E3,business_facility,49,5,False,False,True,9.33691,9.336909560451334,0.485179,False
E3,business_facility,49,6,False,False,True,9.33691,9.336909560451334,0.477563,False
E3,business_facility,49,7,False,False,True,9.33691,9.336909560451334,0.582401,False
E3,business_coverage,50,3,True,False,True,1.0,,0.789412,False
E3,business_coverage,50,4,True,False,True,1.0,,0.68129,True
E3,business_coverage,50,5,True,False,True,1.0,,0.623482,True
E3,business_coverage,50,6,True,False,True,1.0,,0.560886,True
E3,business_coverage,50,7,True,False,True,1.00748,,0.635028,True
E3,business_diversity,50,3,False,False,False,12.84,12.84001248515678,0.66,False
E3,business_diversity,50,4,False,False,True,12.84,12.84001248515678,0.70936,False
E3,business_diversity,50,5,False,False,True,12.84,12.84001248515678,0.774258,False
E3,business_diversity,50,6,False,False,True,12.84,12.84001248515678,0.821577,False
E3,business_diversity,50,7,True,False,True,12.84,,0.821237,False
E3,business_facility,50,3,False,True,True,1.78127,inf,0.66,False
E3,business_facility,50,4,True,True,True,1.78127,,0.56926,False
E3,business_facility,50,5,True,True,True,31.7426,,0.52999,False
E3,business_facility,50,6,True,True,True,31.7426,,0.504132,False
E3,business_facility,50,7,True,True,True,31.7426,,0.502548,False
E3,business_coverage,51,3,False,False,True,3.83734,3.8373374679424903,0.743223,False
E3,business_coverage,51,4,False,False,True,3.83734,3.8373374679424903,0.842365,False
E3,business_coverage,51,5,False,False,True,39.6667,39.666666670605395,0.765283,False
E3,business_coverage,51,6,True,False,True,39.6667,,0.675723,False
E3,business_coverage,51,7,True,False,True,39.6667,,0.630137,False
E3,business_diversity,51,3,False,False,False,18.2088,18.208782629953507,0.606795,False
E3,business_diversity,51,4,False,False,False,18.2088,18.208782629953507,0.742835,False
E3,business_diversity,51,5,False,False,True,18.2088,18.208782629953507,0.701178,False
E3,business_diversity,51,6,True,False,True,18.2088,,0.646942,False
E3,business_diversity,51,7,True,False,True,18.2088,,0.598425,False
E3,business_facility,51,3,False,False,False,1.48481,1.4848066297142124,0.884095,False
E3,business_facility,51,4,False,False,True,1.48481,1.4848066297142124,0.959311,False
E3,business_facility,51,5,False,False,True,147.579,147.57937882124475,0.869432,False
E3,business_facility,51,6,False,False,True,147.579,147.57937882124475,0.877016,False
E3,business_facility,51,7,True,False,True,147.579,,0.789272,False
E3,business_coverage,52,3,False,False,False,2.09387,2.093868820345181,0.816572,False
E3,business_coverage,52,4,False,False,False,2.09387,2.093868820345181,0.847619,False
E3,business_coverage,52,5,False,False,True,2.09387,2.093868820345181,0.898119,False
E3,business_coverage,52,6,False,False,True,2.09387,2.093868820345181,0.902668,False
E3,business_coverage,52,7,True,False,True,2.09387,,0.818571,False
E3,business_diversity,52,3,False,False,False,8.37858,8.378575873574317,0.602664,False
E3,business_diversity,52,4,False,False,False,8.37858,8.378575873574317,0.560064,False
E3,business_diversity,52,5,False,False,False,8.37858,8.378575873574317,0.624102,False
E3,business_diversity,52,6,False,False,False,8.37858,8.378575873574317,0.596077,False
E3,business_diversity,52,7,False,False,True,8.37858,8.378575873574317,0.580733,False
E3,business_facility,52,3,False,False,False,2.36912,2.3691185611445964,0.675723,False
E3,business_facility,52,4,False,False,False,2.36912,2.3691185611445964,0.753439,False
E3,business_facility,52,5,False,False,False,12.1376,12.137566141464374,0.679651,False
E3,business_facility,52,6,False,False,True,13.9038,13.903847536709952,0.634523,False
E3,business_facility,52,7,False,False,True,13.9038,13.903847536709952,0.664302,False
E3,business_coverage,53,3,True,False,True,1.0,,0.780385,False
E3,business_coverage,53,4,True,False,True,1.0,,0.690196,False
E3,business_coverage,53,5,True,False,True,1.0,,0.786847,False
E3,business_coverage,53,6,True,False,True,1.0,,0.773719,False
E3,business_coverage,53,7,True,False,True,1.0,,0.88685,False
E3,business_diversity,53,3,False,False,True,7.14438,7.144377546402956,0.76853,False
E3,business_diversity,53,4,True,False,True,7.14438,,0.687225,False
E3,business_diversity,53,5,True,False,True,7.14438,,0.68596,False
E3,business_diversity,53,6,True,False,True,7.14438,,0.83899,False
E3,business_diversity,53,7,True,False,True,7.14438,,1.0,False
E3,business_facility,53,3,True,False,True,7.15034,,0.619602,False
E3,business_facility,53,4,True,False,True,7.15034,,0.743119,False
E3,business_facility,53,5,True,False,True,7.15034,,0.884684,False
E3,business_facility,53,6,True,False,True,7.15034,,0.835208,False
E3,business_facility,53,7,True,False,True,7.15034,,0.849661,False
E3,business_coverage,54,3,False,False,True,1.72535,1.7253491324183305,0.776058,False
E3,business_coverage,54,4,False,False,True,1.72535,1.7253491324183305,0.805942,False
E3,business_coverage,54,5,False,False,True,1.72535,1.7253491324183305,0.819277,False
E3,business_coverage,54,6,True,False,True,1.72535,,0.778678,False
E3,business_coverage,54,7,True,False,True,1.72535,,0.784316,False
E3,business_diversity,54,3,True,False,True,2.90151,,0.567492,False
E3,business_diversity,54,4,True,False,True,3.73174,,0.541353,False
E3,business_diversity,54,5,True,False,True,3.73174,,0.50237,False
E3,business_diversity,54,6,True,False,True,3.73174,,0.492857,False
E3,business_diversity,54,7,True,False,True,3.73174,,0.595785,False
E3,business_facility,54,3,True,False,True,2.90151,,0.567492,False
E3,business_facility,54,4,True,False,True,2.90151,,0.617236,False
E3,business_facility,54,5,True,False,True,11.7184,,0.588235,False
E3,business_facility,54,6,True,False,True,11.7184,,0.711194,False
E3,business_facility,54,7,True,False,True,11.7184,,0.819876,False
E3,business_coverage,55,3,False,False,True,1.02545,1.0254524889011145,1.0,False
E3,business_coverage,55,4,True,False,True,1.02545,,0.814247,False
E3,business_coverage,55,5,True,False,True,1.02545,,0.751825,False
E3,business_coverage,55,6,True,False,True,1.02545,,0.688608,False
E3,business_coverage,55,7,True,False,True,1.02545,,0.742228,False
E3,business_diversity,55,3,False,False,True,10.2475,10.247508018096193,0.568032,False
E3,business_diversity,55,4,False,False,True,10.2475,10.247508018096193,0.642433,False
E3,business_diversity,55,5,False,False,True,61.2857,61.285714293860565,0.603995,False
E3,business_diversity,55,6,False,False,True,61.2857,61.285714293860565,0.700906,False
E3,business_diversity,55,7,False,False,True,61.2857,61.285714293860565,0.749637,False
E3,business_facility,55,3,False,False,False,7.70391,7.703908188771027,0.568032,False
E3,business_facility,55,4,False,False,True,7.70391,7.703908188771027,0.557292,False
E3,business_facility,55,5,False,False,True,7.70391,7.703908188771027,0.699536,False
E3,business_facility,55,6,True,False,True,7.70391,,0.634286,False
E3,business_facility,55,7,True,False,True,7.70391,,0.692866,False
E3,business_coverage,56,3,False,False,True,6.18293,6.182926829322524,0.65062,False
E3,business_coverage,56,4,False,False,True,6.18293,6.182926829322524,0.702504,False
E3,business_coverage,56,5,False,False,True,63.0072,63.007246392341315,0.634088,False
E3,business_coverage,56,6,True,False,True,63.0072,,0.5625,False
E3,business_coverage,56,7,True,False,True,63.0072,,0.545521,False
E3,business_diversity,56,3,True,False,True,47.0856,,0.525346,False
E3,business_diversity,56,4,True,False,True,47.0856,,0.650368,False
E3,business_diversity,56,5,True,False,True,47.0856,,0.590736,False
E3,business_diversity,56,6,True,False,True,47.0856,,0.52459,False
E3,business_diversity,56,7,True,False,True,47.0856,,0.533675,False
E3,business_facility,56,3,False,False,True,4.34337,4.343372789315984,0.663978,False
E3,business_facility,56,4,True,False,True,4.34337,,0.569557,False
E3,business_facility,56,5,True,False,True,7.93756,,0.529896,False
E3,business_facility,56,6,True,False,True,7.93756,,0.46087,False
E3,business_facility,56,7,True,False,True,26.7841,,0.476771,False
E3,business_coverage,57,3,False,False,False,1.8638,1.8637992824267222,0.799373,False
E3,business_coverage,57,4,False,False,False,1.8638,1.8637992824267222,0.819097,False
E3,business_coverage,57,5,False,False,True,1.8638,1.8637992824267222,0.839085,False
E3,business_coverage,57,6,False,False,True,1.8638,1.8637992824267222,0.869936,False
E3,business_coverage,57,7,False,False,True,1.8638,1.8637992824267222,0.866296,False
E3,business_diversity,57,3,False,False,False,5.34515,5.3451523532154095,0.558209,False
E3,business_diversity,57,4,False,False,False,5.34515,5.3451523532154095,0.527434,False
E3,business_diversity,57,5,False,False,False,5.34515,5.3451523532154095,0.627622,False
E3,business_diversity,57,6,False,False,False,5.34515,5.3451523532154095,0.610428,False
E3,business_diversity,57,7,False,False,True,5.34515,5.3451523532154095,0.649804,False
E3,business_facility,57,3,False,False,False,2.00674,2.006741933859,0.777474,False
E3,business_facility,57,4,False,False,False,2.07165,2.0716454338956396,0.75094,False
E3,business_facility,57,5,False,False,True,9.60783,9.607831835593625,0.679763,False
E3,business_facility,57,6,True,False,True,9.60783,,0.615637,False
E3,business_facility,57,7,True,False,True,9.60783,,0.573701,False
E3,business_coverage,58,3,False,False,True,1.0,1.0,1.0,False
E3,business_coverage,58,4,False,False,True,1.08559,1.085588420324734,0.989299,False
E3,business_coverage,58,5,False,False,True,1.08559,1.085588420324734,1.0,False
E3,business_coverage,58,6,True,False,True,1.08559,,0.947566,False
E3,business_coverage,58,7,True,False,True,1.08559,,0.942446,False
E3,business_diversity,58,3,False,False,True,6.51,6.509999999543429,0.738525,False
E3,business_diversity,58,4,False,False,True,6.51,6.509999999543429,0.813083,False
E3,business_diversity,58,5,False,False,True,6.51,6.509999999543429,0.880342,False
E3,business_diversity,58,6,True,False,True,6.51,,0.843989,False
E3,business_diversity,58,7,True,False,True,6.51,,0.812049,False
E3,business_facility,58,3,False,False,True,18.4656,18.46558266183081,0.534431,False
E3,business_facility,58,4,False,False,True,18.4656,18.46558266183081,0.475838,False
E3,business_facility,58,5,True,False,True,18.4656,,0.427807,False
E3,business_facility,58,6,True,False,True,18.4656,,0.447622,False
E3,business_facility,58,7,True,False,True,18.4656,,0.481545,False
E3,business_coverage,59,3,False,False,True,4.52782,4.5278185228647665,0.794124,False
E3,business_coverage,59,4,False,False,True,13.3071,13.307086613152165,0.702718,False
E3,business_coverage,59,5,False,False,True,13.3071,13.307086613152165,0.775161,False
E3,business_coverage,59,6,False,False,True,13.3071,13.307086613152165,0.8,False
E3,business_coverage,59,7,True,False,True,13.3071,,0.77664,False
E3,business_diversity,59,3,False,False,True,1037.89,1037.8947370899546,0.522088,False
E3,business_diversity,59,4,False,False,True,1037.89,1037.8947370899546,0.675414,False
E3,business_diversity,59,5,True,False,True,1037.89,,0.578286,False
E3,business_diversity,59,6,True,False,True,1037.89,,0.544118,False
E3,business_diversity,59,7,True,False,True,1037.89,,0.657966,False
E3,business_facility,59,3,False,False,True,5.21327,5.2132681881285645,0.574058,False
E3,business_facility,59,4,True,False,True,5.21327,,0.498142,False
E3,business_facility,59,5,True,False,True,35.4049,,0.455868,False
E3,business_facility,59,6,True,False,True,35.4049,,0.421875,False
E3,business_facility,59,7,True,False,True,35.4049,,0.40876,False
E3,business_coverage,60,3,True,False,True,2.97279,,0.469634,False
E3,business_coverage,60,4,True,False,True,2.97279,,0.597222,False
E3,business_coverage,60,5,True,False,True,2.97279,,0.570489,False
E3,business_coverage,60,6,True,False,True,2.97279,,0.738201,False
E3,business_coverage,60,7,True,False,True,2.97279,,0.749038,False
E3,business_diversity,60,3,False,False,True,2.97279,2.9727891166207967,0.724879,False
E3,business_diversity,60,4,True,False,True,2.97279,,0.646617,False
E3,business_diversity,60,5,True,False,True,2.97279,,0.788642,False
E3,business_diversity,60,6,True,False,True,2.97279,,0.925466,False
E3,business_diversity,60,7,True,False,True,2.97279,,0.931818,False
E3,business_facility,60,3,False,False,True,2.97279,2.9727891166207967,0.718764,False
E3,business_facility,60,4,True,False,True,2.97279,,0.597222,False
E3,business_facility,60,5,True,False,True,2.97279,,0.557523,False
E3,business_facility,60,6,True,False,True,2.97279,,0.579664,False
E3,business_facility,60,7,True,False,True,2.97279,,0.749038,False
E3,business_coverage,61,3,True,False,True,4.40689,,0.597762,False
E3,business_coverage,61,4,True,False,True,4.40689,,0.507576,False
E3,business_coverage,61,5,True,False,True,4.40689,,0.560345,False
E3,business_coverage,61,6,True,False,True,4.40689,,0.672208,False
E3,business_coverage,61,7,True,False,True,4.40689,,0.670883,False
E3,business_diversity,61,3,False,False,False,1075.87,1075.8716417663582,0.597762,False
E3,business_diversity,61,4,False,False,True,1075.87,1075.8716417663582,0.595238,False
E3,business_diversity,61,5,False,False,True,1075.87,1075.8716417663582,0.698929,False
E3,business_diversity,61,6,False,False,True,1075.87,1075.8716417663582,0.813725,False
E3,business_diversity,61,7,True,False,True,1075.87,,0.797619,False
E3,business_facility,61,3,True,False,True,2.26316,,0.597762,False
E3,business_facility,61,4,True,False,True,40.0,,0.55,False
E3,business_facility,61,5,True,False,True,40.0,,0.559684,False
E3,business_facility,61,6,True,False,True,40.0,,0.565185,False
E3,business_facility,61,7,True,False,True,40.0,,0.563317,False
E3,business_coverage,62,3,False,False,True,2.75121,2.7512065644372523,0.746188,False
E3,business_coverage,62,4,False,False,True,2.75121,2.7512065644372523,0.770424,False
E3,business_coverage,62,5,True,False,True,2.75121,,0.663447,False
E3,business_coverage,62,6,True,False,True,2.75121,,0.639149,False
E3,business_coverage,62,7,True,False,True,2.75121,,0.619329,False
E3,business_diversity,62,3,False,False,False,11.3544,11.354392206445473,0.373333,False
E3,business_diversity,62,4,False,False,False,11.3544,11.354392206445473,0.526754,False
E3,business_diversity,62,5,False,False,True,11.3544,11.354392206445473,0.598007,False
E3,business_diversity,62,6,False,False,True,11.3544,11.354392206445473,0.67854,False
E3,business_diversity,62,7,False,False,True,11.3544,11.354392206445473,0.767785,False
E3,business_facility,62,3,False,False,False,2.37559,2.3755918116497745,0.600943,False
E3,business_facility,62,4,False,False,True,9.59215,9.592150167997143,0.54444,False
E3,business_facility,62,5,True,False,True,9.59215,,0.505303,False
E3,business_facility,62,6,True,False,True,9.59215,,0.61971,False
E3,business_facility,62,7,True,False,True,9.59215,,0.610187,False
E3,business_coverage,63,3,False,False,False,4.66208,4.662080712540925,0.641711,False
E3,business_coverage,63,4,True,False,True,4.66208,,0.56052,False
E3,business_coverage,63,5,True,False,True,4.66208,,0.637228,False
E3,business_coverage,63,6,True,False,True,4.66208,,0.578125,False
E3,business_coverage,63,7,True,False,True,4.66208,,0.56646,False
E3,business_diversity,63,3,True,False,True,11.9707,,0.488166,False
E3,business_diversity,63,4,True,False,True,11.9707,,0.507319,False
E3,business_diversity,63,5,True,False,True,11.9707,,0.474971,False
E3,business_diversity,63,6,True,False,True,11.9707,,0.550847,False
E3,business_diversity,63,7,True,False,True,11.9707,,0.544777,False
E3,business_facility,63,3,False,False,True,34.9493,34.949258392977654,0.581081,False
E3,business_facility,63,4,True,False,True,34.9493,,0.512522,False
E3,business_facility,63,5,True,False,True,34.9493,,0.479626,False
E3,business_facility,63,6,True,False,True,34.9493,,0.453441,False
E3,business_facility,63,7,True,False,True,34.9493,,0.451948,False
E3,business_coverage,64,3,False,False,True,1.50572,1.505722408288193,0.927848,False
E3,business_coverage,64,4,True,False,True,1.50572,,0.831769,False
E3,business_coverage,64,5,True,False,True,1.50572,,0.886111,False
E3,business_coverage,64,6,True,False,True,1.50572,,0.804141,False
E3,business_coverage,64,7,True,False,True,1.50572,,0.797541,False
E3,business_diversity,64,3,False,False,False,29.7192,29.719246364013813,0.531593,False
E3,business_diversity,64,4,False,False,False,29.7192,29.719246364013813,0.745308,False
E3,business_diversity,64,5,True,False,True,29.7192,,0.67689,False
E3,business_diversity,64,6,True,False,True,29.7192,,0.652308,False
E3,business_diversity,64,7,True,False,True,29.7192,,0.714795,False
E3,business_facility,64,3,False,False,False,5.8885,5.888501649779446,0.827745,False
E3,business_facility,64,4,False,False,True,105.824,105.82424491509836,0.745308,False
E3,business_facility,64,5,False,False,True,105.824,105.82424491509836,0.701636,False
E3,business_facility,64,6,True,False,True,105.824,,0.661276,False
E3,business_facility,64,7,True,False,True,105.824,,0.670873,False
E3,business_coverage,65,3,False,False,False,4.64054,4.640538033783348,0.802847,False
E3,business_coverage,65,4,False,False,True,12.7887,12.788680308625546,0.710496,False
E3,business_coverage,65,5,False,False,True,12.7887,12.788680308625546,0.68207,False
E3,business_coverage,65,6,True,False,True,12.7887,,0.618267,False
E3,business_coverage,65,7,True,False,True,12.7887,,0.684783,False
E3,business_diversity,65,3,False,False,False,2.78523,2.785228377099116,0.61139,False
E3,business_diversity,65,4,False,False,True,2.78523,2.785228377099116,0.732714,False
E3,business_diversity,65,5,False,False,True,2.78523,2.785228377099116,0.796519,False
E3,business_diversity,65,6,False,False,True,18.6374,18.637388590831932,0.772362,False
E3,business_diversity,65,7,True,False,True,18.6374,,0.715361,False
E3,business_facility,65,3,False,False,False,5.01258,5.012583237473208,0.460205,False
E3,business_facility,65,4,False,False,False,5.01258,5.012583237473208,0.489698,False
E3,business_facility,65,5,False,False,True,5.01258,5.012583237473208,0.515682,False
E3,business_facility,65,6,False,False,True,5.01258,5.012583237473208,0.615743,False
E3,business_facility,65,7,True,False,True,5.01258,,0.595337,False
E3,business_coverage,66,3,True,False,True,13.6327,,0.48377,False
E3,business_coverage,66,4,True,False,True,13.6327,,0.619423,False
E3,business_coverage,66,5,True,False,True,13.6327,,0.558865,False
E3,business_coverage,66,6,True,False,True,13.6327,,0.508402,False
E3,business_coverage,66,7,True,False,True,13.6327,,0.575172,False
E3,business_diversity,66,3,True,False,True,1.61968,,0.682616,False
E3,business_diversity,66,4,True,False,True,1.61968,,0.588615,False
E3,business_diversity,66,5,True,False,True,1.61968,,0.526296,False
E3,business_diversity,66,6,True,False,True,1.61968,,0.601435,False
E3,business_diversity,66,7,True,False,True,17.2726,,0.617496,False
E3,business_facility,66,3,False,False,True,17.7391,17.739130438773913,0.703947,False
E3,business_facility,66,4,True,False,True,17.7391,,0.584802,False
E3,business_facility,66,5,True,False,True,17.7391,,0.537832,False
E3,business_facility,66,6,True,False,True,17.7391,,0.473356,False
E3,business_facility,66,7,True,False,True,17.7391,,0.56946,False
E3,business_coverage,67,3,False,False,False,2.36667,2.3666666668086664,0.608941,False
E3,business_coverage,67,4,False,False,True,2.36667,2.3666666668086664,0.7085,False
E3,business_coverage,67,5,False,False,True,2.36667,2.3666666668086664,0.748717,False
E3,business_coverage,67,6,True,False,True,2.36667,,0.633205,False
E3,business_coverage,67,7,True,False,True,2.36667,,0.622981,False
E3,business_diversity,67,3,True,False,True,1.17988,,0.676208,False
E3,business_diversity,67,4,True,False,True,12.6088,,0.595238,False
E3,business_diversity,67,5,True,False,True,12.6088,,0.561968,False
E3,business_diversity,67,6,True,False,True,12.6088,,0.623932,False
E3,business_diversity,67,7,True,False,True,12.6088,,0.689597,False
E3,business_facility,67,3,True,False,True,3.3481,,0.507692,False
E3,business_facility,67,4,True,False,True,4.93771,,0.478719,False
E3,business_facility,67,5,True,False,True,4.93771,,0.561968,False
E3,business_facility,67,6,True,False,True,4.93771,,0.626087,False
E3,business_facility,67,7,True,False,True,14.7791,,0.651091,False
E3,business_coverage,68,3,True,False,True,1.35553,,0.80038,False
E3,business_coverage,68,4,True,False,True,1.35553,,0.717499,False
E3,business_coverage,68,5,True,False,True,1.35553,,0.636507,False
E3,business_coverage,68,6,True,False,True,1.35553,,0.583893,False
E3,business_coverage,68,7,True,False,True,1.35553,,0.584429,False
E3,business_diversity,68,3,False,False,True,2.62082,2.6208178439328638,0.771631,False
E3,business_diversity,68,4,False,False,True,2.62082,2.6208178439328638,0.973704,False
E3,business_diversity,68,5,False,False,True,2.62082,2.6208178439328638,1.0,False
E3,business_diversity,68,6,True,False,True,2.62082,,0.953063,False
E3,business_diversity,68,7,True,False,True,2.62082,,0.853828,False
E3,business_facility,68,3,False,False,True,2.55719,2.5571884532204803,0.79791,False
E3,business_facility,68,4,True,False,True,2.55719,,0.701134,False
E3,business_facility,68,5,True,False,True,2.55719,,0.659602,False
E3,business_facility,68,6,True,False,True,2.55719,,0.609803,False
E3,business_facility,68,7,True,False,True,2.55719,,0.60758,False
E3,business_coverage,69,3,False,False,False,4.97513,4.975127834497375,0.786822,False
E3,business_coverage,69,4,False,False,False,4.97513,4.975127834497375,0.85576,False
E3,business_coverage,69,5,False,False,True,4.97513,4.975127834497375,0.794621,False
E3,business_coverage,69,6,False,False,True,4.97513,4.975127834497375,0.805376,False
E3,business_coverage,69,7,False,False,True,4.97513,4.975127834497375,0.829091,False
E3,business_diversity,69,3,False,False,False,2.05054,2.050538526191335,0.882653,False
E3,business_diversity,69,4,False,False,True,2.05054,2.050538526191335,0.910367,False
E3,business_diversity,69,5,False,False,True,3.63974,3.639739134725341,0.835476,False
E3,business_diversity,69,6,False,False,True,3.63974,3.639739134725341,0.864646,False
E3,business_diversity,69,7,False,False,True,3.63974,3.639739134725341,0.863119,False
E3,business_facility,69,3,False,False,False,2.05054,2.050538526191335,0.882653,False
E3,business_facility,69,4,False,False,True,7.40019,7.400194978812375,0.761456,False
E3,business_facility,69,5,False,False,True,7.40019,7.400194978812375,0.81164,False
E3,business_facility,69,6,True,False,True,7.40019,,0.719278,False
E3,business_facility,69,7,True,False,True,7.40019,,0.752,False
E3,business_coverage,70,3,False,False,True,156.625,156.62499993776254,0.762606,False
E3,business_coverage,70,4,False,False,True,156.625,156.62499993776254,0.808889,False
E3,business_coverage,70,5,True,False,True,156.625,,0.761808,False
E3,business_coverage,70,6,True,False,True,156.625,,0.747046,False
E3,business_coverage,70,7,True,False,True,156.625,,0.778802,False
E3,business_diversity,70,3,False,False,True,4.88613,4.886128364017539,0.591329,False
E3,business_diversity,70,4,False,False,True,4.88613,4.886128364017539,0.587678,False
E3,business_diversity,70,5,False,False,True,4.88613,4.886128364017539,0.709969,False
E3,business_diversity,70,6,True,False,True,4.88613,,0.733785,False
E3,business_diversity,70,7,True,False,True,4.88613,,0.866667,False
E3,business_facility,70,3,False,False,True,4.88613,4.886128364017539,0.791983,False
E3,business_facility,70,4,False,False,True,4.88613,4.886128364017539,0.852941,False
E3,business_facility,70,5,False,False,True,4.88613,4.886128364017539,0.930556,False
E3,business_facility,70,6,True,False,True,4.88613,,0.934498,False
E3,business_facility,70,7,True,False,True,4.88613,,0.936,False
E3,business_coverage,71,3,True,False,True,1.0,,0.725686,False
E3,business_coverage,71,4,True,False,True,1.0,,0.62069,True
E3,business_coverage,71,5,True,False,True,1.0,,0.590201,True
E3,business_coverage,71,6,True,False,True,1.0,,0.61684,True
E3,business_coverage,71,7,True,False,True,1.0,,0.738221,False
E3,business_diversity,71,3,False,False,True,5.54416,5.544159545313867,0.704696,False
E3,business_diversity,71,4,True,False,True,5.54416,,0.6,False
E3,business_diversity,71,5,True,False,True,5.54416,,0.610079,False
E3,business_diversity,71,6,True,False,True,5.54416,,0.579224,False
E3,business_diversity,71,7,True,False,True,5.54416,,0.755102,False
E3,business_facility,71,3,False,False,True,11.8039,11.803921569634255,0.720751,False
E3,business_facility,71,4,True,False,True,11.8039,,0.631579,False
E3,business_facility,71,5,True,False,True,11.8039,,0.563317,False
E3,business_facility,71,6,True,False,True,11.8039,,0.716019,False
E3,business_facility,71,7,True,False,True,11.8039,,0.710809,False
E3,business_coverage,72,3,False,False,True,6.52088,6.52087911947726,0.768815,False
E3,business_coverage,72,4,True,False,True,6.52088,,0.662217,False
E3,business_coverage,72,5,True,False,True,6.52088,,0.744849,False
E3,business_coverage,72,6,True,False,True,6.52088,,0.678832,False
E3,business_coverage,72,7,True,False,True,6.52088,,0.658783,False
E3,business_diversity,72,3,False,False,True,12.7535,12.753539998294148,0.739601,False
E3,business_diversity,72,4,False,False,True,12.7535,12.753539998294148,0.778221,False
E3,business_diversity,72,5,True,False,True,12.7535,,0.654891,False
E3,business_diversity,72,6,True,False,True,12.7535,,0.591093,False
E3,business_diversity,72,7,True,False,True,12.7535,,0.712067,False
E3,business_facility,72,3,False,False,True,8.99444,8.994443588410041,0.5566,False
E3,business_facility,72,4,False,False,True,16.9393,16.93925233222259,0.499456,False
E3,business_facility,72,5,False,False,True,22.9016,22.901565295289128,0.463917,False
E3,business_facility,72,6,True,False,True,22.9016,,0.417021,False
E3,business_facility,72,7,True,False,True,22.9016,,0.50969,False
E3,business_coverage,73,3,False,False,True,21.8699,21.869905085969357,0.645622,False
E3,business_coverage,73,4,False,False,True,21.8699,21.869905085969357,0.687844,False
E3,business_coverage,73,5,True,False,True,21.8699,,0.58871,False
E3,business_coverage,73,6,True,False,True,21.8699,,0.671358,False
E3,business_coverage,73,7,True,False,True,21.8699,,0.681901,False
E3,business_diversity,73,3,False,False,False,38.8869,38.88690476532586,0.459353,False
E3,business_diversity,73,4,False,False,False,38.8869,38.88690476532586,0.442815,False
E3,business_diversity,73,5,False,False,True,38.8869,38.88690476532586,0.517766,False
E3,business_diversity,73,6,True,False,True,38.8869,,0.488449,False
E3,business_diversity,73,7,True,False,True,38.8869,,0.58696,False
E3,business_facility,73,3,False,False,False,256.336,256.33566426479376,0.456446,False
E3,business_facility,73,4,False,False,False,256.336,256.33566426479376,0.695614,False
E3,business_facility,73,5,True,False,True,256.336,,0.588785,False
E3,business_facility,73,6,True,False,True,256.336,,0.596605,False
E3,business_facility,73,7,True,False,True,256.336,,0.609451,False
E3,business_coverage,74,3,True,False,True,1.0,,0.787128,False
E3,business_coverage,74,4,True,False,True,1.0,,0.652465,True
E3,business_coverage,74,5,True,False,True,1.0,,0.603448,True
E3,business_coverage,74,6,True,False,True,1.0,,0.712161,False
E3,business_coverage,74,7,True,False,True,1.0,,0.700764,False
E3,business_diversity,74,3,False,False,False,14.3671,14.36712576787667,0.377965,False
E3,business_diversity,74,4,False,False,False,14.3671,14.36712576787667,0.51683,False
E3,business_diversity,74,5,False,False,True,14.3671,14.36712576787667,0.638095,False
E3,business_diversity,74,6,True,False,True,14.3671,,0.64178,False
E3,business_diversity,74,7,True,False,True,14.3671,,0.763527,False
E3,business_facility,74,3,False,False,False,8.68992,8.689923391161804,0.426403,False
E3,business_facility,74,4,True,False,True,8.68992,,0.370507,False
E3,business_facility,74,5,True,False,True,10.3288,,0.360976,False
E3,business_facility,74,6,True,False,True,10.3288,,0.399421,False
E3,business_facility,74,7,True,False,True,10.3288,,0.438953,False
E3,business_coverage,75,3,False,False,True,23.8661,23.86607142483592,0.722158,False
E3,business_coverage,75,4,True,False,True,23.8661,,0.614525,False
E3,business_coverage,75,5,True,False,True,23.8661,,0.625926,False
E3,business_coverage,75,6,True,False,True,23.8661,,0.63129,False
E3,business_coverage,75,7,True,False,True,23.8661,,0.700394,False
E3,business_diversity,75,3,False,False,True,5.16999,5.169992766303663,0.742209,False
E3,business_diversity,75,4,True,False,True,5.16999,,0.648649,False
E3,business_diversity,75,5,True,False,True,5.16999,,0.836994,False
E3,business_diversity,75,6,True,False,True,5.16999,,0.942708,False
E3,business_diversity,75,7,True,False,True,5.16999,,0.939535,False
E3,business_facility,75,3,True,False,True,1.58036,,0.679679,False
E3,business_facility,75,4,True,False,True,1.58036,,0.601307,False
E3,business_facility,75,5,True,False,True,1.58036,,0.587555,False
E3,business_facility,75,6,True,False,True,1.58036,,0.553111,False
E3,business_facility,75,7,True,False,True,1.58036,,0.592703,False
E3,business_coverage,76,3,True,False,True,1.0,,0.808108,False
E3,business_coverage,76,4,True,False,True,1.15328,,0.839609,False
E3,business_coverage,76,5,True,False,True,1.15328,,0.875136,False
E3,business_coverage,76,6,True,False,True,1.15328,,0.88172,False
E3,business_coverage,76,7,True,False,True,1.15328,,0.836037,False
E3,business_diversity,76,3,False,False,True,11.7499,11.749870799085247,0.730049,False
E3,business_diversity,76,4,False,False,True,11.7499,11.749870799085247,0.681887,False
E3,business_diversity,76,5,True,False,True,11.7499,,0.595732,False
E3,business_diversity,76,6,True,False,True,11.7499,,0.67658,False
E3,business_diversity,76,7,True,False,True,11.7499,,0.723776,False
E3,business_facility,76,3,False,False,True,11.7499,11.749870799085247,0.730049,False
E3,business_facility,76,4,False,False,True,11.7499,11.749870799085247,0.825959,False
E3,business_facility,76,5,False,False,True,11.7499,11.749870799085247,0.9027,False
E3,business_facility,76,6,True,False,True,11.7499,,0.782609,False
E3,business_facility,76,7,True,False,True,11.7499,,0.744118,False
E3,business_coverage,77,3,False,False,False,1.70824,1.708235293735806,0.687516,False
E3,business_coverage,77,4,False,False,False,1.70824,1.708235293735806,0.741222,False
E3,business_coverage,77,5,False,False,True,1.70824,1.708235293735806,0.78038,False
E3,business_coverage,77,6,True,False,True,1.70824,,0.708211,False
E3,business_coverage,77,7,True,False,True,5.50337,,0.675963,False
E3,business_diversity,77,3,False,False,False,2.71629,2.7162874500944354,0.807212,False
E3,business_diversity,77,4,False,False,False,7.8558,7.855798193811111,0.692848,False
E3,business_diversity,77,5,False,False,False,7.8558,7.855798193811111,0.65446,False
E3,business_diversity,77,6,False,False,True,7.8558,7.855798193811111,0.613188,False
E3,business_diversity,77,7,False,False,True,7.8558,7.855798193811111,0.646506,False
E3,business_facility,77,3,False,False,False,2.71629,2.7162874500944354,0.727239,False
E3,business_facility,77,4,False,False,False,2.71629,2.7162874500944354,0.794634,False
E3,business_facility,77,5,False,False,False,6.97549,6.975486662555906,0.719118,False
E3,business_facility,77,6,False,False,True,698.255,698.2547686091035,0.655216,False
E3,business_facility,77,7,True,False,True,698.255,,0.605888,False
E3,business_coverage,78,3,False,False,True,1.61905,1.619047619109297,0.838394,False
E3,business_coverage,78,4,True,False,True,1.61905,,0.692763,False
E3,business_coverage,78,5,True,False,True,1.61905,,0.625,False
E3,business_coverage,78,6,True,False,True,1.61905,,0.594406,False
E3,business_coverage,78,7,True,False,True,1.61905,,0.602238,False
E3,business_diversity,78,3,True,False,True,6.53495,,0.397986,False
E3,business_diversity,78,4,True,False,True,6.53495,,0.533084,False
E3,business_diversity,78,5,True,False,True,6.53495,,0.581281,False
E3,business_diversity,78,6,True,False,True,6.53495,,0.724705,False
E3,business_diversity,78,7,True,False,True,6.53495,,0.70818,False
E3,business_facility,78,3,True,False,True,6.53495,,0.397986,False
E3,business_facility,78,4,True,False,True,6.53495,,0.34042,False
E3,business_facility,78,5,True,False,True,6.53495,,0.36715,False
E3,business_facility,78,6,True,False,True,6.53495,,0.496753,False
E3,business_facility,78,7,True,False,True,6.53495,,0.5191,False
E3,business_coverage,79,3,True,False,True,1.04617,,0.777778,False
E3,business_coverage,79,4,True,False,True,1.04617,,0.679066,False
E3,business_coverage,79,5,True,False,True,17.881,,0.646809,False
E3,business_coverage,79,6,True,False,True,17.881,,0.612595,False
E3,business_coverage,79,7,True,False,True,17.881,,0.721495,False
E3,business_diversity,79,3,False,False,True,15.2353,15.235303391012538,0.794872,False
E3,business_diversity,79,4,False,False,True,15.2353,15.235303391012538,0.827957,False
E3,business_diversity,79,5,True,False,True,15.2353,,0.751174,False
E3,business_diversity,79,6,True,False,True,15.2353,,0.705986,False
E3,business_diversity,79,7,True,False,True,15.2353,,0.705627,False
E3,business_facility,79,3,False,False,True,24.468,24.468013465880546,0.583333,False
E3,business_facility,79,4,True,False,True,24.468,,0.49688,False
E3,business_facility,79,5,True,False,True,81.7099,,0.472527,False
E3,business_facility,79,6,True,False,True,81.7099,,0.482425,False
E3,business_facility,79,7,True,False,True,81.7099,,0.731234,False
E3,business_coverage,80,3,False,False,True,2.19742,2.1974219345590233,0.696539,False
E3,business_coverage,80,4,False,False,True,2.19742,2.1974219345590233,0.753352,False
E3,business_coverage,80,5,True,False,True,2.19742,,0.659898,False
E3,business_coverage,80,6,True,False,True,201.797,,0.677848,False
E3,business_coverage,80,7,True,False,True,201.797,,0.662668,False
E3,business_diversity,80,3,False,False,True,1.29454,1.2945408380188184,0.940713,False
E3,business_diversity,80,4,False,False,True,1.55788,1.557881773538909,0.935909,False
E3,business_diversity,80,5,False,False,True,1.55788,1.557881773538909,1.0,False
E3,business_diversity,80,6,True,False,True,1.55788,,0.893519,False
E3,business_diversity,80,7,True,False,True,1.55788,,0.914027,False
E3,business_facility,80,3,False,False,True,40.9995,40.99946582109701,0.737089,False
E3,business_facility,80,4,False,False,True,40.9995,40.99946582109701,0.6525,False
E3,business_facility,80,5,True,False,True,40.9995,,0.595745,False
E3,business_facility,80,6,True,False,True,40.9995,,0.595426,False
E3,business_facility,80,7,True,False,True,40.9995,,0.662756,False
E3,business_coverage,81,3,False,False,True,2.01115,2.0111502349585657,0.814848,False
E3,business_coverage,81,4,True,False,True,2.01115,,0.617713,False
E3,business_coverage,81,5,True,False,True,2.01115,,0.668724,False
E3,business_coverage,81,6,True,False,True,2.01115,,0.714829,False
E3,business_coverage,81,7,True,False,True,2.01115,,0.705521,False
E3,business_diversity,81,3,True,False,True,2.71861,,0.514687,False
E3,business_diversity,81,4,True,False,True,2.71861,,0.513952,False
E3,business_diversity,81,5,True,False,True,3.77444,,0.496329,False
E3,business_diversity,81,6,True,False,True,3.77444,,0.452675,False
E3,business_diversity,81,7,True,False,True,7.27772,,0.478697,False
E3,business_facility,81,3,False,False,True,8.80414,8.804138038040488,0.564815,False
E3,business_facility,81,4,False,False,True,8.80414,8.804138038040488,0.690476,False
E3,business_facility,81,5,True,False,True,8.80414,,0.551887,False
E3,business_facility,81,6,True,False,True,8.80414,,0.646809,False
E3,business_facility,81,7,True,False,True,8.80414,,0.745607,False
E3,business_coverage,82,3,False,False,True,16.4203,16.42028985649456,0.783082,False
E3,business_coverage,82,4,True,False,True,16.4203,,0.646552,False
E3,business_coverage,82,5,True,False,True,16.4203,,0.622757,False
E3,business_coverage,82,6,True,False,True,16.4203,,0.721117,False
E3,business_coverage,82,7,True,False,True,16.4203,,0.735722,False
E3,business_diversity,82,3,True,False,True,14.9759,,0.512774,False
E3,business_diversity,82,4,True,False,True,14.9759,,0.445498,False
E3,business_diversity,82,5,True,False,True,14.9759,,0.638071,False
E3,business_diversity,82,6,True,False,True,14.9759,,0.737569,False
E3,business_diversity,82,7,True,False,True,14.9759,,0.823944,False
E3,business_facility,82,3,True,False,True,16.4203,,0.512774,False
E3,business_facility,82,4,True,False,True,44.9486,,0.465608,False
E3,business_facility,82,5,True,False,True,44.9486,,0.464618,False
E3,business_facility,82,6,True,False,True,44.9486,,0.457501,False
E3,business_facility,82,7,True,False,True,44.9486,,0.463642,False
E3,business_coverage,83,3,False,False,False,1.73903,1.7390267175842227,0.816757,False
E3,business_coverage,83,4,False,False,True,2.79292,2.792917001627648,0.73531,False
E3,business_coverage,83,5,False,False,True,3.06257,3.062569989301979,0.683925,False
E3,business_coverage,83,6,False,False,True,3.06257,3.062569989301979,0.727858,False
E3,business_coverage,83,7,True,False,True,3.06257,,0.652735,False
E3,business_diversity,83,3,False,False,False,6.86463,6.864630202249926,0.525,False
E3,business_diversity,83,4,False,False,False,6.86463,6.864630202249926,0.627461,False
E3,business_diversity,83,5,True,False,True,6.86463,,0.539943,False
E3,business_diversity,83,6,True,False,True,6.86463,,0.615505,False
E3,business_diversity,83,7,True,False,True,6.86463,,0.662921,False
E3,business_facility,83,3,False,False,False,2.27702,2.2770186339106275,0.845553,False
E3,business_facility,83,4,False,False,True,3.90265,3.9026548674361066,0.74238,False
E3,business_facility,83,5,False,False,True,10.9694,10.969364881543024,0.654642,False
E3,business_facility,83,6,True,False,True,10.9694,,0.571549,False
E3,business_facility,83,7,True,False,True,10.9694,,0.600257,False
E3,business_coverage,84,3,False,False,True,2.19816,2.198162729796544,0.79235,False
E3,business_coverage,84,4,False,False,True,20.9954,20.995403112056074,0.699535,False
E3,business_coverage,84,5,True,False,True,20.9954,,0.62963,False
E3,business_coverage,84,6,True,False,True,20.9954,,0.692191,False
E3,business_coverage,84,7,True,False,True,20.9954,,0.681569,False
E3,business_diversity,84,3,False,False,False,4.36806,4.368055555338137,0.59375,False
E3,business_diversity,84,4,False,False,True,4.36806,4.368055555338137,0.663183,False
E3,business_diversity,84,5,True,False,True,4.36806,,0.533333,False
E3,business_diversity,84,6,True,False,True,4.36806,,0.512458,False
E3,business_diversity,84,7,True,False,True,4.36806,,0.645361,False
E3,business_facility,84,3,False,False,True,9.97952,9.979517523080075,0.6,False
E3,business_facility,84,4,False,False,True,13.9015,13.901477837968574,0.539927,False
E3,business_facility,84,5,False,False,True,29.2461,29.2460732881773,0.5,False
E3,business_facility,84,6,False,False,True,29.2461,29.2460732881773,0.676032,False
E3,business_facility,84,7,False,False,True,29.2461,29.2460732881773,0.813725,False
E3,business_coverage,85,3,True,False,True,1.0,,0.786065,False
E3,business_coverage,85,4,True,False,True,1.0,,0.669528,True
E3,business_coverage,85,5,True,False,True,1.0,,0.653229,True
E3,business_coverage,85,6,True,False,True,1.0,,0.658526,True
E3,business_coverage,85,7,True,False,True,1.0,,0.690157,False
E3,business_diversity,85,3,True,False,True,3.6728,,0.634459,False
E3,business_diversity,85,4,True,False,True,3.6728,,0.74,False
E3,business_diversity,85,5,True,False,True,3.6728,,0.827323,False
E3,business_diversity,85,6,True,False,True,3.6728,,0.814262,False
E3,business_diversity,85,7,True,False,True,3.6728,,0.838721,False
E3,business_facility,85,3,True,False,True,1.76951,,0.720179,False
E3,business_facility,85,4,True,False,True,1.76951,,0.602041,False
E3,business_facility,85,5,True,False,True,1.76951,,0.610085,False
E3,business_facility,85,6,True,False,True,1.76951,,0.64212,False
E3,business_facility,85,7,True,False,True,1.76951,,0.67975,False
E3,business_coverage,86,3,False,False,True,11.7135,11.713520751924202,0.848571,False
E3,business_coverage,86,4,True,False,True,11.7135,,0.735751,False
E3,business_coverage,86,5,True,False,True,11.7135,,0.693015,False
E3,business_coverage,86,6,True,False,True,11.7135,,0.717391,False
E3,business_coverage,86,7,True,False,True,11.7135,,0.722623,False
E3,business_diversity,86,3,False,False,False,4.78693,4.786927727522795,0.824128,False
E3,business_diversity,86,4,True,False,True,4.78693,,0.714286,False
E3,business_diversity,86,5,True,False,True,4.78693,,0.793733,False
E3,business_diversity,86,6,True,False,True,4.78693,,0.889362,False
E3,business_diversity,86,7,True,False,True,4.78693,,0.897233,False
E3,business_facility,86,3,False,False,True,1.0,1.0,1.0,False
E3,business_facility,86,4,True,False,True,1.0,,0.885057,False
E3,business_facility,86,5,True,False,True,1.0,,1.0,False
E3,business_facility,86,6,True,False,True,1.0,,1.0,False
E3,business_facility,86,7,True,False,True,1.0,,1.0,False
E3,business_coverage,87,3,False,False,True,5.53333,5.5333333332041335,0.59233,False
E3,business_coverage,87,4,False,False,True,5.53333,5.5333333332041335,0.679486,False
E3,business_coverage,87,5,True,False,True,5.53333,,0.581945,False
E3,business_coverage,87,6,True,False,True,5.53333,,0.667635,False
E3,business_coverage,87,7,True,False,True,25.2942,,0.641011,False
E3,business_diversity,87,3,False,False,True,1.58742,1.5874166257982085,0.846631,False
E3,business_diversity,87,4,False,False,True,58.5422,58.54220170579137,0.731295,False
E3,business_diversity,87,5,False,False,True,58.5422,58.54220170579137,0.798946,False
E3,business_diversity,87,6,False,False,True,58.5422,58.54220170579137,0.80326,False
E3,business_diversity,87,7,False,False,True,58.5422,58.54220170579137,0.880661,False
E3,business_facility,87,3,False,False,True,26.7799,26.779922783895884,0.676408,False
E3,business_facility,87,4,True,False,True,26.7799,,0.562443,False
E3,business_facility,87,5,True,False,True,26.7799,,0.595273,False
E3,business_facility,87,6,True,False,True,26.7799,,0.578729,False
E3,business_facility,87,7,True,False,True,26.7799,,0.529902,False
E3,business_coverage,88,3,False,False,True,7.62879,7.628787879943756,0.373961,False
E3,business_coverage,88,4,False,False,True,7.62879,7.628787879943756,0.503171,False
E3,business_coverage,88,5,False,False,True,7.62879,7.628787879943756,0.589474,False
E3,business_coverage,88,6,True,False,True,7.62879,,0.58399,False
E3,business_coverage,88,7,True,False,True,7.62879,,0.570197,False
E3,business_diversity,88,3,False,False,False,16.8651,16.865095625111646,0.55622,False
E3,business_diversity,88,4,False,False,True,16.8651,16.865095625111646,0.639306,False
E3,business_diversity,88,5,True,False,True,16.8651,,0.556213,False
E3,business_diversity,88,6,True,False,True,16.8651,,0.540341,False
E3,business_diversity,88,7,True,False,True,16.8651,,0.522936,False
E3,business_facility,88,3,False,False,True,2.13665,2.136645963109354,0.679315,False
E3,business_facility,88,4,False,False,True,16.1081,16.108108109848562,0.612089,False
E3,business_facility,88,5,True,False,True,16.1081,,0.566265,False
E3,business_facility,88,6,True,False,True,16.1081,,0.551209,False
E3,business_facility,88,7,True,False,True,16.1081,,0.674556,False
E3,business_coverage,89,3,False,False,True,1.49515,1.4951545915362756,0.829705,False
E3,business_coverage,89,4,False,False,True,1.49515,1.4951545915362756,0.843646,False
E3,business_coverage,89,5,False,False,True,1.49515,1.4951545915362756,0.878727,False
E3,business_coverage,89,6,True,False,True,1.49515,,0.788575,False
E3,business_coverage,89,7,True,False,True,1.49515,,0.719415,False
E3,business_diversity,89,3,False,False,True,9.30014,9.300138950197619,0.409699,False
E3,business_diversity,89,4,True,False,True,9.30014,,0.342025,False
E3,business_diversity,89,5,True,False,True,9.30014,,0.434009,False
E3,business_diversity,89,6,True,False,True,9.30014,,0.530843,False
E3,business_diversity,89,7,True,False,True,9.30014,,0.617172,False
E3,business_facility,89,3,False,False,False,5.46923,5.469229635068915,0.479353,False
E3,business_facility,89,4,False,False,True,9.45899,9.458989072542309,0.429294,False
E3,business_facility,89,5,True,False,True,9.45899,,0.376217,False
E3,business_facility,89,6,True,False,True,9.45899,,0.368241,False
E3,business_facility,89,7,True,False,True,9.45899,,0.439629,False
E3,business_coverage,90,3,False,False,False,1.6934,1.6934046347515745,0.870293,False
E3,business_coverage,90,4,False,False,True,14.1385,14.138502943128815,0.735991,False
E3,business_coverage,90,5,False,False,True,67.8396,67.83959042912937,0.653605,False
E3,business_coverage,90,6,True,False,True,67.8396,,0.567438,False
E3,business_coverage,90,7,True,False,True,67.8396,,0.596546,False
E3,business_diversity,90,3,False,False,False,6.32396,6.323964496606202,0.482057,False
E3,business_diversity,90,4,False,False,False,10.1037,10.103698479710001,0.423866,False
E3,business_diversity,90,5,False,False,False,10.1037,10.103698479710001,0.469529,False
E3,business_diversity,90,6,False,False,False,10.1037,10.103698479710001,0.566609,False
E3,business_diversity,90,7,False,False,True,10.1037,10.103698479710001,0.641596,False
E3,business_facility,90,3,False,False,False,69.5043,69.50431035663946,0.710465,False
E3,business_facility,90,4,False,False,False,69.5043,69.50431035663946,0.60117,False
E3,business_facility,90,5,False,False,False,69.5043,69.50431035663946,0.55082,False
E3,business_facility,90,6,False,False,False,69.5043,69.50431035663946,0.579957,False
E3,business_facility,90,7,False,False,False,69.5043,69.50431035663946,0.592242,False
E3,business_coverage,91,3,True,False,True,1.0,,0.773302,False
E3,business_coverage,91,4,True,False,True,1.0,,0.655854,True
E3,business_coverage,91,5,True,False,True,1.06321,,0.707658,False
E3,business_coverage,91,6,True,False,True,1.06321,,0.635691,True
E3,business_coverage,91,7,True,False,True,1.06321,,0.690265,False
E3,business_diversity,91,3,False,False,False,25.2552,25.255213500700023,0.440951,False
E3,business_diversity,91,4,False,False,False,25.2552,25.255213500700023,0.634474,False
E3,business_diversity,91,5,False,False,True,25.2552,25.255213500700023,0.585842,False
E3,business_diversity,91,6,False,False,True,25.2552,25.255213500700023,0.678356,False
E3,business_diversity,91,7,False,False,True,25.2552,25.255213500700023,0.664122,False
E3,business_facility,91,3,False,False,False,12.9448,12.944770854944387,0.579206,False
E3,business_facility,91,4,False,False,False,12.9448,12.944770854944387,0.525808,False
E3,business_facility,91,5,False,False,True,40.1118,40.111773476854,0.478286,False
E3,business_facility,91,6,False,False,True,40.1118,40.111773476854,0.458024,False
E3,business_facility,91,7,False,False,True,40.1118,40.111773476854,0.446097,False
E3,business_coverage,92,3,False,False,True,5.43823,5.438225080883141,0.737683,False
E3,business_coverage,92,4,True,False,True,5.43823,,0.634839,False
E3,business_coverage,92,5,True,False,True,5.43823,,0.65406,False
E3,business_coverage,92,6,True,False,True,5.43823,,0.597596,False
E3,business_coverage,92,7,True,False,True,5.43823,,0.638723,False
E3,business_diversity,92,3,False,False,False,3.24293,3.2429319375610732,0.581681,False
E3,business_diversity,92,4,False,False,False,25.5,25.499999995725,0.529032,False
E3,business_diversity,92,5,False,False,False,25.5,25.499999995725,0.651462,False
E3,business_diversity,92,6,False,False,True,25.5,25.499999995725,0.842134,False
E3,business_diversity,92,7,True,False,True,25.5,,0.764066,False
E3,business_facility,92,3,False,False,False,3.24293,3.2429319375610732,0.581681,False
E3,business_facility,92,4,False,False,False,3.24293,3.2429319375610732,0.670968,False
E3,business_facility,92,5,False,False,True,14.9451,14.945134243877998,0.628482,False
E3,business_facility,92,6,False,False,True,34.0361,34.03611341471448,0.591024,False
E3,business_facility,92,7,True,False,True,34.0361,,0.560956,False
E3,business_coverage,93,3,False,False,True,6.58005,6.580052583648582,0.63842,False
E3,business_coverage,93,4,True,False,True,6.58005,,0.537837,False
E3,business_coverage,93,5,True,False,True,6.58005,,0.611548,False
E3,business_coverage,93,6,True,False,True,6.58005,,0.586391,False
E3,business_coverage,93,7,True,False,True,6.58005,,0.584696,False
E3,business_diversity,93,3,False,False,True,7.6773,7.677303697890594,0.733079,False
E3,business_diversity,93,4,False,False,True,7.6773,7.677303697890594,0.829257,False
E3,business_diversity,93,5,True,False,True,7.6773,,0.756878,False
E3,business_diversity,93,6,True,False,True,7.6773,,0.83292,False
E3,business_diversity,93,7,True,False,True,7.6773,,0.893714,False
E3,business_facility,93,3,True,False,True,1.14074,,0.757612,False
E3,business_facility,93,4,True,False,True,10.8109,,0.697533,False
E3,business_facility,93,5,True,False,True,10.8109,,0.649362,False
E3,business_facility,93,6,True,False,True,16.9461,,0.646187,False
E3,business_facility,93,7,True,False,True,16.9461,,0.640639,False
E3,business_coverage,94,3,True,False,True,4.04472,,0.604445,False
E3,business_coverage,94,4,True,False,True,4.04472,,0.676617,False
E3,business_coverage,94,5,True,False,True,4.04472,,0.795155,False
E3,business_coverage,94,6,True,False,True,4.04472,,0.800942,False
E3,business_coverage,94,7,True,False,True,4.04472,,0.807216,False
E3,business_diversity,94,3,False,False,False,27.7093,27.70932521924175,0.778353,False
E3,business_diversity,94,4,False,False,True,27.7093,27.70932521924175,0.829545,False
E3,business_diversity,94,5,False,False,True,27.7093,27.70932521924175,1.0,False
E3,business_diversity,94,6,True,False,True,27.7093,,0.955947,False
E3,business_diversity,94,7,True,False,True,27.7093,,0.959016,False
E3,business_facility,94,3,True,False,True,11.621,,0.554487,False
E3,business_facility,94,4,True,False,True,19.1935,,0.49711,False
E3,business_facility,94,5,True,False,True,19.1935,,0.690774,False
E3,business_facility,94,6,True,False,True,19.1935,,0.710858,False
E3,business_facility,94,7,True,False,True,19.1935,,0.731959,False
E3,business_coverage,95,3,True,False,True,5.73423,,0.312721,False
E3,business_coverage,95,4,True,False,True,16.5597,,0.286004,False
E3,business_coverage,95,5,True,False,True,16.5597,,0.391667,False
E3,business_coverage,95,6,True,False,True,16.5597,,0.375421,False
E3,business_coverage,95,7,True,False,True,16.5597,,0.473751,False
E3,business_diversity,95,3,False,False,True,2.49761,2.4976076555452806,0.64851,False
E3,business_diversity,95,4,True,False,True,2.49761,,0.531557,False
E3,business_diversity,95,5,True,False,True,2.49761,,0.572917,False
E3,business_diversity,95,6,True,False,True,2.49761,,0.577352,False
E3,business_diversity,95,7,True,False,True,148.42,,0.628991,False
E3,business_facility,95,3,False,False,True,96.8489,96.84888889256972,0.305305,False
E3,business_facility,95,4,False,False,True,96.8489,96.84888889256972,0.310811,False
E3,business_facility,95,5,False,False,True,96.8489,96.84888889256972,0.390244,False
E3,business_facility,95,6,False,False,True,96.8489,96.84888889256972,0.501202,False
E3,business_facility,95,7,False,False,True,96.8489,96.84888889256972,0.660059,False
E3,business_coverage,96,3,True,False,True,2.22222,,0.315789,True
E3,business_coverage,96,4,True,False,True,2.22222,,0.302189,True
E3,business_coverage,96,5,True,False,True,2.22222,,0.51727,False
E3,business_coverage,96,6,True,False,True,2.22222,,0.705023,False
E3,business_diversity,96,3,False,False,True,11.2141,11.214149471121244,0.712871,False
E3,business_diversity,96,4,False,False,True,11.2141,11.214149471121244,0.837607,False
E3,business_diversity,96,5,True,False,True,11.2141,,0.829787,False
E3,business_diversity,96,6,True,False,True,11.2141,,0.875,False
E3,business_facility,96,3,True,False,True,1.05316,,0.660194,True
E3,business_facility,96,4,True,False,True,1.05316,,0.612293,True
E3,business_facility,96,5,True,False,True,1.05316,,0.652384,False
E3,business_facility,96,6,True,False,True,1.05316,,0.779666,False
E3,business_coverage,97,3,False,False,False,1.17017,1.1701692531663552,0.961643,False
E3,business_coverage,97,4,False,False,True,1.23672,1.236717419889237,0.965387,False
E3,business_coverage,97,5,False,False,True,3.38099,3.3809867526269755,0.900541,False
E3,business_coverage,97,6,False,False,True,3.38099,3.3809867526269755,0.910738,False
E3,business_coverage,97,7,True,False,True,3.38099,,0.828261,False
E3,business_diversity,97,3,False,False,False,3.53695,3.536950578174828,0.441277,False
E3,business_diversity,97,4,False,False,False,3.53695,3.536950578174828,0.55295,False
E3,business_diversity,97,5,False,False,False,3.59103,3.591027625827281,0.5425,False
E3,business_diversity,97,6,False,False,False,3.59103,3.591027625827281,0.625284,False
E3,business_diversity,97,7,False,False,True,7.14484,7.144840677608332,0.598007,False
E3,business_facility,97,3,False,False,False,1.89189,1.8918918920905405,0.857989,False
E3,business_facility,97,4,False,False,False,1.89189,1.8918918920905405,0.896415,False
E3,business_facility,97,5,False,False,True,2.8864,2.886403604145583,0.838372,False
E3,business_facility,97,6,False,False,True,35.213,35.213043480738676,0.767224,False
E3,business_facility,97,7,False,False,True,72.4562,72.45619523123099,0.714179,False
E3,business_coverage,98,3,False,False,True,14.9016,14.901619990302487,0.630662,False
E3,business_coverage,98,4,True,False,True,14.9016,,0.550459,False
E3,business_coverage,98,5,True,False,True,14.9016,,0.661183,False
E3,business_coverage,98,6,True,False,True,14.9016,,0.657025,False
E3,business_coverage,98,7,True,False,True,14.9016,,0.718826,False
E3,business_diversity,98,3,False,False,True,1.29572,1.2957185529783792,1.0,False
E3,business_diversity,98,4,True,False,True,1.29572,,0.790909,False
E3,business_diversity,98,5,True,False,True,1.29572,,0.75852,False
E3,business_diversity,98,6,True,False,True,1.29572,,0.806084,False
E3,business_diversity,98,7,True,False,True,1.29572,,0.813187,False
E3,business_facility,98,3,False,False,True,12.5567,12.55671108510433,0.805185,False
E3,business_facility,98,4,True,False,True,12.5567,,0.686869,False
E3,business_facility,98,5,True,False,True,12.5567,,0.680352,False
E3,business_facility,98,6,True,False,True,12.5567,,0.654072,False
E3,business_facility,98,7,True,False,True,12.5567,,0.66911,False
E3,business_coverage,99,3,False,False,True,2.31535,2.3153526962882784,0.727491,False
E3,business_coverage,99,4,False,False,True,2.31535,2.3153526962882784,0.796627,False
E3,business_coverage,99,5,True,False,True,2.31535,,0.6936,False
E3,business_coverage,99,6,True,False,True,2.31535,,0.744929,False
E3,business_coverage,99,7,True,False,True,2.31535,,0.672811,False
E3,business_diversity,99,3,False,False,True,4.58189,4.581888246216226,0.714321,False
E3,business_diversity,99,4,True,False,True,4.58189,,0.601889,False
E3,business_diversity,99,5,True,False,True,4.58189,,0.699277,False
E3,business_diversity,99,6,True,False,True,4.58189,,0.628199,False
E3,business_diversity,99,7,True,False,True,4.99638,,0.617414,False
E3,business_facility,99,3,True,False,True,2.29057,,0.538729,False
E3,business_facility,99,4,True,False,True,5.26215,,0.503071,False
E3,business_facility,99,5,True,False,True,5.26215,,0.495879,False
E3,business_facility,99,6,True,False,True,5.26215,,0.564605,False
E3,business_facility,99,7,True,False,True,19.4563,,0.540845,False
E3,business_coverage,100,3,False,False,True,1.10633,1.1063278006320598,1.0,False
E3,business_coverage,100,4,True,False,True,1.10633,,0.893896,False
E3,business_coverage,100,5,True,False,True,1.10633,,0.793932,False
E3,business_coverage,100,6,True,False,True,1.10633,,0.819347,False
E3,business_coverage,100,7,True,False,True,1.10633,,0.756477,False
E3,business_diversity,100,3,False,False,False,5.73261,5.732610658564753,0.563384,False
E3,business_diversity,100,4,False,False,False,5.73261,5.732610658564753,0.74791,False
E3,business_diversity,100,5,False,False,True,10.7843,10.784276128242174,0.707207,False
E3,business_diversity,100,6,True,False,True,10.7843,,0.67234,False
E3,business_diversity,100,7,True,False,True,10.7843,,0.651757,False
E3,business_facility,100,3,False,False,False,5.73261,5.732610658564753,0.563384,False
E3,business_facility,100,4,False,False,False,21.0305,21.03053434870107,0.51887,False
E3,business_facility,100,5,False,False,True,21.0305,21.03053434870107,0.5021,False
E3,business_facility,100,6,True,False,True,21.0305,,0.483074,False
E3,business_facility,100,7,True,False,True,21.0305,,0.453608,False
E3,sport_coverage,1,3,True,False,True,1.065,,0.769711,False
E3,sport_coverage,1,4,True,False,True,1.065,,0.797342,False
E3,sport_coverage,1,5,True,False,True,1.065,,0.730408,False
E3,sport_coverage,1,6,True,False,True,1.065,,0.684375,False
E3,sport_coverage,1,7,True,False,True,1.065,,0.676819,False
E3,sport_diversity,1,3,False,False,True,1.065,1.0649999998793438,0.994652,False
E3,sport_diversity,1,4,True,False,True,1.065,,0.857143,False
E3,sport_diversity,1,5,True,False,True,1.065,,0.746418,False
E3,sport_diversity,1,6,True,False,True,1.065,,0.695503,False
E3,sport_diversity,1,7,True,False,True,1.065,,0.693374,False
E3,sport_facility,1,3,False,False,True,4.11933,4.11932773090095,0.842599,False
E3,sport_facility,1,4,False,False,True,4.11933,4.11932773090095,0.892857,False
E3,sport_facility,1,5,True,False,True,4.11933,,0.806938,False
E3,sport_facility,1,6,True,False,True,4.11933,,0.796943,False
E3,sport_facility,1,7,True,False,True,4.11933,,0.778698,False
E3,sport_coverage,2,3,False,False,True,17.8657,17.865671647036567,0.30303,False
E3,sport_coverage,2,4,False,False,True,17.8657,17.865671647036567,0.487179,False
E3,sport_coverage,2,5,True,False,True,17.8657,,0.505747,False
E3,sport_coverage,2,6,True,False,True,17.8657,,0.729106,False
E3,sport_diversity,2,3,True,False,True,1.28507,,0.699187,False
E3,sport_diversity,2,4,True,False,True,1.28507,,0.643814,False
E3,sport_diversity,2,5,True,False,True,1.28507,,0.650888,False
E3,sport_diversity,2,6,True,False,True,13.2353,,0.795767,False
E3,sport_facility,2,3,True,False,True,1.28507,,0.725664,False
E3,sport_facility,2,4,True,False,True,1.28507,,0.672428,False
E3,sport_facility,2,5,True,False,True,1.28507,,0.891892,False
E3,sport_facility,2,6,True,False,True,1.28507,,0.909091,False
E3,sport_coverage,3,3,False,False,True,5.68676,5.6867605640117915,0.697816,False
E3,sport_coverage,3,4,False,False,True,5.68676,5.6867605640117915,0.746583,False
E3,sport_coverage,3,5,True,False,True,5.68676,,0.672806,False
E3,sport_coverage,3,6,True,False,True,5.68676,,0.72142,False
E3,sport_coverage,3,7,True,False,True,5.68676,,0.762837,False
E3,sport_diversity,3,3,False,False,True,13.2324,13.232369678992102,0.643822,False
E3,sport_diversity,3,4,False,False,True,13.2324,13.232369678992102,0.586433,False
E3,sport_diversity,3,5,False,False,True,13.2324,13.232369678992102,0.704249,False
E3,sport_diversity,3,6,False,False,True,13.2324,13.232369678992102,0.678812,False
E3,sport_diversity,3,7,False,False,True,13.2324,13.232369678992102,0.70465,False
E3,sport_facility,3,3,False,False,True,15.575,15.5749999966892,0.73221,False
E3,sport_facility,3,4,True,False,True,15.575,,0.648157,False
E3,sport_facility,3,5,True,False,True,40.9707,,0.600406,False
E3,sport_facility,3,6,True,False,True,40.9707,,0.668331,False
E3,sport_facility,3,7,True,False,True,40.9707,,0.647189,False
E3,sport_coverage,4,3,True,False,True,1.57105,,0.674413,False
E3,sport_coverage,4,4,True,False,True,1.57105,,0.800542,False
E3,sport_coverage,4,5,True,False,True,1.57105,,0.875486,False
E3,sport_coverage,4,6,True,False,True,1.57105,,0.853047,False
E3,sport_diversity,4,3,False,False,True,6.01433,6.014325014224157,0.800866,False
E3,sport_diversity,4,4,False,False,True,15.6579,15.657894727615131,0.803727,False
E3,sport_diversity,4,5,False,False,True,15.6579,15.657894727615131,0.852957,False
E3,sport_diversity,4,6,False,False,True,15.6579,15.657894727615131,0.963563,False
E3,sport_facility,4,3,False,False,True,6.01433,6.014325014224157,0.667819,False
E3,sport_facility,4,4,True,False,True,6.01433,,0.612624,False
E3,sport_facility,4,5,True,False,True,8.14445,,0.645415,False
E3,sport_facility,4,6,True,False,True,8.14445,,0.719233,False
E3,sport_coverage,5,3,True,False,True,2.9,,0.590208,False
E3,sport_coverage,5,4,True,False,True,2.9,,0.521277,False
E3,sport_coverage,5,5,True,False,True,2.9,,0.524568,False
E3,sport_coverage,5,6,True,False,True,2.9,,0.644296,False
E3,sport_coverage,5,7,True,False,True,2.9,,0.750796,False
E3,sport_diversity,5,3,True,False,True,17.6019,,0.441249,False
E3,sport_diversity,5,4,True,False,True,17.6019,,0.365854,False
E3,sport_diversity,5,5,True,False,True,17.6019,,0.364208,False
E3,sport_diversity,5,6,True,False,True,17.6019,,0.596214,False
E3,sport_diversity,5,7,True,False,True,17.6019,,0.73214,False
E3,sport_facility,5,3,True,False,True,1.30827,,0.688576,False
E3,sport_facility,5,4,True,False,True,1.30827,,0.6,False
E3,sport_facility,5,5,True,False,True,1.56155,,0.762975,False
E3,sport_facility,5,6,True,False,True,1.56155,,0.964467,False
E3,sport_facility,5,7,True,False,True,1.56155,,0.89823,False
E3,sport_coverage,6,3,True,False,True,1.1375,,0.737589,False
E3,sport_coverage,6,4,True,False,True,1.1375,,0.686504,False
E3,sport_coverage,6,5,True,False,True,1.1375,,0.720109,False
E3,sport_coverage,6,6,True,False,True,1.1375,,0.744232,False
E3,sport_diversity,6,3,False,False,True,92.575,92.57499999583499,0.779412,False
E3,sport_diversity,6,4,True,False,True,92.575,,0.779011,False
E3,sport_diversity,6,5,True,False,True,92.575,,0.768116,False
E3,sport_diversity,6,6,True,False,True,92.575,,1.0,False
E3,sport_facility,6,3,True,False,True,1.1375,,0.786885,False
E3,sport_facility,6,4,True,False,True,1.1375,,0.780928,False
E3,sport_facility,6,5,True,False,True,1.1375,,0.763223,False
E3,sport_facility,6,6,True,False,True,1.1375,,0.805909,False
E3,sport_coverage,7,3,True,False,True,1.0,,0.46281,True
E3,sport_coverage,7,4,True,False,True,1.0,,0.415324,True
E3,sport_coverage,7,5,True,False,True,1.0,,0.665821,True
E3,sport_diversity,7,3,False,False,True,5.65804,5.65804318291679,0.46281,False
E3,sport_diversity,7,4,False,False,True,5.65804,5.65804318291679,0.661654,False
E3,sport_diversity,7,5,False,False,True,5.65804,5.65804318291679,0.886076,False
E3,sport_facility,7,3,False,False,True,5.65804,5.65804318291679,0.46281,False
E3,sport_facility,7,4,False,False,True,5.65804,5.65804318291679,0.661654,False
E3,sport_facility,7,5,False,False,True,5.65804,5.65804318291679,0.886076,False
E3,sport_coverage,8,3,False,False,True,1.27259,1.2725894210302382,0.926414,False
E3,sport_coverage,8,4,False,False,True,1.27259,1.2725894210302382,1.0,False
E3,sport_coverage,8,5,True,False,True,1.27259,,0.958991,False
E3,sport_coverage,8,6,True,False,True,1.27259,,0.944118,False
E3,sport_diversity,8,3,False,False,True,5.23716,5.237156423142437,0.77441,False
E3,sport_diversity,8,4,False,False,True,18.5378,18.53781839940107,0.766841,False
E3,sport_diversity,8,5,False,False,True,18.5378,18.53781839940107,0.851038,False
E3,sport_diversity,8,6,True,False,True,18.5378,,0.860296,False
E3,sport_facility,8,3,True,False,True,1.16386,,0.791328,False
E3,sport_facility,8,4,True,False,True,1.16386,,0.768665,False
E3,sport_facility,8,5,True,False,True,1.16386,,0.894118,False
E3,sport_facility,8,6,True,False,True,1.16386,,0.903255,False
E3,sport_coverage,9,3,False,False,False,2.48442,2.4844236759596314,0.658567,False
E3,sport_coverage,9,4,False,False,False,6.10095,6.100953893282478,0.600672,False
E3,sport_coverage,9,5,False,False,True,6.10095,6.100953893282478,0.702942,False
E3,sport_coverage,9,6,True,False,True,6.10095,,0.619878,False
E3,sport_coverage,9,7,True,False,True,6.10095,,0.644127,False
E3,sport_diversity,9,3,False,False,True,8.25238,8.252379061362522,0.734961,False
E3,sport_diversity,9,4,False,False,True,9.62668,9.62668389397944,0.655486,False
E3,sport_diversity,9,5,False,False,True,9.62668,9.62668389397944,0.708885,False
E3,sport_diversity,9,6,False,False,True,17.9645,17.96453900812645,0.655064,False
E3,sport_diversity,9,7,False,False,True,28.4201,28.420121002794755,0.616527,False
E3,sport_facility,9,3,False,False,True,3.7769,3.7769022154543728,0.735697,False
E3,sport_facility,9,4,False,False,True,3.7769,3.7769022154543728,0.789681,False
E3,sport_facility,9,5,False,False,True,13.2907,13.290676230463458,0.716473,False
E3,sport_facility,9,6,False,False,True,31.1934,31.19344948914346,0.658632,False
E3,sport_facility,9,7,True,False,True,31.1934,,0.607506,False
E3,sport_coverage,10,3,False,False,True,9.99752,9.997516145454185,0.757763,False
E3,sport_coverage,10,4,False,False,True,9.99752,9.997516145454185,0.786421,False
E3,sport_coverage,10,5,True,False,True,9.99752,,0.705085,False
E3,sport_coverage,10,6,True,False,True,9.99752,,0.795763,False
E3,sport_coverage,10,7,True,False,True,9.99752,,0.790072,False
E3,sport_diversity,10,3,False,False,True,54.2174,54.217350756024246,0.67184,False
E3,sport_diversity,10,4,False,False,True,54.2174,54.217350756024246,0.738841,False
E3,sport_diversity,10,5,False,False,True,54.2174,54.217350756024246,0.779112,False
E3,sport_diversity,10,6,True,False,True,54.2174,,0.73854,False
E3,sport_diversity,10,7,True,False,True,54.2174,,0.780258,False
E3,sport_facility,10,3,False,False,True,24.6225,24.62245682326097,0.676846,False
E3,sport_facility,10,4,False,False,True,24.6225,24.62245682326097,0.760388,False
E3,sport_facility,10,5,False,False,True,24.6225,24.62245682326097,0.834255,False
E3,sport_facility,10,6,True,False,True,24.6225,,0.80852,False
E3,sport_facility,10,7,True,False,True,24.6225,,0.798301,False
E3,sport_coverage,11,3,False,False,True,2.37368,2.3736842108823684,0.75662,False
E3,sport_coverage,11,4,True,False,True,2.37368,,0.618581,False
E3,sport_coverage,11,5,True,False,True,2.37368,,0.54212,False
E3,sport_coverage,11,6,True,False,True,2.37368,,0.652174,False
E3,sport_coverage,11,7,True,False,True,2.37368,,0.713754,False
E3,sport_diversity,11,3,False,False,False,147.908,147.9076922820739,0.458564,False
E3,sport_diversity,11,4,False,False,False,147.908,147.9076922820739,0.579125,False
E3,sport_diversity,11,5,False,False,True,147.908,147.9076922820739,0.669896,False
E3,sport_diversity,11,6,False,False,True,147.908,147.9076922820739,0.79746,False
E3,sport_diversity,11,7,True,False,True,147.908,,0.783224,False
E3,sport_facility,11,3,False,False,True,7.61905,7.61904761757672,0.511475,False
E3,sport_facility,11,4,True,False,True,7.61905,,0.429001,False
E3,sport_facility,11,5,True,False,True,7.69077,,0.418036,False
E3,sport_facility,11,6,True,False,True,7.69077,,0.583962,False
E3,sport_facility,11,7,True,False,True,7.69077,,0.541275,False
E3,sport_coverage,12,3,True,False,True,1.03078,,0.677686,True
E3,sport_coverage,12,4,True,False,True,1.03078,,0.743987,False
E3,sport_coverage,12,5,True,False,True,1.03078,,0.674969,False
E3,sport_coverage,12,6,True,False,True,1.03078,,0.652346,True
E3,sport_coverage,12,7,True,False,True,1.03078,,0.737861,False
E3,sport_diversity,12,3,False,False,True,15.4903,15.490327676113044,0.578857,False
E3,sport_diversity,12,4,False,False,True,15.4903,15.490327676113044,0.675991,False
E3,sport_diversity,12,5,False,False,True,15.4903,15.490327676113044,0.761827,False
E3,sport_diversity,12,6,True,False,True,15.4903,,0.75228,False
E3,sport_diversity,12,7,True,False,True,15.4903,,0.841857,False
E3,sport_facility,12,3,True,False,True,1.80023,,0.564738,False
E3,sport_facility,12,4,True,False,True,1.80023,,0.503616,False
E3,sport_facility,12,5,True,False,True,8.05836,,0.514799,False
E3,sport_facility,12,6,True,False,True,8.05836,,0.61376,False
E3,sport_facility,12,7,True,False,True,28.3294,,0.64011,False
E3,sport_coverage,13,3,False,False,True,8.79188,8.79187673933605,0.817019,False
E3,sport_coverage,13,4,True,False,True,8.79188,,0.681019,False
E3,sport_coverage,13,5,True,False,True,8.79188,,0.763991,False
E3,sport_coverage,13,6,True,False,True,8.79188,,0.776779,False
E3,sport_coverage,13,7,True,False,True,8.79188,,0.726946,False
E3,sport_diversity,13,3,False,False,True,4.84015,4.840145024243057,0.778166,False
E3,sport_diversity,13,4,False,False,True,4.84015,4.840145024243057,0.874443,False
E3,sport_diversity,13,5,True,False,True,4.84015,,0.785099,False
E3,sport_diversity,13,6,True,False,True,13.4392,,0.773264,False
E3,sport_diversity,13,7,True,False,True,13.4392,,0.828634,False
E3,sport_facility,13,3,False,False,True,11.1577,11.157749367725728,0.812497,False
E3,sport_facility,13,4,True,False,True,11.1577,,0.721428,False
E3,sport_facility,13,5,True,False,True,11.1577,,0.769824,False
E3,sport_facility,13,6,True,False,True,11.1577,,0.722318,False
E3,sport_facility,13,7,True,False,True,11.1577,,0.78549,False
E3,sport_coverage,14,3,False,False,False,2.62096,2.6209575283501767,0.642821,False
E3,sport_coverage,14,4,False,False,True,6.75108,6.7510757574146005,0.561205,False
E3,sport_coverage,14,5,False,False,True,6.75108,6.7510757574146005,0.595523,False
E3,sport_coverage,14,6,True,False,True,6.75108,,0.518513,False
E3,sport_coverage,14,7,True,False,True,6.75108,,0.469716,False
E3,sport_diversity,14,3,False,False,False,2.02691,2.026905830353124,0.731063,False
E3,sport_diversity,14,4,False,False,False,2.02691,2.026905830353124,0.790476,False
E3,sport_diversity,14,5,True,False,True,2.02691,,0.677398,False
E3,sport_diversity,14,6,True,False,True,2.14236,,0.660788,False
E3,sport_diversity,14,7,True,False,True,2.14236,,0.606666,False
E3,sport_facility,14,3,False,False,False,2.02691,2.026905830353124,0.731063,False
E3,sport_facility,14,4,False,False,False,7.51461,7.514613043849146,0.641427,False
E3,sport_facility,14,5,False,False,True,7.51461,7.514613043849146,0.632534,False
E3,sport_facility,14,6,True,False,True,7.51461,,0.563208,False
E3,sport_facility,14,7,True,False,True,7.51461,,0.585597,False
E3,sport_coverage,15,3,True,False,True,1.0,,0.795936,False
E3,sport_coverage,15,4,True,False,True,1.0,,0.926471,False
E3,sport_diversity,15,3,False,False,True,1.0,1.0,1.0,False
E3,sport_diversity,15,4,True,False,True,1.0,,1.0,False
E3,sport_facility,15,3,True,False,True,3.73451,,0.682619,False
E3,sport_facility,15,4,True,False,True,3.73451,,0.844541,False
E3,sport_coverage,16,3,False,False,True,8.07921,8.079207918692349,0.613723,False
E3,sport_coverage,16,4,False,False,True,33.6512,33.65116277522523,0.541083,False
E3,sport_coverage,16,5,True,False,True,33.6512,,0.469231,False
E3,sport_coverage,16,6,True,False,True,33.6512,,0.545455,False
E3,sport_coverage,16,7,True,False,True,33.6512,,0.565388,False
E3,sport_diversity,16,3,False,False,True,10.2711,10.271084336871612,0.55207,False
E3,sport_diversity,16,4,False,False,True,10.2711,10.271084336871612,0.633333,False
E3,sport_diversity,16,5,False,False,True,10.2711,10.271084336871612,0.735931,False
E3,sport_diversity,16,6,True,False,True,10.2711,,0.703378,False
E3,sport_diversity,16,7,True,False,True,10.2711,,0.694558,False
E3,sport_facility,16,3,True,False,True,1.18723,,0.79459,False
E3,sport_facility,16,4,True,False,True,1.18723,,0.631264,False
E3,sport_facility,16,5,True,False,True,8.86221,,0.61244,False
E3,sport_facility,16,6,True,False,True,8.86221,,0.688017,False
E3,sport_facility,16,7,True,False,True,8.86221,,0.707386,False
E3,sport_coverage,17,3,False,False,False,12.906,12.905957945849662,0.446914,False
E3,sport_coverage,17,4,False,False,False,12.906,12.905957945849662,0.517153,False
E3,sport_coverage,17,5,False,False,True,12.906,12.905957945849662,0.557971,False
E3,sport_coverage,17,6,False,False,True,12.906,12.905957945849662,0.629661,False
E3,sport_coverage,17,7,False,False,True,12.906,12.905957945849662,0.701287,False
E3,sport_diversity,17,3,False,False,True,3.36573,3.365728137465318,0.724109,False
E3,sport_diversity,17,4,False,False,True,6.43042,6.4304179235323335,0.651613,False
E3,sport_diversity,17,5,False,False,True,6.43042,6.4304179235323335,0.696035,False
E3,sport_diversity,17,6,True,False,True,6.43042,,0.661925,False
E3,sport_diversity,17,7,True,False,True,6.43042,,0.714195,False
E3,sport_facility,17,3,False,False,False,3.17497,3.1749687010297802,0.729338,False
E3,sport_facility,17,4,False,False,True,30.7373,30.73732718556118,0.636633,False
E3,sport_facility,17,5,True,False,True,30.7373,,0.566038,False
E3,sport_facility,17,6,True,False,True,30.7373,,0.687918,False
E3,sport_facility,17,7,True,False,True,30.7373,,0.798549,False
E3,sport_coverage,18,3,True,False,True,1.0,,0.788594,False
E3,sport_coverage,18,4,True,False,True,1.0,,0.835579,False
E3,sport_coverage,18,5,True,False,True,1.0,,0.765799,False
E3,sport_coverage,18,6,True,False,True,1.0,,0.740978,False
E3,sport_coverage,18,7,True,False,True,1.0,,0.737428,False
E3,sport_diversity,18,3,False,False,True,5.16927,5.169265131686405,0.799506,False
E3,sport_diversity,18,4,True,False,True,5.16927,,0.69508,False
E3,sport_diversity,18,5,True,False,True,5.16927,,0.769231,False
E3,sport_diversity,18,6,True,False,True,5.16927,,0.833488,False
E3,sport_diversity,18,7,True,False,True,5.16927,,0.841639,False
E3,sport_facility,18,3,False,False,False,31.6887,31.688741455874805,0.556577,False
E3,sport_facility,18,4,False,False,False,31.6887,31.688741455874805,0.509947,False
E3,sport_facility,18,5,False,False,True,31.6887,31.688741455874805,0.553571,False
E3,sport_facility,18,6,True,False,True,31.6887,,0.535991,False
E3,sport_facility,18,7,True,False,True,31.6887,,0.560657,False
E3,sport_coverage,19,3,True,False,True,2.71567,,0.477419,False
E3,sport_coverage,19,4,True,False,True,2.71567,,0.628384,False
E3,sport_coverage,19,5,True,False,True,2.71567,,0.764103,False
E3,sport_diversity,19,3,True,False,True,15.5659,,0.548148,False
E3,sport_diversity,19,4,True,False,True,15.5659,,0.536087,False
E3,sport_diversity,19,5,True,False,True,15.5659,,0.714819,False
E3,sport_facility,19,3,True,False,True,1.0,,0.714286,False
E3,sport_facility,19,4,True,False,True,1.0,,0.695661,False
E3,sport_facility,19,5,True,False,True,1.0,,0.731728,False
E3,sport_coverage,20,3,True,False,True,1.03078,,0.677686,True
E3,sport_coverage,20,4,True,False,True,1.03078,,0.743987,False
E3,sport_coverage,20,5,True,False,True,1.03078,,0.674969,False
E3,sport_coverage,20,6,True,False,True,1.03078,,0.652346,True
E3,sport_coverage,20,7,True,False,True,1.03078,,0.737861,False
E3,sport_diversity,20,3,False,False,True,15.4903,15.490327676113044,0.578857,False
E3,sport_diversity,20,4,False,False,True,15.4903,15.490327676113044,0.675991,False
E3,sport_diversity,20,5,False,False,True,15.4903,15.490327676113044,0.761827,False
E3,sport_diversity,20,6,True,False,True,15.4903,,0.75228,False
E3,sport_diversity,20,7,True,False,True,15.4903,,0.841857,False
E3,sport_facility,20,3,True,False,True,1.80023,,0.564738,False
E3,sport_facility,20,4,True,False,True,1.80023,,0.503616,False
E3,sport_facility,20,5,True,False,True,8.05836,,0.514799,False
E3,sport_facility,20,6,True,False,True,8.05836,,0.61376,False
E3,sport_facility,20,7,True,False,True,28.3294,,0.64011,False
E3,sport_coverage,21,3,False,False,True,3.22913,3.229130883553401,0.805721,False
E3,sport_coverage,21,4,False,False,True,3.22913,3.229130883553401,0.816866,False
E3,sport_coverage,21,5,False,False,True,3.22913,3.229130883553401,0.812533,False
E3,sport_coverage,21,6,True,False,True,3.22913,,0.727951,False
E3,sport_coverage,21,7,True,False,True,3.22913,,0.777888,False
E3,sport_diversity,21,3,False,False,False,16.1353,16.135338343958622,0.571236,False
E3,sport_diversity,21,4,False,False,False,16.1353,16.135338343958622,0.645835,False
E3,sport_diversity,21,5,False,False,True,53.47,53.470024628972105,0.59326,False
E3,sport_diversity,21,6,True,False,True,53.47,,0.563008,False
E3,sport_diversity,21,7,True,False,True,53.47,,0.645114,False
E3,sport_facility,21,3,False,False,False,2.24528,2.24528172917908,0.662277,False
E3,sport_facility,21,4,False,False,True,21.0705,21.070496626448595,0.587106,False
E3,sport_facility,21,5,True,False,True,21.0705,,0.53522,False
E3,sport_facility,21,6,True,False,True,21.0705,,0.513892,False
E3,sport_facility,21,7,True,False,True,21.0705,,0.646811,False
E3,sport_coverage,22,3,True,False,True,1.79323,,0.564777,False
E3,sport_coverage,22,4,True,False,True,1.79323,,0.638844,False
E3,sport_coverage,22,5,True,False,True,1.79323,,0.68427,False
E3,sport_coverage,22,6,True,False,True,1.79323,,0.678571,False
E3,sport_coverage,22,7,True,False,True,1.79323,,0.666501,False
E3,sport_diversity,22,3,False,False,True,1.79323,1.7932330827649685,0.76983,False
E3,sport_diversity,22,4,False,False,True,1.79323,1.7932330827649685,0.80875,False
E3,sport_diversity,22,5,False,False,True,1.79323,1.7932330827649685,0.810976,False
E3,sport_diversity,22,6,False,False,True,2.30192,2.301921693723573,0.789062,False
E3,sport_diversity,22,7,True,False,True,2.30192,,0.787517,False
E3,sport_facility,22,3,False,False,True,2.10297,2.102973879786846,0.678478,False
E3,sport_facility,22,4,True,False,True,2.10297,,0.618687,False
E3,sport_facility,22,5,True,False,True,36.2375,,0.584434,False
E3,sport_facility,22,6,True,False,True,36.2375,,0.508197,False
E3,sport_facility,22,7,True,False,True,36.2375,,0.605156,False
E3,sport_coverage,23,3,False,False,False,4.27422,4.274218782597499,0.823318,False
E3,sport_coverage,23,4,False,False,True,4.27422,4.274218782597499,0.87388,False
E3,sport_coverage,23,5,False,False,True,5.45242,5.452417720809921,0.802122,False
E3,sport_coverage,23,6,False,False,True,15.7737,15.773714628919619,0.745262,False
E3,sport_coverage,23,7,True,False,True,15.7737,,0.689884,False
E3,sport_diversity,23,3,False,False,False,10.9298,10.929837468755219,0.482355,False
E3,sport_diversity,23,4,False,False,False,21.4032,21.40316205544463,0.430865,False
E3,sport_diversity,23,5,False,False,False,21.4032,21.40316205544463,0.465238,False
E3,sport_diversity,23,6,False,False,False,21.4032,21.40316205544463,0.507618,False
E3,sport_diversity,23,7,False,False,False,21.4032,21.40316205544463,0.555689,False
E3,sport_facility,23,3,False,False,False,8.25877,8.258771926793655,0.561612,False
E3,sport_facility,23,4,False,False,False,22.3625,22.36254813232131,0.497959,False
E3,sport_facility,23,5,False,False,False,22.3625,22.36254813232131,0.465238,False
E3,sport_facility,23,6,False,False,False,22.3625,22.36254813232131,0.487291,False
E3,sport_facility,23,7,False,False,False,22.3625,22.36254813232131,0.567584,False
E3,sport_coverage,24,3,True,False,True,1.0,,0.834508,False
E3,sport_coverage,24,4,True,False,True,1.0,,0.747561,False
E3,sport_coverage,24,5,True,False,True,1.0,,0.749942,False
E3,sport_diversity,24,3,True,False,True,1.38435,,0.762057,False
E3,sport_diversity,24,4,True,False,True,1.38435,,0.692333,False
E3,sport_diversity,24,5,True,False,True,1.38435,,0.693093,False
E3,sport_facility,24,3,True,False,True,1.38435,,0.81173,False
E3,sport_facility,24,4,True,False,True,1.38435,,1.0,False
E3,sport_facility,24,5,True,False,True,1.38435,,1.0,False
E3,sport_coverage,25,3,False,False,True,3.59798,3.5979791400689836,0.752855,False
E3,sport_coverage,25,4,False,False,True,3.59798,3.5979791400689836,0.804596,False
E3,sport_coverage,25,5,True,False,True,3.59798,,0.710133,False
E3,sport_coverage,25,6,True,False,True,3.59798,,0.674311,False
E3,sport_coverage,25,7,True,False,True,3.59798,,0.743151,False
E3,sport_diversity,25,3,False,False,True,6.64049,6.640490033953111,0.654056,False
E3,sport_diversity,25,4,False,False,True,6.64049,6.640490033953111,0.730879,False
E3,sport_diversity,25,5,False,False,True,6.64049,6.640490033953111,0.758818,False
E3,sport_diversity,25,6,False,False,True,6.64049,6.640490033953111,0.797231,False
E3,sport_diversity,25,7,False,False,True,6.64049,6.640490033953111,0.857482,False
E3,sport_facility,25,3,False,False,True,5.69563,5.695628849065711,0.824444,False
E3,sport_facility,25,4,True,False,True,5.69563,,0.685553,False
E3,sport_facility,25,5,True,False,True,5.69563,,0.759838,False
E3,sport_facility,25,6,True,False,True,5.69563,,0.808219,False
E3,sport_facility,25,7,True,False,True,5.69563,,0.792956,False
E3,sport_coverage,26,3,False,False,True,1.14108,1.1410763146580525,1.0,False
E3,sport_coverage,26,4,True,False,True,1.14108,,0.832432,False
E3,sport_coverage,26,5,True,False,True,1.14108,,0.815545,False
E3,sport_coverage,26,6,True,False,True,1.14108,,0.814557,False
E3,sport_coverage,26,7,True,False,True,1.14108,,0.810108,False
E3,sport_diversity,26,3,False,False,True,9.21862,9.218623479821131,0.72623,False
E3,sport_diversity,26,4,False,False,True,9.21862,9.218623479821131,0.814815,False
E3,sport_diversity,26,5,True,False,True,9.21862,,0.835284,False
E3,sport_diversity,26,6,True,False,True,9.21862,,0.971292,False
E3,sport_diversity,26,7,True,False,True,9.21862,,0.95614,False
E3,sport_facility,26,3,True,False,True,1.14108,,0.733086,False
E3,sport_facility,26,4,True,False,True,7.08979,,0.682081,False
E3,sport_facility,26,5,True,False,True,7.08979,,0.655643,False
E3,sport_facility,26,6,True,False,True,7.08979,,0.685965,False
E3,sport_facility,26,7,True,False,True,7.08979,,0.681809,False
E3,sport_coverage,27,3,False,False,True,1.05647,1.0564663024444443,1.0,False
E3,sport_coverage,27,4,True,False,True,1.05647,,0.845361,False
E3,sport_coverage,27,5,True,False,True,1.05647,,0.796553,False
E3,sport_coverage,27,6,True,False,True,1.05647,,0.777562,False
E3,sport_coverage,27,7,True,False,True,1.05647,,0.80869,False
E3,sport_diversity,27,3,True,False,True,4.68779,,0.559416,False
E3,sport_diversity,27,4,True,False,True,16.0399,,0.52439,False
E3,sport_diversity,27,5,True,False,True,16.0399,,0.691682,False
E3,sport_diversity,27,6,True,False,True,16.0399,,0.677071,False
E3,sport_diversity,27,7,True,False,True,16.0399,,0.832475,False
E3,sport_facility,27,3,True,False,True,8.65908,,0.528074,False
E3,sport_facility,27,4,True,False,True,8.65908,,0.631579,False
E3,sport_facility,27,5,True,False,True,8.65908,,0.779014,False
E3,sport_facility,27,6,True,False,True,8.65908,,0.802997,False
E3,sport_facility,27,7,True,False,True,8.65908,,1.0,False
E3,sport_coverage,28,3,True,False,True,1.34472,,0.699854,False
E3,sport_coverage,28,4,True,False,True,1.34472,,0.803265,False
E3,sport_coverage,28,5,True,False,True,1.34472,,0.68984,False
E3,sport_coverage,28,6,True,False,True,1.34472,,0.639952,False
E3,sport_coverage,28,7,True,False,True,1.34472,,0.622687,False
E3,sport_diversity,28,3,False,False,True,24.4507,24.450696086901317,0.716212,False
E3,sport_diversity,28,4,False,False,True,24.4507,24.450696086901317,0.691753,False
E3,sport_diversity,28,5,False,False,True,24.4507,24.450696086901317,0.750559,False
E3,sport_diversity,28,6,False,False,True,24.4507,24.450696086901317,0.78183,False
E3,sport_diversity,28,7,True,False,True,24.4507,,0.760163,False
E3,sport_facility,28,3,False,False,True,3.58216,3.5821640155354317,0.668777,False
E3,sport_facility,28,4,True,False,True,3.58216,,0.586346,False
E3,sport_facility,28,5,True,False,True,4.34468,,0.582099,False
E3,sport_facility,28,6,True,False,True,4.34468,,0.64186,False
E3,sport_facility,28,7,True,False,True,4.34468,,0.637857,False
E3,sport_coverage,29,3,False,False,True,2.45098,2.450980392,0.710784,False
E3,sport_coverage,29,4,True,False,True,2.45098,,0.614525,False
E3,sport_coverage,29,5,True,False,True,2.45098,,0.7358,False
E3,sport_coverage,29,6,True,False,True,2.45098,,0.743899,False
E3,sport_diversity,29,3,False,False,True,2.42504,2.425044092431763,0.859553,False
E3,sport_diversity,29,4,True,False,True,2.42504,,0.751678,False
E3,sport_diversity,29,5,True,False,True,2.42504,,0.908046,False
E3,sport_diversity,29,6,True,False,True,2.42504,,0.806763,False
E3,sport_facility,29,3,True,False,True,2.42504,,0.609244,False
E3,sport_facility,29,4,True,False,True,2.42504,,0.819444,False
E3,sport_facility,29,5,True,False,True,2.42504,,0.831871,False
E3,sport_facility,29,6,True,False,True,2.42504,,0.730932,False
E3,sport_coverage,30,3,False,False,False,1.77147,1.7714673387981312,0.899556,False
E3,sport_coverage,30,4,False,False,False,1.77147,1.7714673387981312,0.905611,False
E3,sport_coverage,30,5,False,False,True,6.6462,6.646200490815774,0.819118,False
E3,sport_coverage,30,6,False,False,True,29.6886,29.688638839050252,0.74856,False
E3,sport_coverage,30,7,True,False,True,29.6886,,0.693968,False
E3,sport_diversity,30,3,False,False,False,5.90904,5.909044280895282,0.330842,False
E3,sport_diversity,30,4,False,False,False,10.8428,10.842797828083173,0.305296,False
E3,sport_diversity,30,5,False,False,False,10.8428,10.842797828083173,0.356655,False
E3,sport_diversity,30,6,False,False,False,10.8428,10.842797828083173,0.354418,False
E3,sport_diversity,30,7,False,False,False,10.8428,10.842797828083173,0.460352,False
E3,sport_facility,30,3,False,False,False,3.9209,3.9209033703687424,0.533708,False
E3,sport_facility,30,4,False,False,False,8.52188,8.521878913704551,0.480287,False
E3,sport_facility,30,5,False,False,False,8.52188,8.521878913704551,0.470169,False
E3,sport_facility,30,6,False,False,False,8.52188,8.521878913704551,0.468627,False
E3,sport_facility,30,7,False,False,False,10.8337,10.833735072957898,0.454472,False
E3,sport_coverage,31,3,False,False,False,32.8827,32.882666668326635,0.779032,False
E3,sport_coverage,31,4,False,False,True,32.8827,32.882666668326635,0.848101,False
E3,sport_coverage,31,5,True,False,True,32.8827,,0.776985,False
E3,sport_coverage,31,6,True,False,True,32.8827,,0.78615,False
E3,sport_coverage,31,7,True,False,True,32.8827,,0.805687,False
E3,sport_diversity,31,3,False,False,True,7.5347,7.534703503815086,0.658839,False
E3,sport_diversity,31,4,True,False,True,7.5347,,0.577465,False
E3,sport_diversity,31,5,True,False,True,7.5347,,0.750963,False
E3,sport_diversity,31,6,True,False,True,7.5347,,0.754648,False
E3,sport_diversity,31,7,True,False,True,7.5347,,0.751232,False
E3,sport_facility,31,3,False,False,True,1.44315,1.4431486879801125,0.924566,False
E3,sport_facility,31,4,False,False,True,1.44315,1.4431486879801125,1.0,False
E3,sport_facility,31,5,True,False,True,1.44315,,0.923077,False
E3,sport_facility,31,6,True,False,True,1.44315,,1.0,False
E3,sport_facility,31,7,True,False,True,1.44315,,0.989583,False
E3,sport_coverage,32,3,False,False,True,3.54023,3.5402298845094013,0.832655,False
E3,sport_coverage,32,4,True,False,True,3.54023,,0.696356,False
E3,sport_coverage,32,5,True,False,True,3.54023,,0.623857,False
E3,sport_coverage,32,6,True,False,True,3.54023,,0.708311,False
E3,sport_coverage,32,7,True,False,True,3.54023,,0.710149,False
E3,sport_diversity,32,3,False,False,False,50.2674,50.267379673877684,0.443109,False
E3,sport_diversity,32,4,False,False,False,50.2674,50.267379673877684,0.542245,False
E3,sport_diversity,32,5,False,False,True,50.2674,50.267379673877684,0.661569,False
E3,sport_diversity,32,6,False,False,True,50.2674,50.267379673877684,0.746598,False
E3,sport_diversity,32,7,False,False,True,50.2674,50.267379673877684,0.881148,False
E3,sport_facility,32,3,False,False,False,492.175,492.1745223191242,0.430789,False
E3,sport_facility,32,4,False,False,False,492.175,492.1745223191242,0.412572,False
E3,sport_facility,32,5,False,False,True,492.175,492.1745223191242,0.599823,False
E3,sport_facility,32,6,True,False,True,492.175,,0.608343,False
E3,sport_facility,32,7,True,False,True,492.175,,0.62586,False
E3,sport_coverage,33,3,False,False,True,1.17778,1.1777777780936995,0.967925,False
E3,sport_coverage,33,4,False,False,True,1.17778,1.1777777780936995,0.977525,False
E3,sport_coverage,33,5,True,False,True,1.17778,,0.838986,False
E3,sport_coverage,33,6,True,False,True,1.17778,,0.741259,False
E3,sport_coverage,33,7,True,False,True,1.17778,,0.827846,False
E3,sport_diversity,33,3,True,False,True,9.06217,,0.459278,False
E3,sport_diversity,33,4,True,False,True,9.06217,,0.59881,False
E3,sport_diversity,33,5,True,False,True,9.06217,,0.721709,False
E3,sport_diversity,33,6,True,False,True,9.06217,,0.661871,False
E3,sport_diversity,33,7,True,False,True,9.06217,,0.755356,False
E3,sport_facility,33,3,True,False,True,1.4612,,0.657513,False
E3,sport_facility,33,4,True,False,True,1.4612,,0.563833,False
E3,sport_facility,33,5,True,False,True,1.4612,,0.496007,True
E3,sport_facility,33,6,True,False,True,30.9071,,0.476596,False
E3,sport_facility,33,7,True,False,True,30.9071,,0.566681,False
E3,sport_coverage,34,3,False,False,False,2.10185,2.101848739039826,0.709366,False
E3,sport_coverage,34,4,False,False,False,2.10185,2.101848739039826,0.765457,False
E3,sport_coverage,34,5,False,False,False,2.10185,2.101848739039826,0.811735,False
E3,sport_coverage,34,6,False,False,False,2.10185,2.101848739039826,0.840469,False
E3,sport_coverage,34,7,False,False,False,4.19822,4.198222751659757,0.786211,False
E3,sport_diversity,34,3,False,False,False,2.26573,2.2657306873686758,0.807151,False
E3,sport_diversity,34,4,False,False,False,4.12119,4.12119090840118,0.709413,False
E3,sport_diversity,34,5,False,False,False,4.12119,4.12119090840118,0.69423,False
E3,sport_diversity,34,6,False,False,False,4.12119,4.12119090840118,0.655048,False
E3,sport_diversity,34,7,False,False,False,6.10122,6.101219587171163,0.613696,False
E3,sport_facility,34,3,False,False,False,2.81404,2.814042554283202,0.780534,False
E3,sport_facility,34,4,False,False,False,3.09016,3.09016393430519,0.707977,False
E3,sport_facility,34,5,False,False,False,3.09016,3.09016393430519,0.737524,False
E3,sport_facility,34,6,False,False,False,21.098,21.09799704481198,0.660374,False
E3,sport_facility,34,7,False,False,False,21.098,21.09799704481198,0.740222,False
E3,sport_coverage,35,3,False,False,True,2.81899,2.818991660751688,0.828452,False
E3,sport_coverage,35,4,False,False,True,2.81899,2.818991660751688,0.854843,False
E3,sport_coverage,35,5,True,False,True,2.81899,,0.737868,False
E3,sport_coverage,35,6,True,False,True,2.81899,,0.738462,False
E3,sport_coverage,35,7,True,False,True,2.81899,,0.779893,False
E3,sport_diversity,35,3,False,False,False,14.5792,14.579173372570757,0.450867,False
E3,sport_diversity,35,4,False,False,False,14.5792,14.579173372570757,0.655761,False
E3,sport_diversity,35,5,False,False,True,14.5792,14.579173372570757,0.764979,False
E3,sport_diversity,35,6,True,False,True,14.5792,,0.696,False
E3,sport_diversity,35,7,True,False,True,14.5792,,0.713235,False
E3,sport_facility,35,3,False,False,False,15.9422,15.942245567611353,0.548223,False
E3,sport_facility,35,4,False,False,False,15.9422,15.942245567611353,0.695802,False
E3,sport_facility,35,5,False,False,True,29.1322,29.13223141838243,0.641238,False
E3,sport_facility,35,6,False,False,True,30.7974,30.797385611004184,0.605419,False
E3,sport_facility,35,7,True,False,True,30.7974,,0.584304,False
E3,sport_coverage,36,3,False,False,True,2.49553,2.4955277277886334,0.735538,False
E3,sport_coverage,36,4,True,False,True,2.49553,,0.663507,False
E3,sport_coverage,36,5,True,False,True,2.49553,,0.757771,False
E3,sport_coverage,36,6,True,False,True,2.49553,,0.748525,False
E3,sport_coverage,36,7,True,False,True,2.49553,,0.761793,False
E3,sport_diversity,36,3,True,False,True,1.75,,0.632493,False
E3,sport_diversity,36,4,True,False,True,1.75,,0.740385,False
E3,sport_diversity,36,5,True,False,True,1.75,,0.750866,False
E3,sport_diversity,36,6,True,False,True,1.75,,0.890295,False
E3,sport_diversity,36,7,True,False,True,1.75,,0.898039,False
E3,sport_facility,36,3,False,False,True,1.75,1.7500000001383929,0.891353,False
E3,sport_facility,36,4,True,False,True,1.75,,0.775956,False
E3,sport_facility,36,5,True,False,True,1.75,,0.72449,False
E3,sport_facility,36,6,True,False,True,1.75,,0.694852,False
E3,sport_facility,36,7,True,False,True,1.75,,0.751093,False
E3,sport_coverage,37,3,False,False,True,2.83333,2.833333333419444,0.772642,False
E3,sport_coverage,37,4,True,False,True,2.83333,,0.71287,False
E3,sport_coverage,37,5,True,False,True,2.83333,,0.655844,False
E3,sport_coverage,37,6,True,False,True,2.83333,,0.631577,False
E3,sport_coverage,37,7,True,False,True,2.83333,,0.692942,False
E3,sport_diversity,37,3,False,False,False,142.39,142.3902439098523,0.447704,False
E3,sport_diversity,37,4,False,False,False,142.39,142.3902439098523,0.735699,False
E3,sport_diversity,37,5,True,False,True,142.39,,0.683636,False
E3,sport_diversity,37,6,True,False,True,142.39,,0.61636,False
E3,sport_diversity,37,7,True,False,True,142.39,,0.698765,False
E3,sport_facility,37,3,False,False,False,98.3125,98.31249998583469,0.42033,False
E3,sport_facility,37,4,False,False,False,98.3125,98.31249998583469,0.415496,False
E3,sport_facility,37,5,False,False,False,98.3125,98.31249998583469,0.421053,False
E3,sport_facility,37,6,False,False,True,98.3125,98.31249998583469,0.541235,False
E3,sport_facility,37,7,False,False,True,402.739,402.7391304718603,0.559605,False
E3,sport_coverage,38,3,False,False,True,1.0,1.0,1.0,False
E3,sport_coverage,38,4,False,False,True,4.80327,4.8032738990406845,0.886573,False
E3,sport_coverage,38,5,True,False,True,4.80327,,0.795821,False
E3,sport_coverage,38,6,True,False,True,95.3191,,0.741436,False
E3,sport_coverage,38,7,True,False,True,95.3191,,0.758419,False
E3,sport_diversity,38,3,False,False,True,6.0512,6.051196421990572,0.554622,False
E3,sport_diversity,38,4,True,False,True,6.0512,,0.467318,False
E3,sport_diversity,38,5,True,False,True,6.0512,,0.483591,False
E3,sport_diversity,38,6,True,False,True,8.2877,,0.473434,False
E3,sport_diversity,38,7,True,False,True,8.2877,,0.497472,False
E3,sport_facility,38,3,False,False,True,6.0512,6.051196421990572,0.808989,False
E3,sport_facility,38,4,True,False,True,6.0512,,0.68287,False
E3,sport_facility,38,5,True,False,True,6.0512,,0.659123,False
E3,sport_facility,38,6,True,False,True,10.495,,0.626197,False
E3,sport_facility,38,7,True,False,True,10.495,,0.615446,False
E3,sport_coverage,39,3,False,False,True,1.07845,1.0784539473584964,1.0,False
E3,sport_coverage,39,4,True,False,True,1.07845,,0.872753,False
E3,sport_coverage,39,5,True,False,True,1.07845,,0.855,False
E3,sport_coverage,39,6,True,False,True,1.07845,,0.85084,False
E3,sport_diversity,39,3,False,False,False,7.11111,7.1111111110068155,0.709842,False
E3,sport_diversity,39,4,True,False,True,7.11111,,0.644444,False
E3,sport_diversity,39,5,True,False,True,7.11111,,0.781308,False
E3,sport_diversity,39,6,True,False,True,7.11111,,0.776596,False
E3,sport_facility,39,3,False,False,False,6.17647,6.176470587875605,0.743377,False
E3,sport_facility,39,4,False,False,True,6.33863,6.338631464543057,0.727599,False
E3,sport_facility,39,5,True,False,True,6.33863,,0.738279,False
E3,sport_facility,39,6,True,False,True,6.33863,,0.760309,False
E3,sport_coverage,40,3,False,False,False,2.08622,2.0862177471978445,0.776934,False
E3,sport_coverage,40,4,False,False,False,2.08622,2.0862177471978445,0.849326,False
E3,sport_coverage,40,5,False,False,True,2.08622,2.0862177471978445,0.870903,False
E3,sport_coverage,40,6,False,False,True,3.96588,3.965878165448603,0.829428,False
E3,sport_coverage,40,7,False,False,True,3.96588,3.965878165448603,0.840863,False
E3,sport_diversity,40,3,False,False,False,4.40677,4.40676981389298,0.595883,False
E3,sport_diversity,40,4,False,False,False,4.40677,4.40676981389298,0.547122,False
E3,sport_diversity,40,5,False,False,False,10.3365,10.336546499807582,0.502549,False
E3,sport_diversity,40,6,False,False,False,10.3365,10.336546499807582,0.487221,False
E3,sport_diversity,40,7,False,False,False,18.6892,18.689150030306603,0.465299,False
E3,sport_facility,40,3,False,False,False,4.51126,4.511256919108528,0.645295,False
E3,sport_facility,40,4,False,False,False,4.51126,4.511256919108528,0.590917,False
E3,sport_facility,40,5,False,False,False,19.3138,19.31382534992532,0.531665,False
E3,sport_facility,40,6,False,False,False,19.3138,19.31382534992532,0.50508,False
E3,sport_facility,40,7,False,False,False,19.3138,19.31382534992532,0.554254,False
E3,sport_coverage,41,3,True,False,True,15.1801,,0.611912,False
E3,sport_coverage,41,4,True,False,True,15.1801,,0.53913,False
E3,sport_coverage,41,5,True,False,True,15.1801,,0.659844,False
E3,sport_coverage,41,6,True,False,True,15.1801,,0.668148,False
E3,sport_coverage,41,7,True,False,True,15.1801,,0.677639,False
E3,sport_diversity,41,3,False,False,True,4.95629,4.956287384591647,0.860057,False
E3,sport_diversity,41,4,True,False,True,4.95629,,0.744898,False
E3,sport_diversity,41,5,True,False,True,4.95629,,0.854378,False
E3,sport_diversity,41,6,True,False,True,4.95629,,0.952381,False
E3,sport_diversity,41,7,True,False,True,4.95629,,0.955823,False
E3,sport_facility,41,3,False,False,True,5.2737,5.273704790040344,0.846876,False
E3,sport_facility,41,4,True,False,True,5.2737,,0.755556,False
E3,sport_facility,41,5,True,False,True,5.2737,,0.727662,False
E3,sport_facility,41,6,True,False,True,5.2737,,0.743379,False
E3,sport_facility,41,7,True,False,True,5.2737,,0.721212,False
E3,sport_coverage,42,3,False,False,True,24.5493,24.549278844602156,0.868499,False
E3,sport_coverage,42,4,True,False,True,24.5493,,0.776786,False
E3,sport_coverage,42,5,True,False,True,24.5493,,0.703078,False
E3,sport_coverage,42,6,True,False,True,24.5493,,0.699248,False
E3,sport_coverage,42,7,True,False,True,24.5493,,0.717905,False
E3,sport_diversity,42,3,True,False,True,1.2546,,0.81001,False
E3,sport_diversity,42,4,True,False,True,1.34573,,0.857143,False
E3,sport_diversity,42,5,True,False,True,1.34573,,0.786854,False
E3,sport_diversity,42,6,True,False,True,1.34573,,0.735986,False
E3,sport_diversity,42,7,True,False,True,1.34573,,0.718101,False
E3,sport_facility,42,3,True,False,True,1.0,,0.857277,False
E3,sport_facility,42,4,True,False,True,1.0,,0.772665,False
E3,sport_facility,42,5,True,False,True,1.0,,0.746329,False
E3,sport_facility,42,6,True,False,True,1.75986,,0.802416,False
E3,sport_facility,42,7,True,False,True,1.75986,,0.82846,False
E3,sport_coverage,43,3,False,False,True,1.93615,1.936151397374082,0.862637,False
E3,sport_coverage,43,4,False,False,True,1.93615,1.936151397374082,0.866271,False
E3,sport_coverage,43,5,True,False,True,1.93615,,0.748429,False
E3,sport_coverage,43,6,True,False,True,1.93615,,0.672404,False
E3,sport_coverage,43,7,True,False,True,1.93615,,0.629643,False
E3,sport_diversity,43,3,False,False,False,38.3737,38.3736836782157,0.522071,False
E3,sport_diversity,43,4,False,False,False,38.3737,38.3736836782157,0.478344,False
E3,sport_diversity,43,5,False,False,True,38.3737,38.3736836782157,0.445565,False
E3,sport_diversity,43,6,True,False,True,38.3737,,0.407391,False
E3,sport_diversity,43,7,True,False,True,38.3737,,0.39871,False
E3,sport_facility,43,3,False,False,False,2.44114,2.441142934266751,0.730931,False
E3,sport_facility,43,4,False,False,True,14.3545,14.354500809617713,0.641191,False
E3,sport_facility,43,5,True,False,True,14.3545,,0.567613,False
E3,sport_facility,43,6,True,False,True,234.592,,0.520487,False
E3,sport_facility,43,7,True,False,True,234.592,,0.601462,False
E3,sport_coverage,44,3,False,False,True,1.24034,1.2403421632878668,0.96652,False
E3,sport_coverage,44,4,True,False,True,1.24034,,0.818099,False
E3,sport_coverage,44,5,True,False,True,1.24034,,0.732176,False
E3,sport_coverage,44,6,True,False,True,77.7241,,0.707947,False
E3,sport_coverage,44,7,True,False,True,77.7241,,0.702576,False
E3,sport_diversity,44,3,False,False,False,8.11532,8.115316033498862,0.504638,False
E3,sport_diversity,44,4,False,False,True,8.11532,8.115316033498862,0.568425,False
E3,sport_diversity,44,5,False,False,True,11.7545,11.75451097862116,0.560269,False
E3,sport_diversity,44,6,False,False,True,11.7545,11.75451097862116,0.67377,False
E3,sport_diversity,44,7,True,False,True,11.7545,,0.652012,False
E3,sport_facility,44,3,True,False,True,1.62137,,0.6356,False
E3,sport_facility,44,4,True,False,True,13.2051,,0.59086,False
E3,sport_facility,44,5,True,False,True,13.2051,,0.561039,False
E3,sport_facility,44,6,True,False,True,13.2051,,0.556593,False
E3,sport_facility,44,7,True,False,True,13.2051,,0.562431,False
E3,sport_coverage,45,3,True,False,True,1.0,,0.788742,False
E3,sport_coverage,45,4,True,False,True,50.8947,,0.685837,False
E3,sport_coverage,45,5,True,False,True,50.8947,,0.74899,False
E3,sport_coverage,45,6,True,False,True,50.8947,,0.66879,False
E3,sport_coverage,45,7,True,False,True,50.8947,,0.745139,False
E3,sport_diversity,45,3,False,False,False,3.98361,3.983606557825205,0.582891,False
E3,sport_diversity,45,4,False,False,True,3.98361,3.983606557825205,0.701075,False
E3,sport_diversity,45,5,False,False,True,3.98361,3.983606557825205,0.790432,False
E3,sport_diversity,45,6,True,False,True,3.98361,,0.705455,False
E3,sport_diversity,45,7,True,False,True,3.98361,,0.718845,False
E3,sport_facility,45,3,False,False,False,5.16594,5.165938864256191,0.433047,False
E3,sport_facility,45,4,False,False,False,29.2941,29.294117647829292,0.385417,False
E3,sport_facility,45,5,False,False,False,29.2941,29.294117647829292,0.389213,False
E3,sport_facility,45,6,False,False,False,29.2941,29.294117647829292,0.381323,False
E3,sport_facility,45,7,False,False,False,29.2941,29.294117647829292,0.409524,False
E3,sport_coverage,46,3,False,False,True,9.10225,9.102254428327171,0.747476,False
E3,sport_coverage,46,4,True,False,True,9.10225,,0.684354,False
E3,sport_coverage,46,5,True,False,True,9.10225,,0.777418,False
E3,sport_coverage,46,6,True,False,True,9.10225,,0.765473,False
E3,sport_coverage,46,7,True,False,True,9.10225,,0.781753,False
E3,sport_diversity,46,3,False,False,True,4.0468,4.046798029342189,0.785304,False
E3,sport_diversity,46,4,False,False,True,4.0468,4.046798029342189,0.855491,False
E3,sport_diversity,46,5,True,False,True,4.0468,,0.798447,False
E3,sport_diversity,46,6,True,False,True,4.0468,,0.800112,False
E3,sport_diversity,46,7,True,False,True,4.0468,,0.846842,False
E3,sport_facility,46,3,False,False,False,6.34112,6.341116673666094,0.502222,False
E3,sport_facility,46,4,True,False,True,6.34112,,0.478824,False
E3,sport_facility,46,5,True,False,True,6.34112,,0.638509,False
E3,sport_facility,46,6,True,False,True,6.34112,,0.673335,False
E3,sport_facility,46,7,True,False,True,6.34112,,0.862745,False
E3,sport_coverage,47,3,False,False,True,1.5332,1.5331959705227955,0.728921,False
E3,sport_coverage,47,4,True,False,True,1.5332,,0.663819,False
E3,sport_coverage,47,5,True,False,True,1.5332,,0.732308,False
E3,sport_coverage,47,6,True,False,True,1.5332,,0.774693,False
E3,sport_coverage,47,7,True,False,True,1.5332,,0.829628,False
E3,sport_diversity,47,3,False,False,True,27.2498,27.249781651056015,0.729106,False
E3,sport_diversity,47,4,False,False,True,27.2498,27.249781651056015,0.707547,False
E3,sport_diversity,47,5,False,False,True,27.2498,27.249781651056015,0.786141,False
E3,sport_diversity,47,6,True,False,True,27.2498,,0.736261,False
E3,sport_diversity,47,7,True,False,True,27.2498,,0.764463,False
E3,sport_facility,47,3,False,False,True,27.2498,27.249781651056015,0.729106,False
E3,sport_facility,47,4,False,False,True,27.2498,27.249781651056015,0.673939,False
E3,sport_facility,47,5,True,False,True,27.2498,,0.631944,False
E3,sport_facility,47,6,True,False,True,28.2152,,0.631009,False
E3,sport_facility,47,7,True,False,True,28.2152,,0.785644,False
E3,sport_coverage,48,3,False,False,True,2.96866,2.968663008204057,0.88898,False
E3,sport_coverage,48,4,False,False,True,9.61271,9.612707534676199,0.803453,False
E3,sport_coverage,48,5,False,False,True,9.61271,9.612707534676199,0.806658,False
E3,sport_coverage,48,6,True,False,True,9.61271,,0.763427,False
E3,sport_coverage,48,7,True,False,True,9.61271,,0.71066,False
E3,sport_diversity,48,3,False,False,False,17.0302,17.03024251634122,0.611325,False
E3,sport_diversity,48,4,True,False,True,17.0302,,0.543512,False
E3,sport_diversity,48,5,True,False,True,17.0302,,0.677613,False
E3,sport_diversity,48,6,True,False,True,17.0302,,0.667532,False
E3,sport_diversity,48,7,True,False,True,17.0302,,0.6331,False
E3,sport_facility,48,3,False,False,False,301.78,301.7802198125567,0.58701,False
E3,sport_facility,48,4,False,False,False,301.78,301.7802198125567,0.543512,False
E3,sport_facility,48,5,False,False,False,301.78,301.7802198125567,0.677613,False
E3,sport_facility,48,6,True,False,True,301.78,,0.626358,False
E3,sport_facility,48,7,True,False,True,301.78,,0.640082,False
E3,sport_coverage,49,3,False,False,False,1.68527,1.6852666844823083,0.87799,False
E3,sport_coverage,49,4,False,False,True,1.68527,1.6852666844823083,0.895669,False
E3,sport_coverage,49,5,False,False,True,1.68527,1.6852666844823083,0.900826,False
E3,sport_coverage,49,6,True,False,True,1.68527,,0.818264,False
E3,sport_coverage,49,7,True,False,True,1.68527,,0.751554,False
E3,sport_diversity,49,3,False,False,False,5.92131,5.921311910830136,0.647435,False
E3,sport_diversity,49,4,False,False,True,5.92131,5.921311910830136,0.715195,False
E3,sport_diversity,49,5,False,False,True,5.92131,5.921311910830136,0.733298,False
E3,sport_diversity,49,6,True,False,True,5.92131,,0.673111,False
E3,sport_diversity,49,7,True,False,True,18.5921,,0.646167,False
E3,sport_facility,49,3,False,False,False,5.20495,5.204954074006339,0.653883,False
E3,sport_facility,49,4,False,False,False,43.2778,43.277832522145125,0.577923,False
E3,sport_facility,49,5,False,False,True,43.2778,43.277832522145125,0.623201,False
E3,sport_facility,49,6,False,False,True,43.2778,43.277832522145125,0.585551,False
E3,sport_facility,49,7,False,False,True,43.2778,43.277832522145125,0.562975,False
E3,sport_coverage,50,3,False,False,True,14.6682,14.668224302949941,0.551698,False
E3,sport_coverage,50,4,True,False,True,14.6682,,0.471238,False
E3,sport_coverage,50,5,True,False,True,14.6682,,0.466164,False
E3,sport_coverage,50,6,True,False,True,14.6682,,0.558304,False
E3,sport_coverage,50,7,True,False,True,14.6682,,0.571753,False
E3,sport_diversity,50,3,False,False,True,22.1309,22.13094285100267,0.574317,False
E3,sport_diversity,50,4,False,False,True,22.1309,22.13094285100267,0.635289,False
E3,sport_diversity,50,5,True,False,True,22.1309,,0.546908,False
E3,sport_diversity,50,6,True,False,True,22.1309,,0.59542,False
E3,sport_diversity,50,7,True,False,True,22.1309,,0.585366,False
E3,sport_facility,50,3,False,False,True,11.9805,11.980519481312616,0.703196,False
E3,sport_facility,50,4,False,False,True,11.9805,11.980519481312616,0.691655,False
E3,sport_facility,50,5,False,False,True,61.5982,61.59821864127799,0.62898,False
E3,sport_facility,50,6,True,False,True,61.5982,,0.580913,False
E3,sport_facility,50,7,True,False,True,61.5982,,0.573977,False
E3,sport_coverage,51,3,False,False,False,2.15721,2.157210402600256,0.751234,False
E3,sport_coverage,51,4,False,False,True,254.482,254.48217058027384,0.647799,False
E3,sport_coverage,51,5,False,False,True,254.482,254.48217058027384,0.695565,False
E3,sport_coverage,51,6,True,False,True,254.482,,0.629921,False
E3,sport_coverage,51,7,True,False,True,254.482,,0.73372,False
E3,sport_diversity,51,3,False,False,False,7.92604,7.926038884463735,0.434805,False
E3,sport_diversity,51,4,False,False,False,7.92604,7.926038884463735,0.418399,False
E3,sport_diversity,51,5,False,False,True,7.92604,7.926038884463735,0.581315,False
E3,sport_diversity,51,6,False,False,True,7.92604,7.926038884463735,0.617391,False
E3,sport_diversity,51,7,False,False,True,7.92604,7.926038884463735,0.727181,False
E3,sport_facility,51,3,False,False,False,6.19123,6.191228413445253,0.567255,False
E3,sport_facility,51,4,True,False,True,6.19123,,0.481254,False
E3,sport_facility,51,5,True,False,True,6.19123,,0.541224,False
E3,sport_facility,51,6,True,False,True,71.8936,,0.516129,False
E3,sport_facility,51,7,True,False,True,71.8936,,0.533855,False
E3,sport_coverage,52,3,False,False,True,1.364,1.3639984071476814,0.904782,False
E3,sport_coverage,52,4,True,False,True,1.364,,0.889496,False
E3,sport_diversity,52,3,False,False,True,5.37634,5.376344086,0.707339,False
E3,sport_diversity,52,4,True,False,True,5.37634,,0.696466,False
E3,sport_facility,52,3,False,False,True,5.37634,5.376344086,0.715564,False
E3,sport_facility,52,4,True,False,True,5.37634,,0.704077,False
E3,sport_coverage,53,3,False,False,True,1.40878,1.408783783880767,1.0,False
E3,sport_coverage,53,4,True,False,True,1.40878,,0.914439,False
E3,sport_coverage,53,5,True,False,True,1.40878,,0.898551,False
E3,sport_coverage,53,6,True,False,True,1.40878,,0.903509,False
E3,sport_diversity,53,3,True,False,True,1.76217,,0.74026,False
E3,sport_diversity,53,4,True,False,True,1.76217,,0.710428,False
E3,sport_diversity,53,5,True,False,True,1.76217,,0.701019,False
E3,sport_diversity,53,6,True,False,True,1.76217,,0.756988,False
E3,sport_facility,53,3,True,False,True,1.76217,,0.74026,False
E3,sport_facility,53,4,True,False,True,1.76217,,0.710428,False
E3,sport_facility,53,5,True,False,True,1.76217,,0.701019,False
E3,sport_facility,53,6,True,False,True,1.76217,,0.712405,False
E3,sport_coverage,54,3,False,False,True,1.40046,1.4004612523097482,0.948435,False
E3,sport_coverage,54,4,True,False,True,1.40046,,0.796817,False
E3,sport_coverage,54,5,True,False,True,1.40046,,0.709232,False
E3,sport_coverage,54,6,True,False,True,1.40046,,0.764488,False
E3,sport_coverage,54,7,True,False,True,1.40046,,0.812128,False
E3,sport_diversity,54,3,False,False,True,1.47889,1.478894535726085,0.880655,False
E3,sport_diversity,54,4,False,False,True,1.47889,1.478894535726085,0.950464,False
E3,sport_diversity,54,5,True,False,True,1.47889,,0.846874,False
E3,sport_diversity,54,6,True,False,True,5.74795,,0.829942,False
E3,sport_diversity,54,7,True,False,True,5.74795,,0.771257,False
E3,sport_facility,54,3,False,False,True,2.75825,2.7582465234173315,0.885049,False
E3,sport_facility,54,4,True,False,True,2.75825,,0.764854,False
E3,sport_facility,54,5,True,False,True,2.75825,,0.696527,False
E3,sport_facility,54,6,True,False,True,2.75825,,0.762286,False
E3,sport_facility,54,7,True,False,True,36.1054,,0.748599,False
E3,sport_coverage,55,3,True,False,True,1.0,,0.768627,False
E3,sport_coverage,55,4,True,False,True,1.0,,0.644689,True
E3,sport_coverage,55,5,True,False,True,1.0,,0.733319,False
E3,sport_coverage,55,6,True,False,True,1.0,,0.751837,False
E3,sport_coverage,55,7,True,False,True,1.0,,0.749619,False
E3,sport_diversity,55,3,True,False,True,1.15842,,0.768627,False
E3,sport_diversity,55,4,True,False,True,1.15842,,0.699187,False
E3,sport_diversity,55,5,True,False,True,1.29304,,0.785776,False
E3,sport_diversity,55,6,True,False,True,1.29304,,0.796361,False
E3,sport_diversity,55,7,True,False,True,1.29304,,0.781421,False
E3,sport_facility,55,3,True,False,True,14.0095,,0.663931,False
E3,sport_facility,55,4,True,False,True,14.0095,,0.604255,False
E3,sport_facility,55,5,True,False,True,14.0095,,0.612305,False
E3,sport_facility,55,6,True,False,True,14.0095,,0.708003,False
E3,sport_facility,55,7,True,False,True,14.0095,,0.840094,False
E3,sport_coverage,56,3,False,False,True,1.27155,1.2715517241815273,1.0,False
E3,sport_coverage,56,4,True,False,True,1.27155,,0.9,False
E3,sport_diversity,56,3,False,False,False,25.3905,25.39052288382845,0.875137,False
E3,sport_diversity,56,4,True,False,True,25.3905,,0.789314,False
E3,sport_facility,56,3,False,False,False,25.3905,25.39052288382845,0.744998,False
E3,sport_facility,56,4,True,False,True,25.3905,,0.740741,False
E3,sport_coverage,57,3,False,False,False,1.06657,1.0665673076152038,0.999301,False
E3,sport_coverage,57,4,False,False,False,2.55793,2.5579290719725245,0.890912,False
E3,sport_coverage,57,5,False,False,True,2.55793,2.5579290719725245,0.887135,False
E3,sport_coverage,57,6,False,False,True,3.28166,3.281659909822249,0.835587,False
E3,sport_coverage,57,7,True,False,True,3.28166,,0.771707,False
E3,sport_diversity,57,3,False,False,False,7.41176,7.4117560659271255,0.66606,False
E3,sport_diversity,57,4,False,False,False,8.15717,8.15717032716509,0.576408,False
E3,sport_diversity,57,5,False,False,False,8.15717,8.15717032716509,0.598089,False
E3,sport_diversity,57,6,False,False,False,8.15717,8.15717032716509,0.563175,False
E3,sport_diversity,57,7,False,False,False,8.90933,8.90932614601417,0.53741,False
E3,sport_facility,57,3,False,False,False,1.06799,1.067992932601945,0.990493,False
E3,sport_facility,57,4,False,False,True,9.60701,9.607009342723515,0.833571,False
E3,sport_facility,57,5,False,False,True,128.472,128.47189129648305,0.728839,False
E3,sport_facility,57,6,False,False,True,128.472,128.47189129648305,0.783415,False
E3,sport_facility,57,7,True,False,True,128.472,,0.719342,False
E3,sport_coverage,58,3,False,False,False,2.12321,2.1232097151720635,0.888695,False
E3,sport_coverage,58,4,False,False,True,4.51674,4.516736240027668,0.797014,False
E3,sport_coverage,58,5,False,False,True,4.51674,4.516736240027668,0.805679,False
E3,sport_coverage,58,6,False,False,True,4.51674,4.516736240027668,0.774518,False
E3,sport_coverage,58,7,False,False,True,4.51674,4.516736240027668,0.738035,False
E3,sport_diversity,58,3,False,False,False,7.05857,7.058569262307092,0.543683,False
E3,sport_diversity,58,4,False,False,False,11.6628,11.662760108777658,0.501141,False
E3,sport_diversity,58,5,False,False,False,12.4702,12.470229888318112,0.47254,False
E3,sport_diversity,58,6,False,False,False,20.2949,20.29494293406624,0.444718,False
E3,sport_diversity,58,7,False,False,False,20.2949,20.29494293406624,0.432984,False
E3,sport_facility,58,3,False,False,True,2.78422,2.784223558608843,0.9152,False
E3,sport_facility,58,4,False,False,True,2.78422,2.784223558608843,0.922886,False
E3,sport_facility,58,5,False,False,True,10.5277,10.527687296781,0.834353,False
E3,sport_facility,58,6,False,False,True,10.5277,10.527687296781,0.850126,False
E3,sport_facility,58,7,False,False,True,12.2712,12.271215920740907,0.793832,False
E3,sport_coverage,59,3,False,False,True,1.50802,1.5080217227984913,0.776774,False
E3,sport_coverage,59,4,False,False,True,1.50802,1.5080217227984913,0.842757,False
E3,sport_coverage,59,5,False,False,True,1.50802,1.5080217227984913,0.879082,False
E3,sport_coverage,59,6,False,False,True,1.50802,1.5080217227984913,0.880398,False
E3,sport_coverage,59,7,False,False,True,1.50802,1.5080217227984913,0.902452,False
E3,sport_diversity,59,3,False,False,False,3.75564,3.7556427868740383,0.610401,False
E3,sport_diversity,59,4,False,False,False,3.75564,3.7556427868740383,0.726728,False
E3,sport_diversity,59,5,False,False,False,3.75564,3.7556427868740383,0.800215,False
E3,sport_diversity,59,6,False,False,True,16.0437,16.043650793656052,0.722812,False
E3,sport_diversity,59,7,False,False,True,16.7576,16.75757575834175,0.666039,False
E3,sport_facility,59,3,False,False,False,1.45356,1.4535576583984353,0.743919,False
E3,sport_facility,59,4,False,False,True,1.45356,1.4535576583984353,0.763907,False
E3,sport_facility,59,5,False,False,True,1.45356,1.4535576583984353,0.770996,False
E3,sport_facility,59,6,True,False,True,1.45356,,0.676192,False
E3,sport_facility,59,7,True,False,True,1.45356,,0.735043,False
E3,sport_coverage,60,3,False,False,True,1.07013,1.0701286095858542,0.985163,False
E3,sport_coverage,60,4,False,False,True,1.07013,1.0701286095858542,0.989342,False
E3,sport_coverage,60,5,True,False,True,1.07013,,0.840096,False
E3,sport_coverage,60,6,True,False,True,1.07013,,0.745369,False
E3,sport_coverage,60,7,True,False,True,81.8362,,0.698489,False
E3,sport_diversity,60,3,False,False,True,1.07013,1.0701286095858542,0.985163,False
E3,sport_diversity,60,4,True,False,True,1.07013,,0.830686,False
E3,sport_diversity,60,5,True,False,True,1.07013,,0.881174,False
E3,sport_diversity,60,6,True,False,True,1.07013,,0.803501,False
E3,sport_diversity,60,7,True,False,True,1.34257,,0.819843,False
E3,sport_facility,60,3,False,False,True,1.07013,1.0701286095858542,0.985163,False
E3,sport_facility,60,4,True,False,True,1.07013,,0.830686,False
E3,sport_facility,60,5,True,False,True,1.07013,,0.881174,False
E3,sport_facility,60,6,True,False,True,1.07013,,0.796027,False
E3,sport_facility,60,7,True,False,True,1.07013,,0.728616,False
E3,sport_coverage,61,3,False,False,False,1.71033,1.710328102831499,0.885014,False
E3,sport_coverage,61,4,False,False,True,1.71033,1.710328102831499,0.909616,False
E3,sport_coverage,61,5,False,False,True,3.27025,3.2702461273644334,0.833026,False
E3,sport_coverage,61,6,False,False,True,3.27025,3.2702461273644334,0.85,False
E3,sport_coverage,61,7,False,False,True,5.72859,5.728587962145523,0.797896,False
E3,sport_diversity,61,3,False,False,False,1.47121,1.4712098770186823,0.858604,False
E3,sport_diversity,61,4,False,False,False,14.7618,14.761802623774614,0.722913,False
E3,sport_diversity,61,5,False,False,False,14.7618,14.761802623774614,0.643071,False
E3,sport_diversity,61,6,False,False,False,30.6616,30.66158762579806,0.583799,False
E3,sport_diversity,61,7,False,False,False,30.6616,30.66158762579806,0.659337,False
E3,sport_facility,61,3,False,False,False,3.56084,3.560842238347482,0.572637,False
E3,sport_facility,61,4,False,False,False,3.56084,3.560842238347482,0.752078,False
E3,sport_facility,61,5,True,False,True,3.56084,,0.652661,False
E3,sport_facility,61,6,True,False,True,3.56084,,0.712357,False
E3,sport_facility,61,7,True,False,True,19.8486,,0.661008,False
E3,sport_coverage,62,3,False,False,False,3.12181,3.1218058282957872,0.371217,False
E3,sport_coverage,62,4,False,False,False,3.12181,3.1218058282957872,0.501742,False
E3,sport_coverage,62,5,False,False,True,3.12181,3.1218058282957872,0.577778,False
E3,sport_coverage,62,6,True,False,True,3.12181,,0.562446,False
E3,sport_coverage,62,7,True,False,True,3.12181,,0.63587,False
E3,sport_diversity,62,3,False,False,True,3.64221,3.6422120495059658,0.738308,False
E3,sport_diversity,62,4,False,False,True,3.64221,3.6422120495059658,0.837968,False
E3,sport_diversity,62,5,True,False,True,3.64221,,0.73743,False
E3,sport_diversity,62,6,True,False,True,3.64221,,0.724468,False
E3,sport_diversity,62,7,True,False,True,3.64221,,0.701835,False
E3,sport_facility,62,3,False,False,True,3.64221,3.6422120495059658,0.738308,False
E3,sport_facility,62,4,True,False,True,3.64221,,0.597196,False
E3,sport_facility,62,5,True,False,True,3.64221,,0.549223,False
E3,sport_facility,62,6,True,False,True,3.64221,,0.541987,False
E3,sport_facility,62,7,True,False,True,3.64221,,0.554348,False
E3,sport_coverage,63,3,True,False,True,13.6775,,0.558515,False
E3,sport_coverage,63,4,True,False,True,13.6775,,0.626072,False
E3,sport_coverage,63,5,True,False,True,13.6775,,0.56488,False
E3,sport_coverage,63,6,True,False,True,13.6775,,0.527011,False
E3,sport_coverage,63,7,True,False,True,13.6775,,0.620232,False
E3,sport_diversity,63,3,False,False,True,20.938,20.937953990562782,0.59277,False
E3,sport_diversity,63,4,False,False,True,20.938,20.937953990562782,0.723401,False
E3,sport_diversity,63,5,True,False,True,20.938,,0.629086,False
E3,sport_diversity,63,6,True,False,True,20.938,,0.624772,False
E3,sport_diversity,63,7,True,False,True,20.938,,0.66901,False
E3,sport_facility,63,3,False,False,True,16.8445,16.84447571875025,0.741121,False
E3,sport_facility,63,4,False,False,True,16.8445,16.84447571875025,0.698934,False
E3,sport_facility,63,5,True,False,True,16.8445,,0.646399,False
E3,sport_facility,63,6,True,False,True,16.8445,,0.703676,False
E3,sport_facility,63,7,True,False,True,16.8445,,0.708573,False
E3,sport_coverage,64,3,False,False,True,21.1916,21.191614910990175,0.660871,False
E3,sport_coverage,64,4,False,False,True,21.1916,21.191614910990175,0.738448,False
E3,sport_coverage,64,5,True,False,True,21.1916,,0.690142,False
E3,sport_coverage,64,6,True,False,True,21.1916,,0.807073,False
E3,sport_coverage,64,7,True,False,True,21.1916,,0.814574,False
E3,sport_diversity,64,3,False,False,True,94.4254,94.42544497871083,0.728962,False
E3,sport_diversity,64,4,True,False,True,94.4254,,0.632426,False
E3,sport_diversity,64,5,True,False,True,94.4254,,0.605986,False
E3,sport_diversity,64,6,True,False,True,94.4254,,0.791231,False
E3,sport_diversity,64,7,True,False,True,94.4254,,0.933719,False
E3,sport_facility,64,3,True,False,True,52.8566,,0.501169,False
E3,sport_facility,64,4,True,False,True,96.2953,,0.444478,False
E3,sport_facility,64,5,True,False,True,96.2953,,0.476418,False
E3,sport_facility,64,6,True,False,True,96.2953,,0.563668,False
E3,sport_facility,64,7,True,False,True,96.2953,,0.742464,False
E3,sport_coverage,65,3,False,False,False,9.768,9.768003307225401,0.701149,False
E3,sport_coverage,65,4,False,False,True,9.768,9.768003307225401,0.798212,False
E3,sport_coverage,65,5,False,False,True,9.768,9.768003307225401,0.814446,False
E3,sport_coverage,65,6,False,False,True,9.768,9.768003307225401,0.854305,False
E3,sport_coverage,65,7,True,False,True,9.768,,0.809105,False
E3,sport_diversity,65,3,True,False,True,1.2813,,0.724804,False
E3,sport_diversity,65,4,True,False,True,7.50602,,0.667334,False
E3,sport_diversity,65,5,True,False,True,13.6196,,0.629846,False
E3,sport_diversity,65,6,True,False,True,13.6196,,0.661355,False
E3,sport_diversity,65,7,True,False,True,13.6196,,0.740757,False
E3,sport_facility,65,3,False,False,True,6.15718,6.1571815729604555,0.703653,False
E3,sport_facility,65,4,False,False,True,6.15718,6.1571815729604555,0.678295,False
E3,sport_facility,65,5,True,False,True,6.15718,,0.589536,False
E3,sport_facility,65,6,True,False,True,6.15718,,0.538462,False
E3,sport_facility,65,7,True,False,True,63.0235,,0.549864,False
E3,sport_coverage,66,3,False,False,False,1.03613,1.0361279178959975,0.990321,False
E3,sport_coverage,66,4,False,False,False,2.76041,2.760407816236273,0.872727,False
E3,sport_coverage,66,5,False,False,False,2.78596,2.785957726835989,0.801471,False
E3,sport_coverage,66,6,False,False,False,2.78596,2.785957726835989,0.837904,False
E3,sport_coverage,66,7,False,False,True,3.32385,3.3238480034119657,0.791444,False
E3,sport_diversity,66,3,False,False,False,3.43409,3.4340903994056893,0.628941,False
E3,sport_diversity,66,4,False,False,False,3.43409,3.4340903994056893,0.610367,False
E3,sport_diversity,66,5,False,False,False,3.43409,3.4340903994056893,0.693592,False
E3,sport_diversity,66,6,False,False,False,6.97105,6.971047686751859,0.631643,False
E3,sport_diversity,66,7,False,False,False,6.97105,6.971047686751859,0.590553,False
E3,sport_facility,66,3,False,False,False,2.28107,2.281067165923386,0.72903,False
E3,sport_facility,66,4,False,False,False,2.28107,2.281067165923386,0.804575,False
E3,sport_facility,66,5,False,False,False,2.28107,2.281067165923386,0.85021,False
E3,sport_facility,66,6,False,False,False,2.28107,2.281067165923386,0.875921,False
E3,sport_facility,66,7,True,False,True,2.28107,,0.792761,False
E3,sport_coverage,67,3,False,False,True,5.2346,5.2346041056052215,0.481928,False
E3,sport_coverage,67,4,True,False,True,5.2346,,0.410526,False
E3,sport_coverage,67,5,True,False,True,5.2346,,0.549794,False
E3,sport_coverage,67,6,True,False,True,5.2346,,0.657381,False
E3,sport_coverage,67,7,True,False,True,5.2346,,0.801587,False
E3,sport_diversity,67,3,False,False,True,1.04421,1.0442105262935262,1.0,False
E3,sport_diversity,67,4,True,False,True,1.04421,,0.765714,False
E3,sport_diversity,67,5,True,False,True,1.04421,,0.767421,False
E3,sport_diversity,67,6,True,False,True,1.04421,,0.89899,False
E3,sport_diversity,67,7,True,False,True,1.04421,,0.90991,False
E3,sport_facility,67,3,True,False,True,1.04421,,0.704403,False
E3,sport_facility,67,4,True,False,True,1.04421,,0.576471,True
E3,sport_facility,67,5,True,False,True,1.04421,,0.723798,False
E3,sport_facility,67,6,True,False,True,1.04421,,0.855769,False
E3,sport_facility,67,7,True,False,True,1.04421,,0.87069,False
E3,sport_coverage,68,3,False,False,True,3.92933,3.9293293710300543,0.758805,False
E3,sport_coverage,68,4,False,False,True,3.92933,3.9293293710300543,0.804651,False
E3,sport_coverage,68,5,False,False,True,3.92933,3.9293293710300543,0.856926,False
E3,sport_coverage,68,6,True,False,True,3.92933,,0.751143,False
E3,sport_coverage,68,7,True,False,True,3.92933,,0.677045,False
E3,sport_diversity,68,3,False,False,True,2.24183,2.2418300655396854,0.84945,False
E3,sport_diversity,68,4,False,False,True,2.24183,2.2418300655396854,0.83409,False
E3,sport_diversity,68,5,False,False,True,4.17192,4.171919770346331,0.769752,False
E3,sport_diversity,68,6,False,False,True,4.17192,4.171919770346331,0.779802,False
E3,sport_diversity,68,7,False,False,True,180.093,180.09254499475702,0.723654,False
E3,sport_facility,68,3,False,False,True,1.29105,1.2910539217508337,0.938639,False
E3,sport_facility,68,4,False,False,True,1.34931,1.3493072169335023,0.91284,False
E3,sport_facility,68,5,False,False,True,2.88889,2.8888888891130917,0.850715,False
E3,sport_facility,68,6,False,False,True,2.88889,2.8888888891130917,0.829187,False
E3,sport_facility,68,7,False,False,True,2.88889,2.8888888891130917,0.842518,False
E3,sport_coverage,69,3,False,False,False,1.35316,1.3531576692902627,0.912034,False
E3,sport_coverage,69,4,False,False,False,2.46768,2.4676757336674284,0.822941,False
E3,sport_coverage,69,5,False,False,False,3.46877,3.468773477564217,0.751275,False
E3,sport_coverage,69,6,False,False,False,3.46877,3.468773477564217,0.708146,False
E3,sport_coverage,69,7,False,False,True,3.46877,3.468773477564217,0.750762,False
E3,sport_diversity,69,3,False,False,False,5.98802,5.988018256290257,0.543965,False
E3,sport_diversity,69,4,False,False,False,5.98802,5.988018256290257,0.497765,False
E3,sport_diversity,69,5,False,False,False,5.98802,5.988018256290257,0.583313,False
E3,sport_diversity,69,6,False,False,False,5.98802,5.988018256290257,0.592323,False
E3,sport_diversity,69,7,False,False,False,6.37886,6.378862608663819,0.565517,False
E3,sport_facility,69,3,False,False,False,1.48815,1.4881458960893774,0.813034,False
E3,sport_facility,69,4,False,False,False,1.48815,1.4881458960893774,0.833215,False
E3,sport_facility,69,5,False,False,False,2.47877,2.478769948493656,0.789802,False
E3,sport_facility,69,6,True,False,True,2.47877,,0.708311,False
E3,sport_facility,69,7,True,False,True,18.3632,,0.656092,False
E3,sport_coverage,70,3,False,False,False,2.90919,2.909192258467332,0.840363,False
E3,sport_coverage,70,4,False,False,False,2.90919,2.909192258467332,0.888369,False
E3,sport_coverage,70,5,False,False,False,2.90919,2.909192258467332,0.912959,False
E3,sport_coverage,70,6,False,False,True,4.73864,4.738636362053952,0.851693,False
E3,sport_coverage,70,7,True,False,True,4.73864,,0.780235,False
E3,sport_diversity,70,3,False,False,False,5.43525,5.435254211846288,0.651094,False
E3,sport_diversity,70,4,False,False,False,5.43525,5.435254211846288,0.706707,False
E3,sport_diversity,70,5,False,False,False,5.43525,5.435254211846288,0.706577,False
E3,sport_diversity,70,6,False,False,False,5.43525,5.435254211846288,0.675974,False
E3,sport_diversity,70,7,False,False,False,17.9549,17.954924049635345,0.637464,False
E3,sport_facility,70,3,False,False,False,4.21457,4.214572508564959,0.668218,False
E3,sport_facility,70,4,False,False,False,4.21457,4.214572508564959,0.7868,False
E3,sport_facility,70,5,False,False,True,4.21457,4.214572508564959,0.809852,False
E3,sport_facility,70,6,False,False,True,4.21457,4.214572508564959,0.783941,False
E3,sport_facility,70,7,False,False,True,20.4828,20.4827784814223,0.736376,False
E3,sport_coverage,71,3,True,False,True,1.8959,,0.5992,False
E3,sport_coverage,71,4,True,False,True,1.8959,,0.675556,False
E3,sport_coverage,71,5,True,False,True,1.8959,,0.779706,False
E3,sport_coverage,71,6,True,False,True,1.8959,,0.727974,False
E3,sport_coverage,71,7,True,False,True,1.8959,,0.84,False
E3,sport_diversity,71,3,False,False,True,25.8929,25.892876759968363,0.61213,False
E3,sport_diversity,71,4,True,False,True,25.8929,,0.52381,False
E3,sport_diversity,71,5,True,False,True,25.8929,,0.656335,False
E3,sport_diversity,71,6,True,False,True,25.8929,,0.732477,False
E3,sport_diversity,71,7,True,False,True,25.8929,,0.884211,False
E3,sport_facility,71,3,True,False,True,1.8959,,0.5992,False
E3,sport_facility,71,4,True,False,True,1.8959,,0.527363,False
E3,sport_facility,71,5,True,False,True,1.8959,,0.526302,False
E3,sport_facility,71,6,True,False,True,1.8959,,0.623434,False
E3,sport_facility,71,7,True,False,True,1.8959,,0.629863,False
E3,sport_coverage,72,3,False,False,True,2.56312,2.5631205671139403,0.741758,False
E3,sport_coverage,72,4,False,False,True,2.56312,2.5631205671139403,0.767593,False
E3,sport_coverage,72,5,False,False,True,6.42985,6.429850928410371,0.699977,False
E3,sport_coverage,72,6,True,False,True,6.42985,,0.632833,False
E3,sport_coverage,72,7,True,False,True,6.42985,,0.574789,False
E3,sport_diversity,72,3,False,False,False,9.8179,9.817896611105022,0.643176,False
E3,sport_diversity,72,4,False,False,False,18.6088,18.608827542305256,0.560386,False
E3,sport_diversity,72,5,False,False,False,18.6088,18.608827542305256,0.548497,False
E3,sport_diversity,72,6,False,False,False,18.6088,18.608827542305256,0.544358,False
E3,sport_diversity,72,7,False,False,True,18.6088,18.608827542305256,0.653945,False
E3,sport_facility,72,3,False,False,False,3.71529,3.7152871923182493,0.783745,False
E3,sport_facility,72,4,False,False,True,8.83052,8.830520229374047,0.687747,False
E3,sport_facility,72,5,False,False,True,8.83052,8.830520229374047,0.633696,False
E3,sport_facility,72,6,False,False,True,8.83052,8.830520229374047,0.671889,False
E3,sport_facility,72,7,True,False,True,8.83052,,0.613462,False
E3,sport_coverage,73,3,False,False,True,8.24087,8.240872078220283,0.480159,False
E3,sport_coverage,73,4,False,False,True,8.24087,8.240872078220283,0.611853,False
E3,sport_coverage,73,5,True,False,True,8.24087,,0.564286,False
E3,sport_coverage,73,6,True,False,True,8.24087,,0.649601,False
E3,sport_coverage,73,7,True,False,True,8.24087,,0.666707,False
E3,sport_diversity,73,3,False,False,True,3.41615,3.416152263235119,0.606516,False
E3,sport_diversity,73,4,False,False,True,3.41615,3.416152263235119,0.638532,False
E3,sport_diversity,73,5,True,False,True,3.41615,,0.641082,False
E3,sport_diversity,73,6,True,False,True,3.41615,,0.652,False
E3,sport_diversity,73,7,True,False,True,21.0833,,0.682298,False
E3,sport_facility,73,3,False,False,True,54.9688,54.96879432989431,0.414781,False
E3,sport_facility,73,4,False,False,True,54.9688,54.96879432989431,0.403744,False
E3,sport_facility,73,5,False,False,True,54.9688,54.96879432989431,0.425046,False
E3,sport_facility,73,6,False,False,True,54.9688,54.96879432989431,0.611413,False
E3,sport_facility,73,7,True,False,True,54.9688,,0.573692,False
E3,sport_coverage,74,3,False,False,True,2.24,2.24,0.682927,False
E3,sport_coverage,74,4,True,False,True,2.24,,0.645311,False
E3,sport_diversity,74,3,False,False,True,9.14516,9.145161288544356,0.837209,False
E3,sport_diversity,74,4,True,False,True,9.14516,,0.710224,False
E3,sport_facility,74,3,False,False,True,31.0395,31.039490999406766,0.598425,False
E3,sport_facility,74,4,False,False,True,31.0395,31.039490999406766,0.774282,False
E3,sport_coverage,75,3,False,False,False,2.51489,2.514888008665629,0.835612,False
E3,sport_coverage,75,4,False,False,True,7.99895,7.998945326181229,0.731397,False
E3,sport_coverage,75,5,False,False,True,7.99895,7.998945326181229,0.711756,False
E3,sport_coverage,75,6,False,False,True,7.99895,7.998945326181229,0.66491,False
E3,sport_coverage,75,7,True,False,True,7.99895,,0.612243,False
E3,sport_diversity,75,3,False,False,False,5.00402,5.0040172470826585,0.609677,False
E3,sport_diversity,75,4,False,False,False,5.00402,5.0040172470826585,0.576132,False
E3,sport_diversity,75,5,False,False,False,340.695,340.69518400549777,0.517438,False
E3,sport_diversity,75,6,False,False,False,340.695,340.69518400549777,0.586903,False
E3,sport_diversity,75,7,False,False,True,340.695,340.69518400549777,0.63425,False
E3,sport_facility,75,3,False,False,False,2.51489,2.514888008665629,0.680024,False
E3,sport_facility,75,4,False,False,False,5.72297,5.72297256423245,0.612591,False
E3,sport_facility,75,5,False,False,True,5.72297,5.72297256423245,0.636613,False
E3,sport_facility,75,6,False,False,True,7.37706,7.377057583797008,0.601371,False
E3,sport_facility,75,7,False,False,True,7.37706,7.377057583797008,0.579499,False
E3,sport_coverage,76,3,False,False,True,3.47737,3.477366255146873,0.552657,False
E3,sport_coverage,76,4,False,False,True,3.47737,3.477366255146873,0.585859,False
E3,sport_coverage,76,5,True,False,True,3.47737,,0.543751,False
E3,sport_coverage,76,6,True,False,True,3.47737,,0.555077,False
E3,sport_coverage,76,7,True,False,True,3.47737,,0.66614,False
E3,sport_diversity,76,3,True,False,True,2.24079,,0.552657,False
E3,sport_diversity,76,4,True,False,True,2.24079,,0.454545,False
E3,sport_diversity,76,5,True,False,True,128.421,,0.465916,False
E3,sport_diversity,76,6,True,False,True,128.421,,0.575226,False
E3,sport_diversity,76,7,True,False,True,128.421,,0.6224,False
E3,sport_facility,76,3,True,False,True,2.24079,,0.527536,False
E3,sport_facility,76,4,True,False,True,2.24079,,0.425287,False
E3,sport_facility,76,5,True,False,True,2.24079,,0.554119,False
E3,sport_facility,76,6,True,False,True,2.24079,,0.590547,False
E3,sport_facility,76,7,True,False,True,2.24079,,0.592678,False
E3,sport_coverage,77,3,True,False,True,1.0,,0.492754,True
E3,sport_coverage,77,4,True,False,True,1.0,,0.506512,True
E3,sport_coverage,77,5,True,False,True,1.0,,0.698773,False
E3,sport_diversity,77,3,False,False,True,4.16173,4.161725955107529,0.48,False
E3,sport_diversity,77,4,False,False,True,4.16173,4.161725955107529,0.706712,False
E3,sport_diversity,77,5,False,False,True,4.16173,4.161725955107529,0.886905,False
E3,sport_facility,77,3,False,False,True,3.82418,3.824175824981633,0.672131,False
E3,sport_facility,77,4,True,False,True,3.82418,,0.608957,False
E3,sport_facility,77,5,True,False,True,3.82418,,0.609407,False
E3,sport_coverage,78,3,True,False,True,1.0,,0.823529,False
E3,sport_coverage,78,4,True,False,True,1.0,,0.775451,False
E3,sport_coverage,78,5,True,False,True,1.0,,0.791646,False
E3,sport_coverage,78,6,True,False,True,1.0,,0.820144,False
E3,sport_diversity,78,3,True,False,True,1.0,,0.637363,True
E3,sport_diversity,78,4,True,False,True,1.0,,0.637363,True
E3,sport_diversity,78,5,True,False,True,1.68092,,0.768746,False
E3,sport_diversity,78,6,True,False,True,1.68092,,0.798115,False
E3,sport_facility,78,3,True,False,True,1.0,,0.632184,True
E3,sport_facility,78,4,True,False,True,1.0,,0.797441,False
E3,sport_facility,78,5,True,False,True,1.0,,0.802296,False
E3,sport_facility,78,6,True,False,True,1.0,,0.820144,False
E3,sport_coverage,79,3,False,False,True,5.84293,5.842931938334292,0.754324,False
E3,sport_coverage,79,4,False,False,True,5.84293,5.842931938334292,0.843451,False
E3,sport_coverage,79,5,True,False,True,5.84293,,0.722433,False
E3,sport_coverage,79,6,True,False,True,5.84293,,0.815625,False
E3,sport_coverage,79,7,True,False,True,5.84293,,0.794262,False
E3,sport_diversity,79,3,False,False,True,117.131,117.13060157177212,0.738868,False
E3,sport_diversity,79,4,True,False,True,117.131,,0.621044,False
E3,sport_diversity,79,5,True,False,True,117.131,,0.576271,False
E3,sport_diversity,79,6,True,False,True,117.131,,0.569974,False
E3,sport_diversity,79,7,True,False,True,117.131,,0.671875,False
E3,sport_facility,79,3,True,False,True,1.224,,0.738868,False
E3,sport_facility,79,4,True,False,True,1.224,,0.638788,False
E3,sport_facility,79,5,True,False,True,1.31725,,0.715517,False
E3,sport_facility,79,6,True,False,True,1.31725,,0.684936,False
E3,sport_facility,79,7,True,False,True,1.31725,,0.700284,False
E3,sport_coverage,80,3,True,False,True,8.80842,,0.613292,False
E3,sport_coverage,80,4,True,False,True,8.80842,,0.570587,False
E3,sport_coverage,80,5,True,False,True,8.80842,,0.681101,False
E3,sport_coverage,80,6,True,False,True,8.80842,,0.664794,False
E3,sport_coverage,80,7,True,False,True,8.80842,,0.759013,False
E3,sport_diversity,80,3,False,False,True,14.6282,14.62817922842429,0.858021,False
E3,sport_diversity,80,4,True,False,True,14.6282,,0.705939,False
E3,sport_diversity,80,5,True,False,True,14.6282,,0.773329,False
E3,sport_diversity,80,6,True,False,True,14.6282,,0.807746,False
E3,sport_diversity,80,7,True,False,True,14.6282,,0.782245,False
E3,sport_facility,80,3,False,False,True,11.0288,11.028846539762194,0.691418,False
E3,sport_facility,80,4,False,False,True,36.9792,36.97916665048286,0.647356,False
E3,sport_facility,80,5,False,False,True,36.9792,36.97916665048286,0.742306,False
E3,sport_facility,80,6,True,False,True,36.9792,,0.720797,False
E3,sport_facility,80,7,True,False,True,36.9792,,0.826424,False
E3,sport_coverage,81,3,False,False,False,3.09161,3.091609756103761,0.705383,False
E3,sport_coverage,81,4,True,False,True,3.09161,,0.60621,False
E3,sport_coverage,81,5,True,False,True,3.09161,,0.642255,False
E3,sport_coverage,81,6,True,False,True,8.80567,,0.619566,False
E3,sport_coverage,81,7,True,False,True,8.80567,,0.613978,False
E3,sport_diversity,81,3,False,False,False,64.8165,64.81651376298137,0.502137,False
E3,sport_diversity,81,4,False,False,False,64.8165,64.81651376298137,0.626855,False
E3,sport_diversity,81,5,False,False,True,64.8165,64.81651376298137,0.758769,False
E3,sport_diversity,81,6,False,False,True,64.8165,64.81651376298137,0.786719,False
E3,sport_diversity,81,7,False,False,True,64.8165,64.81651376298137,0.850646,False
E3,sport_facility,81,3,False,False,True,263.947,263.94744127596925,0.700656,False
E3,sport_facility,81,4,False,False,True,263.947,263.94744127596925,0.614216,False
E3,sport_facility,81,5,False,False,True,263.947,263.94744127596925,0.57071,False
E3,sport_facility,81,6,False,False,True,263.947,263.94744127596925,0.649263,False
E3,sport_facility,81,7,True,False,True,263.947,,0.635738,False
E3,sport_coverage,82,3,False,False,False,1.86862,1.86862322410624,0.838215,False
E3,sport_coverage,82,4,False,False,False,1.86862,1.86862322410624,0.909542,False
E3,sport_coverage,82,5,True,False,True,1.86862,,0.803881,False
E3,sport_coverage,82,6,True,False,True,41.0824,,0.74083,False
E3,sport_coverage,82,7,True,False,True,41.0824,,0.732913,False
E3,sport_diversity,82,3,False,False,False,1.66334,1.663342830259296,0.838215,False
E3,sport_diversity,82,4,False,False,False,14.6558,14.655756258814959,0.7243,False
E3,sport_diversity,82,5,False,False,False,14.6558,14.655756258814959,0.759521,False
E3,sport_diversity,82,6,False,False,True,14.6558,14.655756258814959,0.835673,False
E3,sport_diversity,82,7,True,False,True,14.6558,,0.788034,False
E3,sport_facility,82,3,False,False,False,2.2176,2.2175995220560023,0.723985,False
E3,sport_facility,82,4,False,False,False,13.3363,13.336252292972235,0.630167,False
E3,sport_facility,82,5,False,False,False,13.3363,13.336252292972235,0.583727,False
E3,sport_facility,82,6,False,False,True,13.3363,13.336252292972235,0.666317,False
E3,sport_facility,82,7,False,False,True,13.3363,13.336252292972235,0.702164,False
E3,sport_coverage,83,3,False,False,True,2.20952,2.2095238090303493,0.634146,False
E3,sport_coverage,83,4,False,False,True,2.20952,2.2095238090303493,0.751381,False
E3,sport_diversity,83,3,False,False,True,47.2124,47.21238938368562,0.823529,False
E3,sport_diversity,83,4,True,False,True,47.2124,,0.64,False
E3,sport_facility,83,3,True,False,True,47.2124,,0.552381,False
E3,sport_facility,83,4,True,False,True,47.2124,,0.788903,False
E3,sport_coverage,84,3,False,False,True,1.364,1.3639984071476814,0.904782,False
E3,sport_coverage,84,4,True,False,True,1.364,,0.889496,False
E3,sport_diversity,84,3,False,False,True,5.37634,5.376344086,0.707339,False
E3,sport_diversity,84,4,True,False,True,5.37634,,0.696466,False
E3,sport_facility,84,3,False,False,True,5.37634,5.376344086,0.715564,False
E3,sport_facility,84,4,True,False,True,5.37634,,0.704077,False
E3,sport_coverage,85,3,True,False,True,1.0,,0.727273,False
E3,sport_coverage,85,4,True,False,True,1.0,,0.699894,False
E3,sport_coverage,85,5,True,False,True,1.0,,0.825137,False
E3,sport_coverage,85,6,True,False,True,1.0,,0.837563,False
E3,sport_diversity,85,3,True,False,True,16.7103,,0.440367,False
E3,sport_diversity,85,4,True,False,True,16.7103,,0.757488,False
E3,sport_diversity,85,5,True,False,True,16.7103,,0.949686,False
E3,sport_diversity,85,6,True,False,True,16.7103,,0.916667,False
E3,sport_facility,85,3,True,False,True,5.95534,,0.475248,False
E3,sport_facility,85,4,True,False,True,5.95534,,0.417391,False
E3,sport_facility,85,5,True,False,True,80.2282,,0.44083,False
E3,sport_facility,85,6,True,False,True,80.2282,,0.463315,False
E3,sport_coverage,86,3,False,False,True,6.02725,6.027247955608278,0.782123,False
E3,sport_coverage,86,4,False,False,True,6.02725,6.027247955608278,0.833216,False
E3,sport_coverage,86,5,True,False,True,6.02725,,0.742009,False
E3,sport_coverage,86,6,True,False,True,6.02725,,0.737153,False
E3,sport_coverage,86,7,True,False,True,6.02725,,0.817004,False
E3,sport_diversity,86,3,False,False,True,2.38815,2.388148148455526,0.931953,False
E3,sport_diversity,86,4,True,False,True,2.38815,,0.81028,False
E3,sport_diversity,86,5,True,False,True,2.38815,,0.699418,False
E3,sport_diversity,86,6,True,False,True,2.38815,,0.703876,False
E3,sport_diversity,86,7,True,False,True,2.38815,,0.788431,False
E3,sport_facility,86,3,False,False,False,8.90151,8.901510401766636,0.410448,False
E3,sport_facility,86,4,False,False,False,8.90151,8.901510401766636,0.419825,False
E3,sport_facility,86,5,False,False,False,47.5239,47.52393617896841,0.398904,False
E3,sport_facility,86,6,False,False,True,47.5239,47.52393617896841,0.504398,False
E3,sport_facility,86,7,False,False,True,47.5239,47.52393617896841,0.639241,False
E3,sport_coverage,87,3,True,False,True,1.51163,,0.79212,False
E3,sport_coverage,87,4,True,False,True,1.51163,,0.681931,False
E3,sport_coverage,87,5,True,False,True,1.51163,,0.798701,False
E3,sport_coverage,87,6,True,False,True,1.51163,,0.815975,False
E3,sport_coverage,87,7,True,False,True,1.51163,,0.823048,False
E3,sport_diversity,87,3,True,False,True,2.37574,,0.600527,False
E3,sport_diversity,87,4,True,False,True,2.37574,,0.529255,False
E3,sport_diversity,87,5,True,False,True,2.37574,,0.528351,False
E3,sport_diversity,87,6,True,False,True,2.37574,,0.818836,False
E3,sport_diversity,87,7,True,False,True,2.37574,,0.972,False
E3,sport_facility,87,3,False,False,True,57.103,57.103021976624724,0.634082,False
E3,sport_facility,87,4,False,False,True,57.103,57.103021976624724,0.641091,False
E3,sport_facility,87,5,True,False,True,57.103,,0.633393,False
E3,sport_facility,87,6,True,False,True,57.103,,0.625344,False
E3,sport_facility,87,7,True,False,True,57.103,,0.761233,False
E3,sport_coverage,88,3,False,False,False,1.68527,1.6852666844823083,0.87799,False
E3,sport_coverage,88,4,False,False,True,1.68527,1.6852666844823083,0.895669,False
E3,sport_coverage,88,5,False,False,True,1.68527,1.6852666844823083,0.900826,False
E3,sport_coverage,88,6,True,False,True,1.68527,,0.818264,False
E3,sport_coverage,88,7,True,False,True,1.68527,,0.751554,False
E3,sport_diversity,88,3,False,False,False,5.92131,5.921311910830136,0.647435,False
E3,sport_diversity,88,4,False,False,True,5.92131,5.921311910830136,0.715195,False
E3,sport_diversity,88,5,False,False,True,5.92131,5.921311910830136,0.794434,False
E3,sport_diversity,88,6,True,False,True,5.92131,,0.732588,False
E3,sport_diversity,88,7,True,False,True,5.92131,,0.762056,False
E3,sport_facility,88,3,False,False,False,5.20495,5.204954074006339,0.653883,False
E3,sport_facility,88,4,False,False,False,43.2778,43.277832522145125,0.577923,False
E3,sport_facility,88,5,False,False,True,43.2778,43.277832522145125,0.638804,False
E3,sport_facility,88,6,False,False,True,43.2778,43.277832522145125,0.675542,False
E3,sport_facility,88,7,True,False,True,43.2778,,0.642724,False
E3,sport_coverage,89,3,False,False,True,1.1088,1.108803986608531,0.980819,False
E3,sport_coverage,89,4,False,False,True,1.1088,1.108803986608531,1.0,False
E3,sport_coverage,89,5,True,False,True,1.1088,,0.900298,False
E3,sport_coverage,89,6,True,False,True,1.1088,,0.791444,False
E3,sport_coverage,89,7,True,False,True,1.1088,,0.747966,False
E3,sport_diversity,89,3,False,False,False,17.1636,17.163557212560193,0.531995,False
E3,sport_diversity,89,4,False,False,False,17.1636,17.163557212560193,0.697442,False
E3,sport_diversity,89,5,False,False,True,22.5716,22.571591761144408,0.657371,False
E3,sport_diversity,89,6,False,False,True,22.5716,22.571591761144408,0.632646,False
E3,sport_diversity,89,7,True,False,True,22.5716,,0.580091,False
E3,sport_facility,89,3,False,False,False,14.6508,14.650793657883288,0.535767,False
E3,sport_facility,89,4,False,False,False,497.267,497.2669173420546,0.47481,False
E3,sport_facility,89,5,False,False,False,497.267,497.2669173420546,0.490357,False
E3,sport_facility,89,6,False,False,False,497.267,497.2669173420546,0.603665,False
E3,sport_facility,89,7,True,False,True,497.267,,0.581182,False
E3,sport_coverage,90,3,True,False,True,1.23976,,0.674198,False
E3,sport_coverage,90,4,True,False,True,1.23976,,0.560702,True
E3,sport_coverage,90,5,True,False,True,1.23976,,0.493339,True
E3,sport_coverage,90,6,True,False,True,1.44143,,0.516168,True
E3,sport_coverage,90,7,True,False,True,1.44143,,0.562279,False
E3,sport_diversity,90,3,False,False,False,7.34297,7.342972815554346,0.478639,False
E3,sport_diversity,90,4,False,False,False,7.34297,7.342972815554346,0.510591,False
E3,sport_diversity,90,5,False,False,True,7.34297,7.342972815554346,0.558319,False
E3,sport_diversity,90,6,True,False,True,7.34297,,0.502886,False
E3,sport_diversity,90,7,True,False,True,7.34297,,0.472262,False
E3,sport_facility,90,3,False,False,False,7.34297,7.342972815554346,0.478639,False
E3,sport_facility,90,4,False,False,False,48.1509,48.150936580427604,0.4104,False
E3,sport_facility,90,5,False,False,False,48.1509,48.150936580427604,0.386867,False
E3,sport_facility,90,6,False,False,True,48.1509,48.150936580427604,0.373092,False
E3,sport_facility,90,7,False,False,True,48.1509,48.150936580427604,0.462274,False
E3,sport_coverage,91,3,True,False,True,1.0,,0.79031,False
E3,sport_coverage,91,4,True,False,True,1.0,,0.659284,True
E3,sport_coverage,91,5,True,False,True,18.7433,,0.616171,False
E3,sport_coverage,91,6,True,False,True,18.7433,,0.545455,False
E3,sport_coverage,91,7,True,False,True,18.7433,,0.520755,False
E3,sport_diversity,91,3,False,False,True,33.8025,33.80249480829499,0.546662,False
E3,sport_diversity,91,4,False,False,True,33.8025,33.80249480829499,0.592081,False
E3,sport_diversity,91,5,False,False,True,33.8025,33.80249480829499,0.683036,False
E3,sport_diversity,91,6,True,False,True,33.8025,,0.603636,False
E3,sport_diversity,91,7,True,False,True,33.8025,,0.603729,False
E3,sport_facility,91,3,True,False,True,1.11295,,0.763368,False
E3,sport_facility,91,4,True,False,True,1.11295,,0.642683,False
E3,sport_facility,91,5,True,False,True,1.11295,,0.562257,True
E3,sport_facility,91,6,True,False,True,1.11295,,0.630824,False
E3,sport_facility,91,7,True,False,True,1.11295,,0.602502,True
E3,sport_coverage,92,3,False,False,True,1.1661,1.166103331673238,0.970628,False
E3,sport_coverage,92,4,True,False,True,1.1661,,0.795435,False
E3,sport_coverage,92,5,True,False,True,1.1661,,0.673913,False
E3,sport_coverage,92,6,True,False,True,1.1661,,0.771852,False
E3,sport_coverage,92,7,True,False,True,1.1661,,0.849057,False
E3,sport_diversity,92,3,True,False,True,1.17356,,0.721053,False
E3,sport_diversity,92,4,True,False,True,1.37042,,0.799382,False
E3,sport_diversity,92,5,True,False,True,1.37042,,0.707317,False
E3,sport_diversity,92,6,True,False,True,42.3808,,0.722444,False
E3,sport_diversity,92,7,True,False,True,42.3808,,0.679119,False
E3,sport_facility,92,3,True,False,True,7.72656,,0.469172,False
E3,sport_facility,92,4,True,False,True,7.93007,,0.448492,False
E3,sport_facility,92,5,True,False,True,7.93007,,0.535433,False
E3,sport_facility,92,6,True,False,True,41.3578,,0.549969,False
E3,sport_facility,92,7,True,False,True,41.3578,,0.734394,False
E3,sport_coverage,93,3,False,False,False,2.19364,2.193638489421733,0.738575,False
E3,sport_coverage,93,4,False,False,False,2.19364,2.193638489421733,0.769408,False
E3,sport_coverage,93,5,False,False,True,2.19364,2.193638489421733,0.755105,False
E3,sport_coverage,93,6,False,False,True,2.19364,2.193638489421733,0.802454,False
E3,sport_coverage,93,7,False,False,True,6.55575,6.555749580765026,0.765048,False
E3,sport_diversity,93,3,False,False,False,1.48988,1.4898793159524681,0.87825,False
E3,sport_diversity,93,4,False,False,False,5.46962,5.469620740501827,0.775956,False
E3,sport_diversity,93,5,False,False,False,10.5546,10.554624219405428,0.699562,False
E3,sport_diversity,93,6,False,False,False,10.5546,10.554624219405428,0.682463,False
E3,sport_diversity,93,7,False,False,False,16.7545,16.754500605892538,0.646564,False
E3,sport_facility,93,3,False,False,False,4.29332,4.293320667679676,0.774871,False
E3,sport_facility,93,4,False,False,False,4.29332,4.293320667679676,0.770865,False
E3,sport_facility,93,5,False,False,False,11.5492,11.54921050441491,0.694433,False
E3,sport_facility,93,6,False,False,False,16.0566,16.05664774413122,0.647461,False
E3,sport_facility,93,7,False,False,False,16.0566,16.05664774413122,0.671717,False
E3,sport_coverage,94,3,True,False,True,1.0,,0.827245,False
E3,sport_coverage,94,4,True,False,True,1.0,,0.689904,False
E3,sport_coverage,94,5,True,False,True,1.29388,,0.699615,False
E3,sport_coverage,94,6,True,False,True,1.29388,,0.678198,False
E3,sport_coverage,94,7,True,False,True,1.29388,,0.77967,False
E3,sport_diversity,94,3,True,False,True,1.59724,,0.760563,False
E3,sport_diversity,94,4,True,False,True,1.59724,,0.857529,False
E3,sport_diversity,94,5,True,False,True,1.59724,,0.755102,False
E3,sport_diversity,94,6,True,False,True,1.59724,,0.755102,False
E3,sport_diversity,94,7,True,False,True,1.59724,,0.731195,False
E3,sport_facility,94,3,True,False,True,1.8017,,0.760563,False
E3,sport_facility,94,4,True,False,True,1.8017,,0.651838,False
E3,sport_facility,94,5,True,False,True,2.00292,,0.68309,False
E3,sport_facility,94,6,True,False,True,2.00292,,0.682177,False
E3,sport_facility,94,7,True,False,True,2.00292,,0.798864,False
E3,sport_coverage,95,3,False,False,True,2.4203,2.4203011002597825,0.71166,False
E3,sport_coverage,95,4,False,False,True,2.4203,2.4203011002597825,0.691754,False
E3,sport_coverage,95,5,False,False,True,2.4203,2.4203011002597825,0.744021,False
E3,sport_coverage,95,6,False,False,True,2.4203,2.4203011002597825,0.765649,False
E3,sport_coverage,95,7,True,False,True,2.4203,,0.706856,False
E3,sport_diversity,95,3,False,False,True,6.53142,6.5314235597536845,0.639493,False
E3,sport_diversity,95,4,False,False,True,3961.29,3961.285713967262,0.529904,False
E3,sport_diversity,95,5,True,False,True,3961.29,,0.459382,False
E3,sport_diversity,95,6,True,False,True,3961.29,,0.415709,False
E3,sport_diversity,95,7,True,False,True,3961.29,,0.55117,False
E3,sport_facility,95,3,True,False,True,1.87223,,0.582458,False
E3,sport_facility,95,4,True,False,True,1.87223,,0.681615,False
E3,sport_facility,95,5,True,False,True,1.87223,,0.594891,False
E3,sport_facility,95,6,True,False,True,2.92022,,0.600168,False
E3,sport_facility,95,7,True,False,True,2.92022,,0.556938,False
E3,sport_coverage,96,3,False,False,True,1.30069,1.3006920414816854,0.928354,False
E3,sport_coverage,96,4,False,False,True,1.30069,1.3006920414816854,1.0,False
E3,sport_coverage,96,5,True,False,True,1.30069,,0.9375,False
E3,sport_coverage,96,6,True,False,True,1.30069,,0.90303,False
E3,sport_coverage,96,7,True,False,True,1.30069,,0.893983,False
E3,sport_diversity,96,3,False,False,True,10.8036,10.803571430283164,0.618362,False
E3,sport_diversity,96,4,False,False,True,10.8036,10.803571430283164,0.715144,False
E3,sport_diversity,96,5,True,False,True,10.8036,,0.694304,False
E3,sport_diversity,96,6,True,False,True,10.8036,,0.681976,False
E3,sport_diversity,96,7,True,False,True,10.8036,,0.78483,False
E3,sport_facility,96,3,False,False,True,61.2404,61.24038461473509,0.58739,False
E3,sport_facility,96,4,False,False,True,61.2404,61.24038461473509,0.59466,False
E3,sport_facility,96,5,False,False,True,113.912,113.91213391029424,0.607244,False
E3,sport_facility,96,6,False,False,True,113.912,113.91213391029424,0.74765,False
E3,sport_facility,96,7,False,False,True,113.912,113.91213391029424,0.952285,False
E3,sport_coverage,97,3,False,False,True,1.03429,1.0342939940397429,0.995015,False
E3,sport_coverage,97,4,True,False,True,1.03429,,0.87484,False
E3,sport_coverage,97,5,True,False,True,1.56728,,0.881597,False
E3,sport_coverage,97,6,True,False,True,1.56728,,0.891604,False
E3,sport_coverage,97,7,True,False,True,1.56728,,0.842727,False
E3,sport_diversity,97,3,False,False,False,7.43438,7.434375365721088,0.729424,False
E3,sport_diversity,97,4,False,False,False,24.6083,24.608294926302136,0.658065,False
E3,sport_diversity,97,5,False,False,False,24.6083,24.608294926302136,0.792662,False
E3,sport_diversity,97,6,False,False,True,24.6083,24.608294926302136,0.847073,False
E3,sport_diversity,97,7,True,False,True,24.6083,,0.805638,False
E3,sport_facility,97,3,False,False,False,16.0779,16.07792599210825,0.622421,False
E3,sport_facility,97,4,False,False,False,16.0779,16.07792599210825,0.781109,False
E3,sport_facility,97,5,True,False,True,16.0779,,0.730228,False
E3,sport_facility,97,6,True,False,True,16.0779,,0.791114,False
E3,sport_facility,97,7,True,False,True,16.0779,,0.759495,False
E3,sport_coverage,98,3,True,False,True,1.49511,,0.723543,False
E3,sport_coverage,98,4,True,False,True,1.49511,,0.780872,False
E3,sport_coverage,98,5,True,False,True,1.49511,,0.714867,False
E3,sport_coverage,98,6,True,False,True,1.49511,,0.689696,False
E3,sport_coverage,98,7,True,False,True,29.011,,0.717989,False
E3,sport_diversity,98,3,False,False,True,6.76677,6.766766765062352,0.828509,False
E3,sport_diversity,98,4,False,False,True,6.76677,6.766766765062352,0.799519,False
E3,sport_diversity,98,5,True,False,True,6.76677,,0.723778,False
E3,sport_diversity,98,6,True,False,True,6.76677,,0.792769,False
E3,sport_diversity,98,7,True,False,True,6.76677,,0.92,False
E3,sport_facility,98,3,True,False,True,1.0,,0.866496,False
E3,sport_facility,98,4,True,False,True,1.23,,0.888797,False
E3,sport_facility,98,5,True,False,True,1.23,,0.804904,False
E3,sport_facility,98,6,True,False,True,1.23,,0.742857,False
E3,sport_facility,98,7,True,False,True,1.23,,0.742857,False
E3,sport_coverage,99,3,True,False,True,7.06996,,0.651623,False
E3,sport_coverage,99,4,True,False,True,29.0351,,0.590937,False
E3,sport_coverage,99,5,True,False,True,29.0351,,0.575107,False
E3,sport_coverage,99,6,True,False,True,29.0351,,0.563119,False
E3,sport_coverage,99,7,True,False,True,29.0351,,0.644419,False
E3,sport_diversity,99,3,False,False,True,13.6017,13.601707685423401,0.563209,False
E3,sport_diversity,99,4,False,False,True,98.6362,98.63620045536113,0.509969,False
E3,sport_diversity,99,5,False,False,True,98.6362,98.63620045536113,0.598985,False
E3,sport_diversity,99,6,True,False,True,98.6362,,0.57257,False
E3,sport_diversity,99,7,True,False,True,98.6362,,0.568472,False
E3,sport_facility,99,3,True,False,True,3.73374,,0.523669,False
E3,sport_facility,99,4,True,False,True,12.0115,,0.491491,False
E3,sport_facility,99,5,True,False,True,47.6978,,0.473118,False
E3,sport_facility,99,6,True,False,True,47.6978,,0.48333,False
E3,sport_facility,99,7,True,False,True,47.6978,,0.682576,False
E3,sport_coverage,100,3,False,False,True,34.4215,34.421474354639,0.661739,False
E3,sport_coverage,100,4,False,False,True,34.4215,34.421474354639,0.765632,False
E3,sport_coverage,100,5,True,False,True,34.4215,,0.693555,False
E3,sport_coverage,100,6,True,False,True,34.4215,,0.614037,False
E3,sport_coverage,100,7,True,False,True,34.4215,,0.547613,False
E3,sport_diversity,100,3,True,False,True,1.0,,0.825618,False
E3,sport_diversity,100,4,True,False,True,4.77894,,0.763674,False
E3,sport_diversity,100,5,True,False,True,4.77894,,0.784714,False
E3,sport_diversity,100,6,True,False,True,4.77894,,0.715734,False
E3,sport_diversity,100,7,True,False,True,4.77894,,0.736371,False
E3,sport_facility,100,3,False,False,True,3.47794,3.4779411763668424,0.870687,False
E3,sport_facility,100,4,True,False,True,3.47794,,0.760157,False
E3,sport_facility,100,5,True,False,True,3.47794,,0.66756,False
E3,sport_facility,100,6,True,False,True,3.47794,,0.616099,False
E3,sport_facility,100,7,True,False,True,3.47794,,0.545531,False
E3,tech_coverage,1,3,False,False,False,1.73098,1.7309782601887522,0.819378,False
E3,tech_coverage,1,4,False,False,False,1.73098,1.7309782601887522,0.885634,False
E3,tech_coverage,1,5,False,False,True,1.73098,1.7309782601887522,0.890822,False
E3,tech_coverage,1,6,False,False,True,8.14019,8.140188792754223,0.835309,False
E3,tech_coverage,1,7,False,False,True,11.5562,11.556166503431959,0.797706,False
E3,tech_diversity,1,3,False,False,False,6.33175,6.331752503885384,0.594381,False
E3,tech_diversity,1,4,False,False,False,14.8907,14.890685380186525,0.514112,False
E3,tech_diversity,1,5,False,False,True,14.8907,14.890685380186525,0.486903,False
E3,tech_diversity,1,6,False,False,True,21.7443,21.744339628924173,0.45905,False
E3,tech_diversity,1,7,False,False,True,21.7443,21.744339628924173,0.599768,False
E3,tech_facility,1,3,False,False,False,1.94287,1.9428651839922813,0.816817,False
E3,tech_facility,1,4,False,False,False,29.164,29.163985477099416,0.691697,False
E3,tech_facility,1,5,False,False,False,29.8005,29.800474242246313,0.619529,False
E3,tech_facility,1,6,False,False,False,29.8005,29.800474242246313,0.598854,False
E3,tech_facility,1,7,False,False,True,170.938,170.93771309247023,0.568891,False
E3,tech_coverage,2,3,False,False,False,2.61373,2.6137265089553696,0.540853,False
E3,tech_coverage,2,4,False,False,False,2.61373,2.6137265089553696,0.657836,False
E3,tech_coverage,2,5,False,False,False,2.61373,2.6137265089553696,0.727746,False
E3,tech_coverage,2,6,False,False,True,206.307,206.3069306896758,0.668258,False
E3,tech_coverage,2,7,True,False,True,206.307,,0.627686,False
E3,tech_diversity,2,3,False,False,False,1.99037,1.99036994565847,0.616543,False
E3,tech_diversity,2,4,False,False,False,12.4074,12.40743034522346,0.5453,False
E3,tech_diversity,2,5,False,False,False,12.4074,12.40743034522346,0.54581,False
E3,tech_diversity,2,6,False,False,False,12.4074,12.40743034522346,0.629448,False
E3,tech_diversity,2,7,False,False,True,12.4074,12.40743034522346,0.603239,False
E3,tech_facility,2,3,False,False,False,1.9525,1.9524959745840755,0.734209,False
E3,tech_facility,2,4,False,False,True,5.03184,5.031838857320297,0.670239,False
E3,tech_facility,2,5,False,False,True,8.62936,8.62935601087053,0.614464,False
E3,tech_facility,2,6,False,False,True,8.62936,8.62935601087053,0.667453,False
E3,tech_facility,2,7,False,False,True,8.62936,8.62935601087053,0.640111,False
E3,tech_coverage,3,3,False,False,True,2.51327,2.513274336624454,0.666933,False
E3,tech_coverage,3,4,True,False,True,2.51327,,0.541436,False
E3,tech_coverage,3,5,True,False,True,2.51327,,0.528053,False
E3,tech_coverage,3,6,True,False,True,2.51327,,0.549814,False
E3,tech_coverage,3,7,True,False,True,2.51327,,0.669399,False
E3,tech_diversity,3,3,True,False,True,1.44309,,0.643599,False
E3,tech_diversity,3,4,True,False,True,1.44309,,0.546667,False
E3,tech_diversity,3,5,True,False,True,7.0,,0.586081,False
E3,tech_diversity,3,6,True,False,True,7.0,,0.569996,False
E3,tech_diversity,3,7,True,False,True,7.0,,0.694332,False
E3,tech_facility,3,3,True,False,True,3.14516,,0.498983,False
E3,tech_facility,3,4,True,False,True,13.5883,,0.455696,False
E3,tech_facility,3,5,True,False,True,13.5883,,0.672551,False
E3,tech_facility,3,6,True,False,True,13.5883,,0.663154,False
E3,tech_facility,3,7,True,False,True,13.5883,,0.721168,False
E3,tech_coverage,4,3,False,False,False,3.8256,3.825598121389004,0.772561,False
E3,tech_coverage,4,4,True,False,True,3.8256,,0.651256,False
E3,tech_coverage,4,5,True,False,True,3.8256,,0.678138,False
E3,tech_coverage,4,6,True,False,True,3.8256,,0.701026,False
E3,tech_coverage,4,7,True,False,True,3.8256,,0.741354,False
E3,tech_diversity,4,3,False,False,True,10.11,10.110023177908424,0.503961,False
E3,tech_diversity,4,4,False,False,True,10.11,10.110023177908424,0.598879,False
E3,tech_diversity,4,5,False,False,True,10.11,10.110023177908424,0.596429,False
E3,tech_diversity,4,6,False,False,True,10.11,10.110023177908424,0.603606,False
E3,tech_diversity,4,7,True,False,True,10.11,,0.571825,False
E3,tech_facility,4,3,False,False,False,14.6942,14.694182827736322,0.486006,False
E3,tech_facility,4,4,False,False,False,14.6942,14.694182827736322,0.595929,False
E3,tech_facility,4,5,True,False,True,14.6942,,0.533277,False
E3,tech_facility,4,6,True,False,True,14.6942,,0.527476,False
E3,tech_facility,4,7,True,False,True,18.1949,,0.52616,False
E3,tech_coverage,5,3,False,False,False,1.44111,1.4411135814221456,0.808328,False
E3,tech_coverage,5,4,False,False,False,1.44111,1.4411135814221456,0.834525,False
E3,tech_coverage,5,5,False,False,True,5.6147,5.614701188975708,0.738284,False
E3,tech_coverage,5,6,False,False,True,5.6147,5.614701188975708,0.734846,False
E3,tech_coverage,5,7,False,False,True,5.6147,5.614701188975708,0.754195,False
E3,tech_diversity,5,3,False,False,False,1.19381,1.1938100965401663,0.899705,False
E3,tech_diversity,5,4,False,False,False,1.24467,1.2446699564376293,0.890959,False
E3,tech_diversity,5,5,False,False,False,1.57494,1.574943310530982,0.861507,False
E3,tech_diversity,5,6,False,False,False,1.57494,1.574943310530982,0.881351,False
E3,tech_diversity,5,7,False,False,True,1.57494,1.574943310530982,0.902481,False
E3,tech_facility,5,3,False,False,False,2.22914,2.2291448838492496,0.810729,False
E3,tech_facility,5,4,False,False,False,2.22914,2.2291448838492496,0.829296,False
E3,tech_facility,5,5,False,False,False,2.22914,2.2291448838492496,0.85626,False
E3,tech_facility,5,6,False,False,False,2.22914,2.2291448838492496,0.854336,False
E3,tech_facility,5,7,False,False,True,2.22914,2.2291448838492496,0.864303,False
E3,tech_coverage,6,3,False,False,False,1.74284,1.7428419935587605,0.778702,False
E3,tech_coverage,6,4,False,False,False,2.57134,2.571337567863603,0.715998,False
E3,tech_coverage,6,5,False,False,True,2.57134,2.571337567863603,0.760836,False
E3,tech_coverage,6,6,False,False,True,2.57134,2.571337567863603,0.780349,False
E3,tech_coverage,6,7,False,False,True,2.57134,2.571337567863603,0.817047,False
E3,tech_diversity,6,3,False,False,False,7.31391,7.313906046733651,0.462469,False
E3,tech_diversity,6,4,False,False,False,7.31391,7.313906046733651,0.458979,False
E3,tech_diversity,6,5,False,False,False,18.4278,18.427795057911617,0.413359,False
E3,tech_diversity,6,6,False,False,False,18.4278,18.427795057911617,0.435585,False
E3,tech_diversity,6,7,False,False,False,18.4278,18.427795057911617,0.544726,False
E3,tech_facility,6,3,False,False,False,2.1944,2.1944045916040804,0.590071,False
E3,tech_facility,6,4,False,False,False,19.4777,19.477735059509804,0.500998,False
E3,tech_facility,6,5,False,False,False,19.4777,19.477735059509804,0.48826,False
E3,tech_facility,6,6,False,False,False,19.4777,19.477735059509804,0.45618,False
E3,tech_facility,6,7,False,False,False,19.4777,19.477735059509804,0.43198,False
E3,tech_coverage,7,3,False,False,True,5.97249,5.972493496165489,0.432908,False
E3,tech_coverage,7,4,False,False,True,17.1683,17.168331686668658,0.379394,False
E3,tech_coverage,7,5,False,False,True,17.1683,17.168331686668658,0.453028,False
E3,tech_coverage,7,6,False,False,True,17.1683,17.168331686668658,0.509804,False
E3,tech_coverage,7,7,True,False,True,17.1683,,0.476978,False
E3,tech_diversity,7,3,False,False,True,16.4601,16.460095769741933,0.410916,False
E3,tech_diversity,7,4,False,False,True,16.4601,16.460095769741933,0.499456,False
E3,tech_diversity,7,5,False,False,True,16.4601,16.460095769741933,0.569172,False
E3,tech_diversity,7,6,True,False,True,16.4601,,0.530806,False
E3,tech_diversity,7,7,True,False,True,16.4601,,0.51,False
E3,tech_facility,7,3,False,False,True,247.766,247.7659434193106,0.567766,False
E3,tech_facility,7,4,True,False,True,247.766,,0.465412,False
E3,tech_facility,7,5,True,False,True,247.766,,0.508832,False
E3,tech_facility,7,6,True,False,True,247.766,,0.485149,False
E3,tech_facility,7,7,True,False,True,247.766,,0.545915,False
E3,tech_coverage,8,3,True,False,True,1.02589,,0.733639,False
E3,tech_coverage,8,4,True,False,True,1.02589,,0.642235,True
E3,tech_coverage,8,5,True,False,True,3.95643,,0.623765,False
E3,tech_coverage,8,6,True,False,True,3.95643,,0.596026,False
E3,tech_coverage,8,7,True,False,True,3.95643,,0.608145,False
E3,tech_diversity,8,3,False,False,False,9.89863,9.898625815149408,0.462521,False
E3,tech_diversity,8,4,False,False,False,9.89863,9.898625815149408,0.602041,False
E3,tech_diversity,8,5,False,False,True,9.89863,9.898625815149408,0.755147,False
E3,tech_diversity,8,6,False,False,True,9.89863,9.898625815149408,0.864865,False
E3,tech_diversity,8,7,False,False,True,9.89863,9.898625815149408,0.925997,False
E3,tech_facility,8,3,False,False,False,9.89863,9.898625815149408,0.462521,False
E3,tech_facility,8,4,False,False,False,523.182,523.1819645621551,0.407653,False
E3,tech_facility,8,5,False,False,False,523.182,523.1819645621551,0.411447,False
E3,tech_facility,8,6,False,False,False,523.182,523.1819645621551,0.418605,False
E3,tech_facility,8,7,False,False,False,523.182,523.1819645621551,0.487179,False
E3,tech_coverage,9,3,False,False,True,2.10781,2.1078074500107604,0.843311,False
E3,tech_coverage,9,4,False,False,True,2.10781,2.1078074500107604,0.785919,False
E3,tech_coverage,9,5,False,False,True,2.10781,2.1078074500107604,0.840764,False
E3,tech_coverage,9,6,False,False,True,2.31552,2.3155230236537365,0.797972,False
E3,tech_coverage,9,7,False,False,True,2.31552,2.3155230236537365,0.82668,False
E3,tech_diversity,9,3,False,False,True,9.70033,9.700327274438747,0.397022,False
E3,tech_diversity,9,4,False,False,True,9.70033,9.700327274438747,0.40017,False
E3,tech_diversity,9,5,False,False,True,9.70033,9.700327274438747,0.387356,False
E3,tech_diversity,9,6,False,False,True,9.70033,9.700327274438747,0.381971,False
E3,tech_diversity,9,7,False,False,True,9.70033,9.700327274438747,0.401147,False
E3,tech_facility,9,3,False,False,True,5.4549,5.454902729381875,0.464668,False
E3,tech_facility,9,4,False,False,True,5.52057,5.520569427660477,0.42988,False
E3,tech_facility,9,5,False,False,True,20.9195,20.91951958748821,0.377672,False
E3,tech_facility,9,6,False,False,True,20.9195,20.91951958748821,0.368188,False
E3,tech_facility,9,7,False,False,True,20.9195,20.91951958748821,0.390004,False
E3,tech_coverage,10,3,False,False,True,1.21481,1.214805441778619,1.0,False
E3,tech_coverage,10,4,False,False,True,6.98631,6.986309521509907,0.885146,False
E3,tech_coverage,10,5,False,False,True,6.98631,6.986309521509907,0.825088,False
E3,tech_coverage,10,6,False,False,True,6.98631,6.986309521509907,0.782004,False
E3,tech_coverage,10,7,False,False,True,6.98631,6.986309521509907,0.777869,False
E3,tech_diversity,10,3,False,False,False,41.941,41.94101124172573,0.684319,False
E3,tech_diversity,10,4,False,False,False,41.941,41.94101124172573,0.614955,False
E3,tech_diversity,10,5,False,False,False,41.941,41.94101124172573,0.702238,False
E3,tech_diversity,10,6,False,False,True,41.941,41.94101124172573,0.669319,False
E3,tech_diversity,10,7,False,False,True,41.941,41.94101124172573,0.707038,False
E3,tech_facility,10,3,False,False,False,7.34321,7.343207354277082,0.720648,False
E3,tech_facility,10,4,False,False,False,12.4072,12.407209078129716,0.645419,False
E3,tech_facility,10,5,False,False,False,113.472,113.47157621191936,0.588495,False
E3,tech_facility,10,6,False,False,False,113.472,113.47157621191936,0.59386,False
E3,tech_facility,10,7,False,False,True,113.472,113.47157621191936,0.578017,False
E3,tech_coverage,11,3,False,False,False,1.03416,1.0341643586269216,0.991252,False
E3,tech_coverage,11,4,False,False,False,2.4861,2.486103575144225,0.888254,False
E3,tech_coverage,11,5,False,False,True,2.4861,2.486103575144225,0.904285,False
E3,tech_coverage,11,6,False,False,True,3.99408,3.994082839238903,0.844625,False
E3,tech_coverage,11,7,False,False,True,962.787,962.7869564876996,0.783754,False
E3,tech_diversity,11,3,False,False,False,8.87861,8.878612720194042,0.549189,False
E3,tech_diversity,11,4,False,False,False,8.87861,8.878612720194042,0.478021,False
E3,tech_diversity,11,5,False,False,False,8.87861,8.878612720194042,0.443221,False
E3,tech_diversity,11,6,False,False,False,8.87861,8.878612720194042,0.420567,False
E3,tech_diversity,11,7,False,False,False,8.87861,8.878612720194042,0.520422,False
E3,tech_facility,11,3,False,False,False,1.43694,1.436944161146833,0.919475,False
E3,tech_facility,11,4,False,False,False,7.62759,7.627591382802568,0.77978,False
E3,tech_facility,11,5,False,False,True,9.14597,9.145972396461351,0.697728,False
E3,tech_facility,11,6,False,False,True,9.14597,9.145972396461351,0.648084,False
E3,tech_facility,11,7,False,False,True,9.14597,9.145972396461351,0.635939,False
E3,tech_coverage,12,3,False,False,True,12.4068,12.406779655899152,0.844609,False
E3,tech_coverage,12,4,True,False,True,12.4068,,0.706108,False
E3,tech_coverage,12,5,True,False,True,12.4068,,0.643777,False
E3,tech_coverage,12,6,True,False,True,12.4068,,0.658756,False
E3,tech_coverage,12,7,True,False,True,12.4068,,0.663715,False
E3,tech_diversity,12,3,False,False,False,8.68815,8.688153833436706,0.396232,False
E3,tech_diversity,12,4,False,False,False,8.68815,8.688153833436706,0.557037,False
E3,tech_diversity,12,5,False,False,True,8.68815,8.688153833436706,0.625641,False
E3,tech_diversity,12,6,False,False,True,13.643,13.643011656988632,0.650943,False
E3,tech_diversity,12,7,False,False,True,13.643,13.643011656988632,0.750404,False
E3,tech_facility,12,3,False,False,True,10.1483,10.14825261501728,0.642357,False
E3,tech_facility,12,4,False,False,True,10.1483,10.14825261501728,0.597549,False
E3,tech_facility,12,5,True,False,True,10.1483,,0.528846,False
E3,tech_facility,12,6,True,False,True,10.1483,,0.639832,False
E3,tech_facility,12,7,True,False,True,10.1483,,0.659351,False
E3,tech_coverage,13,3,False,False,True,2.81374,2.813736351321091,0.81367,False
E3,tech_coverage,13,4,False,False,True,2.81374,2.813736351321091,0.855813,False
E3,tech_coverage,13,5,False,False,True,2.81374,2.813736351321091,0.907926,False
E3,tech_coverage,13,6,False,False,True,2.81374,2.813736351321091,0.934884,False
E3,tech_coverage,13,7,True,False,True,2.81374,,0.877854,False
E3,tech_diversity,13,3,False,False,False,5.0205,5.020499459005593,0.512649,False
E3,tech_diversity,13,4,False,False,True,13.1239,13.123861910760109,0.474322,False
E3,tech_diversity,13,5,True,False,True,13.1239,,0.426072,False
E3,tech_diversity,13,6,True,False,True,13.1239,,0.481531,False
E3,tech_diversity,13,7,True,False,True,13.1239,,0.596236,False
E3,tech_facility,13,3,False,False,False,2.49238,2.492384381628779,0.67893,False
E3,tech_facility,13,4,True,False,True,2.49238,,0.578111,False
E3,tech_facility,13,5,True,False,True,10.9305,,0.548311,False
E3,tech_facility,13,6,True,False,True,10.9305,,0.562432,False
E3,tech_facility,13,7,True,False,True,35.8198,,0.545595,False
E3,tech_coverage,14,3,False,False,True,2.4632,2.463197950490678,0.830594,False
E3,tech_coverage,14,4,True,False,True,2.4632,,0.660491,False
E3,tech_coverage,14,5,True,False,True,13.4611,,0.620269,False
E3,tech_coverage,14,6,True,False,True,13.4611,,0.684564,False
E3,tech_coverage,14,7,True,False,True,13.4611,,0.736627,False
E3,tech_diversity,14,3,True,False,True,11.4265,,0.418813,False
E3,tech_diversity,14,4,True,False,True,11.4265,,0.602227,False
E3,tech_diversity,14,5,True,False,True,11.4265,,0.598902,False
E3,tech_diversity,14,6,True,False,True,44.495,,0.568421,False
E3,tech_diversity,14,7,True,False,True,44.495,,0.659605,False
E3,tech_facility,14,3,True,False,True,11.4265,,0.418813,False
E3,tech_facility,14,4,True,False,True,20.5023,,0.370192,False
E3,tech_facility,14,5,True,False,True,20.5023,,0.456346,False
E3,tech_facility,14,6,True,False,True,23.8281,,0.438819,False
E3,tech_facility,14,7,True,False,True,23.8281,,0.525338,False
E3,tech_coverage,15,3,True,False,True,1.0,,0.629936,True
E3,tech_coverage,15,4,True,False,True,1.0,,0.54567,True
E3,tech_coverage,15,5,True,False,True,1.0,,0.608937,True
E3,tech_coverage,15,6,True,False,True,1.0,,0.593192,True
E3,tech_coverage,15,7,True,False,True,1.01226,,0.654045,True
E3,tech_diversity,15,3,True,False,True,1.0,,0.809977,False
E3,tech_diversity,15,4,True,False,True,16.6515,,0.730145,False
E3,tech_diversity,15,5,True,False,True,16.6515,,0.616817,False
E3,tech_diversity,15,6,True,False,True,16.6515,,0.592969,False
E3,tech_diversity,15,7,True,False,True,16.6515,,0.594369,False
E3,tech_facility,15,3,True,False,True,1.0,,0.809977,False
E3,tech_facility,15,4,True,False,True,1.0,,0.706564,False
E3,tech_facility,15,5,True,False,True,1.0,,0.631257,True
E3,tech_facility,15,6,True,False,True,1.0,,0.607069,True
E3,tech_facility,15,7,True,False,True,1.3783,,0.682288,False
E3,tech_coverage,16,3,False,False,True,1.73689,1.7368856792727072,0.88013,False
E3,tech_coverage,16,4,False,False,True,1.73689,1.7368856792727072,0.938836,False
E3,tech_coverage,16,5,False,False,True,1.73689,1.7368856792727072,0.92945,False
E3,tech_coverage,16,6,False,False,True,2.1146,2.114599770774222,0.889429,False
E3,tech_coverage,16,7,False,False,True,2.1146,2.114599770774222,0.884335,False
E3,tech_diversity,16,3,False,False,False,5.75547,5.75546711769943,0.484279,False
E3,tech_diversity,16,4,False,False,True,5.75547,5.75546711769943,0.602404,False
E3,tech_diversity,16,5,False,False,True,26.554,26.554048032506994,0.55018,False
E3,tech_diversity,16,6,False,False,True,26.554,26.554048032506994,0.526424,False
E3,tech_diversity,16,7,True,False,True,26.554,,0.487335,False
E3,tech_facility,16,3,False,False,True,2.2194,2.2193995371146653,0.729704,False
E3,tech_facility,16,4,False,False,True,2.79979,2.799792921608315,0.735002,False
E3,tech_facility,16,5,True,False,True,2.79979,,0.65588,False
E3,tech_facility,16,6,True,False,True,11.091,,0.619551,False
E3,tech_facility,16,7,True,False,True,11.091,,0.599835,False
E3,tech_coverage,17,3,False,False,False,2.76393,2.7639274578373216,0.825534,False
E3,tech_coverage,17,4,False,False,True,2.9502,2.9502026309073037,0.766225,False
E3,tech_coverage,17,5,False,False,True,2.9502,2.9502026309073037,0.794808,False
E3,tech_coverage,17,6,True,False,True,2.9502,,0.735466,False
E3,tech_coverage,17,7,True,False,True,18.8743,,0.695328,False
E3,tech_diversity,17,3,False,False,False,2.65316,2.6531643660038613,0.795621,False
E3,tech_diversity,17,4,False,False,True,2.65316,2.6531643660038613,0.771039,False
E3,tech_diversity,17,5,False,False,True,3.579,3.5789952074785947,0.734288,False
E3,tech_diversity,17,6,True,False,True,3.579,,0.673963,False
E3,tech_diversity,17,7,True,False,True,3.579,,0.676569,False
E3,tech_facility,17,3,False,False,False,1.86202,1.862017351368374,0.829756,False
E3,tech_facility,17,4,False,False,False,1.86202,1.862017351368374,0.852935,False
E3,tech_facility,17,5,False,False,True,1.86202,1.862017351368374,0.861093,False
E3,tech_facility,17,6,False,False,True,8.55055,8.550552219230864,0.813094,False
E3,tech_facility,17,7,True,False,True,8.55055,,0.762513,False
E3,tech_coverage,18,3,False,False,True,1.80098,1.8009763054942673,0.743197,False
E3,tech_coverage,18,4,False,False,True,1.80098,1.8009763054942673,0.780743,False
E3,tech_coverage,18,5,True,False,True,1.80098,,0.681849,False
E3,tech_coverage,18,6,True,False,True,1.80098,,0.724133,False
E3,tech_coverage,18,7,True,False,True,1.80098,,0.660008,False
E3,tech_diversity,18,3,False,False,False,29.4257,29.425663121846863,0.498216,False
E3,tech_diversity,18,4,False,False,False,29.4257,29.425663121846863,0.436724,False
E3,tech_diversity,18,5,False,False,False,29.4257,29.425663121846863,0.559165,False
E3,tech_diversity,18,6,False,False,False,29.4257,29.425663121846863,0.610462,False
E3,tech_diversity,18,7,False,False,False,29.4257,29.425663121846863,0.669006,False
E3,tech_facility,18,3,True,False,True,1.13333,,0.719875,False
E3,tech_facility,18,4,True,False,True,25.5191,,0.620409,False
E3,tech_facility,18,5,True,False,True,25.5191,,0.734936,False
E3,tech_facility,18,6,True,False,True,25.5191,,0.663983,False
E3,tech_facility,18,7,True,False,True,25.5191,,0.626352,False
E3,tech_coverage,19,3,False,False,False,1.0,1.0,1.0,False
E3,tech_coverage,19,4,False,False,False,31.3553,31.355260335634483,0.860841,False
E3,tech_coverage,19,5,False,False,True,31.3553,31.355260335634483,0.788243,False
E3,tech_coverage,19,6,False,False,True,34.0716,34.07162790201354,0.726075,False
E3,tech_coverage,19,7,False,False,True,34.0716,34.07162790201354,0.689303,False
E3,tech_diversity,19,3,False,False,False,4.89518,4.895176507458258,0.680137,False
E3,tech_diversity,19,4,False,False,False,23.2696,23.269610162004142,0.59274,False
E3,tech_diversity,19,5,False,False,False,23.2696,23.269610162004142,0.630016,False
E3,tech_diversity,19,6,False,False,True,23.2696,23.269610162004142,0.622574,False
E3,tech_diversity,19,7,True,False,True,23.2696,,0.58188,False
E3,tech_facility,19,3,False,False,False,3.21379,3.2137887343022093,0.713162,False
E3,tech_facility,19,4,False,False,False,4.86298,4.8629760809929765,0.657728,False
E3,tech_facility,19,5,False,False,False,13.8851,13.885054104603004,0.601314,False
E3,tech_facility,19,6,False,False,False,8229.32,8229.322578808864,0.55212,False
E3,tech_facility,19,7,False,False,False,8229.32,8229.322578808864,0.53349,False
E3,tech_coverage,20,3,False,False,False,1.0,1.0,1.0,False
E3,tech_coverage,20,4,False,False,True,24.8916,24.891598908963527,0.845642,False
E3,tech_coverage,20,5,False,False,True,24.8916,24.891598908963527,0.75689,False
E3,tech_coverage,20,6,False,False,True,24.8916,24.891598908963527,0.700186,False
E3,tech_coverage,20,7,False,False,True,24.8916,24.891598908963527,0.72273,False
E3,tech_diversity,20,3,False,False,False,4.80584,4.805844748276918,0.714126,False
E3,tech_diversity,20,4,False,False,False,5.86915,5.8691508888933335,0.637873,False
E3,tech_diversity,20,5,False,False,True,106.23,106.22975178114771,0.5645,False
E3,tech_diversity,20,6,False,False,True,106.23,106.22975178114771,0.63237,False
E3,tech_diversity,20,7,False,False,True,106.23,106.22975178114771,0.712177,False
E3,tech_facility,20,3,False,False,False,1.3461,1.346099513052853,0.920097,False
E3,tech_facility,20,4,True,False,True,1.3461,,0.766537,False
E3,tech_facility,20,5,True,False,True,1.3461,,0.854298,False
E3,tech_facility,20,6,True,False,True,9.5731,,0.785127,False
E3,tech_facility,20,7,True,False,True,10.4465,,0.738374,False
E3,tech_coverage,21,3,False,False,True,3.71829,3.71828521442312,0.814286,False
E3,tech_coverage,21,4,False,False,True,19.682,19.6819727958098,0.716592,False
E3,tech_coverage,21,5,True,False,True,19.682,,0.656122,False
E3,tech_coverage,21,6,True,False,True,19.682,,0.714711,False
E3,tech_coverage,21,7,True,False,True,19.682,,0.749311,False
E3,tech_diversity,21,3,False,False,False,29.3753,29.375332363124496,0.57113,False
E3,tech_diversity,21,4,False,False,True,29.3753,29.375332363124496,0.534298,False
E3,tech_diversity,21,5,False,False,True,29.3753,29.375332363124496,0.656494,False
E3,tech_diversity,21,6,False,False,True,29.3753,29.375332363124496,0.693541,False
E3,tech_diversity,21,7,True,False,True,29.3753,,0.654762,False
E3,tech_facility,21,3,False,False,False,6.28129,6.281287246244202,0.681484,False
E3,tech_facility,21,4,True,False,True,6.28129,,0.583072,False
E3,tech_facility,21,5,True,False,True,6.28129,,0.532377,False
E3,tech_facility,21,6,True,False,True,6.28129,,0.602331,False
E3,tech_facility,21,7,True,False,True,6.28129,,0.567657,False
E3,tech_coverage,22,3,False,False,True,8.68219,8.682186441303985,0.434963,False
E3,tech_coverage,22,4,False,False,True,9.0436,9.043602841738831,0.400804,False
E3,tech_coverage,22,5,False,False,True,9.0436,9.043602841738831,0.388261,False
E3,tech_coverage,22,6,False,False,True,9.0436,9.043602841738831,0.452555,False
E3,tech_coverage,22,7,True,False,True,9.0436,,0.444334,False
E3,tech_diversity,22,3,False,False,False,12.3747,12.37473141397922,0.468463,False
E3,tech_diversity,22,4,False,False,True,12.3747,12.37473141397922,0.559659,False
E3,tech_diversity,22,5,True,False,True,12.3747,,0.520258,False
E3,tech_diversity,22,6,True,False,True,12.3747,,0.480916,False
E3,tech_diversity,22,7,True,False,True,12.3747,,0.540012,False
E3,tech_facility,22,3,False,False,False,2.5251,2.5251028804469318,0.740808,False
E3,tech_facility,22,4,True,False,True,2.5251,,0.629238,False
E3,tech_facility,22,5,True,False,True,18.701,,0.59565,False
E3,tech_facility,22,6,True,False,True,18.701,,0.550218,False
E3,tech_facility,22,7,True,False,True,18.701,,0.530334,False
E3,tech_coverage,23,3,False,False,False,1.83909,1.8390935012909704,0.905062,False
E3,tech_coverage,23,4,False,False,False,3.92649,3.926492557952092,0.810811,False
E3,tech_coverage,23,5,False,False,False,3.92649,3.926492557952092,0.843801,False
E3,tech_coverage,23,6,False,False,True,3.92649,3.926492557952092,0.880532,False
E3,tech_coverage,23,7,False,False,True,4.79419,4.7941910342482785,0.84244,False
E3,tech_diversity,23,3,False,False,False,5.59613,5.596131201235923,0.67823,False
E3,tech_diversity,23,4,False,False,False,13.3171,13.317105941666151,0.599131,False
E3,tech_diversity,23,5,False,False,False,13.3171,13.317105941666151,0.559556,False
E3,tech_diversity,23,6,False,False,False,13.3171,13.317105941666151,0.645431,False
E3,tech_diversity,23,7,False,False,True,13.3171,13.317105941666151,0.621203,False
E3,tech_facility,23,3,False,False,False,5.59613,5.596131201235923,0.67823,False
E3,tech_facility,23,4,False,False,False,5.59613,5.596131201235923,0.716487,False
E3,tech_facility,23,5,False,False,False,12.0974,12.097353978454993,0.665603,False
E3,tech_facility,23,6,False,False,True,13.4583,13.45833332907998,0.629445,False
E3,tech_facility,23,7,False,False,True,13.4583,13.45833332907998,0.619552,False
E3,tech_coverage,24,3,False,False,False,5.17861,5.178605376420654,0.81,False
E3,tech_coverage,24,4,False,False,True,5.17861,5.178605376420654,0.833744,False
E3,tech_coverage,24,5,False,False,True,5.17861,5.178605376420654,0.867585,False
E3,tech_coverage,24,6,True,False,True,5.17861,,0.764478,False
E3,tech_coverage,24,7,True,False,True,5.17861,,0.714788,False
E3,tech_diversity,24,3,False,False,False,3.50501,3.5050097590417417,0.831325,False
E3,tech_diversity,24,4,False,False,True,3.50501,3.5050097590417417,0.829937,False
E3,tech_diversity,24,5,True,False,True,3.50501,,0.751562,False
E3,tech_diversity,24,6,True,False,True,3.50501,,0.788462,False
E3,tech_diversity,24,7,True,False,True,3.50501,,0.822365,False
E3,tech_facility,24,3,False,False,True,11.1429,11.142857143869358,0.828221,False
E3,tech_facility,24,4,False,False,True,11.1429,11.142857143869358,0.853659,False
E3,tech_facility,24,5,True,False,True,11.1429,,0.751562,False
E3,tech_facility,24,6,True,False,True,11.1429,,0.760302,False
E3,tech_facility,24,7,True,False,True,11.1429,,0.739893,False
E3,tech_coverage,25,3,True,False,True,5.21182,,0.623016,False
E3,tech_coverage,25,4,True,False,True,5.21182,,0.545455,False
E3,tech_coverage,25,5,True,False,True,5.21182,,0.636836,False
E3,tech_coverage,25,6,True,False,True,5.21182,,0.660428,False
E3,tech_coverage,25,7,True,False,True,5.21182,,0.783471,False
E3,tech_diversity,25,3,False,False,True,28.6565,28.656450462412582,0.823124,False
E3,tech_diversity,25,4,False,False,True,28.6565,28.656450462412582,0.841463,False
E3,tech_diversity,25,5,True,False,True,28.6565,,0.807204,False
E3,tech_diversity,25,6,True,False,True,28.6565,,0.964467,False
E3,tech_diversity,25,7,True,False,True,28.6565,,0.902655,False
E3,tech_facility,25,3,True,False,True,28.6565,,0.579448,False
E3,tech_facility,25,4,True,False,True,28.6565,,0.518519,False
E3,tech_facility,25,5,True,False,True,28.6565,,0.554473,False
E3,tech_facility,25,6,True,False,True,28.6565,,0.558824,False
E3,tech_facility,25,7,True,False,True,28.6565,,0.570874,False
E3,tech_coverage,26,3,False,False,False,1.1741,1.174100719341666,1.0,False
E3,tech_coverage,26,4,False,False,True,5.27747,5.277469156621623,0.892633,False
E3,tech_coverage,26,5,True,False,True,5.27747,,0.782123,False
E3,tech_coverage,26,6,True,False,True,5.27747,,0.802475,False
E3,tech_coverage,26,7,True,False,True,5.27747,,0.762185,False
E3,tech_diversity,26,3,False,False,False,16.5671,16.567101970832457,0.514078,False
E3,tech_diversity,26,4,False,False,False,17.2471,17.247143941825417,0.460436,False
E3,tech_diversity,26,5,False,False,False,17.2471,17.247143941825417,0.540839,False
E3,tech_diversity,26,6,False,False,False,17.2471,17.247143941825417,0.591865,False
E3,tech_diversity,26,7,False,False,False,17.2471,17.247143941825417,0.702796,False
E3,tech_facility,26,3,False,False,False,18.6548,18.65476922151786,0.547241,False
E3,tech_facility,26,4,False,False,False,18.6548,18.65476922151786,0.527458,False
E3,tech_facility,26,5,True,False,True,18.6548,,0.474194,False
E3,tech_facility,26,6,True,False,True,18.6548,,0.524834,False
E3,tech_facility,26,7,True,False,True,18.6548,,0.539237,False
E3,tech_coverage,27,3,False,False,False,1.17959,1.1795918367935012,0.991605,False
E3,tech_coverage,27,4,False,False,False,3.50381,3.5038061176981024,0.873581,False
E3,tech_coverage,27,5,True,False,True,3.50381,,0.756114,False
E3,tech_coverage,27,6,True,False,True,3.50381,,0.66795,False
E3,tech_coverage,27,7,True,False,True,3.50381,,0.707456,False
E3,tech_diversity,27,3,False,False,False,5.07471,5.074707258629958,0.613027,False
E3,tech_diversity,27,4,False,False,False,5.07471,5.074707258629958,0.593252,False
E3,tech_diversity,27,5,False,False,False,718.714,718.7142856687485,0.521137,False
E3,tech_diversity,27,6,False,False,False,718.714,718.7142856687485,0.609092,False
E3,tech_diversity,27,7,False,False,True,718.714,718.7142856687485,0.646852,False
E3,tech_facility,27,3,False,False,False,5.16632,5.166317092533178,0.633737,False
E3,tech_facility,27,4,False,False,False,170.515,170.515029473041,0.528974,False
E3,tech_facility,27,5,False,False,False,170.515,170.515029473041,0.672101,False
E3,tech_facility,27,6,False,False,False,170.515,170.515029473041,0.644686,False
E3,tech_facility,27,7,False,False,True,170.515,170.515029473041,0.732353,False
E3,tech_coverage,28,3,False,False,False,2.06088,2.0608779426142605,0.686321,False
E3,tech_coverage,28,4,False,False,False,2.06088,2.0608779426142605,0.719276,False
E3,tech_coverage,28,5,False,False,True,4.22933,4.229333334396022,0.671294,False
E3,tech_coverage,28,6,False,False,True,4.22933,4.229333334396022,0.719216,False
E3,tech_coverage,28,7,True,False,True,4.22933,,0.659739,False
E3,tech_diversity,28,3,False,False,False,3.00277,3.0027665947032305,0.479427,False
E3,tech_diversity,28,4,False,False,True,5.4174,5.417401961568499,0.446003,False
E3,tech_diversity,28,5,False,False,True,5.4174,5.417401961568499,0.544171,False
E3,tech_diversity,28,6,False,False,True,13.8942,13.894243639509652,0.518058,False
E3,tech_diversity,28,7,False,False,True,13.8942,13.894243639509652,0.512633,False
E3,tech_facility,28,3,False,False,False,2.95427,2.954273504905099,0.688408,False
E3,tech_facility,28,4,False,False,False,2.95427,2.954273504905099,0.741192,False
E3,tech_facility,28,5,False,False,True,3.54388,3.543877052372358,0.71456,False
E3,tech_facility,28,6,False,False,True,9.34773,9.347729799293178,0.679725,False
E3,tech_facility,28,7,False,False,True,9.34773,9.347729799293178,0.677726,False
E3,tech_coverage,29,3,True,False,True,8.92854,,0.69344,False
E3,tech_coverage,29,4,True,False,True,8.92854,,0.621429,False
E3,tech_coverage,29,5,True,False,True,8.92854,,0.643927,False
E3,tech_coverage,29,6,True,False,True,8.92854,,0.6,False
E3,tech_coverage,29,7,True,False,True,8.92854,,0.605071,False
E3,tech_diversity,29,3,True,False,True,13.4301,,0.678521,False
E3,tech_diversity,29,4,True,False,True,13.4301,,0.627541,False
E3,tech_diversity,29,5,True,False,True,13.4301,,0.693167,False
E3,tech_diversity,29,6,True,False,True,13.4301,,0.618667,False
E3,tech_diversity,29,7,True,False,True,13.4301,,0.687867,False
E3,tech_facility,29,3,False,False,True,1.48243,1.4824332459527643,0.935356,False
E3,tech_facility,29,4,True,False,True,1.48243,,0.829995,False
E3,tech_facility,29,5,True,False,True,1.48243,,0.748872,False
E3,tech_facility,29,6,True,False,True,12.0963,,0.719243,False
E3,tech_facility,29,7,True,False,True,12.0963,,0.719389,False
E3,tech_coverage,30,3,False,False,True,17.2646,17.26457399542646,0.595898,False
E3,tech_coverage,30,4,False,False,True,17.2646,17.26457399542646,0.688305,False
E3,tech_coverage,30,5,False,False,True,17.2646,17.26457399542646,0.734683,False
E3,tech_coverage,30,6,True,False,True,17.2646,,0.690141,False
E3,tech_coverage,30,7,True,False,True,17.2646,,0.661456,False
E3,tech_diversity,30,3,False,False,True,17.0428,17.042824070854618,0.750947,False
E3,tech_diversity,30,4,False,False,True,17.0428,17.042824070854618,0.80959,False
E3,tech_diversity,30,5,False,False,True,513.174,513.1739132613435,0.736537,False
E3,tech_diversity,30,6,False,False,True,513.174,513.1739132613435,0.756972,False
E3,tech_diversity,30,7,True,False,True,513.174,,0.763933,False
E3,tech_facility,30,3,False,False,True,60.5401,60.54009433697285,0.760773,False
E3,tech_facility,30,4,True,False,True,60.5401,,0.634207,False
E3,tech_facility,30,5,True,False,True,60.5401,,0.717432,False
E3,tech_facility,30,6,True,False,True,60.5401,,0.649057,False
E3,tech_facility,30,7,True,False,True,60.5401,,0.640898,False
E3,tech_coverage,31,3,False,False,False,1.16667,1.1666666666666667,1.0,False
E3,tech_coverage,31,4,False,False,False,1.16667,1.1666666666666667,1.0,False
E3,tech_coverage,31,5,False,False,True,1.16667,1.1666666666666667,1.0,False
E3,tech_coverage,31,6,False,False,True,33.0616,33.0615522668165,0.923994,False
E3,tech_coverage,31,7,False,False,True,33.0616,33.0615522668165,0.874027,False
E3,tech_diversity,31,3,False,False,False,2.87672,2.876716190689033,0.760385,False
E3,tech_diversity,31,4,False,False,False,6.30322,6.303224102033831,0.692579,False
E3,tech_diversity,31,5,False,False,False,6.30322,6.303224102033831,0.698354,False
E3,tech_diversity,31,6,False,False,False,6.30322,6.303224102033831,0.698192,False
E3,tech_diversity,31,7,False,False,False,14.218,14.218004962069564,0.662842,False
E3,tech_facility,31,3,False,False,False,1.16667,1.1666666666666667,1.0,False
E3,tech_facility,31,4,False,False,False,1.16667,1.1666666666666667,1.0,False
E3,tech_facility,31,5,False,False,True,1.21934,1.2193379377105114,0.979394,False
E3,tech_facility,31,6,False,False,True,10.7984,10.798422435552686,0.911648,False
E3,tech_facility,31,7,False,False,True,10.7984,10.798422435552686,0.85876,False
E3,tech_coverage,32,3,False,False,False,1.88346,1.8834593318882111,0.917461,False
E3,tech_coverage,32,4,False,False,True,4.07678,4.076776122210822,0.849837,False
E3,tech_coverage,32,5,False,False,True,9.3577,9.357703907715385,0.790801,False
E3,tech_coverage,32,6,True,False,True,9.3577,,0.73554,False
E3,tech_coverage,32,7,True,False,True,9.3577,,0.695803,False
E3,tech_diversity,32,3,False,False,True,1.14487,1.144869586572497,0.979954,False
E3,tech_diversity,32,4,False,False,True,5.31265,5.312647293689104,0.89847,False
E3,tech_diversity,32,5,True,False,True,5.31265,,0.821214,False
E3,tech_diversity,32,6,True,False,True,5.31265,,0.766864,False
E3,tech_diversity,32,7,True,False,True,9.86874,,0.737742,False
E3,tech_facility,32,3,False,False,False,2.26677,2.2667666169989933,0.914475,False
E3,tech_facility,32,4,False,False,True,2.26677,2.2667666169989933,0.923174,False
E3,tech_facility,32,5,True,False,True,2.26677,,0.845837,False
E3,tech_facility,32,6,True,False,True,56.3358,,0.793654,False
E3,tech_facility,32,7,True,False,True,56.3358,,0.752058,False
E3,tech_coverage,33,3,False,False,True,2.10637,2.1063717746152397,0.864891,False
E3,tech_coverage,33,4,True,False,True,2.10637,,0.73848,False
E3,tech_coverage,33,5,True,False,True,19.3598,,0.684052,False
E3,tech_coverage,33,6,True,False,True,19.3598,,0.63841,False
E3,tech_coverage,33,7,True,False,True,19.3598,,0.594342,False
E3,tech_diversity,33,3,False,False,False,2.84424,2.844240838010242,0.682358,False
E3,tech_diversity,33,4,True,False,True,2.84424,,0.602501,False
E3,tech_diversity,33,5,True,False,True,3.67025,,0.618654,False
E3,tech_diversity,33,6,True,False,True,3.67025,,0.736065,False
E3,tech_diversity,33,7,True,False,True,3.67025,,0.7534,False
E3,tech_facility,33,3,False,False,False,66.5154,66.51541849707151,0.485232,False
E3,tech_facility,33,4,False,False,False,66.5154,66.51541849707151,0.522874,False
E3,tech_facility,33,5,False,False,False,66.5154,66.51541849707151,0.616721,False
E3,tech_facility,33,6,False,False,True,66.5154,66.51541849707151,0.610501,False
E3,tech_facility,33,7,False,False,True,66.5154,66.51541849707151,0.593269,False
E3,tech_coverage,34,3,False,False,True,1.55073,1.5507291401387389,0.914751,False
E3,tech_coverage,34,4,False,False,True,1.55073,1.5507291401387389,0.996132,False
E3,tech_coverage,34,5,False,False,True,1.55073,1.5507291401387389,0.984156,False
E3,tech_coverage,34,6,True,False,True,1.55073,,0.912404,False
E3,tech_coverage,34,7,True,False,True,1.55073,,0.847791,False
E3,tech_diversity,34,3,False,False,False,12.6666,12.666562414160596,0.433186,False
E3,tech_diversity,34,4,False,False,False,35.4851,35.48514236576705,0.392203,False
E3,tech_diversity,34,5,False,False,False,136.696,136.69603712493273,0.359104,False
E3,tech_diversity,34,6,False,False,False,136.696,136.69603712493273,0.591237,False
E3,tech_diversity,34,7,False,False,False,136.696,136.69603712493273,0.59044,False
E3,tech_facility,34,3,False,False,False,5.25713,5.25712840811179,0.582711,False
E3,tech_facility,34,4,True,False,True,5.25713,,0.514035,False
E3,tech_facility,34,5,True,False,True,20.892,,0.480412,False
E3,tech_facility,34,6,True,False,True,20.892,,0.504696,False
E3,tech_facility,34,7,True,False,True,52.4265,,0.481305,False
E3,tech_coverage,35,3,False,False,True,1.24749,1.2474944796032754,0.957251,False
E3,tech_coverage,35,4,True,False,True,1.24749,,0.820847,False
E3,tech_coverage,35,5,True,False,True,19.6711,,0.744278,False
E3,tech_coverage,35,6,True,False,True,19.6711,,0.683105,False
E3,tech_coverage,35,7,True,False,True,19.6711,,0.64606,False
E3,tech_diversity,35,3,False,False,False,3.13044,3.130437275533195,0.738856,False
E3,tech_diversity,35,4,False,False,False,14.646,14.645989972777238,0.651,False
E3,tech_diversity,35,5,False,False,True,14.646,14.645989972777238,0.60405,False
E3,tech_diversity,35,6,True,False,True,14.646,,0.570429,False
E3,tech_diversity,35,7,True,False,True,14.646,,0.622046,False
E3,tech_facility,35,3,False,False,False,34.0163,34.016319999025306,0.675621,False
E3,tech_facility,35,4,False,False,False,34.0163,34.016319999025306,0.604938,False
E3,tech_facility,35,5,False,False,True,34.0163,34.016319999025306,0.75067,False
E3,tech_facility,35,6,True,False,True,34.0163,,0.709794,False
E3,tech_facility,35,7,True,False,True,34.0163,,0.665909,False
E3,tech_coverage,36,3,False,False,True,2.51327,2.513274336624454,0.666933,False
E3,tech_coverage,36,4,True,False,True,2.51327,,0.541436,False
E3,tech_coverage,36,5,True,False,True,2.51327,,0.528053,False
E3,tech_coverage,36,6,True,False,True,2.51327,,0.549814,False
E3,tech_coverage,36,7,True,False,True,2.51327,,0.669399,False
E3,tech_diversity,36,3,True,False,True,1.44309,,0.643599,False
E3,tech_diversity,36,4,True,False,True,1.44309,,0.546667,False
E3,tech_diversity,36,5,True,False,True,7.0,,0.586081,False
E3,tech_diversity,36,6,True,False,True,7.0,,0.569996,False
E3,tech_diversity,36,7,True,False,True,7.0,,0.694332,False
E3,tech_facility,36,3,True,False,True,3.14516,,0.498983,False
E3,tech_facility,36,4,True,False,True,13.5883,,0.455696,False
E3,tech_facility,36,5,True,False,True,13.5883,,0.672551,False
E3,tech_facility,36,6,True,False,True,13.5883,,0.663154,False
E3,tech_facility,36,7,True,False,True,13.5883,,0.721168,False
E3,tech_coverage,37,3,False,False,True,2882.24,2882.237443498176,0.701277,False
E3,tech_coverage,37,4,False,False,True,2882.24,2882.237443498176,0.732378,False
E3,tech_coverage,37,5,True,False,True,2882.24,,0.631206,False
E3,tech_coverage,37,6,True,False,True,2882.24,,0.619807,False
E3,tech_coverage,37,7,True,False,True,2882.24,,0.686002,False
E3,tech_diversity,37,3,False,False,False,8.03204,8.032037791129422,0.541571,False
E3,tech_diversity,37,4,False,False,True,50.7956,50.79557427997215,0.488524,False
E3,tech_diversity,37,5,False,False,True,50.7956,50.79557427997215,0.550847,False
E3,tech_diversity,37,6,True,False,True,50.7956,,0.55747,False
E3,tech_diversity,37,7,True,False,True,60.1887,,0.582124,False
E3,tech_facility,37,3,False,False,False,8.03204,8.032037791129422,0.562366,False
E3,tech_facility,37,4,True,False,True,8.03204,,0.487062,False
E3,tech_facility,37,5,True,False,True,8.03204,,0.57277,False
E3,tech_facility,37,6,True,False,True,8.03204,,0.665649,False
E3,tech_facility,37,7,True,False,True,8.03204,,0.849587,False
E3,tech_coverage,38,3,True,False,True,3.8867,,0.545219,False
E3,tech_coverage,38,4,True,False,True,19.0713,,0.484659,False
E3,tech_coverage,38,5,True,False,True,19.0713,,0.558975,False
E3,tech_coverage,38,6,True,False,True,19.0713,,0.530806,False
E3,tech_coverage,38,7,True,False,True,19.0713,,0.572553,False
E3,tech_diversity,38,3,False,False,True,2.23636,2.2363636359738392,0.779436,False
E3,tech_diversity,38,4,True,False,True,2.23636,,0.663114,False
E3,tech_diversity,38,5,True,False,True,2.23636,,0.704932,False
E3,tech_diversity,38,6,True,False,True,2.27251,,0.726923,False
E3,tech_diversity,38,7,True,False,True,2.27251,,0.682503,False
E3,tech_facility,38,3,False,False,True,1.78929,1.7892857146728802,0.815594,False
E3,tech_facility,38,4,True,False,True,1.78929,,0.678353,False
E3,tech_facility,38,5,True,False,True,1.78929,,0.590282,False
E3,tech_facility,38,6,True,False,True,1.78929,,0.545672,False
E3,tech_facility,38,7,True,False,True,2.15803,,0.58016,False
E3,tech_coverage,39,3,True,False,True,1.0,,0.804435,False
E3,tech_coverage,39,4,True,False,True,25.4459,,0.72449,False
E3,tech_coverage,39,5,True,False,True,25.4459,,0.79476,False
E3,tech_coverage,39,6,True,False,True,25.4459,,0.744545,False
E3,tech_coverage,39,7,True,False,True,25.4459,,0.719233,False
E3,tech_diversity,39,3,False,False,False,11.5432,11.54320987589346,0.540517,False
E3,tech_diversity,39,4,False,False,False,11.5432,11.54320987589346,0.794436,False
E3,tech_diversity,39,5,False,False,True,11.5432,11.54320987589346,0.882353,False
E3,tech_diversity,39,6,False,False,True,11.5432,11.54320987589346,1.0,False
E3,tech_diversity,39,7,True,False,True,11.5432,,1.0,False
E3,tech_facility,39,3,False,False,False,2.40046,2.400462962549942,0.791667,False
E3,tech_facility,39,4,False,False,True,58.0905,58.0904522571804,0.711645,False
E3,tech_facility,39,5,False,False,True,58.0905,58.0904522571804,0.677778,False
E3,tech_facility,39,6,False,False,True,72.6416,72.64160909847827,0.695876,False
E3,tech_facility,39,7,True,False,True,72.6416,,0.709391,False
E3,tech_coverage,40,3,False,False,False,1.77141,1.7714058140838136,0.849736,False
E3,tech_coverage,40,4,False,False,True,1.77141,1.7714058140838136,0.899818,False
E3,tech_coverage,40,5,False,False,True,4.25568,4.255684086604239,0.822199,False
E3,tech_coverage,40,6,False,False,True,13.8228,13.822758772549548,0.751396,False
E3,tech_coverage,40,7,False,False,True,13.8228,13.822758772549548,0.786073,False
E3,tech_diversity,40,3,False,False,False,3.85487,3.854869178722146,0.64063,False
E3,tech_diversity,40,4,False,False,False,5.76718,5.767180924837124,0.575758,False
E3,tech_diversity,40,5,False,False,False,7.52036,7.520361990238754,0.533861,False
E3,tech_diversity,40,6,False,False,True,7.52036,7.520361990238754,0.554721,False
E3,tech_diversity,40,7,False,False,True,7.52036,7.520361990238754,0.627097,False
E3,tech_facility,40,3,False,False,False,1.70258,1.7025847596660404,0.840622,False
E3,tech_facility,40,4,False,False,True,8.36808,8.368083144881565,0.7263,False
E3,tech_facility,40,5,False,False,True,8.36808,8.368083144881565,0.746124,False
E3,tech_facility,40,6,True,False,True,8.36808,,0.649988,False
E3,tech_facility,40,7,True,False,True,8.36808,,0.587096,False
E3,tech_coverage,41,3,False,False,False,1.62653,1.6265264589818738,0.819699,False
E3,tech_coverage,41,4,False,False,False,17.9889,17.988866140636972,0.706843,False
E3,tech_coverage,41,5,False,False,True,17.9889,17.988866140636972,0.643579,False
E3,tech_coverage,41,6,False,False,True,17.9889,17.988866140636972,0.66273,False
E3,tech_coverage,41,7,True,False,True,17.9889,,0.608511,False
E3,tech_diversity,41,3,False,False,False,3.36589,3.365894538882844,0.663572,False
E3,tech_diversity,41,4,False,False,False,5.35561,5.355613523952213,0.598062,False
E3,tech_diversity,41,5,False,False,False,6.75706,6.757060940159042,0.551519,False
E3,tech_diversity,41,6,False,False,True,11.7662,11.766174842719815,0.513073,False
E3,tech_diversity,41,7,False,False,True,11.7662,11.766174842719815,0.528822,False
E3,tech_facility,41,3,False,False,False,4.55794,4.557935056132171,0.604534,False
E3,tech_facility,41,4,False,False,False,7.74311,7.743106565058496,0.54023,False
E3,tech_facility,41,5,False,False,False,7.74311,7.743106565058496,0.504051,False
E3,tech_facility,41,6,False,False,False,7.74311,7.743106565058496,0.585933,False
E3,tech_facility,41,7,False,False,True,7.74311,7.743106565058496,0.624109,False
E3,tech_coverage,42,3,False,False,True,2.04348,2.043478260773777,0.837,False
E3,tech_coverage,42,4,True,False,True,2.04348,,0.706977,False
E3,tech_coverage,42,5,True,False,True,2.04348,,0.611765,False
E3,tech_coverage,42,6,True,False,True,2.04348,,0.678083,False
E3,tech_coverage,42,7,True,False,True,2.04348,,0.760593,False
E3,tech_diversity,42,3,False,False,False,2.55072,2.5507246377050725,0.536538,False
E3,tech_diversity,42,4,False,False,True,2.55072,2.5507246377050725,0.611367,False
E3,tech_diversity,42,5,False,False,True,11.6417,11.641744551377435,0.584158,False
E3,tech_diversity,42,6,False,False,True,11.6417,11.641744551377435,0.67356,False
E3,tech_diversity,42,7,True,False,True,11.6417,,0.661151,False
E3,tech_facility,42,3,False,False,False,9.02802,9.028021763818506,0.452517,False
E3,tech_facility,42,4,False,False,True,9.02802,9.028021763818506,0.656525,False
E3,tech_facility,42,5,False,False,True,9.02802,9.028021763818506,0.687831,False
E3,tech_facility,42,6,False,False,True,9.02802,9.028021763818506,0.822642,False
E3,tech_facility,42,7,True,False,True,9.02802,,0.812748,False
E3,tech_coverage,43,3,False,False,False,23.7124,23.71238938141557,0.564351,False
E3,tech_coverage,43,4,False,False,False,23.7124,23.71238938141557,0.614039,False
E3,tech_coverage,43,5,False,False,True,23.7124,23.71238938141557,0.603175,False
E3,tech_coverage,43,6,False,False,True,23.7124,23.71238938141557,0.663326,False
E3,tech_coverage,43,7,True,False,True,23.7124,,0.630573,False
E3,tech_diversity,43,3,False,False,False,1.94043,1.940425531513751,0.795124,False
E3,tech_diversity,43,4,False,False,True,1.94043,1.940425531513751,0.890567,False
E3,tech_diversity,43,5,False,False,True,1.94043,1.940425531513751,0.913768,False
E3,tech_diversity,43,6,True,False,True,1.94043,,0.830493,False
E3,tech_diversity,43,7,True,False,True,1.94043,,0.9319,False
E3,tech_facility,43,3,False,False,False,10.1633,10.163339382940109,0.628716,False
E3,tech_facility,43,4,False,False,False,10.1633,10.163339382940109,0.586672,False
E3,tech_facility,43,5,False,False,True,10.1633,10.163339382940109,0.574419,False
E3,tech_facility,43,6,False,False,True,10.1633,10.163339382940109,0.561768,False
E3,tech_facility,43,7,False,False,True,32.2666,32.266563338651224,0.558333,False
E3,tech_coverage,44,3,False,False,True,2.02449,2.0244919225461864,0.797849,False
E3,tech_coverage,44,4,True,False,True,2.02449,,0.666436,False
E3,tech_coverage,44,5,True,False,True,2.02449,,0.725448,False
E3,tech_coverage,44,6,True,False,True,2.02449,,0.752,False
E3,tech_coverage,44,7,True,False,True,2.02449,,0.801841,False
E3,tech_diversity,44,3,False,False,False,32.9371,32.93711054233633,0.27825,False
E3,tech_diversity,44,4,False,False,False,32.9371,32.93711054233633,0.364381,False
E3,tech_diversity,44,5,False,False,False,32.9371,32.93711054233633,0.378536,False
E3,tech_diversity,44,6,False,False,False,32.9371,32.93711054233633,0.506944,False
E3,tech_diversity,44,7,True,False,True,32.9371,,0.505933,False
E3,tech_facility,44,3,False,False,False,30.3966,30.39664111494925,0.27825,False
E3,tech_facility,44,4,False,False,False,30.3966,30.39664111494925,0.328389,False
E3,tech_facility,44,5,False,False,False,30.3966,30.39664111494925,0.323347,False
E3,tech_facility,44,6,False,False,False,30.3966,30.39664111494925,0.427481,False
E3,tech_facility,44,7,False,False,False,38.1223,38.12225062944163,0.438783,False
E3,tech_coverage,45,3,False,False,False,4.66284,4.662840746007934,0.593735,False
E3,tech_coverage,45,4,False,False,True,4.66284,4.662840746007934,0.720362,False
E3,tech_coverage,45,5,True,False,True,4.66284,,0.595875,False
E3,tech_coverage,45,6,True,False,True,4.66284,,0.543307,False
E3,tech_coverage,45,7,True,False,True,4.66284,,0.64938,False
E3,tech_diversity,45,3,False,False,False,22.5561,22.556140357465704,0.453045,False
E3,tech_diversity,45,4,False,False,False,22.5561,22.556140357465704,0.425668,False
E3,tech_diversity,45,5,False,False,True,22.5561,22.556140357465704,0.542986,False
E3,tech_diversity,45,6,False,False,True,22.5561,22.556140357465704,0.520548,False
E3,tech_diversity,45,7,False,False,True,22.5561,22.556140357465704,0.615855,False
E3,tech_facility,45,3,False,False,False,22.5561,22.556140357465704,0.453045,False
E3,tech_facility,45,4,False,False,False,31.0517,31.051693407867972,0.401345,False
E3,tech_facility,45,5,False,False,True,31.0517,31.051693407867972,0.496324,False
E3,tech_facility,45,6,True,False,True,31.0517,,0.446512,False
E3,tech_facility,45,7,True,False,True,31.0517,,0.607301,False
E3,tech_coverage,46,3,False,False,True,8.29577,8.295774652968088,0.67323,False
E3,tech_coverage,46,4,True,False,True,8.29577,,0.599619,False
E3,tech_coverage,46,5,True,False,True,8.29577,,0.663357,False
E3,tech_coverage,46,6,True,False,True,8.29577,,0.597266,False
E3,tech_coverage,46,7,True,False,True,8.29577,,0.652952,False
E3,tech_diversity,46,3,False,False,False,4.79271,4.792709665527816,0.562426,False
E3,tech_diversity,46,4,False,False,False,18.1038,18.103773587357782,0.517172,False
E3,tech_diversity,46,5,False,False,False,18.1038,18.103773587357782,0.639835,False
E3,tech_diversity,46,6,False,False,True,18.1038,18.103773587357782,0.628858,False
E3,tech_diversity,46,7,False,False,True,18.1038,18.103773587357782,0.691696,False
E3,tech_facility,46,3,False,False,False,12.3233,12.323305407970684,0.504112,False
E3,tech_facility,46,4,False,False,False,12.3233,12.323305407970684,0.506508,False
E3,tech_facility,46,5,False,False,False,76.3596,76.35963015029947,0.476045,False
E3,tech_facility,46,6,False,False,False,76.3596,76.35963015029947,0.466025,False
E3,tech_facility,46,7,False,False,False,76.3596,76.35963015029947,0.463332,False
E3,tech_coverage,47,3,False,False,False,2.90649,2.906485671423759,0.658537,False
E3,tech_coverage,47,4,True,False,True,2.90649,,0.552888,False
E3,tech_coverage,47,5,True,False,True,11.6992,,0.506434,False
E3,tech_coverage,47,6,True,False,True,11.6992,,0.542201,False
E3,tech_coverage,47,7,True,False,True,11.6992,,0.587031,False
E3,tech_diversity,47,3,False,False,False,6.03136,6.0313638731020545,0.532258,False
E3,tech_diversity,47,4,False,False,False,8.9799,8.979904308029427,0.477679,False
E3,tech_diversity,47,5,False,False,False,8.9799,8.979904308029427,0.624168,False
E3,tech_diversity,47,6,False,False,True,8.9799,8.979904308029427,0.679595,False
E3,tech_diversity,47,7,True,False,True,8.9799,,0.635659,False
E3,tech_facility,47,3,False,False,False,4.44464,4.444636156002624,0.609375,False
E3,tech_facility,47,4,False,False,True,8.95887,8.958873932154459,0.540404,False
E3,tech_facility,47,5,False,False,True,8.95887,8.958873932154459,0.638098,False
E3,tech_facility,47,6,True,False,True,8.95887,,0.573146,False
E3,tech_facility,47,7,True,False,True,8.95887,,0.626506,False
E3,tech_coverage,49,3,False,False,False,2.63366,2.6336637433991203,0.833627,False
E3,tech_coverage,49,4,False,False,True,2.63366,2.6336637433991203,0.845217,False
E3,tech_coverage,49,5,False,False,True,2.63366,2.6336637433991203,0.853367,False
E3,tech_coverage,49,6,True,False,True,2.63366,,0.766614,False
E3,tech_coverage,49,7,True,False,True,2.63366,,0.711341,False
E3,tech_diversity,49,3,False,False,False,12.9263,12.92626681686345,0.558412,False
E3,tech_diversity,49,4,False,False,False,21.2442,21.244216741822296,0.489796,False
E3,tech_diversity,49,5,False,False,False,57.6009,57.60090360522933,0.440741,False
E3,tech_diversity,49,6,False,False,False,57.6009,57.60090360522933,0.587644,False
E3,tech_diversity,49,7,False,False,False,57.6009,57.60090360522933,0.56371,False
E3,tech_facility,49,3,False,False,False,7.22018,7.220183732614143,0.683714,False
E3,tech_facility,49,4,False,False,True,7.22018,7.220183732614143,0.652568,False
E3,tech_facility,49,5,True,False,True,7.22018,,0.576347,False
E3,tech_facility,49,6,True,False,True,9.81638,,0.546791,False
E3,tech_facility,49,7,True,False,True,17.611,,0.51832,False
E3,tech_coverage,50,3,False,False,False,2.3659,2.365896336114517,0.669787,False
E3,tech_coverage,50,4,False,False,False,3.90541,3.905406501760514,0.602317,False
E3,tech_coverage,50,5,False,False,False,3.90541,3.905406501760514,0.65247,False
E3,tech_coverage,50,6,False,False,True,33.4606,33.4605769139875,0.593978,False
E3,tech_coverage,50,7,False,False,True,33.4606,33.4605769139875,0.64256,False
E3,tech_diversity,50,3,False,False,False,6.80454,6.804535171055021,0.535027,False
E3,tech_diversity,50,4,False,False,False,9.03262,9.032624812069098,0.468468,False
E3,tech_diversity,50,5,False,False,False,9.03262,9.032624812069098,0.480819,False
E3,tech_diversity,50,6,False,False,False,9.03262,9.032624812069098,0.46633,False
E3,tech_diversity,50,7,False,False,False,9.03262,9.032624812069098,0.547398,False
E3,tech_facility,50,3,False,False,False,7.87437,7.874366767384216,0.732549,False
E3,tech_facility,50,4,False,False,False,7.87437,7.874366767384216,0.747556,False
E3,tech_facility,50,5,False,False,True,7.87437,7.874366767384216,0.681486,False
E3,tech_facility,50,6,False,False,True,7.87437,7.874366767384216,0.722483,False
E3,tech_facility,50,7,True,False,True,7.87437,,0.67495,False
E3,tech_coverage,51,3,False,False,True,1.46404,1.4640350371511206,0.959743,False
E3,tech_coverage,51,4,True,False,True,1.46404,,0.858745,False
E3,tech_coverage,51,5,True,False,True,1.46404,,0.862078,False
E3,tech_coverage,51,6,True,False,True,1.46404,,0.830075,False
E3,tech_coverage,51,7,True,False,True,1.46404,,0.793974,False
E3,tech_diversity,51,3,False,False,False,13.072,13.07199819977728,0.608267,False
E3,tech_diversity,51,4,False,False,False,13.072,13.07199819977728,0.728792,False
E3,tech_diversity,51,5,False,False,True,13.072,13.07199819977728,0.799753,False
E3,tech_diversity,51,6,False,False,True,13.072,13.07199819977728,0.871018,False
E3,tech_diversity,51,7,True,False,True,13.072,,0.841714,False
E3,tech_facility,51,3,False,False,False,13.4696,13.46959821000427,0.614973,False
E3,tech_facility,51,4,False,False,False,13.4696,13.46959821000427,0.699043,False
E3,tech_facility,51,5,False,False,True,839.349,839.3487657979881,0.654448,False
E3,tech_facility,51,6,False,False,True,839.349,839.3487657979881,0.675629,False
E3,tech_facility,51,7,True,False,True,839.349,,0.679966,False
E3,tech_coverage,52,3,False,False,False,2.17949,2.1794901864503355,0.701843,False
E3,tech_coverage,52,4,False,False,True,2.70971,2.709714286802406,0.642265,False
E3,tech_coverage,52,5,False,False,True,2.70971,2.709714286802406,0.701805,False
E3,tech_coverage,52,6,False,False,True,3.7456,3.7456028262076697,0.665548,False
E3,tech_coverage,52,7,False,False,True,3.7456,3.7456028262076697,0.68488,False
E3,tech_diversity,52,3,False,False,False,1.25232,1.2523240367903246,0.948471,False
E3,tech_diversity,52,4,False,False,True,1.25232,1.2523240367903246,0.964407,False
E3,tech_diversity,52,5,False,False,True,1.25232,1.2523240367903246,0.983919,False
E3,tech_diversity,52,6,True,False,True,1.25232,,0.880551,False
E3,tech_diversity,52,7,True,False,True,15.1494,,0.826285,False
E3,tech_facility,52,3,False,False,False,1.24976,1.2497563355226238,0.948471,False
E3,tech_facility,52,4,False,False,True,2.90146,2.9014565175371225,0.844897,False
E3,tech_facility,52,5,False,False,True,2.90146,2.9014565175371225,0.875091,False
E3,tech_facility,52,6,True,False,True,2.90146,,0.793693,False
E3,tech_facility,52,7,True,False,True,10.7177,,0.747748,False
E3,tech_coverage,53,3,False,False,False,4.13687,4.136874214268072,0.458494,False
E3,tech_coverage,53,4,False,False,True,4.13687,4.136874214268072,0.543897,False
E3,tech_coverage,53,5,False,False,True,4.13687,4.136874214268072,0.60893,False
E3,tech_coverage,53,6,True,False,True,4.13687,,0.553571,False
E3,tech_coverage,53,7,True,False,True,17.9486,,0.525757,False
E3,tech_diversity,53,3,False,False,False,2.14943,2.149425287417784,0.758045,False
E3,tech_diversity,53,4,False,False,True,2.14943,2.149425287417784,0.808069,False
E3,tech_diversity,53,5,False,False,True,2.14943,2.149425287417784,0.851934,False
E3,tech_diversity,53,6,True,False,True,2.14943,,0.735431,False
E3,tech_diversity,53,7,True,False,True,2.14943,,0.653746,False
E3,tech_facility,53,3,False,False,False,17.8326,17.832558144252022,0.586854,False
E3,tech_facility,53,4,False,False,False,17.8326,17.832558144252022,0.681887,False
E3,tech_facility,53,5,False,False,True,17.8326,17.832558144252022,0.73365,False
E3,tech_facility,53,6,False,False,True,17.8326,17.832558144252022,0.691964,False
E3,tech_facility,53,7,True,False,True,17.8326,,0.612852,False
E3,tech_coverage,54,3,False,False,True,4.11791,4.117908081548788,0.691626,False
E3,tech_coverage,54,4,True,False,True,4.11791,,0.581673,False
E3,tech_coverage,54,5,True,False,True,4.11791,,0.626939,False
E3,tech_coverage,54,6,True,False,True,4.11791,,0.656604,False
E3,tech_coverage,54,7,True,False,True,4.11791,,0.639928,False
E3,tech_diversity,54,3,False,False,False,179.292,179.29189187544793,0.263415,False
E3,tech_diversity,54,4,False,False,False,179.292,179.29189187544793,0.444553,False
E3,tech_diversity,54,5,False,False,True,179.292,179.29189187544793,0.533333,False
E3,tech_diversity,54,6,False,False,True,179.292,179.29189187544793,0.570093,False
E3,tech_diversity,54,7,True,False,True,179.292,,0.568663,False
E3,tech_facility,54,3,True,False,True,3.20642,,0.370879,False
E3,tech_facility,54,4,True,False,True,67.2544,,0.324941,False
E3,tech_facility,54,5,True,False,True,67.2544,,0.443156,False
E3,tech_facility,54,6,True,False,True,67.2544,,0.530973,False
E3,tech_facility,54,7,True,False,True,67.2544,,0.523594,False
E3,tech_coverage,55,3,False,False,False,2.67097,2.670967742567613,0.560547,False
E3,tech_coverage,55,4,True,False,True,2.67097,,0.472023,False
E3,tech_coverage,55,5,True,False,True,2.67097,,0.51046,False
E3,tech_coverage,55,6,True,False,True,2.67097,,0.604479,False
E3,tech_coverage,55,7,True,False,True,2.67097,,0.617893,False
E3,tech_diversity,55,3,False,False,True,10.3412,10.341183575998457,0.760484,False
E3,tech_diversity,55,4,False,False,True,10.3412,10.341183575998457,0.837073,False
E3,tech_diversity,55,5,True,False,True,10.3412,,0.740331,False
E3,tech_diversity,55,6,True,False,True,10.3412,,0.734257,False
E3,tech_diversity,55,7,True,False,True,10.3412,,0.666125,False
E3,tech_facility,55,3,False,False,True,1.09756,1.097560975499122,0.98071,False
E3,tech_facility,55,4,True,False,True,1.09756,,0.832317,False
E3,tech_facility,55,5,True,False,True,1.09756,,0.680203,False
E3,tech_facility,55,6,True,False,True,1.09756,,0.667048,False
E3,tech_facility,55,7,True,False,True,1.09756,,0.657,False
E3,tech_coverage,56,3,True,False,True,1.0,,0.822241,False
E3,tech_coverage,56,4,True,False,True,13.9134,,0.757423,False
E3,tech_coverage,56,5,True,False,True,13.9134,,0.689914,False
E3,tech_coverage,56,6,True,False,True,13.9134,,0.73663,False
E3,tech_coverage,56,7,True,False,True,13.9134,,0.698573,False
E3,tech_diversity,56,3,False,False,True,12.7633,12.763260140874744,0.662107,False
E3,tech_diversity,56,4,True,False,True,12.7633,,0.598955,False
E3,tech_diversity,56,5,True,False,True,12.7633,,0.549316,False
E3,tech_diversity,56,6,True,False,True,12.7633,,0.71506,False
E3,tech_diversity,56,7,True,False,True,256.192,,0.683575,False
E3,tech_facility,56,3,False,False,True,1.57952,1.5795172572052103,0.935963,False
E3,tech_facility,56,4,True,False,True,1.57952,,0.833911,False
E3,tech_facility,56,5,True,False,True,1.57952,,0.767976,False
E3,tech_facility,56,6,True,False,True,1.94405,,0.781474,False
E3,tech_facility,56,7,True,False,True,1.94405,,0.735655,False
E3,tech_coverage,57,3,True,False,True,1.06215,,0.763784,False
E3,tech_coverage,57,4,True,False,True,1.06215,,0.622247,True
E3,tech_coverage,57,5,True,False,True,1.06215,,0.699298,False
E3,tech_coverage,57,6,True,False,True,1.06215,,0.681675,False
E3,tech_coverage,57,7,True,False,True,1.06215,,0.708338,False
E3,tech_diversity,57,3,False,False,True,1.06698,1.0669837411746652,0.986857,False
E3,tech_diversity,57,4,False,False,True,1.06698,1.0669837411746652,0.983514,False
E3,tech_diversity,57,5,True,False,True,1.06698,,0.924727,False
E3,tech_diversity,57,6,True,False,True,1.06698,,1.0,False
E3,tech_diversity,57,7,True,False,True,1.06698,,0.965957,False
E3,tech_facility,57,3,True,False,True,1.0,,0.763194,False
E3,tech_facility,57,4,True,False,True,1.0,,0.642242,True
E3,tech_facility,57,5,True,False,True,1.34872,,0.699298,False
E3,tech_facility,57,6,True,False,True,1.34872,,0.778923,False
E3,tech_facility,57,7,True,False,True,1.34872,,0.792353,False
E3,tech_coverage,58,3,False,False,False,2.08791,2.087912087190018,0.755996,False
E3,tech_coverage,58,4,False,False,True,2.08791,2.087912087190018,0.808546,False
E3,tech_coverage,58,5,True,False,True,2.08791,,0.712726,False
E3,tech_coverage,58,6,True,False,True,26.2319,,0.656121,False
E3,tech_coverage,58,7,True,False,True,26.2319,,0.695226,False
E3,tech_diversity,58,3,False,False,False,4.82381,4.82381096043278,0.743621,False
E3,tech_diversity,58,4,False,False,False,11.931,11.9309895865354,0.636753,False
E3,tech_diversity,58,5,False,False,True,11.931,11.9309895865354,0.625835,False
E3,tech_diversity,58,6,False,False,True,11.931,11.9309895865354,0.677047,False
E3,tech_diversity,58,7,False,False,True,11.931,11.9309895865354,0.721402,False
E3,tech_facility,58,3,False,False,False,2.47423,2.474228326595016,0.799528,False
E3,tech_facility,58,4,False,False,True,2.47423,2.474228326595016,0.815543,False
E3,tech_facility,58,5,False,False,True,120.265,120.26506025466922,0.724985,False
E3,tech_facility,58,6,False,False,True,120.265,120.26506025466922,0.682236,False
E3,tech_facility,58,7,True,False,True,120.265,,0.634577,False
E3,tech_coverage,59,3,False,False,False,1.74275,1.7427450978922958,0.637602,False
E3,tech_coverage,59,4,False,False,False,1.74275,1.7427450978922958,0.683788,False
E3,tech_coverage,59,5,False,False,True,1.74275,1.7427450978922958,0.725167,False
E3,tech_coverage,59,6,True,False,True,1.74275,,0.646454,False
E3,tech_coverage,59,7,True,False,True,1.74275,,0.667484,False
E3,tech_diversity,59,3,False,False,False,3.16498,3.1649831648671154,0.504963,False
E3,tech_diversity,59,4,False,False,False,4.38194,4.381937423428099,0.472144,False
E3,tech_diversity,59,5,False,False,False,4.38194,4.381937423428099,0.459455,False
E3,tech_diversity,59,6,False,False,False,9.02305,9.023047306203285,0.43488,False
E3,tech_diversity,59,7,False,False,False,9.02305,9.023047306203285,0.524478,False
E3,tech_facility,59,3,False,False,False,9.86657,9.866570496723547,0.398614,False
E3,tech_facility,59,4,False,False,False,9.86657,9.866570496723547,0.46082,False
E3,tech_facility,59,5,False,False,False,9.86657,9.866570496723547,0.573276,False
E3,tech_facility,59,6,False,False,True,9.86657,9.866570496723547,0.563172,False
E3,tech_facility,59,7,False,False,True,9.86657,9.866570496723547,0.542338,False
E3,tech_coverage,60,3,False,False,True,5.97249,5.972493496165489,0.432908,False
E3,tech_coverage,60,4,False,False,True,17.1683,17.168331686668658,0.379394,False
E3,tech_coverage,60,5,False,False,True,17.1683,17.168331686668658,0.453028,False
E3,tech_coverage,60,6,False,False,True,17.1683,17.168331686668658,0.509804,False
E3,tech_coverage,60,7,True,False,True,17.1683,,0.47464,False
E3,tech_diversity,60,3,False,False,True,16.4601,16.460095769741933,0.410916,False
E3,tech_diversity,60,4,False,False,True,16.4601,16.460095769741933,0.499456,False
E3,tech_diversity,60,5,False,False,True,16.4601,16.460095769741933,0.569172,False
E3,tech_diversity,60,6,True,False,True,16.4601,,0.530806,False
E3,tech_diversity,60,7,True,False,True,16.4601,,0.5075,False
E3,tech_facility,60,3,False,False,True,247.766,247.7659434193106,0.567766,False
E3,tech_facility,60,4,True,False,True,247.766,,0.465412,False
E3,tech_facility,60,5,True,False,True,247.766,,0.508832,False
E3,tech_facility,60,6,True,False,True,247.766,,0.485149,False
E3,tech_facility,60,7,True,False,True,247.766,,0.543239,False
E3,tech_coverage,61,3,False,False,False,1.99013,1.9901338429129147,0.888378,False
E3,tech_coverage,61,4,False,False,True,8.48312,8.483121656799293,0.773692,False
E3,tech_coverage,61,5,False,False,True,8.48312,8.483121656799293,0.808219,False
E3,tech_coverage,61,6,False,False,True,8.48312,8.483121656799293,0.8497,False
E3,tech_coverage,61,7,True,False,True,8.48312,,0.784336,False
E3,tech_diversity,61,3,False,False,False,17.0296,17.029624265223127,0.518822,False
E3,tech_diversity,61,4,False,False,False,17.0296,17.029624265223127,0.459028,False
E3,tech_diversity,61,5,False,False,False,17.0296,17.029624265223127,0.469895,False
E3,tech_diversity,61,6,False,False,False,17.0296,17.029624265223127,0.532801,False
E3,tech_diversity,61,7,False,False,True,17.0296,17.029624265223127,0.5883,False
E3,tech_facility,61,3,False,False,False,3.14286,3.1428571425485714,0.78125,False
E3,tech_facility,61,4,False,False,False,94.5146,94.51456314523205,0.666887,False
E3,tech_facility,61,5,False,False,False,94.5146,94.51456314523205,0.628036,False
E3,tech_facility,61,6,False,False,True,94.5146,94.51456314523205,0.592601,False
E3,tech_facility,61,7,False,False,True,94.5146,94.51456314523205,0.702526,False
E3,tech_coverage,62,3,False,False,True,6.35067,6.350671978705241,0.776119,False
E3,tech_coverage,62,4,False,False,True,6.35067,6.350671978705241,0.855437,False
E3,tech_coverage,62,5,True,False,True,6.35067,,0.731481,False
E3,tech_coverage,62,6,True,False,True,6.35067,,0.663408,False
E3,tech_coverage,62,7,True,False,True,6.35067,,0.697947,False
E3,tech_diversity,62,3,False,False,False,5.9355,5.9355022460930105,0.740984,False
E3,tech_diversity,62,4,False,False,True,26.6927,26.692662171126972,0.639707,False
E3,tech_diversity,62,5,False,False,True,26.6927,26.692662171126972,0.726864,False
E3,tech_diversity,62,6,False,False,True,26.6927,26.692662171126972,0.695477,False
E3,tech_diversity,62,7,True,False,True,26.6927,,0.651417,False
E3,tech_facility,62,3,False,False,False,3.52763,3.52762870172091,0.753042,False
E3,tech_facility,62,4,False,False,True,3.52763,3.52762870172091,0.714401,False
E3,tech_facility,62,5,False,False,True,6.12551,6.12551352657254,0.667955,False
E3,tech_facility,62,6,True,False,True,6.12551,,0.617582,False
E3,tech_facility,62,7,True,False,True,6.12551,,0.572049,False
E3,tech_coverage,63,3,False,False,False,3.8256,3.825598121389004,0.772561,False
E3,tech_coverage,63,4,True,False,True,3.8256,,0.651256,False
E3,tech_coverage,63,5,True,False,True,3.8256,,0.678138,False
E3,tech_coverage,63,6,True,False,True,3.8256,,0.701026,False
E3,tech_coverage,63,7,True,False,True,3.8256,,0.741354,False
E3,tech_diversity,63,3,False,False,True,10.11,10.110023177908424,0.503961,False
E3,tech_diversity,63,4,False,False,True,10.11,10.110023177908424,0.598879,False
E3,tech_diversity,63,5,False,False,True,10.11,10.110023177908424,0.596429,False
E3,tech_diversity,63,6,False,False,True,10.11,10.110023177908424,0.603606,False
E3,tech_diversity,63,7,True,False,True,10.11,,0.571825,False
E3,tech_facility,63,3,False,False,False,14.6942,14.694182827736322,0.486006,False
E3,tech_facility,63,4,False,False,False,14.6942,14.694182827736322,0.595929,False
E3,tech_facility,63,5,True,False,True,14.6942,,0.533277,False
E3,tech_facility,63,6,True,False,True,14.6942,,0.527476,False
E3,tech_facility,63,7,True,False,True,18.1949,,0.52616,False
E3,tech_coverage,64,3,False,False,False,3.24357,3.243574268864674,0.826511,False
E3,tech_coverage,64,4,False,False,False,3.24357,3.243574268864674,0.87157,False
E3,tech_coverage,64,5,False,False,True,3.24357,3.243574268864674,0.825558,False
E3,tech_coverage,64,6,False,False,True,3.24357,3.243574268864674,0.847693,False
E3,tech_coverage,64,7,True,False,True,3.24357,,0.782359,False
E3,tech_diversity,64,3,False,False,False,1.6062,1.6061980835614647,0.869173,False
E3,tech_diversity,64,4,False,False,False,1.6062,1.6061980835614647,0.892894,False
E3,tech_diversity,64,5,False,False,True,8.1305,8.130500888487546,0.812318,False
E3,tech_diversity,64,6,False,False,True,8.1305,8.130500888487546,0.828714,False
E3,tech_diversity,64,7,False,False,True,8.1305,8.130500888487546,0.850069,False
E3,tech_facility,64,3,False,False,False,1.6062,1.6061980835614647,0.903876,False
E3,tech_facility,64,4,False,False,True,1.6062,1.6061980835614647,0.90242,False
E3,tech_facility,64,5,False,False,True,8.25196,8.251956706502979,0.819543,False
E3,tech_facility,64,6,False,False,True,8.25196,8.251956706502979,0.84507,False
E3,tech_facility,64,7,True,False,True,8.25196,,0.784328,False
E3,tech_coverage,65,3,False,False,False,8.60007,8.600073584703244,0.766347,False
E3,tech_coverage,65,4,True,False,True,8.60007,,0.655483,False
E3,tech_coverage,65,5,True,False,True,8.60007,,0.717974,False
E3,tech_coverage,65,6,True,False,True,8.60007,,0.648485,False
E3,tech_coverage,65,7,True,False,True,8.60007,,0.644857,False
E3,tech_diversity,65,3,True,False,True,4.48312,,0.530603,False
E3,tech_diversity,65,4,True,False,True,4.48312,,0.575077,False
E3,tech_diversity,65,5,True,False,True,4.48312,,0.708955,False
E3,tech_diversity,65,6,True,False,True,4.48312,,0.662295,False
E3,tech_diversity,65,7,True,False,True,4.48312,,0.73716,False
E3,tech_facility,65,3,True,False,True,4.48312,,0.530603,False
E3,tech_facility,65,4,True,False,True,8.65338,,0.485161,False
E3,tech_facility,65,5,True,False,True,8.65338,,0.592521,False
E3,tech_facility,65,6,True,False,True,29.3754,,0.56338,False
E3,tech_facility,65,7,True,False,True,29.3754,,0.543064,False
E3,tech_coverage,66,3,False,False,False,1.0,1.0,1.0,False
E3,tech_coverage,66,4,False,False,True,1.20526,1.2052591495380787,0.979824,False
E3,tech_coverage,66,5,False,False,True,1.20526,1.2052591495380787,0.97254,False
E3,tech_coverage,66,6,False,False,True,1.20526,1.2052591495380787,1.0,False
E3,tech_coverage,66,7,False,False,True,4.59722,4.597219580256843,0.969678,False
E3,tech_diversity,66,3,False,False,False,5.53854,5.538542358324817,0.651977,False
E3,tech_diversity,66,4,False,False,False,12.3011,12.301062400782062,0.593794,False
E3,tech_diversity,66,5,False,False,True,12.3011,12.301062400782062,0.744283,False
E3,tech_diversity,66,6,False,False,True,12.3011,12.301062400782062,0.800799,False
E3,tech_diversity,66,7,False,False,True,12.3011,12.301062400782062,0.778126,False
E3,tech_facility,66,3,False,False,True,5.85113,5.8511309185419345,0.781483,False
E3,tech_facility,66,4,False,False,True,5.85113,5.8511309185419345,0.780065,False
E3,tech_facility,66,5,False,False,True,12.3508,12.350814193733765,0.720536,False
E3,tech_facility,66,6,False,False,True,14.3455,14.345477229317574,0.693958,False
E3,tech_facility,66,7,True,False,True,14.3455,,0.66495,False
E3,tech_coverage,67,3,False,False,False,1.23071,1.230710466446148,0.939759,False
E3,tech_coverage,67,4,False,False,False,2.96703,2.9670329670032456,0.832694,False
E3,tech_coverage,67,5,False,False,True,2.96703,2.9670329670032456,0.86246,False
E3,tech_coverage,67,6,False,False,True,2.96703,2.9670329670032456,0.826502,False
E3,tech_coverage,67,7,False,False,True,3.65555,3.655552638089726,0.787253,False
E3,tech_diversity,67,3,False,False,False,2.50889,2.5088939204732954,0.76485,False
E3,tech_diversity,67,4,False,False,False,2.50889,2.5088939204732954,0.723376,False
E3,tech_diversity,67,5,False,False,True,2.50889,2.5088939204732954,0.734144,False
E3,tech_diversity,67,6,False,False,True,2.50889,2.5088939204732954,0.737055,False
E3,tech_diversity,67,7,False,False,True,2.50889,2.5088939204732954,0.790652,False
E3,tech_facility,67,3,False,False,False,3.64106,3.6410564236870053,0.793536,False
E3,tech_facility,67,4,False,False,False,3.64106,3.6410564236870053,0.742192,False
E3,tech_facility,67,5,False,False,False,3.64106,3.6410564236870053,0.692799,False
E3,tech_facility,67,6,False,False,False,10.5979,10.597922341023065,0.638495,False
E3,tech_facility,67,7,False,False,False,10.5979,10.597922341023065,0.654174,False
E3,tech_coverage,68,3,False,False,True,2.36849,2.368492603447705,0.853278,False
E3,tech_coverage,68,4,False,False,True,2.36849,2.368492603447705,0.870779,False
E3,tech_coverage,68,5,False,False,True,58.2595,58.25946837867997,0.796014,False
E3,tech_coverage,68,6,False,False,True,58.2595,58.25946837867997,0.796285,False
E3,tech_coverage,68,7,True,False,True,58.2595,,0.734824,False
E3,tech_diversity,68,3,False,False,False,6.02255,6.0225460082230615,0.541279,False
E3,tech_diversity,68,4,True,False,True,6.02255,,0.466809,False
E3,tech_diversity,68,5,True,False,True,6.02255,,0.480833,False
E3,tech_diversity,68,6,True,False,True,6.02255,,0.481278,False
E3,tech_diversity,68,7,True,False,True,6.02255,,0.539764,False
E3,tech_facility,68,3,False,False,True,4.81375,4.813750954783097,0.602788,False
E3,tech_facility,68,4,False,False,True,4.81375,4.813750954783097,0.705523,False
E3,tech_facility,68,5,True,False,True,4.81375,,0.62057,False
E3,tech_facility,68,6,True,False,True,4.81375,,0.68557,False
E3,tech_facility,68,7,True,False,True,4.81375,,0.657221,False
E3,tech_coverage,69,3,False,False,True,3.86632,3.8663247863534353,0.839128,False
E3,tech_coverage,69,4,False,False,True,3.86632,3.8663247863534353,0.787592,False
E3,tech_coverage,69,5,False,False,True,8.50214,8.502140906460289,0.716664,False
E3,tech_coverage,69,6,False,False,True,8.50214,8.502140906460289,0.763888,False
E3,tech_coverage,69,7,True,False,True,8.50214,,0.689037,False
E3,tech_diversity,69,3,False,False,True,2.27764,2.2776362713130345,0.878276,False
E3,tech_diversity,69,4,False,False,True,2.27764,2.2776362713130345,0.871174,False
E3,tech_diversity,69,5,False,False,True,52.6424,52.64237734129139,0.778661,False
E3,tech_diversity,69,6,True,False,True,52.6424,,0.715387,False
E3,tech_diversity,69,7,True,False,True,52.6424,,0.767993,False
E3,tech_facility,69,3,False,False,True,2.27764,2.2776362713130345,0.878276,False
E3,tech_facility,69,4,False,False,True,11.6725,11.672456570703948,0.764704,False
E3,tech_facility,69,5,False,False,True,11.6725,11.672456570703948,0.786118,False
E3,tech_facility,69,6,False,False,True,29.1045,29.10445122637728,0.726799,False
E3,tech_facility,69,7,True,False,True,29.1045,,0.66128,False
E3,tech_coverage,70,3,False,False,True,1.87608,1.8760784315087984,0.778905,False
E3,tech_coverage,70,4,True,False,True,1.87608,,0.654438,False
E3,tech_coverage,70,5,True,False,True,1.87608,,0.677604,False
E3,tech_coverage,70,6,True,False,True,1.87608,,0.609589,False
E3,tech_coverage,70,7,True,False,True,1.87608,,0.589427,False
E3,tech_diversity,70,3,False,False,False,15.4445,15.444504313414159,0.463119,False
E3,tech_diversity,70,4,False,False,False,15.4445,15.444504313414159,0.49329,False
E3,tech_diversity,70,5,False,False,True,15.4445,15.444504313414159,0.581959,False
E3,tech_diversity,70,6,False,False,True,15.4445,15.444504313414159,0.611111,False
E3,tech_diversity,70,7,True,False,True,15.4445,,0.529699,False
E3,tech_facility,70,3,False,False,False,4.03,4.03000000009792,0.577255,False
E3,tech_facility,70,4,False,False,True,4.03,4.03000000009792,0.643064,False
E3,tech_facility,70,5,False,False,True,4.03,4.03000000009792,0.661206,False
E3,tech_facility,70,6,True,False,True,4.03,,0.588235,False
E3,tech_facility,70,7,True,False,True,4.03,,0.584848,False
E3,tech_coverage,71,3,False,False,False,2.3188,2.318803229417446,0.862084,False
E3,tech_coverage,71,4,False,False,True,2.3188,2.318803229417446,0.796067,False
E3,tech_coverage,71,5,False,False,True,2.3188,2.318803229417446,0.823594,False
E3,tech_coverage,71,6,False,False,True,2.3188,2.318803229417446,0.844516,False
E3,tech_coverage,71,7,False,False,True,6.33649,6.336490652023129,0.797609,False
E3,tech_diversity,71,3,False,False,False,2.2586,2.2586028052606677,0.765663,False
E3,tech_diversity,71,4,False,False,False,2.2586,2.2586028052606677,0.759193,False
E3,tech_diversity,71,5,False,False,True,7.81264,7.812636163606066,0.688595,False
E3,tech_diversity,71,6,False,False,True,55.2685,55.268549411379176,0.630333,False
E3,tech_diversity,71,7,False,False,True,55.2685,55.268549411379176,0.60538,False
E3,tech_facility,71,3,False,False,False,6.15923,6.159225731186172,0.761015,False
E3,tech_facility,71,4,False,False,False,6.15923,6.159225731186172,0.77146,False
E3,tech_facility,71,5,False,False,False,48.0405,48.04054053380704,0.681309,False
E3,tech_facility,71,6,False,False,False,48.0405,48.04054053380704,0.653254,False
E3,tech_facility,71,7,False,False,True,48.0405,48.04054053380704,0.614439,False
E3,tech_coverage,72,3,False,False,False,1.59205,1.592052313462189,0.908068,False
E3,tech_coverage,72,4,False,False,True,1.59205,1.592052313462189,0.919502,False
E3,tech_coverage,72,5,False,False,True,1.59205,1.592052313462189,0.920073,False
E3,tech_coverage,72,6,False,False,True,4.4145,4.4145026950533435,0.847757,False
E3,tech_coverage,72,7,False,False,True,25.3836,25.3835511795803,0.788219,False
E3,tech_diversity,72,3,False,False,False,4.47925,4.479245203529553,0.6278,False
E3,tech_diversity,72,4,False,False,False,4.47925,4.479245203529553,0.730799,False
E3,tech_diversity,72,5,False,False,True,4.47925,4.479245203529553,0.745842,False
E3,tech_diversity,72,6,False,False,True,14.8013,14.801253248292223,0.677656,False
E3,tech_diversity,72,7,True,False,True,14.8013,,0.625682,False
E3,tech_facility,72,3,False,False,False,2.22551,2.225507486206896,0.60786,False
E3,tech_facility,72,4,False,False,True,2.22551,2.225507486206896,0.634534,False
E3,tech_facility,72,5,False,False,True,5.10026,5.100257035225569,0.591108,False
E3,tech_facility,72,6,False,False,True,5.10026,5.100257035225569,0.667315,False
E3,tech_facility,72,7,False,False,True,789.115,789.1153215482748,0.617791,False
E3,tech_coverage,73,3,False,False,False,1.98112,1.9811185041370356,0.757155,False
E3,tech_coverage,73,4,False,False,True,1.98112,1.9811185041370356,0.848485,False
E3,tech_coverage,73,5,False,False,True,8.38731,8.387314438943411,0.775978,False
E3,tech_coverage,73,6,False,False,True,8.38731,8.387314438943411,0.803761,False
E3,tech_coverage,73,7,True,False,True,8.38731,,0.7422,False
E3,tech_diversity,73,3,False,False,False,6.68949,6.689488758275017,0.494798,False
E3,tech_diversity,73,4,False,False,False,6.68949,6.689488758275017,0.555166,False
E3,tech_diversity,73,5,False,False,True,14.5261,14.526087861588511,0.517484,False
E3,tech_diversity,73,6,False,False,True,14.5261,14.526087861588511,0.55565,False
E3,tech_diversity,73,7,False,False,True,14.5261,14.526087861588511,0.590699,False
E3,tech_facility,73,3,False,False,False,4.99819,4.998191680855923,0.617601,False
E3,tech_facility,73,4,False,False,False,13.8532,13.853166468828393,0.551747,False
E3,tech_facility,73,5,False,False,True,13.8532,13.853166468828393,0.559566,False
E3,tech_facility,73,6,False,False,True,13.8532,13.853166468828393,0.596862,False
E3,tech_facility,73,7,False,False,True,13.8532,13.853166468828393,0.586519,False
E3,tech_coverage,74,3,False,False,False,1.81029,1.8102903550404603,0.880334,False
E3,tech_coverage,74,4,False,False,False,15.2435,15.243459419124445,0.770842,False
E3,tech_coverage,74,5,False,False,True,15.2435,15.243459419124445,0.829781,False
E3,tech_coverage,74,6,True,False,True,15.2435,,0.75946,False
E3,tech_coverage,74,7,True,False,True,15.2435,,0.772523,False
E3,tech_diversity,74,3,False,False,False,5.27437,5.274374452577026,0.742619,False
E3,tech_diversity,74,4,False,False,False,22.7984,22.798449615663422,0.648951,False
E3,tech_diversity,74,5,False,False,False,22.7984,22.798449615663422,0.609406,False
E3,tech_diversity,74,6,False,False,False,22.7984,22.798449615663422,0.595668,False
E3,tech_diversity,74,7,False,False,False,22.7984,22.798449615663422,0.608696,False
E3,tech_facility,74,3,False,False,False,1.78938,1.789384289020627,0.834609,False
E3,tech_facility,74,4,False,False,False,1.78938,1.789384289020627,0.901711,False
E3,tech_facility,74,5,False,False,True,5776.46,5776.464787671085,0.810309,False
E3,tech_facility,74,6,False,False,True,5776.46,5776.464787671085,0.762931,False
E3,tech_facility,74,7,False,False,True,5776.46,5776.464787671085,0.727528,False
E3,tech_coverage,75,3,False,False,True,3.49628,3.496280240762751,0.676819,False
E3,tech_coverage,75,4,False,False,True,25.959,25.959018751621368,0.602665,False
E3,tech_coverage,75,5,False,False,True,25.959,25.959018751621368,0.662651,False
E3,tech_coverage,75,6,True,False,True,25.959,,0.589552,False
E3,tech_coverage,75,7,True,False,True,25.959,,0.589825,False
E3,tech_diversity,75,3,True,False,True,4.32834,,0.568306,False
E3,tech_diversity,75,4,True,False,True,4.32834,,0.634045,False
E3,tech_diversity,75,5,True,False,True,9.11305,,0.593112,False
E3,tech_diversity,75,6,True,False,True,30.5867,,0.556452,False
E3,tech_diversity,75,7,True,False,True,30.5867,,0.631369,False
E3,tech_facility,75,3,False,False,True,7.56821,7.568205483593648,0.825046,False
E3,tech_facility,75,4,True,False,True,7.56821,,0.681011,False
E3,tech_facility,75,5,True,False,True,7.56821,,0.645933,False
E3,tech_facility,75,6,True,False,True,7.56821,,0.592275,False
E3,tech_facility,75,7,True,False,True,7.56821,,0.5986,False
E3,tech_coverage,76,3,False,False,True,2.50544,2.5054370847826988,0.842729,False
E3,tech_coverage,76,4,False,False,True,10.9646,10.964611664613868,0.755583,False
E3,tech_coverage,76,5,False,False,True,10.9646,10.964611664613868,0.806415,False
E3,tech_coverage,76,6,True,False,True,10.9646,,0.741579,False
E3,tech_coverage,76,7,True,False,True,10.9646,,0.686166,False
E3,tech_diversity,76,3,False,False,False,7.82817,7.828171092250758,0.438009,False
E3,tech_diversity,76,4,False,False,True,7.82817,7.828171092250758,0.455233,False
E3,tech_diversity,76,5,False,False,True,7.82817,7.828171092250758,0.544671,False
E3,tech_diversity,76,6,False,False,True,7.82817,7.828171092250758,0.659692,False
E3,tech_diversity,76,7,True,False,True,7.82817,,0.623536,False
E3,tech_facility,76,3,False,False,False,2.82248,2.822479817009236,0.582353,False
E3,tech_facility,76,4,False,False,True,2.82248,2.822479817009236,0.66153,False
E3,tech_facility,76,5,False,False,True,3.27049,3.2704943976054017,0.653766,False
E3,tech_facility,76,6,True,False,True,3.27049,,0.591996,False
E3,tech_facility,76,7,True,False,True,5.01672,,0.58577,False
E3,tech_coverage,77,3,False,False,False,3.27475,3.2747475578138285,0.8483,False
E3,tech_coverage,77,4,False,False,False,4.88048,4.880481679659677,0.74583,False
E3,tech_coverage,77,5,False,False,False,4.88048,4.880481679659677,0.789191,False
E3,tech_coverage,77,6,False,False,True,4.88048,4.880481679659677,0.807186,False
E3,tech_coverage,77,7,True,False,True,4.88048,,0.748733,False
E3,tech_diversity,77,3,False,False,False,3.38697,3.3869731792393316,0.753696,False
E3,tech_diversity,77,4,False,False,False,6.25874,6.258742985407032,0.668845,False
E3,tech_diversity,77,5,False,False,False,6.25874,6.258742985407032,0.675395,False
E3,tech_diversity,77,6,False,False,False,6.25874,6.258742985407032,0.666467,False
E3,tech_diversity,77,7,False,False,False,6.25874,6.258742985407032,0.738223,False
E3,tech_facility,77,3,False,False,False,1.68687,1.686868686877482,0.848889,False
E3,tech_facility,77,4,False,False,False,4.5567,4.556701030189967,0.763469,False
E3,tech_facility,77,5,False,False,False,4.5567,4.556701030189967,0.760118,False
E3,tech_facility,77,6,False,False,True,7.3339,7.333904655629359,0.718917,False
E3,tech_facility,77,7,False,False,True,26.7059,26.705882357246782,0.676783,False
E3,tech_coverage,78,3,False,False,True,1.08134,1.0813397133796316,0.983309,False
E3,tech_coverage,78,4,True,False,True,1.08134,,0.811721,False
E3,tech_coverage,78,5,True,False,True,1.08134,,0.697407,False
E3,tech_coverage,78,6,True,False,True,1.08134,,0.645647,False
E3,tech_coverage,78,7,True,False,True,1.08134,,0.711111,False
E3,tech_diversity,78,3,False,False,True,1.09659,1.0965859983312383,0.983309,False
E3,tech_diversity,78,4,True,False,True,1.09659,,0.811721,False
E3,tech_diversity,78,5,True,False,True,1.23985,,0.842732,False
E3,tech_diversity,78,6,True,False,True,1.23985,,0.771027,False
E3,tech_diversity,78,7,True,False,True,1.23985,,0.728477,False
E3,tech_facility,78,3,False,False,False,5.1939,5.193899781137539,0.636634,False
E3,tech_facility,78,4,False,False,True,5.1939,5.193899781137539,0.78613,False
E3,tech_facility,78,5,True,False,True,5.1939,,0.674251,False
E3,tech_facility,78,6,True,False,True,5.1939,,0.602914,False
E3,tech_facility,78,7,True,False,True,5.1939,,0.655518,False
E3,tech_coverage,79,3,False,False,True,1.71531,1.715311004608644,0.794166,False
E3,tech_coverage,79,4,False,False,True,22.4821,22.482051282059352,0.677928,False
E3,tech_coverage,79,5,False,False,True,22.4821,22.482051282059352,0.724882,False
E3,tech_coverage,79,6,True,False,True,22.4821,,0.645949,False
E3,tech_coverage,79,7,True,False,True,22.4821,,0.571088,False
E3,tech_diversity,79,3,False,False,True,1.77874,1.7787439612834473,0.890795,False
E3,tech_diversity,79,4,True,False,True,1.77874,,0.748756,False
E3,tech_diversity,79,5,True,False,True,14.7649,,0.675897,False
E3,tech_diversity,79,6,True,False,True,14.7649,,0.706311,False
E3,tech_diversity,79,7,True,False,True,14.7649,,0.741587,False
E3,tech_facility,79,3,False,False,True,1.77874,1.7787439612834473,0.890795,False
E3,tech_facility,79,4,False,False,True,5.30999,5.309986360662251,0.788179,False
E3,tech_facility,79,5,True,False,True,5.30999,,0.696019,False
E3,tech_facility,79,6,True,False,True,5.30999,,0.638713,False
E3,tech_facility,79,7,True,False,True,5.30999,,0.594113,False
E3,tech_coverage,80,3,False,False,True,1.12637,1.1263736263510988,1.0,False
E3,tech_coverage,80,4,False,False,True,4.1756,4.175595236970723,0.906461,False
E3,tech_coverage,80,5,False,False,True,4.1756,4.175595236970723,0.920265,False
E3,tech_coverage,80,6,True,False,True,4.1756,,0.783505,False
E3,tech_coverage,80,7,True,False,True,4.1756,,0.756352,False
E3,tech_diversity,80,3,False,False,False,11.6454,11.64538585903022,0.594737,False
E3,tech_diversity,80,4,False,False,False,11.6454,11.64538585903022,0.542199,False
E3,tech_diversity,80,5,False,False,False,11.6454,11.64538585903022,0.669808,False
E3,tech_diversity,80,6,True,False,True,11.6454,,0.616541,False
E3,tech_diversity,80,7,True,False,True,11.6454,,0.685923,False
E3,tech_facility,80,3,False,False,False,11.6787,11.67867255302083,0.594669,False
E3,tech_facility,80,4,False,False,False,22.1043,22.104269298753692,0.531674,False
E3,tech_facility,80,5,False,False,True,31.0308,31.030834385618288,0.491704,False
E3,tech_facility,80,6,False,False,True,31.0308,31.030834385618288,0.556017,False
E3,tech_facility,80,7,True,False,True,31.0308,,0.554432,False
E3,tech_coverage,81,3,False,False,True,3.92094,3.9209361060908896,0.703418,False
E3,tech_coverage,81,4,False,False,True,3.92094,3.9209361060908896,0.790491,False
E3,tech_coverage,81,5,True,False,True,3.92094,,0.69152,False
E3,tech_coverage,81,6,True,False,True,3.92094,,0.639415,False
E3,tech_coverage,81,7,True,False,True,3.92094,,0.63726,False
E3,tech_diversity,81,3,False,False,False,10.7122,10.712221104426703,0.437025,False
E3,tech_diversity,81,4,False,False,False,179.053,179.05304893419225,0.38593,False
E3,tech_diversity,81,5,False,False,False,179.053,179.05304893419225,0.479265,False
E3,tech_diversity,81,6,False,False,True,179.053,179.05304893419225,0.473517,False
E3,tech_diversity,81,7,False,False,True,179.053,179.05304893419225,0.582373,False
E3,tech_facility,81,3,False,False,True,4.09613,4.09613017293832,0.675794,False
E3,tech_facility,81,4,True,False,True,4.09613,,0.583559,False
E3,tech_facility,81,5,True,False,True,4.09613,,0.524193,False
E3,tech_facility,81,6,True,False,True,4.09613,,0.588291,False
E3,tech_facility,81,7,True,False,True,11.2285,,0.57099,False
E3,tech_coverage,82,3,False,False,True,1.51561,1.5156050120611047,0.918029,False
E3,tech_coverage,82,4,False,False,True,1.51561,1.5156050120611047,0.937284,False
E3,tech_coverage,82,5,False,False,True,1.81674,1.8167420815563022,0.903149,False
E3,tech_coverage,82,6,False,False,True,1.81674,1.8167420815563022,0.921494,False
E3,tech_coverage,82,7,True,False,True,1.81674,,0.868492,False
E3,tech_diversity,82,3,False,False,False,2.78145,2.7814513883399705,0.645458,False
E3,tech_diversity,82,4,False,False,False,55.2044,55.20438533312485,0.547621,False
E3,tech_diversity,82,5,False,False,False,1911.24,1911.2420752679957,0.490503,False
E3,tech_diversity,82,6,False,False,False,1911.24,1911.2420752679957,0.510292,False
E3,tech_diversity,82,7,False,False,True,1911.24,1911.2420752679957,0.586114,False
E3,tech_facility,82,3,False,False,False,2.78145,2.7814513883399705,0.79157,False
E3,tech_facility,82,4,False,False,True,27.881,27.88095952926712,0.673919,False
E3,tech_facility,82,5,False,False,True,27.881,27.88095952926712,0.626442,False
E3,tech_facility,82,6,True,False,True,27.881,,0.569172,False
E3,tech_facility,82,7,True,False,True,27.881,,0.567695,False
E3,tech_coverage,83,3,False,False,False,3.15531,3.1553106625636924,0.671962,False
E3,tech_coverage,83,4,False,False,True,3.15531,3.1553106625636924,0.724234,False
E3,tech_coverage,83,5,False,False,True,9.14891,9.148906209242277,0.669625,False
E3,tech_coverage,83,6,False,False,True,30.3391,30.339142105343996,0.622821,False
E3,tech_coverage,83,7,True,False,True,30.3391,,0.578242,False
E3,tech_diversity,83,3,False,False,False,4.64951,4.649507428442335,0.681818,False
E3,tech_diversity,83,4,True,False,True,4.64951,,0.58366,False
E3,tech_diversity,83,5,True,False,True,4.64951,,0.567635,False
E3,tech_diversity,83,6,True,False,True,4.64951,,0.621792,False
E3,tech_diversity,83,7,True,False,True,4.64951,,0.671216,False
E3,tech_facility,83,3,False,False,False,2.62546,2.6254595589421816,0.719697,False
E3,tech_facility,83,4,False,False,True,2.62546,2.6254595589421816,0.7393,False
E3,tech_facility,83,5,True,False,True,2.62546,,0.664278,False
E3,tech_facility,83,6,True,False,True,2.62546,,0.604119,False
E3,tech_facility,83,7,True,False,True,2.62546,,0.676929,False
E3,tech_coverage,84,3,False,False,False,3.41469,3.4146930586436173,0.822259,False
E3,tech_coverage,84,4,False,False,False,3.41469,3.4146930586436173,0.8812,False
E3,tech_coverage,84,5,False,False,True,3.41469,3.4146930586436173,0.897451,False
E3,tech_coverage,84,6,True,False,True,3.41469,,0.8226,False
E3,tech_coverage,84,7,True,False,True,3.41469,,0.841033,False
E3,tech_diversity,84,3,False,False,False,7.38676,7.386760102036494,0.499711,False
E3,tech_diversity,84,4,False,False,False,7.38676,7.386760102036494,0.468207,False
E3,tech_diversity,84,5,False,False,False,12.5427,12.542672489611233,0.435738,False
E3,tech_diversity,84,6,False,False,False,12.5427,12.542672489611233,0.59294,False
E3,tech_diversity,84,7,False,False,False,12.5427,12.542672489611233,0.621158,False
E3,tech_facility,84,3,False,False,False,5.02722,5.027223892601669,0.800528,False
E3,tech_facility,84,4,False,False,False,11.0191,11.019108283605428,0.703459,False
E3,tech_facility,84,5,False,False,False,17.5655,17.56554224731162,0.6371,False
E3,tech_facility,84,6,False,False,False,17.5655,17.56554224731162,0.595156,False
E3,tech_facility,84,7,False,False,True,17.5655,17.56554224731162,0.566722,False
E3,tech_coverage,85,3,False,False,True,3.24637,3.2463657381202813,0.736011,False
E3,tech_coverage,85,4,False,False,True,3.24637,3.2463657381202813,0.764929,False
E3,tech_coverage,85,5,False,False,True,4.2771,4.277102971872012,0.710475,False
E3,tech_coverage,85,6,False,False,True,13.5714,13.571428571428573,0.655686,False
E3,tech_coverage,85,7,True,False,True,13.5714,,0.5773,False
E3,tech_diversity,85,3,False,False,False,2.16996,2.1699604747948977,0.740064,False
E3,tech_diversity,85,4,True,False,True,2.16996,,0.609767,False
E3,tech_diversity,85,5,True,False,True,4.25713,,0.584223,False
E3,tech_diversity,85,6,True,False,True,6.96605,,0.553235,False
E3,tech_diversity,85,7,True,False,True,6.96605,,0.605395,False
E3,tech_facility,85,3,False,False,False,2.16996,2.1699604747948977,0.740064,False
E3,tech_facility,85,4,False,False,True,2.16996,2.1699604747948977,0.802634,False
E3,tech_facility,85,5,False,False,True,7.01687,7.01687215671153,0.737256,False
E3,tech_facility,85,6,False,False,True,61.5,61.499999960795996,0.675556,False
E3,tech_facility,85,7,True,False,True,61.5,,0.608615,False
E3,tech_coverage,86,3,False,False,True,1.84758,1.847577092734775,0.829741,False
E3,tech_coverage,86,4,False,False,True,35.2,35.199999997092895,0.732668,False
E3,tech_coverage,86,5,False,False,True,35.2,35.199999997092895,0.800434,False
E3,tech_coverage,86,6,True,False,True,35.2,,0.720573,False
E3,tech_coverage,86,7,True,False,True,35.2,,0.661716,False
E3,tech_diversity,86,3,False,False,True,2.27137,2.2713675217833003,0.742268,False
E3,tech_diversity,86,4,True,False,True,2.27137,,0.648875,False
E3,tech_diversity,86,5,True,False,True,2.27137,,0.743149,False
E3,tech_diversity,86,6,True,False,True,2.27137,,0.778219,False
E3,tech_diversity,86,7,True,False,True,2.27137,,0.846732,False
E3,tech_facility,86,3,False,False,True,2.45934,2.459337926345365,0.717059,False
E3,tech_facility,86,4,False,False,True,4.81785,4.817845622753844,0.676397,False
E3,tech_facility,86,5,True,False,True,4.81785,,0.608951,False
E3,tech_facility,86,6,True,False,True,36.9691,,0.567821,False
E3,tech_facility,86,7,True,False,True,36.9691,,0.553233,False
E3,tech_coverage,87,3,False,False,False,1.66667,1.6666666664158731,0.895373,False
E3,tech_coverage,87,4,False,False,False,3.36103,3.361029213869016,0.800344,False
E3,tech_coverage,87,5,False,False,True,3.36103,3.361029213869016,0.745931,False
E3,tech_coverage,87,6,False,False,True,3.39972,3.3997223454721315,0.714062,False
E3,tech_coverage,87,7,False,False,True,5.49198,5.491978610471269,0.684368,False
E3,tech_diversity,87,3,False,False,False,1.91489,1.9148936174901188,0.855155,False
E3,tech_diversity,87,4,False,False,False,4.50267,4.5026653622300765,0.758719,False
E3,tech_diversity,87,5,False,False,False,21.4545,21.45445436972941,0.673325,False
E3,tech_diversity,87,6,False,False,False,26.4556,26.455635484500302,0.619491,False
E3,tech_diversity,87,7,False,False,False,26.4556,26.455635484500302,0.685846,False
E3,tech_facility,87,3,False,False,False,2.09276,2.0927602593568655,0.84313,False
E3,tech_facility,87,4,False,False,False,20.5966,20.59657103214332,0.712355,False
E3,tech_facility,87,5,False,False,False,22.9968,22.996756487451535,0.632233,False
E3,tech_facility,87,6,False,False,False,22.9968,22.996756487451535,0.586124,False
E3,tech_facility,87,7,False,False,False,22.9968,22.996756487451535,0.586475,False
E3,tech_coverage,88,3,False,False,True,3.62061,3.6206060595954823,0.655647,False
E3,tech_coverage,88,4,False,False,True,5.14677,5.146773004211427,0.595312,False
E3,tech_coverage,88,5,False,False,True,5.14677,5.146773004211427,0.678197,False
E3,tech_coverage,88,6,True,False,True,5.14677,,0.601324,False
E3,tech_coverage,88,7,True,False,True,5.14677,,0.65011,False
E3,tech_diversity,88,3,False,False,False,2.03837,2.0383673470524304,0.725547,False
E3,tech_diversity,88,4,False,False,True,29.4444,29.44444445058611,0.628283,False
E3,tech_diversity,88,5,True,False,True,29.4444,,0.557296,False
E3,tech_diversity,88,6,True,False,True,29.4444,,0.728726,False
E3,tech_diversity,88,7,True,False,True,29.4444,,0.706025,False
E3,tech_facility,88,3,False,False,True,3.41747,3.417473591992214,0.754309,False
E3,tech_facility,88,4,True,False,True,3.41747,,0.640891,False
E3,tech_facility,88,5,True,False,True,3.41747,,0.696947,False
E3,tech_facility,88,6,True,False,True,11.6906,,0.649254,False
E3,tech_facility,88,7,True,False,True,11.6906,,0.63347,False
E3,tech_coverage,89,3,False,False,True,2.0205,2.0204965951000724,0.750876,False
E3,tech_coverage,89,4,False,False,True,2.0205,2.0204965951000724,0.775031,False
E3,tech_coverage,89,5,True,False,True,2.0205,,0.674577,False
E3,tech_coverage,89,6,True,False,True,2.0205,,0.623555,False
E3,tech_coverage,89,7,True,False,True,2.0205,,0.575697,False
E3,tech_diversity,89,3,False,False,True,4.40486,4.404864839390375,0.690006,False
E3,tech_diversity,89,4,True,False,True,4.40486,,0.61114,False
E3,tech_diversity,89,5,True,False,True,4.40486,,0.594522,False
E3,tech_diversity,89,6,True,False,True,4.40486,,0.590626,False
E3,tech_diversity,89,7,True,False,True,4.40486,,0.541607,False
E3,tech_facility,89,3,False,False,True,2.59341,2.59341255046512,0.819738,False
E3,tech_facility,89,4,False,False,True,2.59341,2.59341255046512,0.845881,False
E3,tech_facility,89,5,True,False,True,2.59341,,0.755233,False
E3,tech_facility,89,6,True,False,True,2.59341,,0.700894,False
E3,tech_facility,89,7,True,False,True,2.59341,,0.661,False
E3,tech_coverage,90,3,False,False,False,1.34641,1.3464126978812607,0.932755,False
E3,tech_coverage,90,4,False,False,False,1.34641,1.3464126978812607,0.948383,False
E3,tech_coverage,90,5,False,False,False,1.34641,1.3464126978812607,0.996624,False
E3,tech_coverage,90,6,False,False,True,2.41058,2.4105818509691015,0.941639,False
E3,tech_coverage,90,7,False,False,True,7.27236,7.272363500082515,0.8811,False
E3,tech_diversity,90,3,False,False,False,1.55187,1.5518725018022848,0.827586,False
E3,tech_diversity,90,4,False,False,False,2.14175,2.1417539455608288,0.80744,False
E3,tech_diversity,90,5,False,False,False,6.02261,6.02261353322164,0.740078,False
E3,tech_diversity,90,6,False,False,False,6.02261,6.02261353322164,0.708265,False
E3,tech_diversity,90,7,False,False,True,6.02261,6.02261353322164,0.709157,False
E3,tech_facility,90,3,False,False,False,1.64065,1.6406543413131793,0.743073,False
E3,tech_facility,90,4,False,False,False,4.69902,4.699024919156657,0.686105,False
E3,tech_facility,90,5,False,False,False,4.69902,4.699024919156657,0.667349,False
E3,tech_facility,90,6,False,False,False,4.69902,4.699024919156657,0.734362,False
E3,tech_facility,90,7,False,False,False,4.69902,4.699024919156657,0.740889,False
E3,tech_coverage,91,3,False,False,True,2.11712,2.1171171166598093,0.66566,False
E3,tech_coverage,91,4,False,False,True,2.11712,2.1171171166598093,0.716886,False
E3,tech_coverage,91,5,True,False,True,2.11712,,0.627404,False
E3,tech_coverage,91,6,True,False,True,2.11712,,0.656448,False
E3,tech_coverage,91,7,True,False,True,2.11712,,0.589812,False
E3,tech_diversity,91,3,False,False,True,2.11712,2.1171171166598093,0.637838,False
E3,tech_diversity,91,4,False,False,True,2.11712,2.1171171166598093,0.689422,False
E3,tech_diversity,91,5,False,False,True,2.1875,2.187500000194824,0.684103,False
E3,tech_diversity,91,6,True,False,True,2.1875,,0.627273,False
E3,tech_diversity,91,7,True,False,True,2.96779,,0.625767,False
E3,tech_facility,91,3,False,False,True,4.16686,4.1668558136158875,0.654406,False
E3,tech_facility,91,4,True,False,True,4.16686,,0.563918,False
E3,tech_facility,91,5,True,False,True,10.3345,,0.531519,False
E3,tech_facility,91,6,True,False,True,10.3345,,0.471687,False
E3,tech_facility,91,7,True,False,True,10.3345,,0.528302,False
E3,tech_coverage,92,3,False,False,True,1.12665,1.126648524142093,0.971463,False
E3,tech_coverage,92,4,True,False,True,1.12665,,0.82552,False
E3,tech_coverage,92,5,True,False,True,1.12665,,0.740123,False
E3,tech_coverage,92,6,True,False,True,1.12665,,0.679439,False
E3,tech_coverage,92,7,True,False,True,1.12665,,0.644391,False
E3,tech_diversity,92,3,False,False,False,22.5059,22.505916445907708,0.539539,False
E3,tech_diversity,92,4,False,False,False,22.5059,22.505916445907708,0.702989,False
E3,tech_diversity,92,5,False,False,True,22.5059,22.505916445907708,0.783602,False
E3,tech_diversity,92,6,False,False,True,22.5059,22.505916445907708,0.755227,False
E3,tech_diversity,92,7,True,False,True,22.5059,,0.722078,False
E3,tech_facility,92,3,False,False,False,21.9975,21.997518472018996,0.506522,False
E3,tech_facility,92,4,False,False,False,21.9975,21.997518472018996,0.492071,False
E3,tech_facility,92,5,False,False,False,21.9975,21.997518472018996,0.489188,False
E3,tech_facility,92,6,False,False,True,21.9975,21.997518472018996,0.585591,False
E3,tech_facility,92,7,False,False,True,21.9975,21.997518472018996,0.673575,False
E3,tech_coverage,93,3,False,False,False,1.90698,1.9069767441692145,0.89061,False
E3,tech_coverage,93,4,False,False,False,2.56308,2.563083691915365,0.804524,False
E3,tech_coverage,93,5,False,False,False,2.56308,2.563083691915365,0.846001,False
E3,tech_coverage,93,6,False,False,True,4.51419,4.51419223729024,0.790514,False
E3,tech_coverage,93,7,False,False,True,4.51419,4.51419223729024,0.818128,False
E3,tech_diversity,93,3,False,False,False,2.99334,2.9933364849963624,0.837398,False
E3,tech_diversity,93,4,False,False,False,6.84209,6.842094862008225,0.718125,False
E3,tech_diversity,93,5,False,False,False,6.84209,6.842094862008225,0.6507,False
E3,tech_diversity,93,6,False,False,False,10.3778,10.377780724844365,0.603387,False
E3,tech_diversity,93,7,False,False,False,61.63,61.63003682483951,0.562305,False
E3,tech_facility,93,3,False,False,False,2.32955,2.329545454378002,0.706215,False
E3,tech_facility,93,4,False,False,False,10.6057,10.605667842987211,0.603251,False
E3,tech_facility,93,5,False,False,False,10.6057,10.605667842987211,0.65095,False
E3,tech_facility,93,6,False,False,False,17.6803,17.680280692715588,0.600055,False
E3,tech_facility,93,7,False,False,False,17.6803,17.680280692715588,0.595228,False
E3,tech_coverage,94,3,False,False,True,1.47237,1.4723651288488862,0.933395,False
E3,tech_coverage,94,4,False,False,True,3.19828,3.198282484353644,0.847155,False
E3,tech_coverage,94,5,False,False,True,3.19828,3.198282484353644,0.799171,False
E3,tech_coverage,94,6,False,False,True,3.19828,3.198282484353644,0.814217,False
E3,tech_coverage,94,7,False,False,True,3.19828,3.198282484353644,0.790171,False
E3,tech_diversity,94,3,False,False,False,3.39406,3.394064056152575,0.712896,False
E3,tech_diversity,94,4,False,False,True,8.3342,8.334204464260669,0.645339,False
E3,tech_diversity,94,5,False,False,True,8.3342,8.334204464260669,0.711096,False
E3,tech_diversity,94,6,False,False,True,8.3342,8.334204464260669,0.678774,False
E3,tech_diversity,94,7,False,False,True,8.3342,8.334204464260669,0.728723,False
E3,tech_facility,94,3,False,False,False,1.79153,1.7915319062786852,0.983264,False
E3,tech_facility,94,4,False,False,True,2.10534,2.1053351574463397,0.916432,False
E3,tech_facility,94,5,False,False,True,6.67628,6.67627955771115,0.83351,False
E3,tech_facility,94,6,True,False,True,6.67628,,0.750358,False
E3,tech_facility,94,7,True,False,True,6.67628,,0.752758,False
E3,tech_coverage,95,3,False,False,True,1.03224,1.0322387619246334,0.991398,False
E3,tech_coverage,95,4,False,False,True,1.06706,1.0670553935310652,0.987638,False
E3,tech_coverage,95,5,False,False,True,1.06706,1.0670553935310652,0.990572,False
E3,tech_coverage,95,6,False,False,True,4.06948,4.069477966773417,0.910019,False
E3,tech_coverage,95,7,False,False,True,6.74469,6.744688031519145,0.860455,False
E3,tech_diversity,95,3,False,False,False,2.37989,2.379889571471676,0.724055,False
E3,tech_diversity,95,4,False,False,True,2.75293,2.752930348135096,0.675096,False
E3,tech_diversity,95,5,False,False,True,2.75293,2.752930348135096,0.65907,False
E3,tech_diversity,95,6,False,False,True,5.19657,5.196573432858003,0.617107,False
E3,tech_diversity,95,7,False,False,True,32.6633,32.66330183729602,0.577812,False
E3,tech_facility,95,3,False,False,False,2.328,2.327996474359903,0.733951,False
E3,tech_facility,95,4,False,False,True,7.40891,7.408907873254616,0.626734,False
E3,tech_facility,95,5,False,False,True,7.40891,7.408907873254616,0.646724,False
E3,tech_facility,95,6,False,False,True,7.40891,7.408907873254616,0.718311,False
E3,tech_facility,95,7,False,False,True,7.40891,7.408907873254616,0.697735,False
E3,tech_coverage,96,3,False,False,False,5.8366,5.836601309605236,0.665761,False
E3,tech_coverage,96,4,False,False,True,6.33793,6.337931632947859,0.588204,False
E3,tech_coverage,96,5,True,False,True,6.33793,,0.511618,False
E3,tech_coverage,96,6,True,False,True,27.9944,,0.473485,False
E3,tech_coverage,96,7,True,False,True,27.9944,,0.537102,False
E3,tech_diversity,96,3,False,False,False,5.50381,5.503808796991281,0.587111,False
E3,tech_diversity,96,4,False,False,True,5.50381,5.503808796991281,0.592415,False
E3,tech_diversity,96,5,True,False,True,5.50381,,0.521231,False
E3,tech_diversity,96,6,True,False,True,5.50381,,0.574826,False
E3,tech_diversity,96,7,True,False,True,18.9549,,0.547529,False
E3,tech_facility,96,3,False,False,False,5.50381,5.503808796991281,0.587111,False
E3,tech_facility,96,4,False,False,True,5.50381,5.503808796991281,0.641423,False
E3,tech_facility,96,5,True,False,True,5.50381,,0.554066,False
E3,tech_facility,96,6,True,False,True,5.50381,,0.496966,False
E3,tech_facility,96,7,True,False,True,14.9483,,0.476562,False
E3,tech_coverage,97,3,False,False,False,4.51622,4.516215715530333,0.671038,False
E3,tech_coverage,97,4,False,False,True,6.00436,6.004364187493035,0.619668,False
E3,tech_coverage,97,5,False,False,True,6.00436,6.004364187493035,0.684178,False
E3,tech_coverage,97,6,False,False,True,6.00436,6.004364187493035,0.661431,False
E3,tech_coverage,97,7,False,False,True,6.00436,6.004364187493035,0.694147,False
E3,tech_diversity,97,3,False,False,False,4.51622,4.516215715530333,0.671038,False
E3,tech_diversity,97,4,False,False,True,4.51622,4.516215715530333,0.713942,False
E3,tech_diversity,97,5,True,False,True,4.51622,,0.645993,False
E3,tech_diversity,97,6,True,False,True,4.51622,,0.636253,False
E3,tech_diversity,97,7,True,False,True,4.51622,,0.586427,False
E3,tech_facility,97,3,False,False,False,3.46735,3.4673516594629867,0.70787,False
E3,tech_facility,97,4,False,False,True,6.93774,6.937743233202382,0.650631,False
E3,tech_facility,97,5,False,False,True,26.5447,26.54467530730405,0.597598,False
E3,tech_facility,97,6,True,False,True,26.5447,,0.542218,False
E3,tech_facility,97,7,True,False,True,26.5447,,0.522741,False
E3,tech_coverage,98,3,False,False,False,1.20205,1.2020489472,0.984134,False
E3,tech_coverage,98,4,False,False,True,1.20205,1.2020489472,0.973555,False
E3,tech_coverage,98,5,False,False,True,42.8293,42.829268283497214,0.875622,False
E3,tech_coverage,98,6,False,True,True,42.8293,inf,0.802151,False
E3,tech_coverage,98,7,False,True,True,42.8293,inf,0.828262,False
E3,tech_diversity,98,3,False,False,False,3.84781,3.8478099467925237,0.465269,False
E3,tech_diversity,98,4,False,False,False,4.35461,4.3546070908555325,0.448347,False
E3,tech_diversity,98,5,False,False,False,4.35461,4.3546070908555325,0.533712,False
E3,tech_diversity,98,6,False,False,False,4.35461,4.3546070908555325,0.622846,False
E3,tech_diversity,98,7,False,False,True,4.35461,4.3546070908555325,0.702115,False
E3,tech_facility,98,3,False,False,False,2.49163,2.491633252680165,0.723937,False
E3,tech_facility,98,4,False,False,False,4.74915,4.749149577041088,0.657379,False
E3,tech_facility,98,5,False,False,False,12.4472,12.447157427653588,0.604975,False
E3,tech_facility,98,6,False,False,False,14.9837,14.983723705046852,0.564124,False
E3,tech_facility,98,7,False,False,False,14.9837,14.983723705046852,0.547126,False
E3,tech_coverage,99,3,False,False,False,4.95844,4.95844171359755,0.54068,False
E3,tech_coverage,99,4,False,False,False,4.95844,4.95844171359755,0.669305,False
E3,tech_coverage,99,5,False,False,False,4.95844,4.95844171359755,0.637592,False
E3,tech_coverage,99,6,False,False,False,4.95844,4.95844171359755,0.608274,False
E3,tech_coverage,99,7,False,False,True,4.95844,4.95844171359755,0.647132,False
E3,tech_diversity,99,3,False,False,False,1.87197,1.871973466441946,0.757041,False
E3,tech_diversity,99,4,False,False,False,8.21351,8.213513432892448,0.660602,False
E3,tech_diversity,99,5,False,False,False,8.21351,8.213513432892448,0.656067,False
E3,tech_diversity,99,6,False,False,False,9.17225,9.172248804563678,0.609066,False
E3,tech_diversity,99,7,False,False,False,9.17225,9.172248804563678,0.669662,False
E3,tech_facility,99,3,False,False,False,1.87197,1.871973466441946,0.650329,False
E3,tech_facility,99,4,False,False,False,7.1328,7.13280326627239,0.574091,False
E3,tech_facility,99,5,False,False,False,7.1328,7.13280326627239,0.53511,False
E3,tech_facility,99,6,False,False,False,7.1328,7.13280326627239,0.627326,False
E3,tech_facility,99,7,False,False,True,13.9537,13.953667953953952,0.586982,False
E3,tech_coverage,100,3,False,False,False,1.5312,1.5312014213502652,0.861125,False
E3,tech_coverage,100,4,False,False,True,8.30299,8.30299293295448,0.781057,False
E3,tech_coverage,100,5,False,False,True,8.30299,8.30299293295448,0.833886,False
E3,tech_coverage,100,6,True,False,True,8.30299,,0.757619,False
E3,tech_coverage,100,7,True,False,True,64.671,,0.75774,False
E3,tech_diversity,100,3,False,False,True,10.8614,10.861447775524118,0.704152,False
E3,tech_diversity,100,4,False,False,True,10.8614,10.861447775524118,0.745866,False
E3,tech_diversity,100,5,False,False,True,10.8614,10.861447775524118,0.786622,False
E3,tech_diversity,100,6,False,False,True,10.8614,10.861447775524118,0.823832,False
E3,tech_diversity,100,7,False,False,True,19.6738,19.67376811334905,0.827813,False
E3,tech_facility,100,3,False,False,True,10.8614,10.861447775524118,0.704152,False
E3,tech_facility,100,4,False,False,True,10.8614,10.861447775524118,0.64586,False
E3,tech_facility,100,5,False,False,True,10.8614,10.861447775524118,0.61032,False
E3,tech_facility,100,6,False,False,True,10.8614,10.861447775524118,0.606006,False
E3,tech_facility,100,7,False,False,True,16.3461,16.346136292528637,0.611969,False
