dataset,split,K,epsilon_level,epsilon,n_test,eta_u_trim,eta_o_trim,eta_trim,n_pairs,n_pairs_kept,frac_kept,n_pairs_eta,frac_eta,ratio,LK_eta_trim,c_coeff,additive_bound,eta_path_raw,eta_u_path_raw,eta_o_path_raw,LK_raw,eta_u_cert,eta_o_cert,eta_cert,n_infeasible,frac_infeasible,eps_min_feasible,eps_min_feas_K,eps_cert,eta_u_certbest,eta_o_certbest,eta_certbest,LK_certbest,bound_certbest
breast_cancer,0,1,1,0.008771929824561403,114,1.1175438596491223,2.254945054945053,2.519999999999997,30,28,0.9333333333333333,15,0.5,0.96,0.3968253968253973,0.8869395711500981,0.38904522514864204,2.519999999999997,1.1175438596491223,2.254945054945053,0.3968253968253973,inf,inf,inf,6,0.2,0.03516483516483515,0.03516483516483515,0.08021069906817725,1.0,1.0,1.0,1.0,0.8395786018636455
breast_cancer,0,1,2,0.017543859649122806,114,1.1175438596491223,2.254945054945053,2.519999999999997,30,24,0.8,15,0.5,0.96,0.3968253968253973,0.8869395711500981,0.38126505347188683,2.519999999999997,1.1175438596491223,2.254945054945053,0.3968253968253973,inf,inf,inf,4,0.13333333333333333,0.03516483516483515,0.03516483516483515,0.08021069906817725,1.0,1.0,1.0,1.0,0.8395786018636455
breast_cancer,0,2,1,0.008771929824561403,114,4.434697855750481,2.254945054945053,9.999999999999979,59,48,0.8135593220338984,33,0.559322033898305,0.981132075471698,0.09750000000000025,0.8647660818713461,0.08232866523032752,36.0000000000001,15.96491228070181,2.254945054945053,0.027584876543209735,inf,inf,inf,10,0.1694915254237288,0.03516483516483515,0.03516483516483515,0.08577471098228948,1.0,1.0,1.0,0.75,0.4926758670531316
breast_cancer,0,2,2,0.017543859649122806,114,4.434697855750481,2.254945054945053,9.999999999999979,59,37,0.6271186440677966,27,0.4576271186440678,0.981132075471698,0.09750000000000025,0.8647660818713461,0.06715733046065478,36.0000000000001,15.96491228070181,2.254945054945053,0.027584876543209735,inf,inf,inf,7,0.11864406779661017,0.03516483516483515,0.03516483516483515,0.08577471098228948,1.0,1.0,1.0,0.75,0.4926758670531316
breast_cancer,0,3,1,0.008771929824561403,114,4.434697855750481,2.254945054945053,9.999999999999979,87,49,0.5632183908045977,33,0.3793103448275862,0.9537037037037038,0.09670370370370396,0.8577034149158916,0.07413256120591734,36.0000000000001,15.96491228070181,2.254945054945053,0.027521369963928066,inf,inf,inf,14,0.16091954022988506,0.03516483516483515,0.03516483516483515,0.08021069906817725,1.041314645348757,1.0,1.041314645348757,0.6857180399653293,0.34207219012960316
breast_cancer,0,3,2,0.017543859649122806,114,4.434697855750481,2.254945054945053,9.999999999999979,87,37,0.42528735632183906,27,0.3103448275862069,0.9537037037037038,0.09670370370370396,0.8577034149158916,0.05156141870813072,36.0000000000001,15.96491228070181,2.254945054945053,0.027521369963928066,inf,inf,inf,7,0.08045977011494253,0.03516483516483515,0.03516483516483515,0.08021069906817725,1.041314645348757,1.0,1.041314645348757,0.6857180399653293,0.34207219012960316
breast_cancer,0,4,1,0.008771929824561403,114,4.434697855750481,2.254945054945053,9.999999999999979,114,54,0.47368421052631576,34,0.2982456140350877,0.9537037037037038,0.09631210937500012,0.8542302098562377,0.06633911955548301,36.0000000000001,15.96491228070181,2.254945054945053,0.027489763192152128,inf,inf,inf,18,0.15789473684210525,0.03516483516483515,0.03516483516483515,0.08021069906817725,1.041314645348757,1.0,1.041314645348757,0.6665206791761908,0.22115382403717312
breast_cancer,0,4,2,0.017543859649122806,114,4.434697855750481,2.254945054945053,9.999999999999979,114,37,0.32456140350877194,27,0.23684210526315788,0.9537037037037038,0.09631210937500012,0.8542302098562377,0.0363661297359659,36.0000000000001,15.96491228070181,2.254945054945053,0.027489763192152128,inf,inf,inf,7,0.06140350877192982,0.03516483516483515,0.03516483516483515,0.08021069906817725,1.041314645348757,1.0,1.041314645348757,0.6665206791761908,0.22115382403717312
breast_cancer,0,5,1,0.008771929824561403,114,4.434697855750481,2.254945054945053,9.999999999999979,140,60,0.42857142857142855,34,0.24285714285714285,0.9813084112149533,0.09607920320000007,0.8521644728265102,0.05870356842690753,36.0000000000001,15.96491228070181,2.254945054945053,0.027470845722408432,inf,inf,inf,26,0.18571428571428572,0.03516483516483515,0.03516483516483515,0.08021069906817725,1.041314645348757,1.0,1.041314645348757,0.6557433305124546,0.10803649632675058
breast_cancer,0,5,2,0.017543859649122806,114,4.434697855750481,2.254945054945053,9.999999999999979,140,37,0.2642857142857143,27,0.19285714285714287,0.9813084112149533,0.09607920320000007,0.8521644728265102,0.02132793365381498,36.0000000000001,15.96491228070181,2.254945054945053,0.027470845722408432,inf,inf,inf,8,0.05714285714285714,0.03516483516483515,0.03516483516483515,0.08021069906817725,1.041314645348757,1.0,1.041314645348757,0.6557433305124546,0.10803649632675058
breast_cancer,0,6,1,0.008771929824561403,114,4.434697855750481,2.254945054945053,9.999999999999979,165,72,0.43636363636363634,34,0.20606060606060606,0.9439252336448598,0.09592477621313467,0.8507947987714661,0.05114610259358382,36.0000000000001,15.96491228070181,2.254945054945053,0.027458253422613543,inf,inf,inf,29,0.17575757575757575,0.03516483516483515,0.03516483516483515,0.08021069906817725,1.041314645348757,1.0,1.041314645348757,0.6488376699125897,-0.001489022655737342
breast_cancer,0,6,2,0.017543859649122806,114,4.434697855750481,2.254945054945053,9.999999999999979,165,37,0.22424242424242424,27,0.16363636363636364,0.9439252336448598,0.09592477621313467,0.8507947987714661,0.006367428974032974,36.0000000000001,15.96491228070181,2.254945054945053,0.027458253422613543,inf,inf,inf,8,0.048484848484848485,0.03516483516483515,0.03516483516483515,0.08021069906817725,1.041314645348757,1.0,1.041314645348757,0.6488376699125897,-0.001489022655737342
breast_cancer,0,7,1,0.008771929824561403,114,4.434697855750481,2.254945054945053,9.999999999999979,189,78,0.4126984126984127,34,0.17989417989417988,0.9439252336448598,0.0958148812400813,0.8498200967687511,0.04363294547357905,36.0000000000001,15.96491228070181,2.254945054945053,0.027449268377630065,inf,inf,inf,34,0.17989417989417988,0.03516483516483515,0.03516483516483515,0.04101688562540817,2.155778437287505,1.4756242280622986,3.181118892395723,0.27503507329472965,-0.06543811760875622
breast_cancer,0,7,2,0.017543859649122806,114,4.434697855750481,2.254945054945053,9.999999999999979,189,38,0.20105820105820105,27,0.14285714285714285,0.9439252336448598,0.0958148812400813,0.8498200967687511,-0.008548990292923206,36.0000000000001,15.96491228070181,2.254945054945053,0.027449268377630065,inf,inf,inf,10,0.05291005291005291,0.03516483516483515,0.03516483516483515,0.04101688562540817,2.155778437287505,1.4756242280622986,3.181118892395723,0.27503507329472965,-0.06543811760875622
breast_cancer,1,1,1,0.008771929824561403,114,1.5420653907495998,1.962637362637362,3.026515151515148,30,27,0.9,16,0.5333333333333333,0.9238095238095239,0.33041301627033826,1.019036954087346,0.32147409562044926,7.833333333333383,3.991228070175465,1.962637362637362,0.1276595744680843,inf,inf,inf,2,0.06666666666666667,0.03956043956043964,0.03956043956043964,0.0789097922352747,1.0,1.0,1.0,1.0,0.8421804155294506
breast_cancer,1,1,2,0.017543859649122806,114,1.5420653907495998,1.962637362637362,3.026515151515148,30,25,0.8333333333333334,16,0.5333333333333333,0.9238095238095239,0.33041301627033826,1.019036954087346,0.31253517497056027,7.833333333333383,3.991228070175465,1.962637362637362,0.1276595744680843,inf,inf,inf,1,0.03333333333333333,0.03956043956043964,0.03956043956043964,0.0789097922352747,1.0,1.0,1.0,1.0,0.8421804155294506
breast_cancer,1,2,1,0.008771929824561403,114,5.587719298245631,1.962637362637362,10.966666666666697,59,52,0.8813559322033898,23,0.3898305084745763,0.9629629629629629,0.08910671556988559,0.9958066283862682,0.0716364238438107,23.50000000000005,11.973684210526345,1.962637362637362,0.04210049796287896,inf,inf,inf,19,0.3220338983050847,0.0483516483516484,0.0483516483516484,0.12612144081966453,1.0,1.0,1.0,0.75,0.3716356775410064
breast_cancer,1,2,2,0.017543859649122806,114,3.6586257309941486,1.962637362637362,7.1805555555555465,59,42,0.711864406779661,19,0.3220338983050847,0.9629629629629629,0.13441630594599874,0.9835579111984255,0.0999055020442996,23.50000000000005,11.973684210526345,1.962637362637362,0.04210049796287896,inf,inf,inf,15,0.2542372881355932,0.0483516483516484,0.0483516483516484,0.12612144081966453,1.0,1.0,1.0,0.75,0.3716356775410064
breast_cancer,1,3,1,0.008771929824561403,114,5.587719298245631,1.962637362637362,10.966666666666697,87,59,0.6781609195402298,28,0.3218390804597701,0.9724770642201835,0.08844189829803673,0.9883770037868345,0.06243197714575161,23.50000000000005,11.973684210526345,1.962637362637362,0.04195245398061731,inf,inf,inf,22,0.25287356321839083,0.0483516483516484,0.0483516483516484,0.11794022760064818,1.0488785862865613,1.0,1.0488785862865613,0.6825059011879981,0.17592963135838657
breast_cancer,1,3,2,0.017543859649122806,114,3.6586257309941486,1.962637362637362,7.1805555555555465,87,45,0.5172413793103449,21,0.2413793103448276,0.9724770642201835,0.1329001151493071,0.9724635618746804,0.08171782241906078,23.50000000000005,11.973684210526345,1.962637362637362,0.04195245398061731,inf,inf,inf,16,0.1839080459770115,0.0483516483516484,0.0483516483516484,0.11794022760064818,1.0488785862865613,1.0,1.0488785862865613,0.6825059011879981,0.17592963135838657
breast_cancer,1,4,1,0.008771929824561403,114,5.587719298245631,1.962637362637362,10.966666666666697,114,65,0.5701754385964912,30,0.2631578947368421,0.9545454545454545,0.0881144847856743,0.9847180141837666,0.05356297551606845,23.50000000000005,11.973684210526345,1.962637362637362,0.04187895428000299,inf,inf,inf,26,0.22807017543859648,0.0483516483516484,0.0483516483516484,0.11794022760064818,1.0488785862865613,1.0,1.0488785862865613,0.6634711940346372,0.00687367201382643
breast_cancer,1,4,2,0.017543859649122806,114,3.6586257309941486,1.962637362637362,7.1805555555555465,114,45,0.39473684210526316,21,0.18421052631578946,0.9545454545454545,0.13215930739174275,0.9670428852275904,0.06429664877928028,23.50000000000005,11.973684210526345,1.962637362637362,0.04187895428000299,inf,inf,inf,17,0.14912280701754385,0.0483516483516484,0.0483516483516484,0.11794022760064818,1.0488785862865613,1.0,1.0488785862865613,0.6634711940346372,0.00687367201382643
breast_cancer,1,5,1,0.008771929824561403,114,5.587719298245631,1.962637362637362,10.966666666666697,140,83,0.5928571428571429,30,0.21428571428571427,0.9727272727272728,0.08791960256735021,0.9825401199193378,0.044825737658607326,23.50000000000005,11.973684210526345,1.962637362637362,0.041835019997797485,inf,inf,inf,44,0.3142857142857143,0.0483516483516484,0.0483516483516484,0.060310418464481826,2.463563839208848,1.1049036530559517,2.722000685478401,0.3172136186638964,-0.1540978272833341
breast_cancer,1,5,2,0.017543859649122806,114,3.6586257309941486,1.962637362637362,7.1805555555555465,140,48,0.34285714285714286,21,0.15,0.9727272727272728,0.13172018346764103,0.9638297050519631,0.04717371811220568,23.50000000000005,11.973684210526345,1.962637362637362,0.041835019997797485,inf,inf,inf,22,0.15714285714285714,0.0483516483516484,0.0483516483516484,0.060310418464481826,2.463563839208848,1.1049036530559517,2.722000685478401,0.3172136186638964,-0.1540978272833341
breast_cancer,1,6,1,0.008771929824561403,114,5.587719298245631,1.962637362637362,10.966666666666697,165,89,0.5393939393939394,30,0.18181818181818182,0.9727272727272728,0.08779032618968285,0.9810953996987394,0.03615372620553868,23.50000000000005,11.973684210526345,1.962637362637362,0.04180579908557347,inf,inf,inf,57,0.34545454545454546,0.0483516483516484,0.0483516483516484,0.060310418464481826,2.463563839208848,1.1049036530559517,2.722000685478401,0.3155264368167252,-0.24703914960559722
breast_cancer,1,6,2,0.017543859649122806,114,3.6586257309941486,1.962637362637362,7.1805555555555465,165,48,0.2909090909090909,21,0.12727272727272726,0.9727272727272728,0.13142962962689342,0.9617036495359663,0.030197666517844335,23.50000000000005,11.973684210526345,1.962637362637362,0.04180579908557347,inf,inf,inf,22,0.13333333333333333,0.0483516483516484,0.0483516483516484,0.060310418464481826,2.463563839208848,1.1049036530559517,2.722000685478401,0.3155264368167252,-0.24703914960559722
breast_cancer,1,7,1,0.008771929824561403,114,5.587719298245631,1.962637362637362,10.966666666666697,189,96,0.5079365079365079,30,0.15873015873015872,0.9818181818181818,0.08769829960467168,0.9800669622487023,0.027518749291154873,23.50000000000005,11.973684210526345,1.962637362637362,0.04178496049576097,inf,inf,inf,70,0.37037037037037035,0.0483516483516484,0.0483516483516484,0.060310418464481826,2.463563839208848,1.1049036530559517,2.722000685478401,0.31433657599592624,-0.33951491209292495
breast_cancer,1,7,2,0.017543859649122806,114,3.6586257309941486,1.962637362637362,7.1805555555555465,189,48,0.25396825396825395,21,0.1111111111111111,0.9818181818181818,0.13122315471305745,0.9601928206708361,0.013304738139446007,23.50000000000005,11.973684210526345,1.962637362637362,0.04178496049576097,inf,inf,inf,26,0.13756613756613756,0.0483516483516484,0.0483516483516484,0.060310418464481826,2.463563839208848,1.1049036530559517,2.722000685478401,0.31433657599592624,-0.33951491209292495
breast_cancer,2,1,1,0.008771929824561403,114,4.7894736842105,1.5418427726120014,7.384615384615334,30,27,0.9,16,0.5333333333333333,0.9714285714285714,0.13541666666666763,1.2971491228070196,0.12403816558941308,7.384615384615334,4.7894736842105,1.5418427726120014,0.13541666666666763,inf,inf,inf,6,0.2,0.06373626373626373,0.06373626373626373,0.1271324430457201,1.0021143951089564,1.0,1.0021143951089564,0.9978900661249093,0.7436251800334691
breast_cancer,2,1,2,0.017543859649122806,114,1.791979949874686,1.5418427726120014,2.7629513343799013,30,25,0.8333333333333334,15,0.5,0.9714285714285714,0.36193181818181874,1.297149122807019,0.33917481602730964,7.384615384615334,4.7894736842105,1.5418427726120014,0.13541666666666763,inf,inf,inf,5,0.16666666666666666,0.06373626373626373,0.06373626373626373,0.1271324430457201,1.0021143951089564,1.0,1.0021143951089564,0.9978900661249093,0.7436251800334691
breast_cancer,2,2,1,0.008771929824561403,114,4.7894736842105,1.5418427726120014,7.384615384615334,59,43,0.7288135593220338,24,0.4067796610169492,1.0467289719626167,0.13083224826388984,1.2532352202119905,0.10884566545315316,7.384615384615334,4.7894736842105,1.5418427726120014,0.13083224826388984,inf,inf,inf,12,0.2033898305084746,0.06373626373626373,0.06373626373626373,0.1271324430457201,1.0021143951089564,1.0,1.0021143951089564,0.7489439201072153,0.3672783499218498
breast_cancer,2,2,2,0.017543859649122806,114,2.3477812177502577,1.5418427726120014,3.6199095022624386,59,28,0.4745762711864407,17,0.288135593220339,1.0467289719626167,0.25717148437500026,1.207564761513159,0.21480079098857363,7.384615384615334,4.7894736842105,1.5418427726120014,0.13083224826388984,inf,inf,inf,9,0.15254237288135594,0.06373626373626373,0.06373626373626373,0.1271324430457201,1.0021143951089564,1.0,1.0021143951089564,0.7489439201072153,0.3672783499218498
breast_cancer,2,3,1,0.008771929824561403,114,4.7894736842105,1.5418427726120014,7.384615384615334,87,48,0.5517241379310345,24,0.27586206896551724,1.0,0.12939608015314297,1.2394782414669416,0.09677823169348661,7.384615384615334,4.7894736842105,1.5418427726120014,0.12939608015314297,inf,inf,inf,12,0.13793103448275862,0.06373626373626373,0.06373626373626373,0.1271324430457201,1.0021143951089564,1.0,1.0021143951089564,0.7027649656733379,0.1655661498562283
breast_cancer,2,3,2,0.017543859649122806,114,2.3477812177502577,1.5418427726120014,3.6199095022624386,87,29,0.3333333333333333,17,0.19540229885057472,1.0,0.25159278508391225,1.1813696306829728,0.18941543610059788,7.384615384615334,4.7894736842105,1.5418427726120014,0.12939608015314297,inf,inf,inf,9,0.10344827586206896,0.06373626373626373,0.06373626373626373,0.1271324430457201,1.0021143951089564,1.0,1.0021143951089564,0.7027649656733379,0.1655661498562283
breast_cancer,2,4,1,0.008771929824561403,114,4.7894736842105,1.5418427726120014,7.384615384615334,114,58,0.5087719298245614,24,0.21052631578947367,0.9821428571428572,0.12869392717142236,1.23275235501046,0.08543945857456411,7.384615384615334,4.7894736842105,1.5418427726120014,0.12869392717142236,inf,inf,inf,12,0.10526315789473684,0.06373626373626373,0.06373626373626373,0.1271324430457201,1.0021143951089564,1.0,1.0021143951089564,0.6827026821500863,-0.013114725413860304
breast_cancer,2,4,2,0.017543859649122806,114,2.3477812177502577,1.5418427726120014,3.6199095022624386,114,30,0.2631578947368421,17,0.14912280701754385,0.9821428571428572,0.24892708718794865,1.1688526797782932,0.16690233772982283,7.384615384615334,4.7894736842105,1.5418427726120014,0.12869392717142236,inf,inf,inf,9,0.07894736842105263,0.06373626373626373,0.06373626373626373,0.1271324430457201,1.0021143951089564,1.0,1.0021143951089564,0.6827026821500863,-0.013114725413860304
breast_cancer,2,5,1,0.008771929824561403,114,4.7894736842105,1.5418427726120014,7.384615384615334,140,71,0.5071428571428571,24,0.17142857142857143,0.9732142857142857,0.1282775797625344,1.2287641850937439,0.07438441374965091,7.384615384615334,4.7894736842105,1.5418427726120014,0.1282775797625344,inf,inf,inf,16,0.11428571428571428,0.06373626373626373,0.06373626373626373,0.1271324430457201,1.0021143951089564,1.0,1.0021143951089564,0.67145485887078,-0.1839870329866363
breast_cancer,2,5,2,0.017543859649122806,114,2.3477812177502577,1.5418427726120014,3.6199095022624386,140,34,0.24285714285714285,17,0.12142857142857143,0.9732142857142857,0.24736483991928238,1.1615170501885808,0.1454773793764244,7.384615384615334,4.7894736842105,1.5418427726120014,0.1282775797625344,inf,inf,inf,10,0.07142857142857142,0.06373626373626373,0.06373626373626373,0.1271324430457201,1.0021143951089564,1.0,1.0021143951089564,0.67145485887078,-0.1839870329866363
breast_cancer,2,6,1,0.008771929824561403,114,4.7894736842105,1.5418427726120014,7.384615384615334,165,79,0.47878787878787876,24,0.14545454545454545,0.9732142857142857,0.1280020407078628,1.2261248109911,0.06346915591885754,7.384615384615334,4.7894736842105,1.5418427726120014,0.1280020407078628,inf,inf,inf,20,0.12121212121212122,0.06373626373626373,0.06373626373626373,0.1271324430457201,1.0021143951089564,1.0,1.0021143951089564,0.6642531931698072,-0.3512670624014421
breast_cancer,2,6,2,0.017543859649122806,114,2.3477812177502577,1.5418427726120014,3.6199095022624386,165,36,0.21818181818181817,17,0.10303030303030303,0.9732142857142857,0.24633831509954252,1.1566969388059012,0.12458074259365819,7.384615384615334,4.7894736842105,1.5418427726120014,0.1280020407078628,inf,inf,inf,11,0.06666666666666667,0.06373626373626373,0.06373626373626373,0.1271324430457201,1.0021143951089564,1.0,1.0021143951089564,0.6642531931698072,-0.3512670624014421
breast_cancer,2,7,1,0.008771929824561403,114,4.7894736842105,1.5418427726120014,7.384615384615334,189,88,0.4656084656084656,24,0.12698412698412698,0.9734513274336284,0.12780620879555027,1.2242489474100011,0.052633027814234415,7.384615384615334,4.7894736842105,1.5418427726120014,0.12780620879555027,inf,inf,inf,26,0.13756613756613756,0.06373626373626373,0.06373626373626373,0.1271324430457201,1.0021143951089564,1.0,1.0021143951089564,0.6592457043349197,-0.5165964823594751
breast_cancer,2,7,2,0.017543859649122806,114,2.3477812177502577,1.5418427726120014,3.6199095022624386,189,38,0.20105820105820105,17,0.08994708994708994,0.9734513274336284,0.24561226153101945,1.1532877089433833,0.10398043762569167,7.384615384615334,4.7894736842105,1.5418427726120014,0.12780620879555027,inf,inf,inf,14,0.07407407407407407,0.06373626373626373,0.06373626373626373,0.1271324430457201,1.0021143951089564,1.0,1.0021143951089564,0.6592457043349197,-0.5165964823594751
breast_cancer,3,1,1,0.008771929824561403,114,1.8141945773524701,9.145054945054916,16.59090909090902,30,28,0.9333333333333333,15,0.5,0.9514563106796117,0.060273972602740034,0.21869742850276463,0.058355574107101744,16.59090909090902,1.8141945773524701,9.145054945054916,0.060273972602740034,inf,inf,inf,4,0.13333333333333333,0.05054945054945059,0.05054945054945059,0.15078148028539773,1.0,1.0,1.0,1.0,0.6984370394292045
breast_cancer,3,1,2,0.017543859649122806,114,1.8141945773524701,9.145054945054916,16.59090909090902,30,26,0.8666666666666667,15,0.5,0.9514563106796117,0.060273972602740034,0.21869742850276463,0.05643717561146346,16.59090909090902,1.8141945773524701,9.145054945054916,0.060273972602740034,inf,inf,inf,3,0.1,0.05054945054945059,0.05054945054945059,0.15078148028539773,1.0,1.0,1.0,1.0,0.6984370394292045
breast_cancer,3,2,1,0.008771929824561403,114,5.986842105263173,9.145054945054916,54.749999999999964,59,48,0.8135593220338984,23,0.3898305084745763,0.9814814814814815,0.018181439085923956,0.21769881010777423,0.014362161715612127,54.749999999999964,5.986842105263173,9.145054945054916,0.018181439085923956,inf,inf,inf,8,0.13559322033898305,0.05054945054945059,0.05054945054945059,0.1410006259621619,1.0,1.1080192652117127,1.1080192652117127,0.6988796841677476,0.3047097924081859
breast_cancer,3,2,2,0.017543859649122806,114,2.177033492822972,9.145054945054916,19.909090909090896,59,32,0.5423728813559322,19,0.3220338983050847,0.9814814814814815,0.049597589708304746,0.21595122791654273,0.042020353641057634,54.749999999999964,5.986842105263173,9.145054945054916,0.018181439085923956,inf,inf,inf,4,0.06779661016949153,0.05054945054945059,0.05054945054945059,0.1410006259621619,1.0,1.1080192652117127,1.1080192652117127,0.6988796841677476,0.3047097924081859
breast_cancer,3,3,1,0.008771929824561403,114,5.986842105263173,9.145054945054916,54.749999999999964,87,52,0.5977011494252874,24,0.27586206896551724,0.9727272727272728,0.018153864395564434,0.21736863947320625,0.012433637041006376,54.749999999999964,5.986842105263173,9.145054945054916,0.018153864395564434,inf,inf,inf,11,0.12643678160919541,0.05054945054945059,0.05054945054945059,0.12330114703704129,1.0,2.1168895639435843,2.1168895639435843,0.40191100366824895,0.10457447711362734
breast_cancer,3,3,2,0.017543859649122806,114,2.177033492822972,9.145054945054916,19.909090909090896,87,32,0.367816091954023,19,0.21839080459770116,0.9727272727272728,0.04939204278288689,0.21505626283457982,0.038073292107382695,54.749999999999964,5.986842105263173,9.145054945054916,0.018153864395564434,inf,inf,inf,4,0.04597701149425287,0.05054945054945059,0.05054945054945059,0.12330114703704129,1.0,2.1168895639435843,2.1168895639435843,0.40191100366824895,0.10457447711362734
breast_cancer,3,4,1,0.008771929824561403,114,5.986842105263173,9.145054945054916,54.749999999999964,114,53,0.4649122807017544,24,0.21052631578947367,0.9636363636363636,0.018140118929753757,0.21720405560626263,0.010518923996200682,54.749999999999964,5.986842105263173,9.145054945054916,0.018140118929753757,inf,inf,inf,11,0.09649122807017543,0.05054945054945059,0.05054945054945059,0.12330114703704129,1.0,2.1168895639435843,2.1168895639435843,0.39510261878852493,0.005369770036813061
breast_cancer,3,4,2,0.017543859649122806,114,2.177033492822972,9.145054945054916,19.909090909090896,114,32,0.2807017543859649,19,0.16666666666666666,0.9636363636363636,0.04929012445824055,0.21461250362200485,0.034229597888275294,54.749999999999964,5.986842105263173,9.145054945054916,0.018140118929753757,inf,inf,inf,4,0.03508771929824561,0.05054945054945059,0.05054945054945059,0.12330114703704129,1.0,2.1168895639435843,2.1168895639435843,0.39510261878852493,0.005369770036813061
breast_cancer,3,5,1,0.008771929824561403,114,5.986842105263173,9.145054945054916,54.749999999999964,140,59,0.42142857142857143,24,0.17142857142857143,0.9819819819819819,0.018131884996669734,0.21710546509170392,0.008609715475103773,54.749999999999964,5.986842105263173,9.145054945054916,0.018131884996669734,inf,inf,inf,16,0.11428571428571428,0.05054945054945059,0.05054945054945059,0.11530287991050499,1.0837331596015496,2.572790790156152,2.788218692009694,0.31075968071794846,-0.07755801623348416
breast_cancer,3,5,2,0.017543859649122806,114,2.177033492822972,9.145054945054916,19.909090909090896,140,32,0.22857142857142856,19,0.1357142857142857,0.9819819819819819,0.04922924402746731,0.21434742614830318,0.030426838224984577,54.749999999999964,5.986842105263173,9.145054945054916,0.018131884996669734,inf,inf,inf,5,0.03571428571428571,0.05054945054945059,0.05054945054945059,0.11530287991050499,1.0837331596015496,2.572790790156152,2.788218692009694,0.31075968071794846,-0.07755801623348416
breast_cancer,3,6,1,0.008771929824561403,114,5.986842105263173,9.145054945054916,54.749999999999964,165,75,0.45454545454545453,24,0.14545454545454545,0.9729729729729729,0.018126401256279512,0.2170398045159789,0.006703253650175361,54.749999999999964,5.986842105263173,9.145054945054916,0.018126401256279512,inf,inf,inf,16,0.09696969696969697,0.05054945054945059,0.05054945054945059,0.051560439560439604,69.41266209000754,6.206109890109868,430.78260869565014,0.0023191123475644337,-0.09728066005309753
breast_cancer,3,6,2,0.017543859649122806,114,2.177033492822972,9.145054945054916,19.909090909090896,165,33,0.2,19,0.11515151515151516,0.9729729729729729,0.04918876910514591,0.214171195625277,0.02664443272353781,54.749999999999964,5.986842105263173,9.145054945054916,0.018126401256279512,inf,inf,inf,5,0.030303030303030304,0.05054945054945059,0.05054945054945059,0.051560439560439604,69.41266209000754,6.206109890109868,430.78260869565014,0.0023191123475644337,-0.09728066005309753
breast_cancer,3,7,1,0.008771929824561403,114,5.986842105263173,9.145054945054916,54.749999999999964,189,80,0.42328042328042326,24,0.12698412698412698,0.9819819819819819,0.01812248701243091,0.21699293659621274,0.004798359326698549,54.749999999999964,5.986842105263173,9.145054945054916,0.01812248701243091,inf,inf,inf,20,0.10582010582010581,0.05054945054945059,0.05054945054945059,0.051560439560439604,69.41266209000754,6.206109890109868,430.78260869565014,0.002319048314524008,-0.11387747776057362
breast_cancer,3,7,2,0.017543859649122806,114,2.177033492822972,9.145054945054916,19.909090909090896,189,33,0.1746031746031746,19,0.10052910052910052,0.9819819819819819,0.04915991309911516,0.2140455546420809,0.022873616914999968,54.749999999999964,5.986842105263173,9.145054945054916,0.01812248701243091,inf,inf,inf,5,0.026455026455026454,0.05054945054945059,0.05054945054945059,0.051560439560439604,69.41266209000754,6.206109890109868,430.78260869565014,0.002319048314524008,-0.11387747776057362
breast_cancer,4,1,1,0.008771929824561403,114,2.993421052631574,2.1046153846153834,6.299999999999986,30,28,0.9333333333333333,16,0.5333333333333333,0.9904761904761904,0.15873015873015905,0.9502923976608191,0.15039426050506416,28.0000000000001,13.304093567251517,2.1046153846153834,0.03571428571428559,inf,inf,inf,2,0.06666666666666667,0.02857142857142858,0.02857142857142858,0.09745798837280271,1.0,1.0,1.0,1.0,0.8050840232543945
breast_cancer,4,1,2,0.017543859649122806,114,2.993421052631574,2.1046153846153834,6.299999999999986,30,25,0.8333333333333334,16,0.5333333333333333,0.9904761904761904,0.15873015873015905,0.9502923976608191,0.14205836227996924,28.0000000000001,13.304093567251517,2.1046153846153834,0.03571428571428559,inf,inf,inf,1,0.03333333333333333,0.02857142857142858,0.02857142857142858,0.09745798837280271,1.0,1.0,1.0,1.0,0.8050840232543945
breast_cancer,4,2,1,0.008771929824561403,114,2.993421052631574,2.5054945054945015,7.499999999999975,59,43,0.7288135593220338,23,0.3898305084745763,0.9906542056074766,0.12888888888888927,0.7716374269005858,0.11535139017133514,33.333333333333414,13.304093567251517,2.5054945054945015,0.029774999999999996,inf,inf,inf,11,0.1864406779661017,0.03296703296703285,0.03296703296703285,0.0919569299753226,1.0,1.0563063828967065,1.0563063828967065,0.722637158624573,0.45683118025174924
breast_cancer,4,2,2,0.017543859649122806,114,2.993421052631574,2.1296703296703217,6.374999999999965,59,33,0.559322033898305,21,0.3559322033898305,0.9906542056074766,0.15071126489811681,0.9022845464295136,0.11905215800585318,33.333333333333414,13.304093567251517,2.5054945054945015,0.029774999999999996,inf,inf,inf,6,0.1016949152542373,0.03296703296703285,0.03296703296703285,0.0919569299753226,1.0,1.0563063828967065,1.0563063828967065,0.722637158624573,0.45683118025174924
breast_cancer,4,3,1,0.008771929824561403,114,2.993421052631574,2.5054945054945015,7.499999999999975,87,52,0.5977011494252874,23,0.26436781609195403,0.9629629629629629,0.12749519890260674,0.7632936250090259,0.10740852456026395,33.333333333333414,13.304093567251517,2.5054945054945015,0.029700999999999977,inf,inf,inf,17,0.19540229885057472,0.03296703296703285,0.03296703296703285,0.08041379154589615,1.0081843815401488,1.187898160992168,1.197620372772569,0.6241483372025884,0.32054288026236066
breast_cancer,4,3,2,0.017543859649122806,114,2.993421052631574,2.1296703296703217,6.374999999999965,87,33,0.3793103448275862,21,0.2413793103448276,0.9629629629629629,0.14880372528637598,0.8908644079644863,0.10191612486719248,33.333333333333414,13.304093567251517,2.5054945054945015,0.029700999999999977,inf,inf,inf,7,0.08045977011494253,0.03296703296703285,0.03296703296703285,0.08041379154589615,1.0081843815401488,1.187898160992168,1.197620372772569,0.6241483372025884,0.32054288026236066
breast_cancer,4,4,1,0.008771929824561403,114,2.9934210526315987,2.5054945054945015,7.500000000000037,114,61,0.5350877192982456,24,0.21052631578947367,0.9816513761467891,0.12681358024691314,0.7592128817413929,0.100174531764759,33.333333333333414,13.304093567251517,2.5054945054945015,0.029664184335937316,inf,inf,inf,22,0.19298245614035087,0.03296703296703285,0.03296703296703285,0.08041379154589615,1.0081843815401488,1.187898160992168,1.197620372772569,0.6080227558874153,0.21367413579576247
breast_cancer,4,4,2,0.017543859649122806,114,2.993421052631574,2.1296703296703217,6.374999999999965,114,34,0.2982456140350877,21,0.18421052631578946,0.9816513761467891,0.1478743942715086,0.8853006499149514,0.08574803287396818,33.333333333333414,13.304093567251517,2.5054945054945015,0.029664184335937316,inf,inf,inf,8,0.07017543859649122,0.03296703296703285,0.03296703296703285,0.08041379154589615,1.0081843815401488,1.187898160992168,1.197620372772569,0.6080227558874153,0.21367413579576247
breast_cancer,4,5,1,0.008771929824561403,114,2.9934210526315987,2.5054945054945015,7.500000000000037,140,70,0.5,24,0.17142857142857143,0.9816513761467891,0.1264093369415631,0.7567927409001525,0.093216672866995,33.333333333333414,13.304093567251517,2.5054945054945015,0.029642153527775994,inf,inf,inf,25,0.17857142857142858,0.03296703296703285,0.03296703296703285,0.08041379154589615,1.0081843815401488,1.187898160992168,1.197620372772569,0.5989203094058834,0.11336406321250728
breast_cancer,4,5,2,0.017543859649122806,114,2.993421052631574,2.1296703296703217,6.374999999999965,140,35,0.25,21,0.15,0.9816513761467891,0.1473243437413233,0.8820075842408157,0.06995525740440965,33.333333333333414,13.304093567251517,2.5054945054945015,0.029642153527775994,inf,inf,inf,11,0.07857142857142857,0.03296703296703285,0.03296703296703285,0.08041379154589615,1.0081843815401488,1.187898160992168,1.197620372772569,0.5989203094058834,0.11336406321250728
breast_cancer,4,6,1,0.008771929824561403,114,2.9934210526315987,2.5054945054945015,7.500000000000037,165,78,0.4727272727272727,24,0.14545454545454545,0.9724770642201835,0.12614177907989743,0.7551909142283383,0.0863948888573533,33.333333333333414,13.304093567251517,2.5054945054945015,0.029627490643734378,inf,inf,inf,35,0.21212121212121213,0.03296703296703285,0.03296703296703285,0.041120739862146524,1.8384337719910127,1.6358389501869133,3.0073815715619454,0.2897116445154845,0.02689303886572767
breast_cancer,4,6,2,0.017543859649122806,114,2.993421052631574,2.1296703296703217,6.374999999999965,165,36,0.21818181818181817,21,0.12727272727272726,0.9724770642201835,0.14696072799225357,0.8798306741641482,0.05434697281708008,33.333333333333414,13.304093567251517,2.5054945054945015,0.029627490643734378,inf,inf,inf,15,0.09090909090909091,0.03296703296703285,0.03296703296703285,0.041120739862146524,1.8384337719910127,1.6358389501869133,3.0073815715619454,0.2897116445154845,0.02689303886572767
breast_cancer,4,7,1,0.008771929824561403,114,2.9934210526315987,2.5054945054945015,7.500000000000037,189,89,0.4708994708994709,24,0.12698412698412698,0.9636363636363636,0.12595160542757888,0.754052374599326,0.07965014382937466,33.333333333333414,13.304093567251517,2.5054945054945015,0.029617029039064935,inf,inf,inf,41,0.21693121693121692,0.03296703296703285,0.03296703296703285,0.041120739862146524,1.8384337719910127,1.6358389501869133,3.0073815715619454,0.2887079203281273,-0.016851476103823766
breast_cancer,4,7,2,0.017543859649122806,114,2.993421052631574,2.1296703296703217,6.374999999999965,189,37,0.19576719576719576,21,0.1111111111111111,0.9636363636363636,0.14670249470498975,0.8782846722469766,0.03884297355185229,33.333333333333414,13.304093567251517,2.5054945054945015,0.029617029039064935,inf,inf,inf,16,0.08465608465608465,0.03296703296703285,0.03296703296703285,0.041120739862146524,1.8384337719910127,1.6358389501869133,3.0073815715619454,0.2887079203281273,-0.016851476103823766
breast_cancer,5,1,1,0.008771929824561403,114,1.9956140350877194,1.3028571428571414,2.599999999999997,30,26,0.8666666666666667,15,0.5,0.9423076923076924,0.384615384615385,1.5350877192982473,0.37114970286715476,2.599999999999997,1.9956140350877194,1.3028571428571414,0.384615384615385,inf,inf,inf,5,0.16666666666666666,0.04615384615384621,0.04615384615384621,0.1376700472171023,1.0,1.0,1.0,1.0,0.7246599055657954
breast_cancer,5,1,2,0.017543859649122806,114,1.9956140350877194,1.3028571428571414,2.599999999999997,30,24,0.8,15,0.5,0.9423076923076924,0.384615384615385,1.5350877192982473,0.35768402111892456,2.599999999999997,1.9956140350877194,1.3028571428571414,0.384615384615385,inf,inf,inf,3,0.1,0.04615384615384621,0.04615384615384621,0.1376700472171023,1.0,1.0,1.0,1.0,0.7246599055657954
breast_cancer,5,2,1,0.008771929824561403,114,6.984649122807038,1.3028571428571414,9.100000000000017,59,45,0.7627118644067796,32,0.5423728813559322,1.0,0.10687115082719467,1.492914979757088,0.08067965995426331,31.200000000003193,23.94736842105511,1.3028571428571414,0.031794460880996134,inf,inf,inf,7,0.11864406779661017,0.04615384615384621,0.04615384615384621,0.1376700472171023,1.0,1.0,1.0,0.75,0.3369898583486931
breast_cancer,5,2,2,0.017543859649122806,114,3.1042884990253508,1.3028571428571414,4.044444444444452,59,35,0.5932203389830508,26,0.4406779661016949,1.0,0.23196926699673914,1.4401990553306363,0.18143596680969928,31.200000000003193,23.94736842105511,1.3028571428571414,0.031794460880996134,inf,inf,inf,3,0.05084745762711865,0.04615384615384621,0.04615384615384621,0.1376700472171023,1.0,1.0,1.0,0.75,0.3369898583486931
breast_cancer,5,3,1,0.008771929824561403,114,6.984649122807038,1.7538461538461547,12.250000000000043,87,53,0.6091954022988506,38,0.4367816091954023,0.9818181818181818,0.07943150419499534,1.1096023721976356,0.05023144176874177,42.00000000000437,23.94736842105511,1.7538461538461547,0.02362105924086033,inf,inf,inf,13,0.14942528735632185,0.04615384615384621,0.04615384615384621,0.1376700472171023,1.0,1.0,1.0,0.7037037037037036,0.12243017100927177
breast_cancer,5,3,2,0.017543859649122806,114,3.1042884990253508,1.3028571428571414,4.044444444444452,87,35,0.40229885057471265,26,0.2988505747126437,0.9818181818181818,0.22743460801968185,1.4120452759116744,0.15311643560327795,42.00000000000437,23.94736842105511,1.7538461538461547,0.02362105924086033,inf,inf,inf,5,0.05747126436781609,0.04615384615384621,0.04615384615384621,0.1376700472171023,1.0,1.0,1.0,0.7037037037037036,0.12243017100927177
breast_cancer,5,4,1,0.008771929824561403,114,6.984649122807038,1.7538461538461547,12.250000000000043,114,57,0.5,38,0.3333333333333333,0.9727272727272728,0.07916752026652751,1.1059147019688196,0.04036349563604262,42.00000000000437,23.94736842105511,1.7538461538461547,0.023597781111568406,inf,inf,inf,17,0.14912280701754385,0.04615384615384621,0.04615384615384621,0.1287397019654522,1.0621588573922205,1.0,1.0621588573922205,0.6581732545561068,-0.06182624045514095
breast_cancer,5,4,2,0.017543859649122806,114,3.1042884990253508,1.3028571428571414,4.044444444444452,114,35,0.30701754385964913,26,0.22807017543859648,0.9727272727272728,0.22525764844090956,1.3985294547452225,0.12711523056405186,42.00000000000437,23.94736842105511,1.7538461538461547,0.023597781111568406,inf,inf,inf,5,0.043859649122807015,0.04615384615384621,0.04615384615384621,0.1287397019654522,1.0621588573922205,1.0,1.0621588573922205,0.6581732545561068,-0.06182624045514095
breast_cancer,5,5,1,0.008771929824561403,114,6.984649122807038,1.7538461538461547,12.250000000000043,140,61,0.4357142857142857,38,0.2714285714285714,0.9727272727272728,0.07901026222541696,1.1037179174910252,0.030601581633705334,42.00000000000437,23.94736842105511,1.7538461538461547,0.02358384366840849,inf,inf,inf,23,0.16428571428571428,0.04615384615384621,0.04615384615384621,0.1287397019654522,1.0621588573922205,1.0,1.0621588573922205,0.6476379758560733,-0.23795524055501915
breast_cancer,5,5,2,0.017543859649122806,114,3.1042884990253508,1.3028571428571414,4.044444444444452,140,35,0.25,26,0.18571428571428572,0.9727272727272728,0.22397881808953435,1.3905897380412653,0.10199726212100231,42.00000000000437,23.94736842105511,1.7538461538461547,0.02358384366840849,inf,inf,inf,6,0.04285714285714286,0.04615384615384621,0.04615384615384621,0.1287397019654522,1.0621588573922205,1.0,1.0621588573922205,0.6476379758560733,-0.23795524055501915
breast_cancer,5,6,1,0.008771929824561403,114,6.984649122807038,1.7538461538461547,12.250000000000043,165,66,0.4,38,0.23030303030303031,0.9369369369369368,0.07890589056398334,1.1022599186240687,0.020892210636400774,42.00000000000437,23.94736842105511,1.7538461538461547,0.02357456426757809,inf,inf,inf,24,0.14545454545454545,0.04615384615384621,0.04615384615384621,0.1287397019654522,1.0621588573922205,1.0,1.0621588573922205,0.640884651739435,-0.4107456502030079
breast_cancer,5,6,2,0.017543859649122806,114,3.1042884990253508,1.3028571428571414,4.044444444444452,165,36,0.21818181818181817,26,0.15757575757575756,0.9369369369369368,0.22313731794589253,1.3853652196055943,0.07730940009267209,42.00000000000437,23.94736842105511,1.7538461538461547,0.02357456426757809,inf,inf,inf,6,0.03636363636363636,0.04615384615384621,0.04615384615384621,0.1287397019654522,1.0621588573922205,1.0,1.0621588573922205,0.640884651739435,-0.4107456502030079
breast_cancer,5,7,1,0.008771929824561403,114,6.984649122807038,1.7538461538461547,12.250000000000043,189,85,0.4497354497354497,38,0.20105820105820105,0.9459459459459459,0.07883156664589253,1.1012216656454756,0.011212692439591387,42.00000000000437,23.94736842105511,1.7538461538461547,0.023567942101906825,inf,inf,inf,43,0.2275132275132275,0.04615384615384621,0.04615384615384621,0.1287397019654522,1.0621588573922205,1.0,1.0621588573922205,0.636185364994994,-0.5817203948159522
breast_cancer,5,7,2,0.017543859649122806,114,3.1042884990253508,1.3028571428571414,4.044444444444452,189,37,0.19576719576719576,26,0.13756613756613756,0.9459459459459459,0.22254155706811107,1.381666392323462,0.05286322818628242,42.00000000000437,23.94736842105511,1.7538461538461547,0.023567942101906825,inf,inf,inf,11,0.0582010582010582,0.04615384615384621,0.04615384615384621,0.1287397019654522,1.0621588573922205,1.0,1.0621588573922205,0.636185364994994,-0.5817203948159522
breast_cancer,6,1,1,0.008771929824561403,114,2.660818713450302,1.5032967032967028,4.000000000000013,30,25,0.8333333333333334,16,0.5333333333333333,1.0,0.2499999999999991,1.3304093567251463,0.23832974248486624,8.000000000000027,5.321637426900604,1.5032967032967028,0.12499999999999956,inf,inf,inf,3,0.1,0.10109890109890118,0.10109890109890118,0.12610360224391656,1.0,1.0,1.0,1.0,0.7477927955121668
breast_cancer,6,1,2,0.017543859649122806,114,2.2949561403508745,1.5032967032967028,3.449999999999995,30,22,0.7333333333333333,15,0.5,1.0,0.2898550724637685,1.3304093567251465,0.2665145574335028,8.000000000000027,5.321637426900604,1.5032967032967028,0.12499999999999956,inf,inf,inf,2,0.06666666666666667,0.10109890109890118,0.10109890109890118,0.12610360224391656,1.0,1.0,1.0,1.0,0.7477927955121668
breast_cancer,6,2,1,0.008771929824561403,114,2.660818713450302,3.3824175824176,9.00000000000008,59,43,0.7288135593220338,23,0.3898305084745763,0.9908256880733944,0.10802469135802373,0.5748682405602453,0.09793928362889662,18.00000000000016,5.321637426900604,3.3824175824176,0.05478395061728358,inf,inf,inf,6,0.1016949152542373,0.10109890109890118,0.10109890109890118,0.12610360224391656,1.0,1.0,1.0,0.75,0.37168919326825034
breast_cancer,6,2,2,0.017543859649122806,114,2.2949561403508745,1.5032967032967028,3.449999999999995,59,27,0.4576271186440678,15,0.2542372881355932,0.9908256880733944,0.2688510817055244,1.2340028816001358,0.2255527349827126,18.00000000000016,5.321637426900604,3.3824175824176,0.05478395061728358,inf,inf,inf,2,0.03389830508474576,0.10109890109890118,0.10109890109890118,0.12610360224391656,1.0,1.0,1.0,0.75,0.37168919326825034
breast_cancer,6,3,1,0.008771929824561403,114,2.660818713450302,3.3824175824176,9.00000000000008,87,59,0.6781609195402298,23,0.26436781609195403,0.9819819819819819,0.10704669003708711,0.5696636721271907,0.09205554077058209,18.00000000000016,5.321637426900604,3.3824175824176,0.05453309962912112,inf,inf,inf,21,0.2413793103448276,0.10109890109890118,0.10109890109890118,0.11792354617304862,1.042747681856336,1.0,1.042747681856336,0.6851075807440052,0.17964409594897748
breast_cancer,6,3,2,0.017543859649122806,114,2.2949561403508745,1.5032967032967028,3.449999999999995,87,30,0.3448275862068966,15,0.1724137931034483,0.9819819819819819,0.26275169415844457,1.2060072277930347,0.19927762953775854,18.00000000000016,5.321637426900604,3.3824175824176,0.05453309962912112,inf,inf,inf,8,0.09195402298850575,0.10109890109890118,0.10109890109890118,0.11792354617304862,1.042747681856336,1.0,1.042747681856336,0.6851075807440052,0.17964409594897748
breast_cancer,6,4,1,0.008771929824561403,114,2.9934210526315863,3.3824175824176,10.125000000000078,114,62,0.543859649122807,25,0.21929824561403508,1.0,0.09516729508851474,0.5697515692799251,0.07517601195588579,18.00000000000016,5.321637426900604,3.3824175824176,0.05440882767251498,inf,inf,inf,22,0.19298245614035087,0.10109890109890118,0.10109890109890118,0.11792354617304862,1.042747681856336,1.0,1.042747681856336,0.6659411429902033,0.010844162087505101
breast_cancer,6,4,2,0.017543859649122806,114,2.2949561403508745,1.5032967032967028,3.449999999999995,114,30,0.2631578947368421,15,0.13157894736842105,1.0,0.2598435416654813,1.192659062951429,0.17614816882678452,18.00000000000016,5.321637426900604,3.3824175824176,0.05440882767251498,inf,inf,inf,8,0.07017543859649122,0.10109890109890118,0.10109890109890118,0.11792354617304862,1.042747681856336,1.0,1.042747681856336,0.6659411429902033,0.010844162087505101
breast_cancer,6,5,1,0.008771929824561403,114,2.9934210526315863,3.3824175824176,10.125000000000078,140,71,0.5071428571428571,25,0.17857142857142858,0.9821428571428572,0.0949399031218614,0.5683902094795664,0.07001050796924885,18.00000000000016,5.321637426900604,3.3824175824176,0.05433462903690078,inf,inf,inf,22,0.15714285714285714,0.10109890109890118,0.10109890109890118,0.11792354617304862,1.042747681856336,1.0,1.042747681856336,0.655180619125525,-0.1504589821609173
breast_cancer,6,5,2,0.017543859649122806,114,2.2949561403508745,1.5032967032967028,3.449999999999995,140,31,0.22142857142857142,15,0.10714285714285714,0.9821428571428572,0.2581410687568003,1.1848448616403124,0.15420730896379045,18.00000000000016,5.321637426900604,3.3824175824176,0.05433462903690078,inf,inf,inf,8,0.05714285714285714,0.10109890109890118,0.10109890109890118,0.11792354617304862,1.042747681856336,1.0,1.042747681856336,0.655180619125525,-0.1504589821609173
breast_cancer,6,6,1,0.008771929824561403,114,2.9934210526315863,3.3824175824176,10.125000000000078,165,78,0.4727272727272727,25,0.15151515151515152,0.9734513274336284,0.09478912235577108,0.567487508840473,0.0649213587325883,18.00000000000016,5.321637426900604,3.3824175824176,0.05428531412316473,inf,inf,inf,28,0.1696969696969697,0.10109890109890118,0.10109890109890118,0.11792354617304862,1.042747681856336,1.0,1.042747681856336,0.6482855454625298,-0.30830778429126005
breast_cancer,6,6,2,0.017543859649122806,114,2.2949561403508745,1.5032967032967028,3.449999999999995,165,31,0.18787878787878787,15,0.09090909090909091,0.9734513274336284,0.25702314624409206,1.1797136953703597,0.13284275725773842,18.00000000000016,5.321637426900604,3.3824175824176,0.05428531412316473,inf,inf,inf,8,0.048484848484848485,0.10109890109890118,0.10109890109890118,0.11792354617304862,1.042747681856336,1.0,1.042747681856336,0.6482855454625298,-0.30830778429126005
breast_cancer,6,7,1,0.008771929824561403,114,2.9934210526315863,3.3824175824176,10.125000000000078,189,87,0.4603174603174603,25,0.13227513227513227,0.9823008849557523,0.09468181732664172,0.5668450905739748,0.0598755398352573,18.00000000000016,5.321637426900604,3.3824175824176,0.054250162740143715,inf,inf,inf,34,0.17989417989417988,0.10109890109890118,0.10109890109890118,0.11792354617304862,1.042747681856336,1.0,1.042747681856336,0.6434888066153659,-0.4642791441524149
breast_cancer,6,7,2,0.017543859649122806,114,2.2949561403508745,1.5032967032967028,3.449999999999995,189,31,0.164021164021164,15,0.07936507936507936,0.9823008849557523,0.2562328004649216,1.1760860775725444,0.11180117690338104,18.00000000000016,5.321637426900604,3.3824175824176,0.054250162740143715,inf,inf,inf,8,0.042328042328042326,0.10109890109890118,0.10109890109890118,0.11792354617304862,1.042747681856336,1.0,1.042747681856336,0.6434888066153659,-0.4642791441524149
breast_cancer,7,1,1,0.008771929824561403,114,2.3947368421052793,1.9328100470957592,4.628571428571455,30,28,0.9333333333333333,17,0.5666666666666667,0.9803921568627451,0.21604938271604812,1.034762833008448,0.20697251575983366,4.628571428571455,2.3947368421052793,1.9328100470957592,0.21604938271604812,inf,inf,inf,4,0.13333333333333333,0.030769230769230882,0.030769230769230882,0.05739307163851111,1.0,1.0,1.0,1.0,0.8852138567229778
breast_cancer,7,1,2,0.017543859649122806,114,1.4368421052631577,1.9328100470957592,2.7771428571428536,30,23,0.7666666666666667,16,0.5333333333333333,0.9803921568627451,0.3600823045267494,1.0347628330084482,0.34192857061432047,4.628571428571455,2.3947368421052793,1.9328100470957592,0.21604938271604812,inf,inf,inf,2,0.06666666666666667,0.030769230769230882,0.030769230769230882,0.05739307163851111,1.0,1.0,1.0,1.0,0.8852138567229778
breast_cancer,7,2,1,0.008771929824561403,114,2.3947368421052793,1.9328100470957592,4.628571428571455,59,48,0.8135593220338984,24,0.4067796610169492,0.9541284403669724,0.20438004877305171,0.9788728651762016,0.18720684061206572,30.85714285714293,15.96491228070181,1.9328100470957592,0.03214484739369006,inf,inf,inf,16,0.2711864406779661,0.0483516483516484,0.0483516483516484,0.060310418464481826,1.0,1.0,1.0,0.75,0.5690687446065545
breast_cancer,7,2,2,0.017543859649122806,114,1.9956140350877276,1.9328100470957592,3.8571428571428688,59,32,0.5423728813559322,23,0.3898305084745763,0.9541284403669724,0.24245541838134355,0.9676948716097524,0.20850121235994873,30.85714285714293,15.96491228070181,1.9328100470957592,0.03214484739369006,inf,inf,inf,6,0.1016949152542373,0.0483516483516484,0.0483516483516484,0.060310418464481826,1.0,1.0,1.0,0.75,0.5690687446065545
breast_cancer,7,3,1,0.008771929824561403,114,2.3947368421052793,1.9328100470957592,4.628571428571455,87,54,0.6206896551724138,24,0.27586206896551724,0.9537037037037038,0.20086377485058515,0.9620317637580722,0.17554714948853062,30.85714285714293,15.96491228070181,1.9328100470957592,0.03205858796531491,inf,inf,inf,22,0.25287356321839083,0.0483516483516484,0.0483516483516484,0.060310418464481826,1.0,1.0,1.0,0.7037037037037036,0.44905971463144706
breast_cancer,7,3,2,0.017543859649122806,114,1.9956140350877276,1.9328100470957592,3.8571428571428688,87,33,0.3793103448275862,23,0.26436781609195403,0.9537037037037038,0.23749955310184878,0.947914882994225,0.18760929610215274,30.85714285714293,15.96491228070181,1.9328100470957592,0.03205858796531491,inf,inf,inf,7,0.08045977011494253,0.0483516483516484,0.0483516483516484,0.060310418464481826,1.0,1.0,1.0,0.7037037037037036,0.44905971463144706
breast_cancer,7,4,1,0.008771929824561403,114,2.3947368421052793,1.9328100470957592,4.628571428571455,114,64,0.5614035087719298,24,0.21052631578947367,0.9636363636363636,0.1991671590656594,0.9539058671039541,0.1656967777637663,30.85714285714293,15.96491228070181,1.9328100470957592,0.03201569030055462,inf,inf,inf,35,0.30701754385964913,0.0483516483516484,0.0483516483516484,0.07375190248615034,1.0138432797225607,1.0,1.0138432797225607,0.6777939126676019,0.2723491399097956
breast_cancer,7,4,2,0.017543859649122806,114,1.9956140350877276,1.9328100470957592,3.8571428571428688,114,34,0.2982456140350877,23,0.20175438596491227,0.9636363636363636,0.23512498771030033,0.9384374509490095,0.16926972799458034,30.85714285714293,15.96491228070181,1.9328100470957592,0.03201569030055462,inf,inf,inf,8,0.07017543859649122,0.0483516483516484,0.0483516483516484,0.07375190248615034,1.0138432797225607,1.0,1.0138432797225607,0.6777939126676019,0.2723491399097956
breast_cancer,7,5,1,0.008771929824561403,114,2.3947368421052793,1.9328100470957592,4.628571428571455,140,83,0.5928571428571429,24,0.17142857142857143,0.9454545454545454,0.19816793761555151,0.9491201222639636,0.15653986207765838,30.85714285714293,15.96491228070181,1.9328100470957592,0.03199002541745111,inf,inf,inf,50,0.35714285714285715,0.0483516483516484,0.0483516483516484,0.07375190248615034,1.0138432797225607,1.0,1.0138432797225607,0.666688901880198,0.1681864712904862
breast_cancer,7,5,2,0.017543859649122806,114,1.9956140350877276,1.9328100470957592,3.8571428571428688,140,37,0.2642857142857143,23,0.16428571428571428,0.9454545454545454,0.23373144186104156,0.9328754916383715,0.1519002583839914,30.85714285714293,15.96491228070181,1.9328100470957592,0.03199002541745111,inf,inf,inf,11,0.07857142857142857,0.0483516483516484,0.0483516483516484,0.07375190248615034,1.0138432797225607,1.0,1.0138432797225607,0.666688901880198,0.1681864712904862
breast_cancer,7,6,1,0.008771929824561403,114,2.3947368421052793,1.9328100470957592,4.628571428571455,165,93,0.5636363636363636,24,0.14545454545454545,0.9727272727272728,0.19750939670167755,0.9459660578869883,0.14772170944446766,30.85714285714293,15.96491228070181,1.9328100470957592,0.03197294608634327,inf,inf,inf,60,0.36363636363636365,0.0483516483516484,0.0483516483516484,0.07375190248615034,1.0138432797225607,1.0,1.0138432797225607,0.6595770829941985,0.06775541965479978
breast_cancer,7,6,2,0.017543859649122806,114,1.9956140350877276,1.9328100470957592,3.8571428571428688,165,39,0.23636363636363636,23,0.1393939393939394,0.9727272727272728,0.23281500203957128,0.9292177712982927,0.13500260506080364,30.85714285714293,15.96491228070181,1.9328100470957592,0.03197294608634327,inf,inf,inf,13,0.07878787878787878,0.0483516483516484,0.0483516483516484,0.07375190248615034,1.0138432797225607,1.0,1.0138432797225607,0.6595770829941985,0.06775541965479978
breast_cancer,7,7,1,0.008771929824561403,114,2.3947368421052793,1.9328100470957592,4.628571428571455,189,99,0.5238095238095238,24,0.12698412698412698,0.9545454545454545,0.197042673621047,0.9437306999744945,0.13909429730682366,30.85714285714293,15.96491228070181,1.9328100470957592,0.03196076150861993,inf,inf,inf,63,0.3333333333333333,0.0483516483516484,0.0483516483516484,0.07375190248615034,1.0138432797225607,1.0,1.0138432797225607,0.6546313519460117,-0.030649964168562308
breast_cancer,7,7,2,0.017543859649122806,114,1.9956140350877276,1.9328100470957592,3.8571428571428688,189,41,0.21693121693121692,23,0.12169312169312169,0.9545454545454545,0.23216644599567604,0.9266292362108162,0.11836987312768109,30.85714285714293,15.96491228070181,1.9328100470957592,0.03196076150861993,inf,inf,inf,14,0.07407407407407407,0.0483516483516484,0.0483516483516484,0.07375190248615034,1.0138432797225607,1.0,1.0138432797225607,0.6546313519460117,-0.030649964168562308
breast_cancer,8,1,1,0.008771929824561403,114,1.9956140350877207,1.2903296703296716,2.575000000000004,30,26,0.8666666666666667,15,0.5,0.9238095238095239,0.3883495145631062,1.5499914835632758,0.3747530980406213,2.575000000000004,1.9956140350877207,1.2903296703296716,0.3883495145631062,inf,inf,inf,3,0.1,0.0703296703296703,0.0703296703296703,0.08772424503924618,1.0085822701640874,1.0,1.0085822701640874,0.991490758445822,0.8160422683673296
breast_cancer,8,1,2,0.017543859649122806,114,1.9956140350877207,1.2903296703296716,2.575000000000004,30,24,0.8,15,0.5,0.9238095238095239,0.3883495145631062,1.5499914835632758,0.3611566815181364,2.575000000000004,1.9956140350877207,1.2903296703296716,0.3883495145631062,inf,inf,inf,2,0.06666666666666667,0.0703296703296703,0.0703296703296703,0.08772424503924618,1.0085822701640874,1.0,1.0085822701640874,0.991490758445822,0.8160422683673296
breast_cancer,8,2,1,0.008771929824561403,114,6.984649122807038,2.004395604395591,13.999999999999948,59,48,0.8135593220338984,36,0.6101694915254238,0.9357798165137615,0.07015306122448994,0.9799890350877243,0.05296027113523162,13.999999999999948,6.984649122807038,2.004395604395591,0.07015306122448994,inf,inf,inf,4,0.06779661016949153,0.0703296703296703,0.0703296703296703,0.08772424503924618,1.0085822701640874,1.0,1.0085822701640874,0.7457272774249541,0.48180807551601873
breast_cancer,8,2,2,0.017543859649122806,114,4.490131578947386,1.586813186813183,7.125000000000011,59,40,0.6779661016949152,30,0.5084745762711864,0.9357798165137615,0.13542628501077236,1.216163677892796,0.09275387526014794,13.999999999999948,6.984649122807038,2.004395604395591,0.07015306122448994,inf,inf,inf,3,0.05084745762711865,0.0703296703296703,0.0703296703296703,0.08772424503924618,1.0085822701640874,1.0,1.0085822701640874,0.7457272774249541,0.48180807551601873
breast_cancer,8,3,1,0.008771929824561403,114,6.984649122807038,2.004395604395591,13.999999999999948,87,60,0.6896551724137931,40,0.45977011494252873,0.9196428571428572,0.06974138861894008,0.9742382576812493,0.044103539732591415,13.999999999999948,6.984649122807038,2.004395604395591,0.06974138861894008,inf,inf,inf,8,0.09195402298850575,0.0703296703296703,0.0703296703296703,0.08772424503924618,1.0085822701640874,1.0,1.0085822701640874,0.6999057052618005,0.328351866339513
breast_cancer,8,3,2,0.017543859649122806,114,4.490131578947386,1.586813186813183,7.125000000000011,87,40,0.45977011494252873,30,0.3448275862068966,0.9196428571428572,0.13388714996227125,1.202341840121717,0.07060600048218088,13.999999999999948,6.984649122807038,2.004395604395591,0.06974138861894008,inf,inf,inf,4,0.04597701149425287,0.0703296703296703,0.0703296703296703,0.08772424503924618,1.0085822701640874,1.0,1.0085822701640874,0.6999057052618005,0.328351866339513
breast_cancer,8,4,1,0.008771929824561403,114,6.984649122807038,2.004395604395591,13.999999999999948,114,65,0.5701754385964912,40,0.3508771929824561,0.9035087719298246,0.06953798140748668,0.971396801679148,0.03545388310295518,13.999999999999948,6.984649122807038,2.004395604395591,0.06953798140748668,inf,inf,inf,11,0.09649122807017543,0.0703296703296703,0.0703296703296703,0.08772424503924618,1.0085822701640874,1.0,1.0085822701640874,0.6799886114257182,0.19868114938856402
breast_cancer,8,4,2,0.017543859649122806,114,4.490131578947386,1.586813186813183,7.125000000000011,114,40,0.3508771929824561,30,0.2631578947368421,0.9035087719298246,0.13313526590230518,1.1955897233989952,0.04923423268132307,13.999999999999948,6.984649122807038,2.004395604395591,0.06953798140748668,inf,inf,inf,4,0.03508771929824561,0.0703296703296703,0.0703296703296703,0.08772424503924618,1.0085822701640874,1.0,1.0085822701640874,0.6799886114257182,0.19868114938856402
breast_cancer,8,5,1,0.008771929824561403,114,6.984649122807038,2.004395604395591,13.999999999999948,140,77,0.55,40,0.2857142857142857,0.9203539823008849,0.06941670196941774,0.9697026130377024,0.026885885608115,13.999999999999948,6.984649122807038,2.004395604395591,0.06941670196941774,inf,inf,inf,22,0.15714285714285714,0.0703296703296703,0.0703296703296703,0.08772424503924618,1.0085822701640874,1.0,1.0085822701640874,0.6688197540870837,0.07706730965086363
breast_cancer,8,5,2,0.017543859649122806,114,4.490131578947386,1.586813186813183,7.125000000000011,140,44,0.3142857142857143,30,0.21428571428571427,0.9203539823008849,0.13268961758915143,1.1915876842710027,0.02816438212678278,13.999999999999948,6.984649122807038,2.004395604395591,0.06941670196941774,inf,inf,inf,9,0.06428571428571428,0.0703296703296703,0.0703296703296703,0.08772424503924618,1.0085822701640874,1.0,1.0085822701640874,0.6688197540870837,0.07706730965086363
breast_cancer,8,6,1,0.008771929824561403,114,6.984649122807038,2.004395604395591,13.999999999999948,165,87,0.5272727272727272,40,0.24242424242424243,0.9203539823008849,0.06933616489381644,0.9685775666087983,0.01835839823019548,13.999999999999948,6.984649122807038,2.004395604395591,0.06933616489381644,inf,inf,inf,23,0.1393939393939394,0.0703296703296703,0.0703296703296703,0.08772424503924618,1.0085822701640874,1.0,1.0085822701640874,0.6616677675142035,-0.04084171987191022
breast_cancer,8,6,2,0.017543859649122806,114,4.490131578947386,1.586813186813183,7.125000000000011,165,49,0.296969696969697,30,0.18181818181818182,0.9203539823008849,0.13239476357226065,1.1889398176061612,0.007243203824243677,13.999999999999948,6.984649122807038,2.004395604395591,0.06933616489381644,inf,inf,inf,10,0.06060606060606061,0.0703296703296703,0.0703296703296703,0.08772424503924618,1.0085822701640874,1.0,1.0085822701640874,0.6616677675142035,-0.04084171987191022
breast_cancer,8,7,1,0.008771929824561403,114,6.984649122807038,2.004395604395591,13.999999999999948,189,91,0.48148148148148145,40,0.21164021164021163,0.9203539823008849,0.06927879225100231,0.9677761110501887,0.009853943326867919,13.999999999999948,6.984649122807038,2.004395604395591,0.06927879225100231,inf,inf,inf,26,0.13756613756613756,0.0703296703296703,0.0703296703296703,0.08772424503924618,1.0085822701640874,1.0,1.0085822701640874,0.6566944263872101,-0.15673959909216492
breast_cancer,8,7,2,0.017543859649122806,114,4.490131578947386,1.586813186813183,7.125000000000011,189,50,0.26455026455026454,30,0.15873015873015872,0.9203539823008849,0.1321852409513542,1.1870582493328894,-0.013593842300053283,13.999999999999948,6.984649122807038,2.004395604395591,0.06927879225100231,inf,inf,inf,10,0.05291005291005291,0.0703296703296703,0.0703296703296703,0.08772424503924618,1.0085822701640874,1.0,1.0085822701640874,0.6566944263872101,-0.15673959909216492
breast_cancer,9,1,1,0.008771929824561403,114,1.8958333333333337,1.7816849816849805,3.377777777777776,30,28,0.9333333333333333,16,0.5333333333333333,0.9181818181818182,0.29605263157894757,1.1225328947368431,0.2862058518005542,3.377777777777776,1.8958333333333337,1.7816849816849805,0.29605263157894757,inf,inf,inf,5,0.16666666666666666,0.07692307692307687,0.07692307692307687,0.13417528153331415,1.0,1.0,1.0,1.0,0.7316494369333717
breast_cancer,9,1,2,0.017543859649122806,114,1.8958333333333337,1.7816849816849805,3.377777777777776,30,25,0.8333333333333334,16,0.5333333333333333,0.9181818181818182,0.29605263157894757,1.1225328947368431,0.27635907202216087,3.377777777777776,1.8958333333333337,1.7816849816849805,0.29605263157894757,inf,inf,inf,3,0.1,0.07692307692307687,0.07692307692307687,0.13417528153331415,1.0,1.0,1.0,1.0,0.7316494369333717
breast_cancer,9,2,1,0.008771929824561403,114,3.9912280701754526,5.261538461538427,20.999999999999936,59,49,0.8305084745762712,33,0.559322033898305,0.9272727272727272,0.04705215419501141,0.3755917571707064,0.04046282512184112,41.99999999999987,7.982456140350905,5.261538461538427,0.02366780045351491,inf,inf,inf,7,0.11864406779661017,0.07692307692307687,0.07692307692307687,0.13417528153331415,1.0,1.0,1.0,0.75,0.34747415540005755
breast_cancer,9,2,2,0.017543859649122806,114,1.9956140350877254,1.7816849816849805,3.555555555555564,59,33,0.559322033898305,24,0.4067796610169492,0.9272727272727272,0.26147460937499944,1.0436048005756589,0.22485689707409914,41.99999999999987,7.982456140350905,5.261538461538427,0.02366780045351491,inf,inf,inf,3,0.05084745762711865,0.07692307692307687,0.07692307692307687,0.13417528153331415,1.0,1.0,1.0,0.75,0.34747415540005755
breast_cancer,9,3,1,0.008771929824561403,114,3.9912280701754526,5.261538461538427,20.999999999999936,87,67,0.7701149425287356,33,0.3793103448275862,0.9369369369369368,0.04686718896847408,0.3741152803623821,0.03702205001156929,62.999999999996554,11.97368421052574,5.261538461538427,0.015789179782349838,inf,inf,inf,25,0.28735632183908044,0.07692307692307687,0.07692307692307687,0.13417528153331415,1.0,1.0,1.0,0.7037037037037036,0.13718584834082173
breast_cancer,9,3,2,0.017543859649122806,114,1.9956140350877254,1.7816849816849805,3.555555555555564,87,41,0.47126436781609193,24,0.27586206896551724,0.9369369369369368,0.25570678710937444,1.0205841064453134,0.20199183413856847,62.999999999996554,11.97368421052574,5.261538461538427,0.015789179782349838,inf,inf,inf,12,0.13793103448275862,0.07692307692307687,0.07692307692307687,0.13417528153331415,1.0,1.0,1.0,0.7037037037037036,0.13718584834082173
breast_cancer,9,4,1,0.008771929824561403,114,3.9912280701754526,5.261538461538427,20.999999999999936,114,81,0.7105263157894737,33,0.2894736842105263,0.9375,0.04677543612872237,0.37338286734331144,0.03367428288860618,62.999999999996554,11.97368421052574,5.261538461538427,0.015778783340716918,inf,inf,inf,37,0.32456140350877194,0.07692307692307687,0.07692307692307687,0.13417528153331415,1.0,1.0,1.0,0.68359375,-0.05017732088531176
breast_cancer,9,4,2,0.017543859649122806,114,1.9956140350877254,1.7816849816849805,3.555555555555564,114,46,0.40350877192982454,24,0.21052631578947367,0.9375,0.25295292958617144,1.0095928329974417,0.18210430972670183,62.999999999996554,11.97368421052574,5.261538461538427,0.015778783340716918,inf,inf,inf,19,0.16666666666666666,0.07692307692307687,0.07692307692307687,0.13417528153331415,1.0,1.0,1.0,0.68359375,-0.05017732088531176
breast_cancer,9,5,1,0.008771929824561403,114,3.9912280701754526,5.261538461538427,20.999999999999936,140,94,0.6714285714285714,33,0.2357142857142857,0.9553571428571429,0.046720615459804105,0.3729452637580867,0.030363367049361708,62.999999999996554,11.97368421052574,5.261538461538427,0.0157725542521876,inf,inf,inf,48,0.34285714285714286,0.07692307692307687,0.07692307692307687,0.13417528153331415,1.0,1.0,1.0,0.6723199999999999,-0.22976725280477767
breast_cancer,9,5,2,0.017543859649122806,114,1.9956140350877254,1.7816849816849805,3.555555555555564,140,48,0.34285714285714286,24,0.17142857142857143,0.9553571428571429,0.2513396668338772,1.0031539334159165,0.16334370776230558,62.999999999996554,11.97368421052574,5.261538461538427,0.0157725542521876,inf,inf,inf,22,0.15714285714285714,0.07692307692307687,0.07692307692307687,0.13417528153331415,1.0,1.0,1.0,0.6723199999999999,-0.22976725280477767
breast_cancer,9,6,1,0.008771929824561403,114,3.9912280701754526,5.261538461538427,20.999999999999936,165,102,0.6181818181818182,33,0.2,0.9557522123893805,0.04668416404206488,0.3726542919147297,0.027070780257079107,62.999999999996554,11.97368421052574,5.261538461538427,0.015768405176113554,inf,inf,inf,55,0.3333333333333333,0.07692307692307687,0.07692307692307687,0.1254716338441384,1.0855694779427079,1.0,1.0855694779427079,0.6321491732542326,-0.4010974573023573
breast_cancer,9,6,2,0.017543859649122806,114,1.9956140350877254,1.7816849816849805,3.555555555555564,165,48,0.2909090909090909,24,0.14545454545454545,0.9557522123893805,0.25027987976500243,0.9989240815182145,0.14512997644729564,62.999999999996554,11.97368421052574,5.261538461538427,0.015768405176113554,inf,inf,inf,24,0.14545454545454545,0.07692307692307687,0.07692307692307687,0.1254716338441384,1.0855694779427079,1.0,1.0855694779427079,0.6321491732542326,-0.4010974573023573
breast_cancer,9,7,1,0.008771929824561403,114,3.9912280701754526,5.261538461538427,20.999999999999936,189,106,0.5608465608465608,33,0.1746031746031746,0.9557522123893805,0.04665817400798855,0.3724468276076292,0.023788631961906056,62.999999999996554,11.97368421052574,5.261538461538427,0.01576544333563723,inf,inf,inf,57,0.30158730158730157,0.07692307692307687,0.07692307692307687,0.1254716338441384,1.0855694779427079,1.0,1.0855694779427079,0.6275645955477135,-0.5691474092252827
breast_cancer,9,7,2,0.017543859649122806,114,1.9956140350877254,1.7816849816849805,3.555555555555564,189,48,0.25396825396825395,24,0.12698412698412698,0.9557522123893805,0.24953042328969832,0.995932829796606,0.12722288278836075,62.999999999996554,11.97368421052574,5.261538461538427,0.01576544333563723,inf,inf,inf,24,0.12698412698412698,0.07692307692307687,0.07692307692307687,0.1254716338441384,1.0855694779427079,1.0,1.0855694779427079,0.6275645955477135,-0.5691474092252827
breast_cancer,10,1,1,0.008771929824561403,114,1.9956140350877074,1.5032967032967013,2.9999999999999782,30,26,0.8666666666666667,17,0.5666666666666667,0.9326923076923077,0.3333333333333357,1.3304093567251478,0.3216630758182028,36.000000000000114,23.94736842105274,1.5032967032967013,0.02777777777777768,4.797891036906862,1.4297349709114413,6.8597126020882975,0,0.0,0.0,0.0,0.08043453128052114,1.0,1.0,1.0,1.0,0.8391309374389577
breast_cancer,10,1,2,0.017543859649122806,114,1.4327485380116978,1.5032967032967013,2.1538461538461537,30,22,0.7333333333333333,15,0.5,0.9326923076923077,0.4642857142857143,1.330409356725148,0.44094519925544856,36.000000000000114,23.94736842105274,1.5032967032967013,0.02777777777777768,2.666015625000004,1.3709114414996766,3.6548713235294166,0,0.0,0.0,0.0,0.08043453128052114,1.0,1.0,1.0,1.0,0.8391309374389577
breast_cancer,10,2,1,0.008771929824561403,114,5.986842105263034,4.509890109890118,26.99999999999949,59,50,0.847457627118644,39,0.6610169491525424,0.9626168224299065,0.03669410150891694,0.43936358385675955,0.028985968458798354,108.00000000000068,23.94736842105274,4.509890109890118,0.009237825788751763,inf,inf,inf,3,0.05084745762711865,0.030769230769230882,0.030769230769230882,0.06563166054319175,1.0,1.0699463004771121,1.0699463004771121,0.7162447437277322,0.5282114161829966
breast_cancer,10,2,2,0.017543859649122806,114,2.539872408293445,1.5032967032967013,3.8181818181817895,59,36,0.6101694915254238,29,0.4915254237288136,0.9626168224299065,0.24475623582766615,1.2432992202729056,0.2011317017830028,108.00000000000068,23.94736842105274,4.509890109890118,0.009237825788751763,inf,inf,inf,2,0.03389830508474576,0.030769230769230882,0.030769230769230882,0.06563166054319175,1.0,1.0699463004771121,1.0699463004771121,0.7162447437277322,0.5282114161829966
breast_cancer,10,3,1,0.008771929824561403,114,5.986842105263034,4.509890109890118,26.99999999999949,87,62,0.7126436781609196,39,0.4482758620689655,0.9719626168224298,0.03658167134263335,0.4380173805499429,0.025054898170266432,108.00000000000068,23.94736842105274,4.509890109890118,0.009230710699776656,inf,inf,inf,10,0.11494252873563218,0.030769230769230882,0.030769230769230882,0.06563166054319175,1.0,1.0699463004771121,1.0699463004771121,0.6736886837447713,0.40839684172481233
breast_cancer,10,3,2,0.017543859649122806,114,2.539872408293445,1.5032967032967013,3.8181818181817895,87,42,0.4827586206896552,29,0.3333333333333333,0.9719626168224298,0.2397054353781506,1.2176424428698642,0.1756189910165788,108.00000000000068,23.94736842105274,4.509890109890118,0.009230710699776656,inf,inf,inf,5,0.05747126436781609,0.030769230769230882,0.030769230769230882,0.06563166054319175,1.0,1.0699463004771121,1.0699463004771121,0.6736886837447713,0.40839684172481233
breast_cancer,10,4,1,0.008771929824561403,114,5.986842105263034,4.509890109890118,26.99999999999949,114,71,0.6228070175438597,39,0.34210526315789475,0.9816513761467891,0.036525801723522155,0.4373484153737431,0.02118024328935573,108.00000000000068,23.94736842105274,4.509890109890118,0.009227158639300681,inf,inf,inf,18,0.15789473684210525,0.030769230769230882,0.030769230769230882,0.06563166054319175,1.0,1.0699463004771121,1.0699463004771121,0.6550995848448089,0.31113739624864617
breast_cancer,10,4,2,0.017543859649122806,114,2.539872408293445,1.5032967032967013,3.8181818181817895,114,43,0.37719298245614036,29,0.2543859649122807,0.9816513761467891,0.23728641345226342,1.2053544287806288,0.15270013774835967,108.00000000000068,23.94736842105274,4.509890109890118,0.009227158639300681,inf,inf,inf,6,0.05263157894736842,0.030769230769230882,0.030769230769230882,0.06563166054319175,1.0,1.0699463004771121,1.0699463004771121,0.6550995848448089,0.31113739624864617
breast_cancer,10,5,1,0.008771929824561403,114,5.986842105263034,4.509890109890118,26.99999999999949,140,76,0.5428571428571428,39,0.2785714285714286,0.9816513761467891,0.03649238958200851,0.4369483489424613,0.01732798831260231,108.00000000000068,23.94736842105274,4.509890109890118,0.009225029154246056,inf,inf,inf,19,0.1357142857142857,0.030769230769230882,0.030769230769230882,0.06563166054319175,1.0,1.0699463004771121,1.0699463004771121,0.6446532721021208,0.2215566248754786
breast_cancer,10,5,2,0.017543859649122806,114,2.539872408293445,1.5032967032967013,3.8181818181817895,140,44,0.3142857142857143,29,0.20714285714285716,0.9816513761467891,0.2358670831132742,1.1981445928481238,0.13076668023185983,108.00000000000068,23.94736842105274,4.509890109890118,0.009225029154246056,inf,inf,inf,6,0.04285714285714286,0.030769230769230882,0.030769230769230882,0.06563166054319175,1.0,1.0699463004771121,1.0699463004771121,0.6446532721021208,0.2215566248754786
breast_cancer,10,6,1,0.008771929824561403,114,5.986842105263034,4.509890109890118,26.99999999999949,165,79,0.47878787878787876,39,0.23636363636363636,0.9818181818181818,0.036470160289618025,0.43668218241515416,0.013486887530925702,108.00000000000068,23.94736842105274,4.509890109890118,0.009223610226378298,inf,inf,inf,20,0.12121212121212122,0.030769230769230882,0.030769230769230882,0.06137428284965819,1.0445826132075646,1.0954905666383137,1.1443303988432854,0.6111085292666789,0.14096678461953482
breast_cancer,10,6,2,0.017543859649122806,114,2.539872408293445,1.5032967032967013,3.8181818181817895,165,45,0.2727272727272727,29,0.17575757575757575,0.9818181818181818,0.23493380854785795,1.1934037962119983,0.10931235631501604,108.00000000000068,23.94736842105274,4.509890109890118,0.009223610226378298,inf,inf,inf,6,0.03636363636363636,0.030769230769230882,0.030769230769230882,0.06137428284965819,1.0445826132075646,1.0954905666383137,1.1443303988432854,0.6111085292666789,0.14096678461953482
breast_cancer,10,7,1,0.008771929824561403,114,5.986842105263034,4.509890109890118,26.99999999999949,189,87,0.4603174603174603,39,0.20634920634920634,0.9727272727272728,0.03645430442805209,0.4364923293358778,0.009652143854796437,108.00000000000068,23.94736842105274,4.509890109890118,0.009222597063188065,inf,inf,inf,20,0.10582010582010581,0.030769230769230882,0.030769230769230882,0.06137428284965819,1.0445826132075646,1.0954905666383137,1.1443303988432854,0.6067982450225017,0.06216822615545983
breast_cancer,10,7,2,0.017543859649122806,114,2.539872408293445,1.5032967032967013,3.8181818181817895,189,47,0.24867724867724866,29,0.15343915343915343,0.9727272727272728,0.23427339682663295,1.1900490731942923,0.08812701941680759,108.00000000000068,23.94736842105274,4.509890109890118,0.009222597063188065,inf,inf,inf,6,0.031746031746031744,0.030769230769230882,0.030769230769230882,0.06137428284965819,1.0445826132075646,1.0954905666383137,1.1443303988432854,0.6067982450225017,0.06216822615545983
breast_cancer,11,1,1,0.008771929824561403,114,1.5590734649122815,3.2571428571428562,5.078125000000001,30,27,0.9,15,0.5,0.9320388349514562,0.19692307692307687,0.6140350877192984,0.19153680422378477,5.078125000000001,1.5590734649122815,3.2571428571428562,0.19692307692307687,inf,inf,inf,5,0.16666666666666666,0.0461538461538461,0.0461538461538461,0.09844749081478721,1.0,1.0125400665657094,1.0125400665657094,0.9876152391596292,0.7931587547882063
breast_cancer,11,1,2,0.017543859649122806,114,1.5590734649122815,3.2571428571428562,5.078125000000001,30,23,0.7666666666666667,15,0.5,0.9320388349514562,0.19692307692307687,0.6140350877192984,0.18615053152449268,5.078125000000001,1.5590734649122815,3.2571428571428562,0.19692307692307687,inf,inf,inf,3,0.1,0.0461538461538461,0.0461538461538461,0.09844749081478721,1.0,1.0125400665657094,1.0125400665657094,0.9876152391596292,0.7931587547882063
breast_cancer,11,2,1,0.008771929824561403,114,7.982456140350905,3.2571428571428562,26.000000000000085,59,45,0.7627118644067796,21,0.3559322033898305,0.9537037037037038,0.03809171597633121,0.6081309041835354,0.027422752745041114,130.0000000000005,39.912280701754554,3.2571428571428562,0.007677514792899354,inf,inf,inf,13,0.22033898305084745,0.0461538461538461,0.0461538461538461,0.10527654252698262,1.0260008317016809,1.0,1.0260008317016809,0.737168486420523,0.4186709490486649
breast_cancer,11,2,2,0.017543859649122806,114,1.9956140350877218,3.2571428571428562,6.500000000000006,59,29,0.4915254237288136,17,0.288135593220339,0.9537037037037038,0.1479289940828401,0.5904183535762485,0.12721256062402436,130.0000000000005,39.912280701754554,3.2571428571428562,0.007677514792899354,inf,inf,inf,6,0.1016949152542373,0.0461538461538461,0.0461538461538461,0.10527654252698262,1.0260008317016809,1.0,1.0260008317016809,0.737168486420523,0.4186709490486649
breast_cancer,11,3,1,0.008771929824561403,114,7.982456140350905,3.2571428571428562,26.000000000000085,87,48,0.5517241379310345,22,0.25287356321839083,0.9541284403669724,0.03797054906522346,0.6061964850763766,0.02201800998426618,130.0000000000005,39.912280701754554,3.2571428571428562,0.0076726006844349826,inf,inf,inf,15,0.1724137931034483,0.0461538461538461,0.0461538461538461,0.10527654252698262,1.0260008317016809,1.0,1.0260008317016809,0.6922973110808541,0.24363124741255127
breast_cancer,11,3,2,0.017543859649122806,114,1.9956140350877218,3.2571428571428562,6.500000000000006,87,29,0.3333333333333333,17,0.19540229885057472,0.9541284403669724,0.14609147153525837,0.58308438200476,0.11540281985079731,130.0000000000005,39.912280701754554,3.2571428571428562,0.0076726006844349826,inf,inf,inf,7,0.08045977011494253,0.0461538461538461,0.0461538461538461,0.10527654252698262,1.0260008317016809,1.0,1.0260008317016809,0.6922973110808541,0.24363124741255127
breast_cancer,11,4,1,0.008771929824561403,114,7.982456140350905,3.2571428571428562,26.000000000000085,114,51,0.4473684210526316,22,0.19298245614035087,0.9454545454545454,0.03791035217112049,0.605235446942452,0.016674020699455505,130.0000000000005,39.912280701754554,3.2571428571428562,0.007670146777401854,inf,inf,inf,18,0.15789473684210525,0.0461538461538461,0.0461538461538461,0.10527654252698262,1.0260008317016809,1.0,1.0260008317016809,0.67276639591985,0.09142184776243374
breast_cancer,11,4,2,0.017543859649122806,114,1.9956140350877218,3.2571428571428562,6.500000000000006,114,29,0.2543859649122807,17,0.14912280701754385,0.9454545454545454,0.14519580897027407,0.5795095884339894,0.10452846943104674,130.0000000000005,39.912280701754554,3.2571428571428562,0.007670146777401854,inf,inf,inf,7,0.06140350877192982,0.0461538461538461,0.0461538461538461,0.10527654252698262,1.0260008317016809,1.0,1.0260008317016809,0.67276639591985,0.09142184776243374
breast_cancer,11,5,1,0.008771929824561403,114,7.982456140350905,3.2571428571428562,26.000000000000085,140,65,0.4642857142857143,22,0.15714285714285714,0.9545454545454545,0.03787435666710648,0.6046607818783687,0.011354146935599083,130.0000000000005,39.912280701754554,3.2571428571428562,0.0076686754385434375,inf,inf,inf,32,0.22857142857142856,0.0461538461538461,0.0461538461538461,0.10527654252698262,1.0260008317016809,1.0,1.0260008317016809,0.6618075881573819,-0.05303607012771912
breast_cancer,11,5,2,0.017543859649122806,114,1.9956140350877218,3.2571428571428562,6.500000000000006,140,29,0.20714285714285716,17,0.12142857142857143,0.9545454545454545,0.1446655504951615,0.5773932059236716,0.0940170236597517,130.0000000000005,39.912280701754554,3.2571428571428562,0.0076686754385434375,inf,inf,inf,7,0.05,0.0461538461538461,0.0461538461538461,0.10527654252698262,1.0260008317016809,1.0,1.0260008317016809,0.6618075881573819,-0.05303607012771912
breast_cancer,11,6,1,0.008771929824561403,114,7.982456140350905,3.2571428571428562,26.000000000000085,165,79,0.47878787878787876,22,0.13333333333333333,0.9541284403669724,0.03785041051677118,0.6042784836888052,0.0060462797963077505,130.0000000000005,39.912280701754554,3.2571428571428562,0.00766769496446984,inf,inf,inf,34,0.20606060606060606,0.0461538461538461,0.0461538461538461,0.05756903580700527,2.3213031650273637,1.944568840743137,4.513933804630636,0.20206621551665804,-0.12197165766111745
breast_cancer,11,6,2,0.017543859649122806,114,1.9956140350877218,3.2571428571428562,6.500000000000006,165,29,0.17575757575757575,17,0.10303030303030303,0.9541284403669724,0.1443149633764993,0.5759939327746251,0.0836840230844335,130.0000000000005,39.912280701754554,3.2571428571428562,0.00766769496446984,inf,inf,inf,8,0.048484848484848485,0.0461538461538461,0.0461538461538461,0.05756903580700527,2.3213031650273637,1.944568840743137,4.513933804630636,0.20206621551665804,-0.12197165766111745
breast_cancer,11,7,1,0.008771929824561403,114,7.982456140350905,3.2571428571428562,26.000000000000085,189,83,0.43915343915343913,22,0.1164021164021164,0.9541284403669724,0.03783333095440378,0.6040058099738168,0.000745254903379941,130.0000000000005,39.912280701754554,3.2571428571428562,0.007666994830697771,inf,inf,inf,38,0.20105820105820105,0.0461538461538461,0.0461538461538461,0.04707692307692302,3.7653095001655514,2.1837890109890123,8.222641509434062,0.11545710355986405,-0.17106454668452847
breast_cancer,11,7,2,0.017543859649122806,114,1.9956140350877218,3.2571428571428562,6.500000000000006,189,29,0.15343915343915343,17,0.08994708994708994,0.9541284403669724,0.14406595624145535,0.5750000885075638,0.07345191028438612,130.0000000000005,39.912280701754554,3.2571428571428562,0.007666994830697771,inf,inf,inf,8,0.042328042328042326,0.0461538461538461,0.0461538461538461,0.04707692307692302,3.7653095001655514,2.1837890109890123,8.222641509434062,0.11545710355986405,-0.17106454668452847
breast_cancer,12,1,1,0.008771929824561403,114,1.596491228070177,1.8478021978021977,2.950000000000003,30,26,0.8666666666666667,14,0.4666666666666667,1.0,0.3389830508474573,1.0823669342848647,0.3294886040554848,2.950000000000003,1.596491228070177,1.8478021978021977,0.3389830508474573,inf,inf,inf,5,0.16666666666666666,0.12967032967032965,0.12967032967032965,0.13226373626373625,1.0,1.0,1.0,1.0,0.7354725274725276
breast_cancer,12,1,2,0.017543859649122806,114,1.596491228070177,1.8478021978021977,2.950000000000003,30,24,0.8,14,0.4666666666666667,1.0,0.3389830508474573,1.0823669342848647,0.31999415726351227,2.950000000000003,1.596491228070177,1.8478021978021977,0.3389830508474573,inf,inf,inf,3,0.1,0.12967032967032965,0.12967032967032965,0.13226373626373625,1.0,1.0,1.0,1.0,0.7354725274725276
breast_cancer,12,2,1,0.008771929824561403,114,3.5477582846003823,4.0087912087911945,14.222222222222141,59,41,0.6949152542372882,25,0.423728813559322,1.0,0.06907653808593794,0.4901337205318004,0.060477700883625654,31.999999999999897,7.98245614035088,4.0087912087911945,0.031005859375,inf,inf,inf,10,0.1694915254237288,0.12967032967032965,0.12967032967032965,0.13226373626373625,1.0,1.0,1.0,0.75,0.35320879120879123
breast_cancer,12,2,2,0.017543859649122806,114,3.5477582846003823,1.8478021978021977,6.555555555555541,59,31,0.5254237288135594,20,0.3389830508474576,1.0,0.14672507900028753,1.0410902291638313,0.11019559727524081,31.999999999999897,7.98245614035088,4.0087912087911945,0.031005859375,inf,inf,inf,4,0.06779661016949153,0.12967032967032965,0.12967032967032965,0.13226373626373625,1.0,1.0,1.0,0.75,0.35320879120879123
breast_cancer,12,3,1,0.008771929824561403,114,3.5477582846003823,4.0087912087911945,14.222222222222141,87,63,0.7241379310344828,25,0.28735632183908044,0.9339622641509434,0.06867742538452182,0.48730180974592374,0.05585369354910277,31.999999999999897,7.98245614035088,4.0087912087911945,0.03092560944733813,inf,inf,inf,16,0.1839080459770115,0.12967032967032965,0.12967032967032965,0.13226373626373625,1.0,1.0,1.0,0.7037037037037036,0.14525681725681727
breast_cancer,12,3,2,0.017543859649122806,114,3.5477582846003823,1.8478021978021977,6.555555555555541,87,36,0.41379310344827586,20,0.22988505747126436,0.9339622641509434,0.14491744530842998,1.0282641343522105,0.09079828034252416,31.999999999999897,7.98245614035088,4.0087912087911945,0.03092560944733813,inf,inf,inf,8,0.09195402298850575,0.12967032967032965,0.12967032967032965,0.13226373626373625,1.0,1.0,1.0,0.7037037037037036,0.14525681725681727
breast_cancer,12,4,1,0.008771929824561403,114,3.5477582846003823,4.0087912087911945,14.222222222222141,114,73,0.6403508771929824,25,0.21929824561403508,0.9259259259259259,0.06848018754681151,0.48590230540037693,0.05143098384855267,64.0,15.96491228070181,4.0087912087911945,0.015533685451373458,inf,inf,inf,21,0.18421052631578946,0.12967032967032965,0.12967032967032965,0.13226373626373625,1.0,1.0,1.0,0.68359375,-0.03972355769230761
breast_cancer,12,4,2,0.017543859649122806,114,3.5477582846003823,1.8478021978021977,6.555555555555541,114,36,0.3157894736842105,20,0.17543859649122806,0.9259259259259259,0.1440361629560888,1.0220109808190294,0.07231609412668322,64.0,15.96491228070181,4.0087912087911945,0.015533685451373458,inf,inf,inf,8,0.07017543859649122,0.12967032967032965,0.12967032967032965,0.13226373626373625,1.0,1.0,1.0,0.68359375,-0.03972355769230761
breast_cancer,12,5,1,0.008771929824561403,114,3.5477582846003823,4.0087912087911945,14.222222222222141,140,88,0.6285714285714286,25,0.17857142857142858,0.9082568807339451,0.06836257509746635,0.4850677843173041,0.04708767227653196,64.0,15.96491228070181,4.0087912087911945,0.01552764844924237,inf,inf,inf,29,0.20714285714285716,0.12967032967032965,0.12967032967032965,0.13226373626373625,1.0,1.0,1.0,0.6723199999999999,-0.21691555164835147
breast_cancer,12,5,2,0.017543859649122806,114,3.5477582846003823,1.8478021978021977,6.555555555555541,140,37,0.2642857142857143,20,0.14285714285714285,0.9082568807339451,0.14351436028568987,1.0183085213253606,0.05418905139750034,64.0,15.96491228070181,4.0087912087911945,0.01552764844924237,inf,inf,inf,9,0.06428571428571428,0.12967032967032965,0.12967032967032965,0.13226373626373625,1.0,1.0,1.0,0.6723199999999999,-0.21691555164835147
breast_cancer,12,6,1,0.008771929824561403,114,3.5477582846003823,4.0087912087911945,14.222222222222141,165,97,0.5878787878787879,25,0.15151515151515152,0.926605504587156,0.06828446841896318,0.4845135770858196,0.042783753835499,64.0,15.96491228070181,4.0087912087911945,0.015523627263142603,inf,inf,inf,37,0.22424242424242424,0.12967032967032965,0.12967032967032965,0.13226373626373625,1.0,1.0,1.0,0.6651020233196159,-0.39052451989026055
breast_cancer,12,6,2,0.017543859649122806,114,3.5477582846003823,1.8478021978021977,6.555555555555541,165,39,0.23636363636363636,20,0.12121212121212122,0.926605504587156,0.1431693403764679,1.015860426842772,0.03623666386670242,64.0,15.96491228070181,4.0087912087911945,0.015523627263142603,inf,inf,inf,11,0.06666666666666667,0.12967032967032965,0.12967032967032965,0.13226373626373625,1.0,1.0,1.0,0.6651020233196159,-0.39052451989026055
breast_cancer,12,7,1,0.008771929824561403,114,3.9912280701754526,4.0087912087911945,16.0,189,102,0.5396825396825397,27,0.14285714285714285,0.963302752293578,0.06085058392254317,0.48573711727644275,0.03102462058100721,64.0,15.96491228070181,4.0087912087911945,0.0155207566906852,inf,inf,inf,42,0.2222222222222222,0.12967032967032965,0.12967032967032965,0.13226373626373625,1.0,1.0,1.0,0.660083322910886,-0.5621878885591791
breast_cancer,12,7,2,0.017543859649122806,114,3.5477582846003823,1.8478021978021977,6.555555555555541,189,40,0.21164021164021163,21,0.1111111111111111,0.963302752293578,0.14292427608964375,1.014121569135092,0.01838303075726405,64.0,15.96491228070181,4.0087912087911945,0.0155207566906852,inf,inf,inf,11,0.0582010582010582,0.12967032967032965,0.12967032967032965,0.13226373626373625,1.0,1.0,1.0,0.660083322910886,-0.5621878885591791
breast_cancer,13,1,1,0.008771929824561403,114,1.419103313840156,2.5054945054945055,3.555555555555556,30,26,0.8666666666666667,15,0.5,0.9528301886792453,0.28125,0.7982456140350878,0.2742478454909203,3.555555555555556,1.419103313840156,2.5054945054945055,0.28125,inf,inf,inf,4,0.13333333333333333,0.04395604395604402,0.04395604395604402,0.09375951506170234,1.0,1.0,1.0,1.0,0.8124809698765953
breast_cancer,13,1,2,0.017543859649122806,114,1.419103313840156,2.5054945054945055,3.555555555555556,30,23,0.7666666666666667,15,0.5,0.9528301886792453,0.28125,0.7982456140350878,0.2672456909818406,3.555555555555556,1.419103313840156,2.5054945054945055,0.28125,inf,inf,inf,4,0.13333333333333333,0.04395604395604402,0.04395604395604402,0.09375951506170234,1.0,1.0,1.0,1.0,0.8124809698765953
breast_cancer,13,2,1,0.008771929824561403,114,4.989035087719319,5.512087912087888,27.499999999999996,59,45,0.7627118644067796,31,0.5254237288135594,0.9906542056074766,0.03603305785123967,0.3595403798753096,0.02972533188851494,27.499999999999996,4.989035087719319,5.512087912087888,0.03603305785123967,inf,inf,inf,7,0.11864406779661017,0.04395604395604402,0.04395604395604402,0.09375951506170234,1.0,1.0,1.0,0.75,0.468721454814893
breast_cancer,13,2,2,0.017543859649122806,114,1.4967105263157932,2.5054945054945055,3.7500000000000093,59,33,0.559322033898305,24,0.4067796610169492,0.9906542056074766,0.24888888888888827,0.7450292397660818,0.22274751205499066,27.499999999999996,4.989035087719319,5.512087912087888,0.03603305785123967,inf,inf,inf,6,0.1016949152542373,0.04395604395604402,0.04395604395604402,0.09375951506170234,1.0,1.0,1.0,0.75,0.468721454814893
breast_cancer,13,3,1,0.008771929824561403,114,4.989035087719319,5.512087912087888,27.499999999999996,87,52,0.5977011494252874,32,0.367816091954023,0.9816513761467891,0.03592464590811684,0.3584586378989743,0.02649152385814383,27.499999999999996,4.989035087719319,5.512087912087888,0.03592464590811684,inf,inf,inf,11,0.12643678160919541,0.04395604395604402,0.04395604395604402,0.09375951506170234,1.0,1.0,1.0,0.7037037037037036,0.30783019566540487
breast_cancer,13,3,2,0.017543859649122806,114,1.4967105263157932,2.5054945054945055,3.7500000000000093,87,33,0.3793103448275862,24,0.27586206896551724,0.9816513761467891,0.2436652949245537,0.7293928236228434,0.20527619894440405,27.499999999999996,4.989035087719319,5.512087912087888,0.03592464590811684,inf,inf,inf,6,0.06896551724137931,0.04395604395604402,0.04395604395604402,0.09375951506170234,1.0,1.0,1.0,0.7037037037037036,0.30783019566540487
breast_cancer,13,4,1,0.008771929824561403,114,4.989035087719319,5.512087912087888,27.499999999999996,114,60,0.5263157894736842,32,0.2807017543859649,0.9636363636363636,0.035870767024110184,0.35792103061338165,0.023312134371009076,27.499999999999996,4.989035087719319,5.512087912087888,0.035870767024110184,inf,inf,inf,11,0.09649122807017543,0.04395604395604402,0.04395604395604402,0.08767754692808298,1.0532811264747455,1.0,1.0532811264747455,0.6617069749952039,0.17284259759993983
breast_cancer,13,4,2,0.017543859649122806,114,1.4967105263157932,2.5054945054945055,3.7500000000000093,114,33,0.2894736842105263,24,0.21052631578947367,0.9636363636363636,0.24116543209876506,0.7219096816114366,0.19050510356462916,27.499999999999996,4.989035087719319,5.512087912087888,0.035870767024110184,inf,inf,inf,6,0.05263157894736842,0.04395604395604402,0.04395604395604402,0.08767754692808298,1.0532811264747455,1.0,1.0532811264747455,0.6617069749952039,0.17284259759993983
breast_cancer,13,5,1,0.008771929824561403,114,4.989035087719319,5.512087912087888,27.499999999999996,140,65,0.4642857142857143,32,0.22857142857142856,0.9454545454545454,0.035838543507813236,0.3575995021064713,0.020154354818932917,43.99999999999982,7.98245614035088,5.512087912087888,0.022521598168049106,inf,inf,inf,14,0.1,0.04395604395604402,0.04395604395604402,0.08767754692808298,1.0532811264747455,1.0,1.0532811264747455,0.6510692955044826,0.04981262560486605
breast_cancer,13,5,2,0.017543859649122806,114,1.4967105263157932,2.5054945054945055,3.7500000000000093,140,34,0.24285714285714285,24,0.17142857142857143,0.9454545454545454,0.23969923645102842,0.717520740692225,0.17675882060083326,43.99999999999982,7.98245614035088,5.512087912087888,0.022521598168049106,inf,inf,inf,6,0.04285714285714286,0.04395604395604402,0.04395604395604402,0.08767754692808298,1.0532811264747455,1.0,1.0532811264747455,0.6510692955044826,0.04981262560486605
breast_cancer,13,6,1,0.008771929824561403,114,4.989035087719319,5.512087912087888,27.499999999999996,165,66,0.4,32,0.19393939393939394,0.954954954954955,0.03581710422374118,0.35738557942548915,0.017007336885557542,44.0000000000001,7.98245614035093,5.512087912087888,0.022513136229930786,inf,inf,inf,15,0.09090909090909091,0.04395604395604402,0.04395604395604402,0.044835164835164906,2.169145690312735,1.483252747252746,3.217391304347818,0.2732337445689147,-0.04564316556872025
breast_cancer,13,6,2,0.017543859649122806,114,1.4967105263157932,2.5054945054945055,3.7500000000000093,165,34,0.20606060606060606,24,0.14545454545454545,0.954954954954955,0.2387353720619967,0.7146354887382155,0.16351058377376348,44.0000000000001,7.98245614035093,5.512087912087888,0.022513136229930786,inf,inf,inf,6,0.03636363636363636,0.04395604395604402,0.04395604395604402,0.044835164835164906,2.169145690312735,1.483252747252746,3.217391304347818,0.2732337445689147,-0.04564316556872025
breast_cancer,13,7,1,0.008771929824561403,114,4.989035087719319,5.512087912087888,27.499999999999996,189,78,0.4126984126984127,32,0.1693121693121693,0.963302752293578,0.03580181147878203,0.35723298734311165,0.013866452606836579,44.0000000000001,7.98245614035093,5.512087912087888,0.022507097193164682,inf,inf,inf,15,0.07936507936507936,0.04395604395604402,0.04395604395604402,0.044835164835164906,2.169145690312735,1.483252747252746,3.217391304347818,0.27234071673688964,-0.0984664376302713
breast_cancer,13,7,2,0.017543859649122806,114,1.4967105263157932,2.5054945054945055,3.7500000000000093,189,35,0.18518518518518517,24,0.12698412698412698,0.963302752293578,0.23805342188506318,0.7125941247217369,0.15054186270870953,44.0000000000001,7.98245614035093,5.512087912087888,0.022507097193164682,inf,inf,inf,6,0.031746031746031744,0.04395604395604402,0.04395604395604402,0.044835164835164906,2.169145690312735,1.483252747252746,3.217391304347818,0.27234071673688964,-0.0984664376302713
breast_cancer,14,1,1,0.008771929824561403,114,2.310710987996309,1.1982799808886757,2.76887871853547,30,26,0.8666666666666667,15,0.5,0.980952380952381,0.3611570247933883,1.6690590111642756,0.3465161562744034,7.9710144927535165,6.6520467836256465,1.1982799808886757,0.12545454545454715,inf,inf,inf,3,0.1,0.05714285714285716,0.05714285714285716,0.11398081100650774,1.0,1.0,1.0,1.0,0.7720383779869845
breast_cancer,14,1,2,0.017543859649122806,114,2.310710987996309,1.1982799808886757,2.76887871853547,30,22,0.7333333333333333,15,0.5,0.980952380952381,0.3611570247933883,1.6690590111642756,0.3318752877554185,7.9710144927535165,6.6520467836256465,1.1982799808886757,0.12545454545454715,inf,inf,inf,3,0.1,0.05714285714285716,0.05714285714285716,0.11398081100650774,1.0,1.0,1.0,1.0,0.7720383779869845
breast_cancer,14,2,1,0.008771929824561403,114,3.192982456140362,1.1982799808886757,3.82608695652175,59,46,0.7796610169491526,22,0.3728813559322034,1.0,0.2442858987603299,1.5600011780484282,0.21691745704018206,9.565217391304374,7.982456140350905,1.1982799808886757,0.10181301652892538,inf,inf,inf,7,0.11864406779661017,0.05714285714285716,0.05714285714285716,0.1065871330429489,1.0151435287398574,1.0,1.0151435287398574,0.7424855544874261,0.421134128661036
breast_cancer,14,2,2,0.017543859649122806,114,2.310710987996309,1.1982799808886757,2.76887871853547,59,35,0.5932203389830508,19,0.3220338983050847,1.0,0.32854842565398523,1.5183609144951042,0.2752726040927535,9.565217391304374,7.982456140350905,1.1982799808886757,0.10181301652892538,inf,inf,inf,4,0.06779661016949153,0.05714285714285716,0.05714285714285716,0.1065871330429489,1.0151435287398574,1.0,1.0151435287398574,0.7424855544874261,0.421134128661036
breast_cancer,14,3,1,0.008771929824561403,114,3.192982456140362,1.1982799808886757,3.82608695652175,87,56,0.6436781609195402,23,0.26436781609195403,0.963963963963964,0.23925457875935585,1.5278713450597514,0.19904743809988873,9.565217391304374,7.982456140350905,1.1982799808886757,0.10094452444555735,inf,inf,inf,10,0.11494252873563218,0.05714285714285716,0.05714285714285716,0.07127594909438759,1.2467176391334638,1.0,1.2467176391334638,0.6067612355447557,0.28325683658965206
breast_cancer,14,3,2,0.017543859649122806,114,2.310710987996309,1.1982799808886757,2.76887871853547,87,35,0.40229885057471265,19,0.21839080459770116,0.963963963963964,0.3194236073701645,1.4761912787513158,0.2417293295411479,9.565217391304374,7.982456140350905,1.1982799808886757,0.10094452444555735,inf,inf,inf,5,0.05747126436781609,0.05714285714285716,0.05714285714285716,0.07127594909438759,1.2467176391334638,1.0,1.2467176391334638,0.6067612355447557,0.28325683658965206
breast_cancer,14,4,1,0.008771929824561403,114,3.192982456140362,1.1982799808886757,3.82608695652175,114,74,0.6491228070175439,23,0.20175438596491227,0.9380530973451328,0.2368446767887903,1.5124817956336836,0.1837751400998891,9.565217391304374,7.982456140350905,1.1982799808886757,0.10051774687567994,inf,inf,inf,23,0.20175438596491227,0.05714285714285716,0.05714285714285716,0.07127594909438759,1.2467176391334638,1.0,1.2467176391334638,0.5914773315220885,0.17100327479733174
breast_cancer,14,4,2,0.017543859649122806,114,2.310710987996309,1.1982799808886757,2.76887871853547,114,38,0.3333333333333333,19,0.16666666666666666,0.9380530973451328,0.31512187470013575,1.4563111568551996,0.2129246005348586,9.565217391304374,7.982456140350905,1.1982799808886757,0.10051774687567994,inf,inf,inf,10,0.08771929824561403,0.05714285714285716,0.05714285714285716,0.07127594909438759,1.2467176391334638,1.0,1.2467176391334638,0.5914773315220885,0.17100327479733174
breast_cancer,14,5,1,0.008771929824561403,114,3.192982456140362,1.1982799808886757,3.82608695652175,140,91,0.65,23,0.16428571428571428,0.9464285714285715,0.2354306352626041,1.5034517760629509,0.16948976789142206,9.565217391304374,7.982456140350905,1.1982799808886757,0.10026401451145461,inf,inf,inf,31,0.22142857142857142,0.05714285714285716,0.05714285714285716,0.07127594909438759,1.2467176391334638,1.0,1.2467176391334638,0.5828356437981603,0.06492216154992762
breast_cancer,14,5,2,0.017543859649122806,114,2.310710987996309,1.1982799808886757,2.76887871853547,140,43,0.30714285714285716,19,0.1357142857142857,0.9464285714285715,0.31261771121507886,1.4447383606938795,0.18588627606649294,9.565217391304374,7.982456140350905,1.1982799808886757,0.10026401451145461,inf,inf,inf,16,0.11428571428571428,0.05714285714285716,0.05714285714285716,0.07127594909438759,1.2467176391334638,1.0,1.2467176391334638,0.5828356437981603,0.06492216154992762
breast_cancer,14,6,1,0.008771929824561403,114,3.192982456140362,1.1982799808886757,3.82608695652175,165,108,0.6545454545454545,23,0.1393939393939394,0.9203539823008849,0.23450081349719143,1.4975139668943505,0.1556842889238046,9.565217391304374,7.982456140350905,1.1982799808886757,0.10009581963226732,inf,inf,inf,44,0.26666666666666666,0.05714285714285716,0.05714285714285716,0.07127594909438759,1.2467176391334638,1.0,1.2467176391334638,0.5772760160202052,-0.038291754805319676
breast_cancer,14,6,2,0.017543859649122806,114,2.310710987996309,1.1982799808886757,2.76887871853547,165,46,0.2787878787878788,19,0.11515151515151516,0.9203539823008849,0.3109789287156499,1.4371648552371463,0.15969841763805556,9.565217391304374,7.982456140350905,1.1982799808886757,0.10009581963226732,inf,inf,inf,25,0.15151515151515152,0.05714285714285716,0.05714285714285716,0.07127594909438759,1.2467176391334638,1.0,1.2467176391334638,0.5772760160202052,-0.038291754805319676
breast_cancer,14,7,1,0.008771929824561403,114,3.192982456140362,1.1982799808886757,3.82608695652175,189,119,0.6296296296296297,23,0.12169312169312169,0.9380530973451328,0.2338428332404867,1.4933121280620607,0.14214822888579876,9.565217391304374,7.982456140350905,1.1982799808886757,0.09997614676446187,inf,inf,inf,54,0.2857142857142857,0.05714285714285716,0.05714285714285716,0.07127594909438759,1.2467176391334638,1.0,1.2467176391334638,0.5733982701064783,-0.13994000479889504
breast_cancer,14,7,2,0.017543859649122806,114,2.310710987996309,1.1982799808886757,2.76887871853547,189,50,0.26455026455026454,19,0.10052910052910052,0.9380530973451328,0.30982297774747547,1.431822718029655,0.13398510009471085,9.565217391304374,7.982456140350905,1.1982799808886757,0.09997614676446187,inf,inf,inf,30,0.15873015873015872,0.05714285714285716,0.05714285714285716,0.07127594909438759,1.2467176391334638,1.0,1.2467176391334638,0.5733982701064783,-0.13994000479889504
breast_cancer,15,1,1,0.008771929824561403,114,1.3304093567251465,2.17142857142857,2.8888888888888875,30,26,0.8666666666666667,15,0.5,0.9714285714285714,0.34615384615384626,0.9210526315789478,0.33807443710490814,8.666666666666718,3.991228070175465,2.17142857142857,0.11538461538461475,inf,inf,inf,2,0.06666666666666667,0.04395604395604402,0.04395604395604402,0.13111433068295464,1.0064366974130785,1.0,1.0064366974130785,0.9936044686867805,0.7313758073208713
breast_cancer,15,1,2,0.017543859649122806,114,1.3304093567251465,2.17142857142857,2.8888888888888875,30,23,0.7666666666666667,15,0.5,0.9714285714285714,0.34615384615384626,0.9210526315789478,0.32999502805597,8.666666666666718,3.991228070175465,2.17142857142857,0.11538461538461475,inf,inf,inf,2,0.06666666666666667,0.04395604395604402,0.04395604395604402,0.13111433068295464,1.0064366974130785,1.0,1.0064366974130785,0.9936044686867805,0.7313758073208713
breast_cancer,15,2,1,0.008771929824561403,114,3.1042884990253508,4.259340659340631,13.222222222222175,59,43,0.7288135593220338,25,0.423728813559322,0.9090909090909091,0.07420026834263138,0.4606780792812508,0.06611819677629364,17.0,3.991228070175465,4.259340659340631,0.057958477508650574,inf,inf,inf,9,0.15254237288135594,0.05934065934065924,0.05934065934065924,0.135355554677549,1.0,1.0,1.0,0.75,0.343933335967353
breast_cancer,15,2,2,0.017543859649122806,114,3.1042884990253508,2.17142857142857,6.740740740740757,59,28,0.4745762711864407,19,0.3220338983050847,0.9090909090909091,0.14284959545948528,0.8868927125506082,0.11173055291384991,17.0,3.991228070175465,4.259340659340631,0.057958477508650574,inf,inf,inf,8,0.13559322033898305,0.05934065934065924,0.05934065934065924,0.135355554677549,1.0,1.0,1.0,0.75,0.343933335967353
breast_cancer,15,3,1,0.008771929824561403,114,3.1042884990253508,4.259340659340631,13.222222222222175,87,56,0.6436781609195402,25,0.28735632183908044,0.9380530973451328,0.07373962931687794,0.45781816642155354,0.061691782832100216,17.0,3.991228070175465,4.259340659340631,0.05767766545295561,inf,inf,inf,19,0.21839080459770116,0.05934065934065924,0.05934065934065924,0.135355554677549,1.0,1.0,1.0,0.7037037037037036,0.1322024728429412
breast_cancer,15,3,2,0.017543859649122806,114,3.1042884990253508,2.17142857142857,6.740740740740757,87,33,0.3793103448275862,19,0.21839080459770116,0.9380530973451328,0.14113650206815231,0.8762568403256658,0.09501772099838043,17.0,3.991228070175465,4.259340659340631,0.05767766545295561,inf,inf,inf,14,0.16091954022988506,0.05934065934065924,0.05934065934065924,0.135355554677549,1.0,1.0,1.0,0.7037037037037036,0.1322024728429412
breast_cancer,15,4,1,0.008771929824561403,114,3.1042884990253508,4.259340659340631,13.222222222222175,114,69,0.6052631578947368,25,0.21929824561403508,0.9292035398230089,0.07351218616821331,0.4564060681203901,0.0574979381639891,17.0,3.991228070175465,4.259340659340631,0.0575386261389349,inf,inf,inf,23,0.20175438596491227,0.05934065934065924,0.05934065934065924,0.12657534533329778,1.0617288791280486,1.0,1.0617288791280486,0.6583436730474351,-0.049447927448515554
breast_cancer,15,4,2,0.017543859649122806,114,3.1042884990253508,2.17142857142857,6.740740740740757,114,35,0.30701754385964913,19,0.16666666666666666,0.9292035398230089,0.1403007366307445,0.8710679262552098,0.07917316285844908,17.0,3.991228070175465,4.259340659340631,0.0575386261389349,inf,inf,inf,14,0.12280701754385964,0.05934065934065924,0.05934065934065924,0.12657534533329778,1.0617288791280486,1.0,1.0617288791280486,0.6583436730474351,-0.049447927448515554
breast_cancer,15,5,1,0.008771929824561403,114,3.1042884990253508,4.259340659340631,13.222222222222175,140,84,0.6,25,0.17857142857142858,0.9292035398230089,0.0733766251485567,0.45556442709191775,0.053395729223472584,17.0,3.991228070175465,4.259340659340631,0.05745563413780386,inf,inf,inf,31,0.22142857142857142,0.05934065934065924,0.05934065934065924,0.12657534533329778,1.0617288791280486,1.0,1.0617288791280486,0.647803458737239,-0.22277118494397688
breast_cancer,15,5,2,0.017543859649122806,114,3.1042884990253508,2.17142857142857,6.740740740740757,140,37,0.2642857142857143,19,0.1357142857142857,0.9292035398230089,0.1398057081841131,0.8679945040280732,0.0636658394097207,17.0,3.991228070175465,4.259340659340631,0.05745563413780386,inf,inf,inf,19,0.1357142857142857,0.05934065934065924,0.05934065934065924,0.12657534533329778,1.0617288791280486,1.0,1.0617288791280486,0.647803458737239,-0.22277118494397688
breast_cancer,15,6,1,0.008771929824561403,114,3.1042884990253508,4.259340659340631,13.222222222222175,165,96,0.5818181818181818,25,0.15151515151515152,0.9734513274336284,0.07328662463331503,0.45500565196317566,0.04933895874051632,17.0,3.991228070175465,4.259340659340631,0.05740048465233505,inf,inf,inf,36,0.21818181818181817,0.05934065934065924,0.05934065934065924,0.060527472527472426,5.293405928614697,1.4157971259509727,7.494388900224528,0.12623099304474472,-0.35909659992639886
breast_cancer,15,6,2,0.017543859649122806,114,3.1042884990253508,2.17142857142857,6.740740740740757,165,38,0.23030303030303031,19,0.11515151515151516,0.9734513274336284,0.13947831997788163,0.8659618891414315,0.048324436910362534,17.0,3.991228070175465,4.259340659340631,0.05740048465233505,inf,inf,inf,21,0.12727272727272726,0.05934065934065924,0.05934065934065924,0.060527472527472426,5.293405928614697,1.4157971259509727,7.494388900224528,0.12623099304474472,-0.35909659992639886
breast_cancer,15,7,1,0.008771929824561403,114,3.1042884990253508,4.259340659340631,13.222222222222175,189,115,0.6084656084656085,25,0.13227513227513227,0.9646017699115045,0.07322252038961807,0.45460765583028123,0.04530801520705695,17.0,3.991228070175465,4.259340659340631,0.057361179189114986,inf,inf,inf,36,0.19047619047619047,0.05934065934065924,0.05934065934065924,0.060527472527472426,5.293405928614697,1.4157971259509727,7.494388900224528,0.12604054993096836,-0.43932073295079205
breast_cancer,15,7,2,0.017543859649122806,114,3.1042884990253508,2.17142857142857,6.740740740740757,189,46,0.24338624338624337,19,0.10052910052910052,0.9646017699115045,0.13924574478664387,0.8645179281587955,0.033076876416265485,17.0,3.991228070175465,4.259340659340631,0.057361179189114986,inf,inf,inf,21,0.1111111111111111,0.05934065934065924,0.05934065934065924,0.060527472527472426,5.293405928614697,1.4157971259509727,7.494388900224528,0.12604054993096836,-0.43932073295079205
breast_cancer,16,1,1,0.008771929824561403,114,1.6118421052631575,2.655824175824175,4.280769230769229,30,27,0.9,15,0.5,0.8942307692307693,0.23360287511230915,0.7530619000331017,0.2269970689716679,21.20000000000007,7.982456140350905,2.655824175824175,0.047169811320754595,inf,inf,inf,3,0.1,0.04835164835164829,0.04835164835164829,0.07375190248615018,1.0,1.0,1.0,1.0,0.8524961950276997
breast_cancer,16,1,2,0.017543859649122806,114,1.6118421052631575,2.655824175824175,4.280769230769229,30,22,0.7333333333333333,15,0.5,0.8942307692307693,0.23360287511230915,0.7530619000331017,0.22039126283102667,21.20000000000007,7.982456140350905,2.655824175824175,0.047169811320754595,inf,inf,inf,2,0.06666666666666667,0.04835164835164829,0.04835164835164829,0.07375190248615018,1.0,1.0,1.0,1.0,0.8524961950276997
breast_cancer,16,2,1,0.008771929824561403,114,9.578947368421087,2.655824175824175,25.440000000000083,59,46,0.7796610169491526,25,0.423728813559322,0.963302752293578,0.038921892923539314,0.7456615275878085,0.025840111737788288,42.40000000000014,15.96491228070181,2.655824175824175,0.023445843716624948,inf,inf,inf,12,0.2033898305084746,0.04835164835164829,0.04835164835164829,0.10313546656787229,1.0,1.0,1.0,0.75,0.44059360029638317
breast_cancer,16,2,2,0.017543859649122806,114,3.991228070175454,2.655824175824175,10.600000000000039,59,30,0.5084745762711864,18,0.3050847457627119,0.963302752293578,0.09211463154147359,0.7353010061643973,0.06631459623745965,42.40000000000014,15.96491228070181,2.655824175824175,0.023445843716624948,inf,inf,inf,7,0.11864406779661017,0.04835164835164829,0.04835164835164829,0.10313546656787229,1.0,1.0,1.0,0.75,0.44059360029638317
breast_cancer,16,3,1,0.008771929824561403,114,9.578947368421087,3.006593406593399,28.80000000000003,87,54,0.6206896551724138,28,0.3218390804597701,0.9636363636363636,0.03432189510380146,0.6575352535675671,0.0170183357993918,48.00000000000005,15.96491228070181,3.006593406593399,0.020688992305384013,inf,inf,inf,18,0.20689655172413793,0.04835164835164829,0.04835164835164829,0.10313546656787229,1.0,1.0,1.0,0.7037037037037036,0.2682428448615763
breast_cancer,16,3,2,0.017543859649122806,114,3.991228070175454,2.655824175824175,10.600000000000039,87,30,0.3448275862068966,18,0.20689655172413793,0.9636363636363636,0.0914040648519443,0.7296289387304353,0.053002541760868764,48.00000000000005,15.96491228070181,3.006593406593399,0.020688992305384013,inf,inf,inf,7,0.08045977011494253,0.04835164835164829,0.04835164835164829,0.10313546656787229,1.0,1.0,1.0,0.7037037037037036,0.2682428448615763
breast_cancer,16,4,1,0.008771929824561403,114,9.578947368421087,3.006593406593399,28.80000000000003,114,68,0.5964912280701754,29,0.2543859649122807,0.963963963963964,0.034272720666216006,0.6565931748685616,0.011234363653284021,48.00000000000005,15.96491228070181,3.006593406593399,0.020671137321142674,inf,inf,inf,31,0.2719298245614035,0.04835164835164829,0.04835164835164829,0.10313546656787229,1.0,1.0,1.0,0.68359375,0.11957166720694844
breast_cancer,16,4,2,0.017543859649122806,114,3.991228070175454,2.655824175824175,10.600000000000039,114,31,0.2719298245614035,18,0.15789473684210525,0.963963963963964,0.0910543027850581,0.7268369783719578,0.04004819903965756,48.00000000000005,15.96491228070181,3.006593406593399,0.020671137321142674,inf,inf,inf,10,0.08771929824561403,0.04835164835164829,0.04835164835164829,0.10313546656787229,1.0,1.0,1.0,0.68359375,0.11957166720694844
breast_cancer,16,5,1,0.008771929824561403,114,9.578947368421087,3.006593406593399,28.80000000000003,140,74,0.5285714285714286,29,0.20714285714285716,0.9727272727272728,0.03424330650331775,0.6560296614319845,0.005470075738757029,48.00000000000005,15.96491228070181,3.006593406593399,0.02066044409606671,inf,inf,inf,39,0.2785714285714286,0.04835164835164829,0.04835164835164829,0.10313546656787229,1.0,1.0,1.0,0.6723199999999999,-0.021080368829118987
breast_cancer,16,5,2,0.017543859649122806,114,3.991228070175454,2.655824175824175,10.600000000000039,140,32,0.22857142857142856,18,0.12857142857142856,0.9727272727272728,0.09084617514039006,0.7251756085768006,0.027234279651197027,48.00000000000005,15.96491228070181,3.006593406593399,0.02066044409606671,inf,inf,inf,13,0.09285714285714286,0.04835164835164829,0.04835164835164829,0.10313546656787229,1.0,1.0,1.0,0.6723199999999999,-0.021080368829118987
breast_cancer,16,6,1,0.008771929824561403,114,9.578947368421087,3.006593406593399,28.80000000000003,165,83,0.503030303030303,29,0.17575757575757575,0.9545454545454545,0.03422373460659822,0.6556547050948315,-0.00028440776681395996,48.00000000000005,15.96491228070181,3.006593406593399,0.02065332349356863,inf,inf,inf,47,0.28484848484848485,0.04835164835164829,0.04835164835164829,0.10313546656787229,1.0,1.0,1.0,0.6651020233196159,-0.15804526656403753
breast_cancer,16,6,2,0.017543859649122806,114,3.991228070175454,2.655824175824175,10.600000000000039,165,32,0.19393939393939394,18,0.10909090909090909,0.9545454545454545,0.09070813564335423,0.724073714346076,0.014489849922714654,48.00000000000005,15.96491228070181,3.006593406593399,0.02065332349356863,inf,inf,inf,17,0.10303030303030303,0.04835164835164829,0.04835164835164829,0.10313546656787229,1.0,1.0,1.0,0.6651020233196159,-0.15804526656403753
breast_cancer,16,7,1,0.008771929824561403,114,9.578947368421087,3.006593406593399,28.80000000000003,189,94,0.4973544973544973,30,0.15873015873015872,0.9727272727272728,0.03420977301881678,0.6553872304657554,-0.006033302536098024,48.00000000000005,15.96491228070181,3.006593406593399,0.020648241365503472,inf,inf,inf,55,0.291005291005291,0.04835164835164829,0.04835164835164829,0.0644939985950606,1.9581087080020647,1.1853610078567942,2.3210657116104927,0.35896139647244574,-0.27568509627690513
breast_cancer,16,7,2,0.017543859649122806,114,3.991228070175454,2.655824175824175,10.600000000000039,189,33,0.1746031746031746,18,0.09523809523809523,0.9727272727272728,0.09060988226083633,0.7232894110294857,0.0017848668712503596,48.00000000000005,15.96491228070181,3.006593406593399,0.020648241365503472,inf,inf,inf,19,0.10052910052910052,0.04835164835164829,0.04835164835164829,0.0644939985950606,1.9581087080020647,1.1853610078567942,2.3210657116104927,0.35896139647244574,-0.27568509627690513
breast_cancer,17,1,1,0.008771929824561403,114,1.946940522036799,3.507692307692297,6.829268292682905,30,28,0.9333333333333333,17,0.5666666666666667,0.942857142857143,0.1464285714285719,0.570175438596493,0.14142703249351496,6.829268292682905,1.946940522036799,3.507692307692297,0.1464285714285719,inf,inf,inf,3,0.1,0.05494505494505497,0.05494505494505497,0.10248762792591243,1.0,1.0,1.0,1.0,0.7950247441481751
breast_cancer,17,1,2,0.017543859649122806,114,1.946940522036799,1.2348508634222908,2.4041811846689867,30,25,0.8333333333333334,15,0.5,0.942857142857143,0.4159420289855078,1.61962878210018,0.38752748894866257,6.829268292682905,1.946940522036799,3.507692307692297,0.1464285714285719,inf,inf,inf,3,0.1,0.05494505494505497,0.05494505494505497,0.10248762792591243,1.0,1.0,1.0,1.0,0.7950247441481751
breast_cancer,17,2,1,0.008771929824561403,114,5.321637426900604,3.507692307692297,18.666666666666675,59,44,0.7457627118644068,30,0.5084745762711864,0.9724770642201835,0.05285395408163274,0.5625391604010054,0.042984846004422116,98.0,27.938596491228154,3.507692307692297,0.010178050812161499,inf,inf,inf,8,0.13559322033898305,0.05494505494505497,0.05494505494505497,0.10248762792591243,1.0,1.0,1.0,0.75,0.4425371162222627
breast_cancer,17,2,2,0.017543859649122806,114,4.4346978557505,1.2348508634222908,5.476190476190486,59,36,0.6101694915254238,26,0.4406779661016949,0.9724770642201835,0.17427221172022644,1.5456892072651707,0.12003750269337835,98.0,27.938596491228154,3.507692307692297,0.010178050812161499,inf,inf,inf,6,0.1016949152542373,0.05494505494505497,0.05494505494505497,0.10248762792591243,1.0,1.0,1.0,0.75,0.4425371162222627
breast_cancer,17,3,1,0.008771929824561403,114,5.321637426900604,3.507692307692297,18.666666666666675,87,54,0.6206896551724138,37,0.42528735632183906,0.9909090909090909,0.05262049016034964,0.5600543397183432,0.03788221806249851,98.0,27.938596491228154,3.507692307692297,0.010169413223200308,inf,inf,inf,12,0.13793103448275862,0.05494505494505497,0.05494505494505497,0.10248762792591243,1.0,1.0,1.0,0.7037037037037036,0.27097816357207344
breast_cancer,17,3,2,0.017543859649122806,114,4.4346978557505,1.2348508634222908,5.476190476190486,87,38,0.4367816091954023,28,0.3218390804597701,0.9909090909090909,0.17171891181063503,1.5230429799968648,0.09155875496869478,98.0,27.938596491228154,3.507692307692297,0.010169413223200308,inf,inf,inf,6,0.06896551724137931,0.05494505494505497,0.05494505494505497,0.10248762792591243,1.0,1.0,1.0,0.7037037037037036,0.27097816357207344
breast_cancer,17,4,1,0.008771929824561403,114,5.321637426900604,3.507692307692297,18.666666666666675,114,61,0.5350877192982456,37,0.32456140350877194,1.0,0.05250479369697725,0.558822950459058,0.032896970873852405,98.0,27.938596491228154,3.507692307692297,0.010165101764719853,inf,inf,inf,15,0.13157894736842105,0.05494505494505497,0.05494505494505497,0.09583948680951018,1.0500481703911921,1.0,1.0500481703911921,0.6630017425020913,0.12922658311192933
breast_cancer,17,4,2,0.017543859649122806,114,4.4346978557505,1.2348508634222908,5.476190476190486,114,39,0.34210526315789475,28,0.24561403508771928,1.0,0.17048020480826598,1.5120563974222463,0.0643709839365294,98.0,27.938596491228154,3.507692307692297,0.010165101764719853,inf,inf,inf,8,0.07017543859649122,0.05494505494505497,0.05494505494505497,0.09583948680951018,1.0500481703911921,1.0,1.0500481703911921,0.6630017425020913,0.12922658311192933
breast_cancer,17,5,1,0.008771929824561403,114,5.321637426900604,3.507692307692297,18.666666666666675,140,74,0.5285714285714286,37,0.2642857142857143,1.0091743119266054,0.05243570320111668,0.5580876013218287,0.027958176827352264,98.0,27.938596491228154,3.507692307692297,0.010162517231766532,inf,inf,inf,22,0.15714285714285714,0.05494505494505497,0.05494505494505497,0.09583948680951018,1.0500481703911921,1.0,1.0500481703911921,0.6523265141417347,-0.004149303980521034
breast_cancer,17,5,2,0.017543859649122806,114,4.4346978557505,1.2348508634222908,5.476190476190486,140,42,0.3,28,0.2,1.0091743119266054,0.1697486313525458,1.5055677829514338,0.03768128197084111,98.0,27.938596491228154,3.507692307692297,0.010162517231766532,inf,inf,inf,12,0.08571428571428572,0.05494505494505497,0.05494505494505497,0.09583948680951018,1.0500481703911921,1.0,1.0500481703911921,0.6523265141417347,-0.004149303980521034
breast_cancer,17,6,1,0.008771929824561403,114,5.321637426900604,3.507692307692297,18.666666666666675,165,89,0.5393939393939394,37,0.22424242424242424,1.0,0.05238977837229586,0.5575988107460749,0.023042472543555077,98.0,27.938596491228154,3.507692307692297,0.010160795184443239,inf,inf,inf,28,0.1696969696969697,0.05494505494505497,0.05494505494505497,0.09583948680951018,1.0500481703911921,1.0,1.0500481703911921,0.645485114552264,-0.13402396774028721
breast_cancer,17,6,2,0.017543859649122806,114,4.4346978557505,1.2348508634222908,5.476190476190486,165,43,0.2606060606060606,28,0.1696969696969697,1.0,0.16926566200788618,1.5012841367171232,0.01123575287976794,98.0,27.938596491228154,3.507692307692297,0.010160795184443239,inf,inf,inf,15,0.09090909090909091,0.05494505494505497,0.05494505494505497,0.09583948680951018,1.0500481703911921,1.0,1.0500481703911921,0.645485114552264,-0.13402396774028721
breast_cancer,17,7,1,0.008771929824561403,114,5.321637426900604,3.507692307692297,18.666666666666675,189,98,0.5185185185185185,37,0.19576719576719576,0.9819819819819819,0.05235704100792782,0.5572503779791168,0.01813991253552591,98.0,27.938596491228154,3.507692307692297,0.010159565627628764,inf,inf,inf,30,0.15873015873015872,0.05494505494505497,0.05494505494505497,0.09583948680951018,1.0500481703911921,1.0,1.0500481703911921,0.6407252748929342,-0.26199582546353195
breast_cancer,17,7,2,0.017543859649122806,114,4.4346978557505,1.2348508634222908,5.476190476190486,189,44,0.2328042328042328,28,0.14814814814814814,0.9819819819819819,0.16892297548674218,1.4982447143560995,-0.015071989434182309,98.0,27.938596491228154,3.507692307692297,0.010159565627628764,inf,inf,inf,16,0.08465608465608465,0.05494505494505497,0.05494505494505497,0.09583948680951018,1.0500481703911921,1.0,1.0500481703911921,0.6407252748929342,-0.26199582546353195
breast_cancer,18,1,1,0.008771929824561403,114,9.978070175438512,1.3467032967032968,13.437499999999888,30,25,0.8333333333333334,16,0.5333333333333333,0.9223300970873787,0.07441860465116346,1.4851081191350477,0.06139134044822444,26.875000000000114,19.956140350877277,1.3467032967032968,0.037209302325581284,inf,inf,inf,1,0.03333333333333333,0.024175824175824312,0.024175824175824312,0.08246445170006428,1.009892258750087,1.0,1.009892258750087,0.9902046394906222,0.8252757360904937
breast_cancer,18,1,2,0.017543859649122806,114,1.7105263157894741,1.3467032967032968,2.3035714285714293,30,22,0.7333333333333333,15,0.5,0.9223300970873787,0.43410852713178283,1.4851081191350468,0.4080539987259048,26.875000000000114,19.956140350877277,1.3467032967032968,0.037209302325581284,inf,inf,inf,1,0.03333333333333333,0.024175824175824312,0.024175824175824312,0.08246445170006428,1.009892258750087,1.0,1.009892258750087,0.9902046394906222,0.8252757360904937
breast_cancer,18,2,1,0.008771929824561403,114,9.978070175438512,1.3467032967032968,13.437499999999888,59,40,0.6779661016949152,19,0.3220338983050847,0.8952380952380953,0.07303407247160687,1.4574782006395108,0.04746427947793124,30.00000000000031,19.956140350877277,1.5032967032967124,0.03305555555555517,inf,inf,inf,13,0.22033898305084745,0.03296703296703307,0.03296703296703307,0.08599189146795329,1.0,1.0,1.0,0.75,0.4920243255961402
breast_cancer,18,2,2,0.017543859649122806,114,1.7105263157894741,1.3467032967032968,2.3035714285714293,59,25,0.423728813559322,15,0.2542372881355932,0.8952380952380953,0.38699597379965134,1.3239335945777548,0.3405421634635898,30.00000000000031,19.956140350877277,1.5032967032967124,0.03305555555555517,inf,inf,inf,8,0.13559322033898305,0.03296703296703307,0.03296703296703307,0.08599189146795329,1.0,1.0,1.0,0.75,0.4920243255961402
breast_cancer,18,3,1,0.008771929824561403,114,9.978070175438512,1.3467032967032968,13.437499999999888,87,53,0.6091954022988506,19,0.21839080459770116,0.8981481481481481,0.07258782618255433,1.4485728470641202,0.034467488101919595,36.00000000000034,23.947368421052715,1.5032967032967124,0.027521369963928066,inf,inf,inf,26,0.2988505747126437,0.04175824175824172,0.04175824175824172,0.10185746929146872,1.0,1.0,1.0,0.7037037037037036,0.2736388333619469
breast_cancer,18,3,2,0.017543859649122806,114,1.7105263157894741,1.3467032967032968,2.3035714285714293,87,28,0.3218390804597701,15,0.1724137931034483,0.8981481481481481,0.37432170952396737,1.2805742694240991,0.30692306376480427,36.00000000000034,23.947368421052715,1.5032967032967124,0.027521369963928066,inf,inf,inf,11,0.12643678160919541,0.04175824175824172,0.04175824175824172,0.10185746929146872,1.0,1.0,1.0,0.7037037037037036,0.2736388333619469
breast_cancer,18,4,1,0.008771929824561403,114,9.978070175438512,1.3467032967032968,13.437499999999888,114,69,0.6052631578947368,19,0.16666666666666666,0.9541284403669724,0.07236744531196815,1.444174895480054,0.02169464196179082,36.00000000000034,23.947368421052715,1.5032967032967124,0.027489763192152128,inf,inf,inf,41,0.35964912280701755,0.04175824175824172,0.04175824175824172,0.09525020514346051,1.0563731518832182,1.0,1.0563731518832182,0.6604726072346987,0.12881984846105554
breast_cancer,18,4,2,0.017543859649122806,114,1.7105263157894741,1.3467032967032968,2.3035714285714293,114,34,0.2982456140350877,15,0.13157894736842105,0.9541284403669724,0.36841396287510086,1.2603635572042928,0.27996739745725574,36.00000000000034,23.947368421052715,1.5032967032967124,0.027489763192152128,inf,inf,inf,20,0.17543859649122806,0.04175824175824172,0.04175824175824172,0.09525020514346051,1.0563731518832182,1.0,1.0563731518832182,0.6604726072346987,0.12881984846105554
breast_cancer,18,5,1,0.008771929824561403,114,9.978070175438512,1.3467032967032968,13.437499999999888,140,81,0.5785714285714286,21,0.15,0.9537037037037038,0.07223607971223722,1.4415533451345464,0.009010055802827294,36.00000000000034,23.947368421052715,1.5032967032967124,0.027470845722408432,inf,inf,inf,51,0.36428571428571427,0.04175824175824172,0.04175824175824172,0.08907153930861701,1.1262049285238047,1.0,1.1262049285238047,0.6237744201014056,-0.0019512073092115413
breast_cancer,18,5,2,0.017543859649122806,114,1.7105263157894741,1.3467032967032968,2.3035714285714293,140,35,0.25,15,0.10714285714285714,0.9537037037037038,0.36499389484664346,1.2486633244753595,0.25546202427862946,36.00000000000034,23.947368421052715,1.5032967032967124,0.027470845722408432,inf,inf,inf,21,0.15,0.04175824175824172,0.04175824175824172,0.08907153930861701,1.1262049285238047,1.0,1.1262049285238047,0.6237744201014056,-0.0019512073092115413
breast_cancer,18,6,1,0.008771929824561403,114,9.978070175438512,1.3467032967032968,13.437499999999888,165,88,0.5333333333333333,21,0.12727272727272726,1.0,0.07214885888285183,1.4398127540218117,-0.00363075974987509,36.00000000000034,23.947368421052715,1.5032967032967124,0.027458253422612877,inf,inf,inf,57,0.34545454545454546,0.04175824175824172,0.04175824175824172,0.08907153930861701,1.1262049285238047,1.0,1.1262049285238047,0.6174667055460015,-0.12581111274631268
breast_cancer,18,6,2,0.017543859649122806,114,1.7105263157894741,1.3467032967032968,2.3035714285714293,165,35,0.21212121212121213,15,0.09090909090909091,1.0,0.3627631218129993,1.241031732518156,0.23212820260056186,36.00000000000034,23.947368421052715,1.5032967032967124,0.027458253422612877,inf,inf,inf,23,0.1393939393939394,0.04175824175824172,0.04175824175824172,0.08907153930861701,1.1262049285238047,1.0,1.1262049285238047,0.6174667055460015,-0.12581111274631268
breast_cancer,18,7,1,0.008771929824561403,114,9.978070175438512,1.3467032967032968,13.437499999999888,189,93,0.49206349206349204,21,0.1111111111111111,0.9906542056074766,0.07208673174219449,1.438572936083255,-0.016246694157654507,36.00000000000034,23.947368421052715,1.5032967032967124,0.027449268377630065,inf,inf,inf,68,0.35978835978835977,0.04175824175824172,0.04175824175824172,0.08907153930861701,1.1262049285238047,1.0,1.1262049285238047,0.6130738838228831,-0.24791438299075627
breast_cancer,18,7,2,0.017543859649122806,114,1.7105263157894741,1.3467032967032968,2.3035714285714293,189,35,0.18518518518518517,15,0.07936507936507936,0.9906542056074766,0.3611930681604065,1.2356604963382332,0.20944528790834283,36.00000000000034,23.947368421052715,1.5032967032967124,0.027449268377630065,inf,inf,inf,23,0.12169312169312169,0.04175824175824172,0.04175824175824172,0.08907153930861701,1.1262049285238047,1.0,1.1262049285238047,0.6130738838228831,-0.24791438299075627
breast_cancer,19,1,1,0.008771929824561403,114,1.710526315789485,1.3004709576138154,2.224489795918383,30,28,0.9333333333333333,17,0.5666666666666667,1.0,0.4495412844036666,1.5379043940125539,0.4360508949825038,2.224489795918383,1.710526315789485,1.3004709576138154,0.4495412844036666,inf,inf,inf,3,0.1,0.07692307692307687,0.07692307692307687,0.0959483930116755,1.0,1.0,1.0,1.0,0.808103213976649
breast_cancer,19,1,2,0.017543859649122806,114,1.5048892723612306,1.3004709576138154,1.9570647931303673,30,26,0.8666666666666667,16,0.5333333333333333,1.0,0.5109692859992021,1.5379043940125536,0.4839885071568766,2.224489795918383,1.710526315789485,1.3004709576138154,0.4495412844036666,inf,inf,inf,3,0.1,0.07692307692307687,0.07692307692307687,0.0959483930116755,1.0,1.0,1.0,1.0,0.808103213976649
breast_cancer,19,2,1,0.008771929824561403,114,2.2173489278752405,2.5054945054944886,5.55555555555551,59,38,0.6440677966101694,24,0.4067796610169492,0.9908256880733944,0.17190000000000139,0.7623245614035138,0.15852588488765904,5.55555555555551,2.2173489278752405,2.5054945054944886,0.17190000000000139,inf,inf,inf,6,0.1016949152542373,0.07692307692307687,0.07692307692307687,0.0959483930116755,1.0,1.0,1.0,0.75,0.46215482096497346
breast_cancer,19,2,2,0.017543859649122806,114,2.2173489278752405,1.3004709576138154,2.883597883597881,59,31,0.5254237288135594,19,0.3220338983050847,0.9908256880733944,0.3167233397862135,1.404572315816052,0.2674401006347731,5.55555555555551,2.2173489278752405,2.5054945054944886,0.17190000000000139,inf,inf,inf,3,0.05084745762711865,0.07692307692307687,0.07692307692307687,0.0959483930116755,1.0,1.0,1.0,0.75,0.46215482096497346
breast_cancer,19,3,1,0.008771929824561403,114,2.2173489278752405,2.5054945054944886,5.55555555555551,87,43,0.4942528735632184,24,0.27586206896551724,0.9636363636363636,0.16941600000000134,0.7513087719298295,0.14964471652816372,19.999999999999996,7.98245614035093,2.5054945054944886,0.04917129629629646,inf,inf,inf,13,0.14942528735632185,0.07692307692307687,0.07692307692307687,0.0959483930116755,1.0,1.0,1.0,0.7037037037037036,0.298588266543296
breast_cancer,19,3,2,0.017543859649122806,114,2.2173489278752405,1.3004709576138154,2.883597883597881,87,31,0.3563218390804598,19,0.21839080459770116,0.9636363636363636,0.3082461134074991,1.3669783781716558,0.23629988297741195,19.999999999999996,7.98245614035093,2.5054945054944886,0.04917129629629646,inf,inf,inf,5,0.05747126436781609,0.07692307692307687,0.07692307692307687,0.0959483930116755,1.0,1.0,1.0,0.7037037037037036,0.298588266543296
breast_cancer,19,4,1,0.008771929824561403,114,2.2173489278752405,2.5054945054944886,5.55555555555551,114,47,0.41228070175438597,24,0.21052631578947367,0.9541284403669724,0.16821039937500126,0.7459622974232502,0.14203628367593985,19.999999999999996,7.98245614035093,2.5054945054944886,0.049070288085937275,inf,inf,inf,14,0.12280701754385964,0.07692307692307687,0.07692307692307687,0.0959483930116755,1.0,1.0,1.0,0.68359375,0.15887597571739961
breast_cancer,19,4,2,0.017543859649122806,114,2.2173489278752405,1.3004709576138154,2.883597883597881,114,31,0.2719298245614035,19,0.16666666666666666,0.9541284403669724,0.3042406270013235,1.349215256194951,0.20955885463676552,19.999999999999996,7.98245614035093,2.5054945054944886,0.049070288085937275,inf,inf,inf,5,0.043859649122807015,0.07692307692307687,0.07692307692307687,0.0959483930116755,1.0,1.0,1.0,0.68359375,0.15887597571739961
breast_cancer,19,5,1,0.008771929824561403,114,2.2173489278752405,2.5054945054944886,5.55555555555551,140,59,0.42142857142857143,24,0.17142857142857143,0.9907407407407408,0.16749822238617706,0.7428040076579967,0.1349190992432825,19.999999999999996,7.98245614035093,2.5054945054944886,0.04900995010000009,inf,inf,inf,25,0.17857142857142858,0.07692307692307687,0.07692307692307687,0.0959483930116755,1.0,1.0,1.0,0.6723199999999999,0.02723976410390325
breast_cancer,19,5,2,0.017543859649122806,114,2.2173489278752405,1.3004709576138154,2.883597883597881,140,31,0.22142857142857142,19,0.1357142857142857,0.9907407407407408,0.3019063091866194,1.338863261987443,0.18446216339824723,19.999999999999996,7.98245614035093,2.5054945054944886,0.04900995010000009,inf,inf,inf,10,0.07142857142857142,0.07692307692307687,0.07692307692307687,0.0959483930116755,1.0,1.0,1.0,0.6723199999999999,0.02723976410390325
breast_cancer,19,6,1,0.008771929824561403,114,2.2173489278752405,2.5054945054944886,5.55555555555551,165,67,0.40606060606060607,24,0.14545454545454545,0.9816513761467891,0.1670279950710013,0.7407186915916714,0.12804280077670283,19.999999999999996,7.98245614035093,2.5054945054944886,0.04896983531023591,inf,inf,inf,26,0.15757575757575756,0.07692307692307687,0.07692307692307687,0.0959483930116755,1.0,1.0,1.0,0.6651020233196159,-0.1006836205963569
breast_cancer,19,6,2,0.017543859649122806,114,2.2173489278752405,1.3004709576138154,2.883597883597881,165,32,0.19393939393939394,19,0.11515151515151516,0.9816513761467891,0.3003776515717479,1.3320841273405954,0.16015826974642206,19.999999999999996,7.98245614035093,2.5054945054944886,0.04896983531023591,inf,inf,inf,10,0.06060606060606061,0.07692307692307687,0.07692307692307687,0.0959483930116755,1.0,1.0,1.0,0.6651020233196159,-0.1006836205963569
breast_cancer,19,7,1,0.008771929824561403,114,2.2173489278752405,2.5054945054944886,5.55555555555551,189,69,0.36507936507936506,24,0.12698412698412698,0.9727272727272728,0.1666943192125625,0.7392389399777372,0.12130245447708742,19.999999999999996,7.98245614035093,2.5054945054944886,0.04894123581227394,inf,inf,inf,26,0.13756613756613756,0.07692307692307687,0.07692307692307687,0.0959483930116755,1.0,1.0,1.0,0.660083322910886,-0.22659175430860362
breast_cancer,19,7,2,0.017543859649122806,114,2.2173489278752405,1.3004709576138154,2.883597883597881,189,32,0.1693121693121693,19,0.10052910052910052,0.9727272727272728,0.2992988951498585,1.3273001685495656,0.13629712006482417,19.999999999999996,7.98245614035093,2.5054945054944886,0.04894123581227394,inf,inf,inf,10,0.05291005291005291,0.07692307692307687,0.07692307692307687,0.0959483930116755,1.0,1.0,1.0,0.660083322910886,-0.22659175430860362
breast_cancer,20,1,1,0.008771929824561403,114,1.140350877192983,2.1609890109890113,2.4642857142857157,30,25,0.8333333333333334,16,0.5333333333333333,0.9615384615384616,0.40579710144927517,0.9255021612001016,0.39767866143874797,2.4642857142857157,1.140350877192983,2.1609890109890113,0.40579710144927517,inf,inf,inf,2,0.06666666666666667,0.01978021978021971,0.01978021978021971,0.08250827091636125,1.0,1.0,1.0,1.0,0.8349834581672775
breast_cancer,20,1,2,0.017543859649122806,114,1.140350877192983,2.1609890109890113,2.4642857142857157,30,24,0.8,16,0.5333333333333333,0.9615384615384616,0.40579710144927517,0.9255021612001016,0.3895602214282208,2.4642857142857157,1.140350877192983,2.1609890109890113,0.40579710144927517,inf,inf,inf,1,0.03333333333333333,0.01978021978021971,0.01978021978021971,0.08250827091636125,1.0,1.0,1.0,1.0,0.8349834581672775
breast_cancer,20,2,1,0.008771929824561403,114,2.3947368421052793,3.0065934065933866,7.2,59,45,0.7627118644067796,34,0.576271186440678,0.963302752293578,0.13406635802469136,0.6421072936972103,0.12280131778438942,30.00000000000144,9.978070175439141,3.0065934065933866,0.03305555555555395,inf,inf,inf,5,0.0847457627118644,0.03736263736263745,0.03736263736263745,0.07969558780244705,1.0,1.0253268848041408,1.0253268848041408,0.7374968225255483,0.5023958514311061
breast_cancer,20,2,2,0.017543859649122806,114,2.2173489278752405,2.1609890109890113,4.791666666666661,59,36,0.6101694915254238,26,0.4406779661016949,0.963302752293578,0.1978071833648396,0.8772150919200964,0.16702770645536252,30.00000000000144,9.978070175439141,3.0065934065933866,0.03305555555555395,inf,inf,inf,4,0.06779661016949153,0.03736263736263745,0.03736263736263745,0.07969558780244705,1.0,1.0253268848041408,1.0253268848041408,0.7374968225255483,0.5023958514311061
breast_cancer,20,3,1,0.008771929824561403,114,2.3947368421052793,3.0065934065933866,7.2,87,53,0.6091954022988506,36,0.41379310344827586,0.9724770642201835,0.13255807676675302,0.6348834203039266,0.11585061833770233,30.00000000000144,9.978070175439141,3.0065934065933866,0.03296433470507398,inf,inf,inf,10,0.11494252873563218,0.03736263736263745,0.03736263736263745,0.07969558780244705,1.0,1.0253268848041408,1.0253268848041408,0.6925892099648248,0.36141138480215
breast_cancer,20,3,2,0.017543859649122806,114,2.2173489278752405,2.1609890109890113,4.791666666666661,87,36,0.41379310344827586,26,0.2988505747126437,0.9724770642201835,0.19451434207282003,0.8626123357030506,0.14911369282529105,30.00000000000144,9.978070175439141,3.0065934065933866,0.03296433470507398,inf,inf,inf,4,0.04597701149425287,0.03736263736263745,0.03736263736263745,0.07969558780244705,1.0,1.0253268848041408,1.0253268848041408,0.6925892099648248,0.36141138480215
breast_cancer,20,4,1,0.008771929824561403,114,2.3947368421052793,3.0065934065933866,7.2,114,64,0.5614035087719298,36,0.3157894736842105,0.9727272727272728,0.1318210880306867,0.6313536321469774,0.10966832900798575,30.00000000000144,9.978070175439141,3.0065934065933866,0.03291897665894916,inf,inf,inf,11,0.09649122807017543,0.03736263736263745,0.03736263736263745,0.07969558780244705,1.0,1.0253268848041408,1.0253268848041408,0.6730434860721753,0.24393471615913456
breast_cancer,20,4,2,0.017543859649122806,114,2.2173489278752405,2.1609890109890113,4.791666666666661,114,39,0.34210526315789475,26,0.22807017543859648,0.9727272727272728,0.19292363306306093,0.855558021868349,0.13288447363370312,30.00000000000144,9.978070175439141,3.0065934065933866,0.03291897665894916,inf,inf,inf,4,0.03508771929824561,0.03736263736263745,0.03736263736263745,0.07969558780244705,1.0,1.0253268848041408,1.0253268848041408,0.6730434860721753,0.24393471615913456
breast_cancer,20,5,1,0.008771929824561403,114,2.3947368421052793,3.0065934065933866,7.2,140,75,0.5357142857142857,36,0.2571428571428571,0.9369369369369368,0.13138421387851618,0.6292612348918448,0.10378503690957562,30.00000000000144,9.978070175439141,3.0065934065933866,0.032891841988475945,inf,inf,inf,12,0.08571428571428572,0.03736263736263745,0.03736263736263745,0.07452591488887059,1.0453124950126662,1.0989947238226054,1.1487929167647637,0.6157194325516697,0.13605632322708916
breast_cancer,20,5,2,0.017543859649122806,114,2.2173489278752405,2.1609890109890113,4.791666666666661,140,42,0.3,26,0.18571428571428572,0.9369369369369368,0.1919862135933864,0.8514008497562445,0.11730192852704918,30.00000000000144,9.978070175439141,3.0065934065933866,0.032891841988475945,inf,inf,inf,4,0.02857142857142857,0.03736263736263745,0.03736263736263745,0.07452591488887059,1.0453124950126662,1.0989947238226054,1.1487929167647637,0.6157194325516697,0.13605632322708916
breast_cancer,20,6,1,0.008771929824561403,114,2.3947368421052793,3.0065934065933866,7.2,165,84,0.509090909090909,36,0.21818181818181817,0.9363636363636364,0.13109514293240643,0.6278767372025824,0.09804899886911261,30.00000000000144,9.978070175439141,3.0065934065933866,0.0328737854683937,inf,inf,inf,20,0.12121212121212122,0.03736263736263745,0.03736263736263745,0.07452591488887059,1.0453124950126662,1.0989947238226054,1.1487929167647637,0.6095607958285517,0.039722370353904565
breast_cancer,20,6,2,0.017543859649122806,114,2.2173489278752405,2.1609890109890113,4.791666666666661,165,44,0.26666666666666666,26,0.15757575757575756,0.9363636363636364,0.19136817330624478,0.8486600278200902,0.10203553879886686,30.00000000000144,9.978070175439141,3.0065934065933866,0.0328737854683937,inf,inf,inf,6,0.03636363636363636,0.03736263736263745,0.03736263736263745,0.07452591488887059,1.0453124950126662,1.0989947238226054,1.1487929167647637,0.6095607958285517,0.039722370353904565
breast_cancer,20,7,1,0.008771929824561403,114,2.3947368421052793,3.0065934065933866,7.2,189,99,0.5238095238095238,36,0.19047619047619047,0.9189189189189189,0.1308897190471091,0.6268928649098425,0.09239629751755737,30.00000000000144,9.978070175439141,3.0065934065933866,0.03286090420135557,inf,inf,inf,27,0.14285714285714285,0.03736263736263745,0.03736263736263745,0.07452591488887059,1.0453124950126662,1.0989947238226054,1.1487929167647637,0.6052705511701493,-0.05486183200831754
breast_cancer,20,7,2,0.017543859649122806,114,2.2173489278752405,2.1609890109890113,4.791666666666661,189,50,0.26455026455026454,26,0.13756613756613756,0.9189189189189189,0.19093004365847444,0.8467170552105823,0.08694724740454329,30.00000000000144,9.978070175439141,3.0065934065933866,0.03286090420135557,inf,inf,inf,8,0.042328042328042326,0.03736263736263745,0.03736263736263745,0.07452591488887059,1.0453124950126662,1.0989947238226054,1.1487929167647637,0.6052705511701493,-0.05486183200831754
breast_cancer,21,1,1,0.008771929824561403,114,1.4296936370777686,1.318681318681318,1.8853102906520016,30,24,0.8,15,0.5,0.980952380952381,0.5304166666666671,1.5166666666666675,0.5171125730994156,7.894736842105112,5.9868421052630465,1.318681318681318,0.12666666666666915,inf,inf,inf,3,0.1,0.05714285714285716,0.05714285714285716,0.06665243914128835,1.0,1.0,1.0,1.0,0.8666951217174232
breast_cancer,21,1,2,0.017543859649122806,114,1.4296936370777686,1.318681318681318,1.8853102906520016,30,22,0.7333333333333333,15,0.5,0.980952380952381,0.5304166666666671,1.5166666666666675,0.5038084795321641,7.894736842105112,5.9868421052630465,1.318681318681318,0.12666666666666915,inf,inf,inf,2,0.06666666666666667,0.05714285714285716,0.05714285714285716,0.06665243914128835,1.0,1.0,1.0,1.0,0.8666951217174232
breast_cancer,21,2,1,0.008771929824561403,114,1.9956140350876905,2.1296703296703416,4.249999999999963,59,40,0.6779661016949152,26,0.4406779661016949,0.9629629629629629,0.22145328719723367,0.8838705760942094,0.20594678586224754,53.99999999999519,7.982456140350074,6.764835164835243,0.018432784636490007,inf,inf,inf,13,0.22033898305084745,0.05714285714285716,0.05714285714285716,0.06665243914128835,1.0,1.0,1.0,0.75,0.550042682576135
breast_cancer,21,2,2,0.017543859649122806,114,1.4967105263157743,1.4197802197802247,2.124999999999986,59,29,0.4915254237288136,21,0.3559322033898305,0.9629629629629629,0.41522491349481216,1.2429429976324844,0.3716128784901636,53.99999999999519,7.982456140350074,6.764835164835243,0.018432784636490007,inf,inf,inf,8,0.13559322033898305,0.05714285714285716,0.05714285714285716,0.06665243914128835,1.0,1.0,1.0,0.75,0.550042682576135
breast_cancer,21,3,1,0.008771929824561403,114,2.9934210526315987,2.1296703296703416,6.375000000000078,87,47,0.5402298850574713,31,0.3563218390804598,0.963963963963964,0.14880372528637353,0.8908644079644791,0.12535992507678198,108.00000000000162,15.96491228070181,6.764835164835243,0.009230710699776323,inf,inf,inf,19,0.21839080459770116,0.05714285714285716,0.05714285714285716,0.06665243914128835,1.0,1.0,1.0,0.7037037037037036,0.4222822939960418
breast_cancer,21,3,2,0.017543859649122806,114,1.4967105263157743,1.4197802197802247,2.124999999999986,87,29,0.3333333333333333,21,0.2413793103448276,0.963963963963964,0.40063022517734714,1.1992549503663887,0.33751154357911617,108.00000000000162,15.96491228070181,6.764835164835243,0.009230710699776323,inf,inf,inf,9,0.10344827586206896,0.05714285714285716,0.05714285714285716,0.06665243914128835,1.0,1.0,1.0,0.7037037037037036,0.4222822939960418
breast_cancer,21,4,1,0.008771929824561403,114,2.9934210526315987,2.1296703296703416,6.375000000000078,114,59,0.5175438596491229,31,0.2719298245614035,0.9553571428571429,0.14787439427150628,0.8853006499149447,0.1168112135727363,108.00000000000162,15.96491228070181,6.764835164835243,0.009227158639300681,inf,inf,inf,19,0.16666666666666666,0.05714285714285716,0.05714285714285716,0.06665243914128835,1.0,1.0,1.0,0.68359375,0.31908822344607934
breast_cancer,21,4,2,0.017543859649122806,114,1.4967105263157743,1.4197802197802247,2.124999999999986,114,31,0.2719298245614035,21,0.18421052631578946,0.9553571428571429,0.39386501598400625,1.1790038307415858,0.31112790505477217,108.00000000000162,15.96491228070181,6.764835164835243,0.009227158639300681,inf,inf,inf,9,0.07894736842105263,0.05714285714285716,0.05714285714285716,0.06665243914128835,1.0,1.0,1.0,0.68359375,0.31908822344607934
breast_cancer,21,5,1,0.008771929824561403,114,2.9934210526315987,2.1296703296703416,6.375000000000078,140,70,0.5,31,0.22142857142857142,0.9642857142857143,0.14732434374132086,0.8820075842408084,0.10863980057286435,108.00000000000162,15.96491228070181,6.764835164835243,0.009225029154245501,inf,inf,inf,23,0.16428571428571428,0.05714285714285716,0.05714285714285716,0.06665243914128835,1.0,1.0,1.0,0.6723199999999999,0.2242023211652901
breast_cancer,21,5,2,0.017543859649122806,114,1.4967105263157743,1.4197802197802247,2.124999999999986,140,34,0.24285714285714285,21,0.15,0.9642857142857143,0.38995903795945874,1.167311593891789,0.2875632841093018,108.00000000000162,15.96491228070181,6.764835164835243,0.009225029154245501,inf,inf,inf,11,0.07857142857142857,0.05714285714285716,0.05714285714285716,0.06665243914128835,1.0,1.0,1.0,0.6723199999999999,0.2242023211652901
breast_cancer,21,6,1,0.008771929824561403,114,2.9934210526315987,2.1296703296703416,6.375000000000078,165,78,0.4727272727272727,31,0.18787878787878787,0.9292035398230089,0.14696072799225124,0.8798306741641415,0.10065385040466485,108.00000000000162,15.96491228070181,6.764835164835243,0.009223610226378298,inf,inf,inf,23,0.1393939393939394,0.05714285714285716,0.05714285714285716,0.06665243914128835,1.0,1.0,1.0,0.6651020233196159,0.13313395773491457
breast_cancer,21,6,2,0.017543859649122806,114,1.4967105263157743,1.4197802197802247,2.124999999999986,165,37,0.22424242424242424,21,0.12727272727272726,0.9292035398230089,0.38741537698721995,1.159697345586732,0.26534197218861655,108.00000000000162,15.96491228070181,6.764835164835243,0.009223610226378298,inf,inf,inf,11,0.06666666666666667,0.05714285714285716,0.05714285714285716,0.06665243914128835,1.0,1.0,1.0,0.6651020233196159,0.13313395773491457
breast_cancer,21,7,1,0.008771929824561403,114,2.9934210526315987,2.1296703296703416,6.375000000000078,189,85,0.4497354497354497,31,0.164021164021164,0.9285714285714286,0.14670249470498697,0.8782846722469673,0.09277273412841881,108.00000000000162,15.96491228070181,6.764835164835243,0.009222597063188065,inf,inf,inf,27,0.14285714285714285,0.05714285714285716,0.05714285714285716,0.06665243914128835,1.0,1.0,1.0,0.660083322910886,0.044137033791925025
breast_cancer,21,7,2,0.017543859649122806,114,1.4967105263157743,1.4197802197802247,2.124999999999986,189,37,0.19576719576719576,21,0.1111111111111111,0.9285714285714286,0.3856269994885786,1.1543439787322465,0.24386545824075886,108.00000000000162,15.96491228070181,6.764835164835243,0.009222597063188065,inf,inf,inf,11,0.0582010582010582,0.05714285714285716,0.05714285714285716,0.06665243914128835,1.0,1.0,1.0,0.660083322910886,0.044137033791925025
breast_cancer,22,1,1,0.008771929824561403,114,1.3304093567251476,15.283516483516445,20.333333333333304,30,26,0.8666666666666667,17,0.5666666666666667,1.0,0.049180327868852514,0.13085993672706384,0.04803243368703616,20.333333333333304,1.3304093567251476,15.283516483516445,0.049180327868852514,inf,inf,inf,3,0.1,0.04175824175824183,0.04175824175824183,0.15231920119942347,1.0,1.0,1.0,1.0,0.6953615976011531
breast_cancer,22,1,2,0.017543859649122806,114,1.3304093567251476,3.82087912087912,5.0833333333333375,30,22,0.7333333333333333,15,0.5,1.0,0.1967213114754096,0.5234397469082542,0.18753815802087884,20.333333333333304,1.3304093567251476,15.283516483516445,0.049180327868852514,inf,inf,inf,2,0.06666666666666667,0.04175824175824183,0.04175824175824183,0.15231920119942347,1.0,1.0,1.0,1.0,0.6953615976011531
breast_cancer,22,2,1,0.008771929824561403,114,3.991228070175422,15.283516483516445,60.999999999999595,59,41,0.6949152542372882,25,0.423728813559322,0.9619047619047619,0.016326256382692805,0.13032362551096835,0.014039876987763536,60.999999999999595,3.991228070175422,15.283516483516445,0.016326256382692805,inf,inf,inf,5,0.0847457627118644,0.04175824175824183,0.04175824175824183,0.12455861414880694,1.0,1.2012078924938947,1.2012078924938947,0.6592332304028065,0.33078052008354764
breast_cancer,22,2,2,0.017543859649122806,114,2.177033492822972,3.82087912087912,8.318181818181838,59,28,0.4745762711864407,19,0.3220338983050847,0.9619047619047619,0.11660545253665355,0.5077079512361483,0.09879113845819221,60.999999999999595,3.991228070175422,15.283516483516445,0.016326256382692805,inf,inf,inf,2,0.03389830508474576,0.04175824175824183,0.04175824175824183,0.12455861414880694,1.0,1.2012078924938947,1.2012078924938947,0.6592332304028065,0.33078052008354764
breast_cancer,22,3,1,0.008771929824561403,114,3.991228070175422,15.283516483516445,60.999999999999595,87,52,0.5977011494252874,25,0.28735632183908044,0.9449541284403671,0.016304024141684526,0.13014615762221804,0.012879125256889314,122.0000000000005,7.98245614035093,15.283516483516445,0.008174346294607449,inf,inf,inf,6,0.06896551724137931,0.04175824175824183,0.04175824175824183,0.12455861414880694,1.0,1.2012078924938947,1.2012078924938947,0.6228480636094818,0.15736151383869176
breast_cancer,22,3,2,0.017543859649122806,114,2.177033492822972,3.82087912087912,8.318181818181838,87,31,0.3563218390804598,19,0.21839080459770116,0.9449541284403671,0.11546542733473497,0.5027442051416703,0.08900520601148917,122.0000000000005,7.98245614035093,15.283516483516445,0.008174346294607449,inf,inf,inf,2,0.022988505747126436,0.04175824175824183,0.04175824175824183,0.12455861414880694,1.0,1.2012078924938947,1.2012078924938947,0.6228480636094818,0.15736151383869176
breast_cancer,22,4,1,0.008771929824561403,114,3.991228070175422,15.283516483516445,60.999999999999595,114,66,0.5789473684210527,25,0.21929824561403508,0.9090909090909091,0.016292938333883344,0.13005766564766474,0.011729511469053003,122.0000000000005,7.98245614035093,15.283516483516445,0.008171560872926253,inf,inf,inf,9,0.07894736842105263,0.04175824175824183,0.04175824175824183,0.05956308533940561,1.0,8.493324754824227,8.493324754824227,0.11264230948863951,0.058967721545442935
breast_cancer,22,4,2,0.017543859649122806,114,2.177033492822972,3.82087912087912,8.318181818181838,114,35,0.30701754385964913,19,0.16666666666666666,0.9090909090909091,0.11490666450927745,0.5003113143705394,0.07979709858853784,122.0000000000005,7.98245614035093,15.283516483516445,0.008171560872926253,inf,inf,inf,3,0.02631578947368421,0.04175824175824183,0.04175824175824183,0.05956308533940561,1.0,8.493324754824227,8.493324754824227,0.11264230948863951,0.058967721545442935
breast_cancer,22,5,1,0.008771929824561403,114,3.991228070175422,15.283516483516445,60.999999999999595,140,78,0.5571428571428572,25,0.17857142857142858,0.9009009009009008,0.016286296513534304,0.13000464760803646,0.010584338285111653,122.0000000000005,7.98245614035093,15.283516483516445,0.00816989083582298,inf,inf,inf,19,0.1357142857142857,0.04175824175824183,0.04175824175824183,0.05956308533940561,1.0,8.493324754824227,8.493324754824227,0.11232352821680402,0.04542016924879771
breast_cancer,22,5,2,0.017543859649122806,114,2.177033492822972,3.82087912087912,8.318181818181838,140,38,0.2714285714285714,19,0.1357142857142857,0.9009009009009008,0.11457491034009515,0.4988668344951524,0.0708146617001695,122.0000000000005,7.98245614035093,15.283516483516445,0.00816989083582298,inf,inf,inf,9,0.06428571428571428,0.04175824175824183,0.04175824175824183,0.05956308533940561,1.0,8.493324754824227,8.493324754824227,0.11232352821680402,0.04542016924879771
breast_cancer,22,6,1,0.008771929824561403,114,3.991228070175422,15.283516483516445,60.999999999999595,165,94,0.5696969696969697,25,0.15151515151515152,0.9099099099099098,0.016281872651870755,0.12996933432633617,0.009441381371537272,122.0000000000005,7.98245614035093,15.283516483516445,0.008168777983862618,inf,inf,inf,34,0.20606060606060606,0.04175824175824183,0.04175824175824183,0.06369482487440262,1.0420441666346725,8.02230644783457,8.359597636921734,0.113816770346442,0.023164689249066183
breast_cancer,22,6,2,0.017543859649122806,114,2.177033492822972,3.82087912087912,8.318181818181838,165,42,0.2545454545454545,19,0.11515151515151516,0.9099099099099098,0.11435517909153592,0.4979101099200859,0.06194358857363215,122.0000000000005,7.98245614035093,15.283516483516445,0.008168777983862618,inf,inf,inf,14,0.08484848484848485,0.04175824175824183,0.04175824175824183,0.06369482487440262,1.0420441666346725,8.02230644783457,8.359597636921734,0.113816770346442,0.023164689249066183
breast_cancer,22,7,1,0.008771929824561403,114,3.991228070175422,15.283516483516445,60.999999999999595,189,106,0.5608465608465608,25,0.13227513227513227,0.9181818181818182,0.016278714716375098,0.12994412624474805,0.008299689420644955,122.0000000000005,7.98245614035093,15.283516483516445,0.008167983337332596,inf,inf,inf,42,0.2222222222222222,0.04175824175824183,0.04175824175824183,0.06369482487440262,1.0420441666346725,8.02230644783457,8.359597636921734,0.11366198704824193,0.008045053425364414
breast_cancer,22,7,2,0.017543859649122806,114,2.177033492822972,3.82087912087912,8.318181818181838,189,43,0.2275132275132275,19,0.10052910052910052,0.9181818181818182,0.11419892594352543,0.4972297732469302,0.05313562045706033,122.0000000000005,7.98245614035093,15.283516483516445,0.008167983337332596,inf,inf,inf,17,0.08994708994708994,0.04175824175824183,0.04175824175824183,0.06369482487440262,1.0420441666346725,8.02230644783457,8.359597636921734,0.11366198704824193,0.008045053425364414
breast_cancer,23,1,1,0.008771929824561403,114,1.596491228070177,1.440659340659342,2.3000000000000043,30,26,0.8666666666666667,16,0.5333333333333333,0.8942307692307693,0.43478260869565144,1.3882532418001516,0.42260494867986065,2.3000000000000043,1.596491228070177,1.440659340659342,0.43478260869565144,inf,inf,inf,3,0.1,0.02637362637362639,0.02637362637362639,0.06433103323671717,1.0,1.0,1.0,1.0,0.8713379335265656
breast_cancer,23,1,2,0.017543859649122806,114,1.596491228070177,1.440659340659342,2.3000000000000043,30,21,0.7,15,0.5,0.8942307692307693,0.43478260869565144,1.3882532418001516,0.41042728866406986,2.3000000000000043,1.596491228070177,1.440659340659342,0.43478260869565144,inf,inf,inf,2,0.06666666666666667,0.02637362637362639,0.02637362637362639,0.06433103323671717,1.0,1.0,1.0,1.0,0.8713379335265656
breast_cancer,23,2,1,0.008771929824561403,114,5.986842105263185,2.756043956043938,16.499999999999964,59,48,0.8135593220338984,34,0.576271186440678,0.9722222222222222,0.059687786960514355,0.7146827122903725,0.04714949376243764,32.99999999999993,11.97368421052637,2.756043956043938,0.030073461891643727,inf,inf,inf,6,0.1016949152542373,0.02637362637362639,0.02637362637362639,0.06879351317436246,1.020088019325691,1.0,1.020088019325691,0.7400568333459703,0.5323215818804348
breast_cancer,23,2,2,0.017543859649122806,114,2.926900584795331,1.440659340659342,4.2166666666666845,59,34,0.576271186440678,28,0.4745762711864407,0.9722222222222222,0.2230936274586378,1.3059457373455976,0.17727097000791509,32.99999999999993,11.97368421052637,2.756043956043938,0.030073461891643727,inf,inf,inf,4,0.06779661016949153,0.02637362637362639,0.02637362637362639,0.06879351317436246,1.020088019325691,1.0,1.020088019325691,0.7400568333459703,0.5323215818804348
breast_cancer,23,3,1,0.008771929824561403,114,5.986842105263185,2.756043956043938,16.499999999999964,87,60,0.6896551724137931,40,0.45977011494252873,0.9816513761467891,0.05938994062654923,0.7111163943442111,0.040676351301701566,32.99999999999993,11.97368421052637,2.756043956043938,0.029997969698000504,inf,inf,inf,10,0.11494252873563218,0.02637362637362639,0.02637362637362639,0.06879351317436246,1.020088019325691,1.0,1.020088019325691,0.6948650505085916,0.4022902923997109
breast_cancer,23,3,2,0.017543859649122806,114,2.926900584795331,1.879120879120873,5.499999999999999,87,40,0.45977011494252873,32,0.367816091954023,0.9816513761467891,0.17102150986448528,1.001125914469885,0.11833067226080712,32.99999999999993,11.97368421052637,2.756043956043938,0.029997969698000504,inf,inf,inf,7,0.08045977011494253,0.02637362637362639,0.02637362637362639,0.06879351317436246,1.020088019325691,1.0,1.020088019325691,0.6948650505085916,0.4022902923997109
breast_cancer,23,4,1,0.008771929824561403,114,5.986842105263185,2.756043956043938,16.499999999999964,114,63,0.5526315789473685,40,0.3508771929824561,0.9636363636363636,0.05924251067313924,0.7093511146389072,0.03435299787879162,32.99999999999993,11.97368421052637,2.756043956043938,0.029960413546728626,inf,inf,inf,12,0.10526315789473684,0.02637362637362639,0.02637362637362639,0.06879351317436246,1.020088019325691,1.0,1.020088019325691,0.6752038445839494,0.29614203709822345
breast_cancer,23,4,2,0.017543859649122806,114,2.926900584795331,1.879120879120873,5.499999999999999,114,40,0.3508771929824561,32,0.2807017543859649,0.9636363636363636,0.16979287616966043,0.9939337371101207,0.10004314023210811,32.99999999999993,11.97368421052637,2.756043956043938,0.029960413546728626,inf,inf,inf,7,0.06140350877192982,0.02637362637362639,0.02637362637362639,0.06879351317436246,1.020088019325691,1.0,1.020088019325691,0.6752038445839494,0.29614203709822345
breast_cancer,23,5,1,0.008771929824561403,114,5.986842105263185,2.756043956043938,16.499999999999964,140,70,0.5,40,0.2857142857142857,0.9727272727272728,0.059154524045280765,0.7082975905421808,0.028088840249571083,32.99999999999993,11.97368421052637,2.756043956043938,0.02993794022510543,inf,inf,inf,16,0.11428571428571428,0.02637362637362639,0.02637362637362639,0.06879351317436246,1.020088019325691,1.0,1.020088019325691,0.6641741659211706,0.1980870319414018
breast_cancer,23,5,2,0.017543859649122806,114,2.926900584795331,1.879120879120873,5.499999999999999,140,40,0.2857142857142857,32,0.22857142857142856,0.9727272727272728,0.16906720380500595,0.9896857953731667,0.0822526603512194,32.99999999999993,11.97368421052637,2.756043956043938,0.02993794022510543,inf,inf,inf,7,0.05,0.02637362637362639,0.02637362637362639,0.06879351317436246,1.020088019325691,1.0,1.020088019325691,0.6641741659211706,0.1980870319414018
breast_cancer,23,6,1,0.008771929824561403,114,5.986842105263185,2.756043956043938,16.499999999999964,165,90,0.5454545454545454,40,0.24242424242424243,0.963963963963964,0.059096061209998885,0.7075975750144635,0.021854083577658702,32.99999999999993,11.97368421052637,2.756043956043938,0.029922983069566977,inf,inf,inf,18,0.10909090909090909,0.02637362637362639,0.02637362637362639,0.06879351317436246,1.020088019325691,1.0,1.020088019325691,0.6571097415672836,0.10375416972115008
breast_cancer,23,6,2,0.017543859649122806,114,2.926900584795331,1.879120879120873,5.499999999999999,165,41,0.24848484848484848,32,0.19393939393939394,0.963963963963964,0.16858811075940805,0.986881279942503,0.06470587076546037,32.99999999999993,11.97368421052637,2.756043956043938,0.029922983069566977,inf,inf,inf,7,0.04242424242424243,0.02637362637362639,0.02637362637362639,0.06879351317436246,1.020088019325691,1.0,1.020088019325691,0.6571097415672836,0.10375416972115008
breast_cancer,23,7,1,0.008771929824561403,114,5.986842105263185,2.756043956043938,16.499999999999964,189,95,0.5026455026455027,40,0.21164021164021163,0.954954954954955,0.05905439705058413,0.7070987015267343,0.015636055728767112,32.99999999999993,11.97368421052637,2.756043956043938,0.029912311631021926,inf,inf,inf,19,0.10052910052910052,0.02637362637362639,0.02637362637362639,0.06879351317436246,1.020088019325691,1.0,1.020088019325691,0.6521965885184441,0.011442045412604318
breast_cancer,23,7,2,0.017543859649122806,114,2.926900584795331,1.879120879120873,5.499999999999999,189,42,0.2222222222222222,32,0.1693121693121693,0.954954954954955,0.16824816527231035,0.9848913066525333,0.047296601297437846,32.99999999999993,11.97368421052637,2.756043956043938,0.029912311631021926,inf,inf,inf,8,0.042328042328042326,0.02637362637362639,0.02637362637362639,0.06879351317436246,1.020088019325691,1.0,1.020088019325691,0.6521965885184441,0.011442045412604318
breast_cancer,24,1,1,0.008771929824561403,114,2.3947368421052793,2.0401883830455234,4.885714285714313,30,27,0.9,18,0.6,0.9705882352941176,0.20467836257309835,0.9803016312711619,0.19607922545668466,4.885714285714313,2.3947368421052793,2.0401883830455234,0.20467836257309835,inf,inf,inf,2,0.06666666666666667,0.05714285714285705,0.05714285714285705,0.06665243914128821,1.0,1.0,1.0,1.0,0.8666951217174236
breast_cancer,24,1,2,0.017543859649122806,114,1.1403508771929822,2.0401883830455234,2.3265306122448948,30,22,0.7333333333333333,15,0.5,0.9705882352941176,0.42982456140350944,0.9803016312711617,0.41262628717068206,4.885714285714313,2.3947368421052793,2.0401883830455234,0.20467836257309835,inf,inf,inf,2,0.06666666666666667,0.05714285714285705,0.05714285714285705,0.06665243914128821,1.0,1.0,1.0,1.0,0.8666951217174236
breast_cancer,24,2,1,0.008771929824561403,114,5.587719298245631,2.630769230769236,14.700000000000074,59,42,0.711864406779661,27,0.4576271186440678,0.9714285714285714,0.06687028552917729,0.7473047698611589,0.053759675531613094,76.00000000000072,15.96491228070181,4.760439560439589,0.013114612188365626,inf,inf,inf,10,0.1694915254237288,0.05714285714285705,0.05714285714285705,0.06665243914128821,1.0,1.0,1.0,0.75,0.5500426825761353
breast_cancer,24,2,2,0.017543859649122806,114,2.217348927875247,2.0401883830455234,4.5238095238095255,59,30,0.5084745762711864,22,0.3728813559322034,0.9714285714285714,0.2088365650969527,0.9261270674377546,0.17634087852018937,76.00000000000072,15.96491228070181,4.760439560439589,0.013114612188365626,inf,inf,inf,4,0.06779661016949153,0.05714285714285705,0.05714285714285705,0.06665243914128821,1.0,1.0,1.0,0.75,0.5500426825761353
breast_cancer,24,3,1,0.008771929824561403,114,5.587719298245631,2.630769230769236,14.700000000000074,87,47,0.5402298850574713,28,0.3218390804597701,0.9814814814814815,0.06649630335969092,0.7431253550898815,0.04694037296258878,76.00000000000072,15.96491228070181,4.760439560439589,0.013100269043646029,inf,inf,inf,13,0.14942528735632185,0.05714285714285705,0.05714285714285705,0.06665243914128821,1.0,1.0,1.0,0.7037037037037036,0.42228229399604233
breast_cancer,24,3,2,0.017543859649122806,114,2.217348927875247,2.0401883830455234,4.5238095238095255,87,30,0.3448275862068966,22,0.25287356321839083,0.9814814814814815,0.20516460125382707,0.909843017256252,0.15727812666139276,76.00000000000072,15.96491228070181,4.760439560439589,0.013100269043646029,inf,inf,inf,4,0.04597701149425287,0.05714285714285705,0.05714285714285705,0.06665243914128821,1.0,1.0,1.0,0.7037037037037036,0.42228229399604233
breast_cancer,24,4,1,0.008771929824561403,114,5.587719298245631,2.630769230769236,14.700000000000074,114,59,0.5175438596491229,28,0.24561403508771928,0.9724770642201835,0.06631141479810043,0.7410591443226333,0.040309339558709786,76.00000000000072,15.96491228070181,4.760439560439589,0.013093113173845317,inf,inf,inf,15,0.13157894736842105,0.05714285714285705,0.05714285714285705,0.06665243914128821,1.0,1.0,1.0,0.68359375,0.3190882234460801
breast_cancer,24,4,2,0.017543859649122806,114,2.217348927875247,2.0401883830455234,4.5238095238095255,114,31,0.2719298245614035,22,0.19298245614035087,0.9724770642201835,0.20339430324928431,0.901992280491467,0.1400965993551463,76.00000000000072,15.96491228070181,4.760439560439589,0.013093113173845317,inf,inf,inf,5,0.043859649122807015,0.05714285714285705,0.05714285714285705,0.06665243914128821,1.0,1.0,1.0,0.68359375,0.3190882234460801
breast_cancer,24,5,1,0.008771929824561403,114,5.587719298245631,2.630769230769236,14.700000000000074,140,74,0.5285714285714286,28,0.2,0.9541284403669724,0.0662011442269349,0.739826822325573,0.03375259938809399,76.00000000000072,15.96491228070181,4.760439560439589,0.013088824661922849,inf,inf,inf,15,0.10714285714285714,0.05714285714285705,0.05714285714285705,0.06665243914128821,1.0,1.0,1.0,0.6723199999999999,0.22420232116529107
breast_cancer,24,5,2,0.017543859649122806,114,2.217348927875247,2.0401883830455234,4.5238095238095255,140,34,0.24285714285714285,22,0.15714285714285714,0.9541284403669724,0.20235211834128697,0.8973705053146755,0.12363540734877157,76.00000000000072,15.96491228070181,4.760439560439589,0.013088824661922849,inf,inf,inf,5,0.03571428571428571,0.05714285714285705,0.05714285714285705,0.06665243914128821,1.0,1.0,1.0,0.6723199999999999,0.22420232116529107
breast_cancer,24,6,1,0.008771929824561403,114,5.587719298245631,2.630769230769236,14.700000000000074,165,76,0.46060606060606063,28,0.1696969696969697,0.9724770642201835,0.0661279042539985,0.7390083335052136,0.02723272880635569,76.00000000000072,15.96491228070181,4.760439560439589,0.013085967738028725,inf,inf,inf,16,0.09696969696969697,0.05714285714285705,0.05714285714285705,0.06665243914128821,1.0,1.0,1.0,0.6651020233196159,0.13313395773491568
breast_cancer,24,6,2,0.017543859649122806,114,2.217348927875247,2.0401883830455234,4.5238095238095255,165,34,0.20606060606060606,22,0.13333333333333333,0.9724770642201835,0.20166543572286388,0.8943252753791736,0.10752593305137192,76.00000000000072,15.96491228070181,4.760439560439589,0.013085967738028725,inf,inf,inf,5,0.030303030303030304,0.05714285714285705,0.05714285714285705,0.06665243914128821,1.0,1.0,1.0,0.6651020233196159,0.13313395773491568
breast_cancer,24,7,1,0.008771929824561403,114,5.587719298245631,2.630769230769236,14.700000000000074,189,79,0.41798941798941797,28,0.14814814814814814,0.9724770642201835,0.06607572333949252,0.7384251888992431,0.02073382577550391,76.00000000000072,15.96491228070181,4.760439560439589,0.0130839280977888,inf,inf,inf,17,0.08994708994708994,0.05714285714285705,0.05714285714285705,0.06665243914128821,1.0,1.0,1.0,0.660083322910886,0.044137033791926274
breast_cancer,24,7,2,0.017543859649122806,114,2.217348927875247,2.0401883830455234,4.5238095238095255,189,35,0.18518518518518517,22,0.1164021164021164,0.9724770642201835,0.20117885102675293,0.8921674192706893,0.0916144311163174,76.00000000000072,15.96491228070181,4.760439560439589,0.0130839280977888,inf,inf,inf,5,0.026455026455026454,0.05714285714285705,0.05714285714285705,0.06665243914128821,1.0,1.0,1.0,0.660083322910886,0.044137033791926274
breast_cancer,25,1,1,0.008771929824561403,114,2.317487266553482,1.461538461538459,3.3870967741935445,30,26,0.8666666666666667,16,0.5333333333333333,1.0,0.2952380952380955,1.368421052631581,0.28323440179395887,3.3870967741935445,2.317487266553482,1.461538461538459,0.2952380952380955,inf,inf,inf,1,0.03333333333333333,0.01318681318681314,0.01318681318681314,0.08796197271104483,1.011537264952079,1.0,1.011537264952079,0.9885943253384485,0.8126703799163588
breast_cancer,25,1,2,0.017543859649122806,114,2.317487266553482,1.461538461538459,3.3870967741935445,30,24,0.8,15,0.5,1.0,0.2952380952380955,1.368421052631581,0.27123070834982216,3.3870967741935445,2.317487266553482,1.461538461538459,0.2952380952380955,2.013274336283171,1.1282051282051262,2.2713864306784455,0,0.0,0.01318681318681314,0.01318681318681314,0.08796197271104483,1.011537264952079,1.0,1.011537264952079,0.9885943253384485,0.8126703799163588
breast_cancer,25,2,1,0.008771929824561403,114,3.192982456140362,1.461538461538459,4.666666666666675,59,49,0.8305084745762712,22,0.3728813559322034,1.0,0.20280612244897933,1.2951127819548902,0.18008484557257776,11.666666666666687,7.982456140350905,1.461538461538459,0.08387755102040806,inf,inf,inf,7,0.11864406779661017,0.04175824175824183,0.04175824175824183,0.08907153930861725,1.0043976744071637,1.0,1.0043976744071637,0.7478059975887785,0.48020138709444005
breast_cancer,25,2,2,0.017543859649122806,114,2.4945175438596596,1.461538461538459,3.6458333333333424,59,38,0.6440677966101694,19,0.3220338983050847,1.0,0.2554775510204076,1.274586466165416,0.21075521887425264,11.666666666666687,7.982456140350905,1.461538461538459,0.08387755102040806,inf,inf,inf,4,0.06779661016949153,0.04175824175824183,0.04175824175824183,0.08907153930861725,1.0043976744071637,1.0,1.0043976744071637,0.7478059975887785,0.48020138709444005
breast_cancer,25,3,1,0.008771929824561403,114,3.192982456140362,1.461538461538459,4.666666666666675,87,55,0.632183908045977,22,0.25287356321839083,0.9545454545454545,0.19934402332361478,1.2730039384174743,0.16584391968104967,11.666666666666687,7.982456140350905,1.461538461538459,0.08328862973760909,inf,inf,inf,13,0.14942528735632185,0.04175824175824183,0.04175824175824183,0.048707551680172316,1.3513824109714903,1.0,1.3513824109714903,0.5724653107424571,0.3463786249335326
breast_cancer,25,3,2,0.017543859649122806,114,2.4945175438596596,1.461538461538459,3.6458333333333424,87,38,0.4367816091954023,19,0.21839080459770116,0.9545454545454545,0.24997243148687986,1.247121231650557,0.18433447192632424,11.666666666666687,7.982456140350905,1.461538461538459,0.08328862973760909,inf,inf,inf,4,0.04597701149425287,0.04175824175824183,0.04175824175824183,0.048707551680172316,1.3513824109714903,1.0,1.3513824109714903,0.5724653107424571,0.3463786249335326
breast_cancer,25,4,1,0.008771929824561403,114,3.192982456140362,1.461538461538459,4.666666666666675,114,64,0.5614035087719298,22,0.19298245614035087,0.9545454545454545,0.19767306835042664,1.2623332785886938,0.15338067261047247,11.666666666666723,7.98245614035093,1.461538461538459,0.08299833142440616,inf,inf,inf,18,0.15789473684210525,0.04175824175824183,0.04175824175824183,0.048707551680172316,1.3513824109714903,1.0,1.3513824109714903,0.558795942212196,0.26454504701092646
breast_cancer,25,4,2,0.017543859649122806,114,2.4945175438596596,1.461538461538459,3.6458333333333424,114,38,0.3333333333333333,19,0.16666666666666666,0.9545454545454545,0.24734106282382284,1.2339932410618406,0.16074504590720246,11.666666666666723,7.98245614035093,1.461538461538459,0.08299833142440616,inf,inf,inf,4,0.03508771929824561,0.04175824175824183,0.04175824175824183,0.048707551680172316,1.3513824109714903,1.0,1.3513824109714903,0.558795942212196,0.26454504701092646
breast_cancer,25,5,1,0.008771929824561403,114,3.192982456140362,1.461538461538459,4.666666666666675,140,80,0.5714285714285714,22,0.15714285714285714,0.9818181818181818,0.19668881596953636,1.2560478774194999,0.14159899678447058,11.666666666666723,7.98245614035093,1.461538461538459,0.08282545887327841,inf,inf,inf,31,0.22142857142857142,0.04175824175824183,0.04175824175824183,0.05569936242300705,1.275080091949301,1.0,1.275080091949301,0.573894859528717,0.166308141061091
breast_cancer,25,5,2,0.017543859649122806,114,2.4945175438596596,1.461538461538459,3.6458333333333424,140,44,0.3142857142857143,19,0.1357142857142857,0.9818181818181818,0.24579868958521178,1.2262982868560508,0.1382286644224003,11.666666666666723,7.98245614035093,1.461538461538459,0.08282545887327841,inf,inf,inf,12,0.08571428571428572,0.04175824175824183,0.04175824175824183,0.05569936242300705,1.275080091949301,1.0,1.275080091949301,0.573894859528717,0.166308141061091
breast_cancer,25,6,1,0.008771929824561403,114,3.192982456140362,1.461538461538459,4.666666666666675,165,83,0.503030303030303,22,0.13333333333333333,0.9727272727272728,0.19604008259937922,1.2519050888802505,0.13015034107936602,11.666666666666723,7.98245614035093,1.461538461538459,0.08271074908413978,inf,inf,inf,33,0.2,0.04175824175824183,0.04175824175824183,0.05569936242300705,1.275080091949301,1.0,1.275080091949301,0.5684949588451924,0.0839929824419578
breast_cancer,25,6,2,0.017543859649122806,114,2.4945175438596596,1.461538461538459,3.6458333333333424,165,45,0.2727272727272727,19,0.11515151515151516,0.9727272727272728,0.2447851261062356,1.2212415830958077,0.11623338051720322,11.666666666666723,7.98245614035093,1.461538461538459,0.08271074908413978,inf,inf,inf,12,0.07272727272727272,0.04175824175824183,0.04175824175824183,0.05569936242300705,1.275080091949301,1.0,1.275080091949301,0.5684949588451924,0.0839929824419578
breast_cancer,25,7,1,0.008771929824561403,114,3.192982456140362,1.461538461538459,4.666666666666675,189,85,0.4497354497354497,22,0.1164021164021164,0.9727272727272728,0.1955802826325994,1.248968822425727,0.11888921458891442,11.666666666666723,7.98245614035093,1.461538461538459,0.08262907552054721,inf,inf,inf,34,0.17989417989417988,0.04175824175824183,0.04175824175824183,0.05569936242300705,1.275080091949301,1.0,1.275080091949301,0.5647273113279533,0.0032211626596823435
breast_cancer,25,7,2,0.017543859649122806,114,2.4945175438596596,1.461538461538459,3.6458333333333424,189,45,0.23809523809523808,19,0.10052910052910052,0.9727272727272728,0.24406819358797738,1.2176647816066906,0.09453041339066451,11.666666666666723,7.98245614035093,1.461538461538459,0.08262907552054721,inf,inf,inf,13,0.06878306878306878,0.04175824175824183,0.04175824175824183,0.05569936242300705,1.275080091949301,1.0,1.275080091949301,0.5647273113279533,0.0032211626596823435
breast_cancer,26,1,1,0.008771929824561403,114,1.3668589281422736,1.6506787330316732,2.256244963738919,30,25,0.8333333333333334,15,0.5,0.9801980198019803,0.443214285714286,1.2116228070175448,0.43258601547729,32.94117647058669,19.956140350876268,1.6506787330316732,0.030357142857144304,inf,inf,inf,3,0.1,0.015384615384615441,0.015384615384615441,0.0959654244092601,1.0,1.0071458869931058,1.0071458869931058,0.992904814401377,0.8023357505773254
breast_cancer,26,1,2,0.017543859649122806,114,1.3668589281422736,1.6506787330316732,2.256244963738919,30,22,0.7333333333333333,15,0.5,0.9801980198019803,0.443214285714286,1.2116228070175448,0.421957745240294,32.94117647058669,19.956140350876268,1.6506787330316732,0.030357142857144304,3.429648241206032,1.533031674208144,5.2577593851610995,0,0.0,0.015384615384615441,0.015384615384615441,0.0959654244092601,1.0,1.0071458869931058,1.0071458869931058,0.992904814401377,0.8023357505773254
breast_cancer,26,2,1,0.008771929824561403,114,2.9934210526315863,1.9208791208791205,5.750000000000013,59,42,0.711864406779661,31,0.5254237288135594,1.0093457943925233,0.1663516068052927,0.9959208039001101,0.14887931200002763,74.99999999999723,19.956140350876268,3.7582417582417933,0.01328888888888946,inf,inf,inf,6,0.1016949152542373,0.03516483516483515,0.03516483516483515,0.061337271558086444,1.0,1.2393582061127408,1.2393582061127408,0.644109740716853,0.48607800439862
breast_cancer,26,2,2,0.017543859649122806,114,2.494517543859653,1.9208791208791205,4.791666666666673,59,32,0.5423728813559322,25,0.423728813559322,1.0093457943925233,0.19780718336483905,0.9868669784101086,0.16318027184167733,74.99999999999723,19.956140350876268,3.7582417582417933,0.01328888888888946,inf,inf,inf,2,0.03389830508474576,0.03516483516483515,0.03516483516483515,0.061337271558086444,1.0,1.2393582061127408,1.2393582061127408,0.644109740716853,0.48607800439862
breast_cancer,26,3,1,0.008771929824561403,114,2.9934210526315863,1.9208791208791205,5.750000000000013,87,49,0.5632183908045977,32,0.367816091954023,1.0185185185185186,0.16402594753872757,0.9819974490805424,0.1381839094050291,74.99999999999723,19.956140350876268,3.7582417582417933,0.013274161865569734,inf,inf,inf,7,0.08045977011494253,0.03516483516483515,0.03516483516483515,0.05735846118589185,1.0068881433237384,1.2660396403733398,1.2747603028697656,0.597214048498756,0.39026664395518385
breast_cancer,26,3,2,0.017543859649122806,114,2.494517543859653,1.9208791208791205,4.791666666666673,87,33,0.3793103448275862,25,0.28735632183908044,1.0185185185185186,0.1945143420728197,0.9704388776659331,0.14343861166934954,74.99999999999723,19.956140350876268,3.7582417582417933,0.013274161865569734,inf,inf,inf,2,0.022988505747126436,0.03516483516483515,0.03516483516483515,0.05735846118589185,1.0068881433237384,1.2660396403733398,1.2747603028697656,0.597214048498756,0.39026664395518385
breast_cancer,26,4,1,0.008771929824561403,114,2.9934210526315863,1.9208791208791205,5.750000000000013,114,55,0.4824561403508772,32,0.2807017543859649,0.9909090909090909,0.16289607312723964,0.9752330693801871,0.12867736893846116,74.99999999999723,19.956140350876268,3.7582417582417933,0.013266814691358375,inf,inf,inf,12,0.10526315789473684,0.03516483516483515,0.03516483516483515,0.05363774726265472,1.0243880959073082,1.2909903102115183,1.3224751057123623,0.5674873062311115,0.3180386371588379
breast_cancer,26,4,2,0.017543859649122806,114,2.494517543859653,1.9208791208791205,4.791666666666673,114,34,0.2982456140350877,25,0.21929824561403508,0.9909090909090909,0.19292363306306048,0.9625027746018932,0.1253795787050329,74.99999999999723,19.956140350876268,3.7582417582417933,0.013266814691358375,inf,inf,inf,3,0.02631578947368421,0.03516483516483515,0.03516483516483515,0.05363774726265472,1.0243880959073082,1.2909903102115183,1.3224751057123623,0.5674873062311115,0.3180386371588379
breast_cancer,26,5,1,0.008771929824561403,114,2.9934210526315863,1.9208791208791205,5.750000000000013,140,62,0.44285714285714284,32,0.22857142857142856,0.9819819819819819,0.1622282876596225,0.9712351432253739,0.11963025506201838,74.99999999999723,19.956140350876268,3.7582417582417933,0.013262411599147983,inf,inf,inf,17,0.12142857142857143,0.03516483516483515,0.03516483516483515,0.05363774726265472,1.0243880959073082,1.2909903102115183,1.3224751057123623,0.5594998487868335,0.25207779041312833
breast_cancer,26,5,2,0.017543859649122806,114,2.494517543859653,1.9208791208791205,4.791666666666673,140,34,0.24285714285714285,25,0.17857142857142858,0.9819819819819819,0.19198621359338597,0.9578259559757758,0.10796639289375652,74.99999999999723,19.956140350876268,3.7582417582417933,0.013262411599147983,inf,inf,inf,3,0.02142857142857143,0.03516483516483515,0.03516483516483515,0.05363774726265472,1.0243880959073082,1.2909903102115183,1.3224751057123623,0.5594998487868335,0.25207779041312833
breast_cancer,26,6,1,0.008771929824561403,114,2.9934210526315863,1.9208791208791205,5.750000000000013,165,68,0.4121212121212121,32,0.19393939393939394,0.9819819819819819,0.16178723222795388,0.9685946139963052,0.11080856833341152,74.99999999999723,19.956140350876268,3.7582417582417933,0.013259478372525169,inf,inf,inf,17,0.10303030303030303,0.03516483516483515,0.03516483516483515,0.05363774726265472,1.0243880959073082,1.2909903102115183,1.3224751057123623,0.5543538766844055,0.18884040559277898
breast_cancer,26,6,2,0.017543859649122806,114,2.494517543859653,1.9208791208791205,4.791666666666673,165,35,0.21212121212121213,25,0.15151515151515152,0.9819819819819819,0.19136817330624423,0.9547425312976016,0.09086895948544406,74.99999999999723,19.956140350876268,3.7582417582417933,0.013259478372525169,inf,inf,inf,3,0.01818181818181818,0.03516483516483515,0.03516483516483515,0.05363774726265472,1.0243880959073082,1.2909903102115183,1.3224751057123623,0.5543538766844055,0.18884040559277898
breast_cancer,26,7,1,0.008771929824561403,114,2.9934210526315863,1.9208791208791205,5.750000000000013,189,74,0.3915343915343915,32,0.1693121693121693,0.9553571428571429,0.16147419034992372,0.9667204817002036,0.10211416077184104,74.99999999999723,19.956140350876268,3.7582417582417933,0.013257384271483708,inf,inf,inf,21,0.1111111111111111,0.03516483516483515,0.03516483516483515,0.05363774726265472,1.0243880959073082,1.2909903102115183,1.3224751057123623,0.5507613626206389,0.12709249301979506
breast_cancer,26,7,2,0.017543859649122806,114,2.494517543859653,1.9208791208791205,4.791666666666673,189,35,0.18518518518518517,25,0.13227513227513227,0.9553571428571429,0.19093004365847388,0.9525566871119051,0.07394939787280132,74.99999999999723,19.956140350876268,3.7582417582417933,0.013257384271483708,inf,inf,inf,3,0.015873015873015872,0.03516483516483515,0.03516483516483515,0.05363774726265472,1.0243880959073082,1.2909903102115183,1.3224751057123623,0.5507613626206389,0.12709249301979506
breast_cancer,27,1,1,0.008771929824561403,114,1.8421052631578971,2.1833594976452084,4.021978021978021,30,29,0.9666666666666667,17,0.5666666666666667,0.9326923076923077,0.24863387978142082,0.9160195570894463,0.24059862050870637,4.021978021978021,1.8421052631578971,2.1833594976452084,0.24863387978142082,inf,inf,inf,5,0.16666666666666666,0.05274725274725278,0.05274725274725278,0.12031604860226607,1.0,1.0,1.0,1.0,0.7593679027954678
breast_cancer,27,1,2,0.017543859649122806,114,1.8421052631578971,2.1833594976452084,4.021978021978021,30,26,0.8666666666666667,15,0.5,0.9326923076923077,0.24863387978142082,0.9160195570894463,0.23256336123599194,4.021978021978021,1.8421052631578971,2.1833594976452084,0.24863387978142082,inf,inf,inf,4,0.13333333333333333,0.05274725274725278,0.05274725274725278,0.12031604860226607,1.0,1.0,1.0,1.0,0.7593679027954678
breast_cancer,27,2,1,0.008771929824561403,114,6.984649122807038,2.25494505494504,15.749999999999941,59,51,0.864406779661017,35,0.5932203389830508,1.0190476190476192,0.06248425296044369,0.8728611652588322,0.04717089918397295,44.999999999999886,19.956140350877277,2.25494505494504,0.022098765432098877,inf,inf,inf,9,0.15254237288135594,0.05274725274725278,0.05274725274725278,0.11251141807404272,1.0274302073186508,1.0,1.0274302073186508,0.7364728663328558,0.39593479588895164
breast_cancer,27,2,2,0.017543859649122806,114,4.490131578947386,2.1833594976452084,9.80357142857145,59,35,0.5932203389830508,23,0.3898305084745763,1.0190476190476192,0.0994024571915817,0.8926602241217733,0.0680810458188879,44.999999999999886,19.956140350877277,2.25494505494504,0.022098765432098877,inf,inf,inf,6,0.1016949152542373,0.05274725274725278,0.05274725274725278,0.11251141807404272,1.0274302073186508,1.0,1.0274302073186508,0.7364728663328558,0.39593479588895164
breast_cancer,27,3,1,0.008771929824561403,114,6.984649122807038,2.25494505494504,15.749999999999941,87,61,0.7011494252873564,37,0.42528735632183906,0.9357798165137615,0.062157795815868444,0.8683007880418491,0.039307775077925045,44.999999999999886,19.956140350877277,2.25494505494504,0.02205801961083176,inf,inf,inf,17,0.19540229885057472,0.05274725274725278,0.05274725274725278,0.11251141807404272,1.0274302073186508,1.0,1.0274302073186508,0.6916788800874584,0.2119402462027558
breast_cancer,27,3,2,0.017543859649122806,114,4.490131578947386,2.1833594976452084,9.80357142857145,87,36,0.41379310344827586,23,0.26436781609195403,0.9357798165137615,0.09857470347113617,0.885226777882246,0.051983820424702176,44.999999999999886,19.956140350877277,2.25494505494504,0.02205801961083176,inf,inf,inf,7,0.08045977011494253,0.05274725274725278,0.05274725274725278,0.11251141807404272,1.0274302073186508,1.0,1.0274302073186508,0.6916788800874584,0.2119402462027558
breast_cancer,27,4,1,0.008771929824561403,114,6.984649122807038,2.25494505494504,15.749999999999941,114,74,0.6491228070175439,37,0.32456140350877194,0.9357798165137615,0.06199628120706979,0.866044542300517,0.03160875340705166,44.999999999999886,19.956140350877277,2.25494505494504,0.02203772195549447,inf,inf,inf,30,0.2631578947368421,0.05274725274725278,0.05274725274725278,0.11251141807404272,1.0274302073186508,1.0,1.0274302073186508,0.6721793369700009,0.05056063282463398
breast_cancer,27,4,2,0.017543859649122806,114,4.490131578947386,2.1833594976452084,9.80357142857145,114,38,0.3333333333333333,23,0.20175438596491227,0.9357798165137615,0.09816777401508792,0.8815724442802337,0.036303041083141696,44.999999999999886,19.956140350877277,2.25494505494504,0.02203772195549447,inf,inf,inf,13,0.11403508771929824,0.05274725274725278,0.05274725274725278,0.11251141807404272,1.0274302073186508,1.0,1.0274302073186508,0.6721793369700009,0.05056063282463398
breast_cancer,27,5,1,0.008771929824561403,114,6.984649122807038,2.25494505494504,15.749999999999941,140,90,0.6428571428571429,37,0.2642857142857143,0.9729729729729729,0.06189991311482801,0.8646983476786307,0.02397454698857228,44.999999999999886,19.956140350877277,2.25494505494504,0.022025567323788908,inf,inf,inf,43,0.30714285714285716,0.05274725274725278,0.05274725274725278,0.11251141807404272,1.0274302073186508,1.0,1.0274302073186508,0.6612375945270998,-0.10313739075394843
breast_cancer,27,5,2,0.017543859649122806,114,4.490131578947386,2.1833594976452084,9.80357142857145,140,41,0.29285714285714287,23,0.16428571428571428,0.9729729729729729,0.0979257889151437,0.8793993544024452,0.020785494669315174,44.999999999999886,19.956140350877277,2.25494505494504,0.022025567323788908,inf,inf,inf,19,0.1357142857142857,0.05274725274725278,0.05274725274725278,0.11251141807404272,1.0274302073186508,1.0,1.0274302073186508,0.6612375945270998,-0.10313739075394843
breast_cancer,27,6,1,0.008771929824561403,114,6.984649122807038,2.25494505494504,15.749999999999941,165,97,0.5878787878787879,37,0.22424242424242424,0.9369369369369368,0.061835891226410866,0.8638040068250842,0.016372522446143276,44.999999999999886,19.956140350877277,2.25494505494504,0.02201747419228295,inf,inf,inf,44,0.26666666666666666,0.05274725274725278,0.05274725274725278,0.11251141807404272,1.0274302073186508,1.0,1.0274302073186508,0.6542284962810334,-0.2532986643418867
breast_cancer,27,6,2,0.017543859649122806,114,4.490131578947386,2.1833594976452084,9.80357142857145,165,43,0.2606060606060606,23,0.1393939393939394,0.9369369369369368,0.0977653593589437,0.877958654769465,0.005348658856894756,44.999999999999886,19.956140350877277,2.25494505494504,0.02201747419228295,inf,inf,inf,19,0.11515151515151516,0.05274725274725278,0.05274725274725278,0.11251141807404272,1.0274302073186508,1.0,1.0274302073186508,0.6542284962810334,-0.2532986643418867
breast_cancer,27,7,1,0.008771929824561403,114,6.984649122807038,2.25494505494504,15.749999999999941,189,109,0.5767195767195767,37,0.19576719576719576,0.9189189189189189,0.06179027022543149,0.8631667134561398,0.008788805364089575,44.999999999999886,19.956140350877277,2.25494505494504,0.022011698251938272,inf,inf,inf,53,0.2804232804232804,0.05274725274725278,0.05274725274725278,0.11251141807404272,1.0274302073186508,1.0,1.0274302073186508,0.649353374004441,-0.4015385772805551
breast_cancer,27,7,2,0.017543859649122806,114,4.490131578947386,2.1833594976452084,9.80357142857145,189,44,0.2328042328042328,23,0.12169312169312169,0.9189189189189189,0.09765120108706926,0.876933483446382,-0.010042384599328533,44.999999999999886,19.956140350877277,2.25494505494504,0.022011698251938272,inf,inf,inf,20,0.10582010582010581,0.05274725274725278,0.05274725274725278,0.11251141807404272,1.0274302073186508,1.0,1.0274302073186508,0.649353374004441,-0.4015385772805551
breast_cancer,28,1,1,0.008771929824561403,114,2.3282163742690076,1.2840659340659344,2.9895833333333366,30,29,0.9666666666666667,15,0.5,0.9722222222222222,0.33449477351916346,1.5575524176294393,0.32083203301364205,2.9895833333333366,2.3282163742690076,1.2840659340659344,0.33449477351916346,inf,inf,inf,5,0.16666666666666666,0.04615384615384621,0.04615384615384621,0.10527654252698283,1.0,1.0,1.0,1.0,0.7894469149460344
breast_cancer,28,1,2,0.017543859649122806,114,2.3282163742690076,1.2840659340659344,2.9895833333333366,30,25,0.8333333333333334,15,0.5,0.9722222222222222,0.33449477351916346,1.5575524176294393,0.30716929250812064,2.9895833333333366,2.3282163742690076,1.2840659340659344,0.33449477351916346,inf,inf,inf,1,0.03333333333333333,0.04615384615384621,0.04615384615384621,0.10527654252698283,1.0,1.0,1.0,1.0,0.7894469149460344
breast_cancer,28,2,1,0.008771929824561403,114,2.328216374269013,3.7582417582417333,8.749999999999968,59,43,0.7288135593220338,23,0.3898305084745763,0.9629629629629629,0.11102040816326575,0.5169590643274891,0.10195095089436243,37.49999999999991,9.978070175438639,3.7582417582417333,0.026488888888889006,inf,inf,inf,10,0.1694915254237288,0.04615384615384621,0.04615384615384621,0.10527654252698283,1.0,1.0,1.0,0.75,0.43417037241905154
breast_cancer,28,2,2,0.017543859649122806,114,2.328216374269013,1.5032967032966995,3.5000000000000018,59,30,0.5084745762711864,19,0.3220338983050847,0.9629629629629629,0.26530612244897944,1.2353801169590675,0.22195945167848585,37.49999999999991,9.978070175438639,3.7582417582417333,0.026488888888889006,inf,inf,inf,4,0.06779661016949153,0.04615384615384621,0.04615384615384621,0.10527654252698283,1.0,1.0,1.0,0.75,0.43417037241905154
breast_cancer,28,3,1,0.008771929824561403,114,2.328216374269013,3.7582417582417333,8.749999999999968,87,61,0.7011494252873564,24,0.27586206896551724,0.9464285714285715,0.1099872583954219,0.5121482719143564,0.09650967229241252,59.999999999999815,15.96491228070181,3.7582417582417333,0.016574245541838062,inf,inf,inf,27,0.3103448275862069,0.04615384615384621,0.04615384615384621,0.07528298030648317,1.1930435353039184,1.0,1.1930435353039184,0.6258141452450534,0.28856588260060306
breast_cancer,28,3,2,0.017543859649122806,114,2.328216374269013,1.5032967032966995,3.5000000000000018,87,34,0.39080459770114945,19,0.21839080459770116,0.9464285714285715,0.25936723895907565,1.2077261053869275,0.1958027070966058,59.999999999999815,15.96491228070181,3.7582417582417333,0.016574245541838062,inf,inf,inf,11,0.12643678160919541,0.04615384615384621,0.04615384615384621,0.07528298030648317,1.1930435353039184,1.0,1.1930435353039184,0.6258141452450534,0.28856588260060306
breast_cancer,28,4,1,0.008771929824561403,114,2.328216374269013,3.7582417582417333,8.749999999999968,114,69,0.6052631578947368,24,0.21052631578947367,0.9380530973451328,0.10948038317367803,0.5097880415324059,0.0915930834707866,59.999999999999815,15.96491228070181,3.7582417582417333,0.016562789050443616,inf,inf,inf,30,0.2631578947368421,0.04615384615384621,0.04615384615384621,0.07528298030648317,1.1930435353039184,1.0,1.1930435353039184,0.6096071977117512,0.171587976646608
breast_cancer,28,4,2,0.017543859649122806,114,2.328216374269013,1.5032967032966995,3.5000000000000018,114,34,0.2982456140350877,19,0.16666666666666666,0.9380530973451328,0.2565337359433568,1.1945320891514533,0.17270692266957063,59.999999999999815,15.96491228070181,3.7582417582417333,0.016562789050443616,inf,inf,inf,12,0.10526315789473684,0.04615384615384621,0.04615384615384621,0.07528298030648317,1.1930435353039184,1.0,1.1930435353039184,0.6096071977117512,0.171587976646608
breast_cancer,28,5,1,0.008771929824561403,114,2.328216374269013,3.7582417582417333,8.749999999999968,140,84,0.6,24,0.17142857142857143,0.9380530973451328,0.10917928287365997,0.5083859882348071,0.08688165181072983,59.999999999999815,15.96491228070181,3.7582417582417333,0.016555925309053365,inf,inf,inf,42,0.3,0.04615384615384621,0.04615384615384621,0.07528298030648317,1.1930435353039184,1.0,1.1930435353039184,0.6004602591295071,0.061151635536030445
breast_cancer,28,5,2,0.017543859649122806,114,2.328216374269013,1.5032967032966995,3.5000000000000018,140,35,0.25,19,0.1357142857142857,0.9380530973451328,0.2548744118522045,1.1868055581129735,0.15076866114054016,59.999999999999815,15.96491228070181,3.7582417582417333,0.016555925309053365,inf,inf,inf,20,0.14285714285714285,0.04615384615384621,0.04615384615384621,0.07528298030648317,1.1930435353039184,1.0,1.1930435353039184,0.6004602591295071,0.061151635536030445
breast_cancer,28,6,1,0.008771929824561403,114,2.328216374269013,3.7582417582417333,8.749999999999968,165,93,0.5636363636363636,24,0.14545454545454545,0.9734513274336284,0.10897979194073637,0.5074570721217052,0.08227152498696241,59.999999999999815,15.96491228070181,3.7582417582417333,0.016551353703266547,inf,inf,inf,51,0.3090909090909091,0.04615384615384621,0.04615384615384621,0.07039954328223443,1.2755708546430429,1.0,1.2755708546430429,0.5683451581385077,-0.044100894346200174
breast_cancer,28,6,2,0.017543859649122806,114,2.328216374269013,1.5032967032966995,3.5000000000000018,165,36,0.21818181818181817,19,0.11515151515151516,0.9734513274336284,0.25378460336337205,1.1817309381759393,0.12939187302906266,59.999999999999815,15.96491228070181,3.7582417582417333,0.016551353703266547,inf,inf,inf,21,0.12727272727272726,0.04615384615384621,0.04615384615384621,0.07039954328223443,1.2755708546430429,1.0,1.2755708546430429,0.5683451581385077,-0.044100894346200174
breast_cancer,28,7,1,0.008771929824561403,114,2.328216374269013,3.7582417582417333,8.749999999999968,189,112,0.5925925925925926,24,0.12698412698412698,0.9646017699115045,0.10883790154626383,0.5067963690421803,0.07771882625420012,59.999999999999815,15.96491228070181,3.7582417582417333,0.016548090335622767,inf,inf,inf,51,0.2698412698412698,0.04615384615384621,0.04615384615384621,0.07039954328223443,1.2755708546430429,1.0,1.2755708546430429,0.5645793801666447,-0.14520669912621578
breast_cancer,28,7,2,0.017543859649122806,114,2.328216374269013,1.5032967032966995,3.5000000000000018,189,36,0.19047619047619047,19,0.10052910052910052,0.9646017699115045,0.2530140292413863,1.1781428115991488,0.10832982430815746,59.999999999999815,15.96491228070181,3.7582417582417333,0.016548090335622767,inf,inf,inf,21,0.1111111111111111,0.04615384615384621,0.04615384615384621,0.07039954328223443,1.2755708546430429,1.0,1.2755708546430429,0.5645793801666447,-0.14520669912621578
breast_cancer,29,1,1,0.008771929824561403,114,1.2509819324430487,4.008791208791207,5.0149253731343295,30,29,0.9666666666666667,16,0.5333333333333333,0.9900990099009901,0.19940476190476186,0.49890350877193,0.19502841533658705,5.0149253731343295,1.2509819324430487,4.008791208791207,0.19940476190476186,inf,inf,inf,3,0.1,0.03296703296703296,0.03296703296703296,0.061492576755547396,1.0,1.0024593454604138,1.0024593454604138,0.9975466880811169,0.8748632555129765
breast_cancer,29,1,2,0.017543859649122806,114,1.2509819324430487,1.8254317111459952,2.283582089552238,30,24,0.8,15,0.5,0.9900990099009901,0.43790849673202636,1.0956312349501216,0.41868689611886634,5.0149253731343295,1.2509819324430487,4.008791208791207,0.19940476190476186,inf,inf,inf,2,0.06666666666666667,0.03296703296703296,0.03296703296703296,0.061492576755547396,1.0,1.0024593454604138,1.0024593454604138,0.9975466880811169,0.8748632555129765
breast_cancer,29,2,1,0.008771929824561403,114,5.986842105263185,4.008791208791207,24.0000000000001,59,47,0.7966101694915254,33,0.559322033898305,0.9444444444444445,0.04123263888888873,0.49370659722222254,0.032571119639376055,24.0000000000001,5.986842105263185,4.008791208791207,0.04123263888888873,inf,inf,inf,8,0.13559322033898305,0.03736263736263723,0.03736263736263723,0.04660350517709938,1.0,1.0873270534575674,1.0873270534575674,0.7082306793937704,0.5762065508589376
breast_cancer,29,2,2,0.017543859649122806,114,2.280701754385973,2.5054945054944953,5.714285714285711,59,36,0.6101694915254238,27,0.4576271186440678,0.9444444444444445,0.16734375,0.7633223684210554,0.14056050900277,24.0000000000001,5.986842105263185,4.008791208791207,0.04123263888888873,inf,inf,inf,4,0.06779661016949153,0.03736263736263723,0.03736263736263723,0.04660350517709938,1.0,1.0873270534575674,1.0873270534575674,0.7082306793937704,0.5762065508589376
breast_cancer,29,3,1,0.008771929824561403,114,5.986842105263185,4.008791208791207,24.0000000000001,87,55,0.632183908045977,34,0.39080459770114945,0.9816513761467891,0.04109064214677627,0.4920063730732444,0.028143106013269838,80.0000000000003,19.956140350877277,4.008791208791207,0.012447989004629623,inf,inf,inf,16,0.1839080459770115,0.03736263736263723,0.03736263736263723,0.07452591488887013,1.0,1.0,1.0,0.7037037037037036,0.3890387297284742
breast_cancer,29,3,2,0.017543859649122806,114,2.280701754385973,2.5054945054944953,5.714285714285711,87,36,0.41379310344827586,27,0.3103448275862069,0.9816513761467891,0.1649901620370371,0.7525867040285928,0.1253803355092164,80.0000000000003,19.956140350877277,4.008791208791207,0.012447989004629623,inf,inf,inf,4,0.04597701149425287,0.03736263736263723,0.03736263736263723,0.07452591488887013,1.0,1.0,1.0,0.7037037037037036,0.3890387297284742
breast_cancer,29,4,1,0.008771929824561403,114,5.986842105263185,4.008791208791207,24.0000000000001,114,65,0.5701754385964912,34,0.2982456140350877,0.9464285714285715,0.04102013434892804,0.49116213496743005,0.023786375227263828,80.0000000000003,19.956140350877277,4.008791208791207,0.01244152822494482,inf,inf,inf,17,0.14912280701754385,0.03736263736263723,0.03736263736263723,0.06969158698962014,1.0460104641965404,1.0,1.0460104641965404,0.6646247642905883,0.27702554849009775
breast_cancer,29,4,2,0.017543859649122806,114,2.280701754385973,2.5054945054944953,5.714285714285711,114,36,0.3157894736842105,27,0.23684210526315788,0.9464285714285715,0.1638469223022463,0.7473719262909506,0.11139976958007432,80.0000000000003,19.956140350877277,4.008791208791207,0.01244152822494482,inf,inf,inf,4,0.03508771929824561,0.03736263736263723,0.03736263736263723,0.06969158698962014,1.0460104641965404,1.0,1.0460104641965404,0.6646247642905883,0.27702554849009775
breast_cancer,29,5,1,0.008771929824561403,114,5.986842105263185,4.008791208791207,24.0000000000001,140,75,0.5357142857142857,34,0.24285714285714285,0.9380530973451328,0.04097798518679252,0.49065745421028106,0.019457921405639844,80.0000000000003,19.956140350877277,4.008791208791207,0.012437656054784862,inf,inf,inf,23,0.16428571428571428,0.03736263736263723,0.03736263736263723,0.06969158698962014,1.0460104641965404,1.0,1.0460104641965404,0.6539024475452688,0.17721979611506858
breast_cancer,29,5,2,0.017543859649122806,114,2.280701754385973,2.5054945054944953,5.714285714285711,140,36,0.2571428571428571,27,0.19285714285714287,0.9380530973451328,0.16317129939687514,0.7442901375997839,0.09788269083549059,80.0000000000003,19.956140350877277,4.008791208791207,0.012437656054784862,inf,inf,inf,4,0.02857142857142857,0.03736263736263723,0.03736263736263723,0.06969158698962014,1.0460104641965404,1.0,1.0460104641965404,0.6539024475452688,0.17721979611506858
breast_cancer,29,6,1,0.008771929824561403,114,5.986842105263185,4.008791208791207,24.0000000000001,165,82,0.49696969696969695,34,0.20606060606060606,0.9292035398230089,0.04094995020815584,0.4903217722292366,0.015143541143459175,80.0000000000003,19.956140350877277,4.008791208791207,0.012435076395905909,inf,inf,inf,25,0.15151515151515152,0.03736263736263723,0.03736263736263723,0.06969158698962014,1.0460104641965404,1.0,1.0460104641965404,0.6470314160805487,0.08102285844248745
breast_cancer,29,6,2,0.017543859649122806,114,2.280701754385973,2.5054945054944953,5.714285714285711,165,36,0.21818181818181817,27,0.16363636363636364,0.9292035398230089,0.16272509257224232,0.7422548082242658,0.08459300749600382,80.0000000000003,19.956140350877277,4.008791208791207,0.012435076395905909,inf,inf,inf,4,0.024242424242424242,0.03736263736263723,0.03736263736263723,0.06969158698962014,1.0460104641965404,1.0,1.0460104641965404,0.6470314160805487,0.08102285844248745
breast_cancer,29,7,1,0.008771929824561403,114,5.986842105263185,4.008791208791207,24.0000000000001,189,87,0.4603174603174603,34,0.17989417989417988,0.9380530973451328,0.04092995669196564,0.49008237618011713,0.010837179207221607,80.0000000000003,19.956140350877277,4.008791208791207,0.012433234657245995,inf,inf,inf,30,0.15873015873015872,0.03736263736263723,0.03736263736263723,0.06969158698962014,1.0460104641965404,1.0,1.0460104641965404,0.6422512052643908,-0.01321355401664561
breast_cancer,29,7,2,0.017543859649122806,114,2.280701754385973,2.5054945054944953,5.714285714285711,189,36,0.19047619047619047,27,0.14285714285714285,0.9380530973451328,0.16240840650024424,0.7408102752642746,0.07143170602919298,80.0000000000003,19.956140350877277,4.008791208791207,0.012433234657245995,inf,inf,inf,5,0.026455026455026454,0.03736263736263723,0.03736263736263723,0.06969158698962014,1.0460104641965404,1.0,1.0460104641965404,0.6422512052643908,-0.01321355401664561
wine,0,1,1,0.027777777777777776,36,3.9614499650544635,1.4899673905501973,5.902431267227369,13,10,0.7692307692307693,10,0.7692307692307693,0.8148148148148149,0.1694217102624126,1.3423112563970037,0.13213528647360695,5.902431267227369,3.9614499650544635,1.4899673905501973,0.1694217102624126,inf,inf,inf,1,0.07692307692307693,0.056473322694789385,0.056473322694789385,0.3080474101489221,1.0143925100097184,1.0,1.0143925100097184,0.985811695307588,0.36971687500974376
wine,0,1,2,0.05555555555555555,36,3.0211548073977306,1.4899673905501973,4.501422144826581,13,9,0.6923076923076923,9,0.6923076923076923,0.8148148148148149,0.2221520150358005,1.3423112563970032,0.14757916745818922,5.902431267227369,3.9614499650544635,1.4899673905501973,0.1694217102624126,inf,inf,inf,1,0.07692307692307693,0.056473322694789385,0.056473322694789385,0.3080474101489221,1.0143925100097184,1.0,1.0143925100097184,0.985811695307588,0.36971687500974376
wine,0,2,1,0.027777777777777776,36,7.048611111111106,1.4899673905501973,10.502200704225341,25,18,0.72,17,0.68,0.9696969696969697,0.09295151491544473,1.310358161655227,0.020153839267932128,210.04401408451665,140.9722222222287,1.4899673905501973,0.00475524036056707,inf,inf,inf,2,0.08,0.056473322694789385,0.056473322694789385,0.05760278914868518,6.017761283335625,1.2307548393811143,7.406388821705626,0.13046106296754223,-0.05043094205780846
wine,0,2,2,0.05555555555555555,36,3.4931170108161305,1.4899673905501973,5.204630437492216,25,14,0.56,14,0.56,0.9696969696969697,0.18290748234015897,1.2778344759359206,0.040925873902834475,210.04401408451665,140.9722222222287,1.4899673905501973,0.00475524036056707,inf,inf,inf,1,0.04,0.056473322694789385,0.056473322694789385,0.05760278914868518,6.017761283335625,1.2307548393811143,7.406388821705626,0.13046106296754223,-0.05043094205780846
wine,0,3,1,0.027777777777777776,36,7.048611111111106,1.4899673905501973,10.502200704225341,36,20,0.5555555555555556,19,0.5277777777777778,1.0,0.09222794763560738,1.300157872918631,-0.016118541774278516,210.04401408451665,140.9722222222287,1.4899673905501973,0.0047533555044102505,inf,inf,inf,2,0.05555555555555555,0.056473322694789385,0.056473322694789385,0.05760278914868518,6.017761283335625,1.2307548393811143,7.406388821705626,0.12903305779945684,-0.1393349288890634
wine,0,3,2,0.05555555555555555,36,3.4931170108161305,1.4899673905501973,5.204630437492216,36,14,0.3888888888888889,14,0.3888888888888889,1.0,0.1800938134782719,1.2581775268073978,-0.02960244098962772,210.04401408451665,140.9722222222287,1.4899673905501973,0.0047533555044102505,inf,inf,inf,1,0.027777777777777776,0.056473322694789385,0.056473322694789385,0.05760278914868518,6.017761283335625,1.2307548393811143,7.406388821705626,0.12903305779945684,-0.1393349288890634
wine,0,4,1,0.027777777777777776,36,7.048611111111106,1.4899673905501973,10.502200704225341,46,20,0.43478260869565216,19,0.41304347826086957,1.0,0.09187183799868226,1.2951377162314226,-0.05203235269369802,210.04401408451665,140.9722222222287,1.4899673905501973,0.004752413823712831,inf,inf,inf,2,0.043478260869565216,0.056473322694789385,0.056473322694789385,0.05760278914868518,6.017761283335625,1.2307548393811143,7.406388821705626,0.12833485002599065,-0.22755291920987386
wine,0,4,2,0.05555555555555555,36,3.4931170108161305,1.4899673905501973,5.204630437492216,46,14,0.30434782608695654,14,0.30434782608695654,1.0,0.17873091249222794,1.2486559815705813,-0.09874819452345679,210.04401408451665,140.9722222222287,1.4899673905501973,0.004752413823712831,inf,inf,inf,1,0.021739130434782608,0.056473322694789385,0.056473322694789385,0.05760278914868518,6.017761283335625,1.2307548393811143,7.406388821705626,0.12833485002599065,-0.22755291920987386
wine,0,5,1,0.027777777777777776,36,7.048611111111106,1.4899673905501973,10.502200704225341,55,21,0.38181818181818183,19,0.34545454545454546,1.0,0.09165994930148769,1.2921506741806936,-0.08780542211249753,210.04401408451665,140.9722222222287,1.4899673905501973,0.004751849054200563,inf,inf,inf,2,0.03636363636363636,0.056473322694789385,0.056473322694789385,0.05760278914868518,6.017761283335625,1.2307548393811143,7.406388821705626,0.12792082789338122,-0.3155037180167951
wine,0,5,2,0.05555555555555555,36,3.4931170108161305,1.4899673905501973,5.204630437492216,55,14,0.2545454545454545,14,0.2545454545454545,1.0,0.1779266329815703,1.2430370966903233,-0.16736144943240838,210.04401408451665,140.9722222222287,1.4899673905501973,0.004751849054200563,inf,inf,inf,1,0.01818181818181818,0.056473322694789385,0.056473322694789385,0.05760278914868518,6.017761283335625,1.2307548393811143,7.406388821705626,0.12792082789338122,-0.3155037180167951
wine,0,6,1,0.027777777777777776,36,7.048611111111106,1.4899673905501973,10.502200704225341,63,21,0.3333333333333333,19,0.30158730158730157,1.0294117647058825,0.09151942191343465,1.2901696283630015,-0.12350884948039895,210.04401408451665,140.9722222222287,1.4899673905501973,0.004751472640676657,inf,inf,inf,2,0.031746031746031744,0.056473322694789385,0.056473322694789385,0.05760278914868518,6.017761283335625,1.2307548393811143,7.406388821705626,0.12764682197409205,-0.4033228567204362
wine,0,6,2,0.05555555555555555,36,3.4931170108161305,1.4899673905501973,5.204630437492216,63,14,0.2222222222222222,14,0.2222222222222222,1.0294117647058825,0.17739592409000016,1.239329440176453,-0.23571388930215076,210.04401408451665,140.9722222222287,1.4899673905501973,0.004751472640676657,inf,inf,inf,1,0.015873015873015872,0.056473322694789385,0.056473322694789385,0.05760278914868518,6.017761283335625,1.2307548393811143,7.406388821705626,0.12764682197409205,-0.4033228567204362
wine,0,7,1,0.027777777777777776,36,7.048611111111106,1.4899673905501973,10.502200704225341,70,21,0.3,19,0.2714285714285714,0.9444444444444444,0.09141940090997958,1.2887596100504057,-0.1591727454887104,210.04401408451665,140.9722222222287,1.4899673905501973,0.004751203822582983,inf,inf,inf,2,0.02857142857142857,0.056473322694789385,0.056473322694789385,0.05760278914868518,6.017761283335625,1.2307548393811143,7.406388821705626,0.1274520769271411,-0.49106745874505436
wine,0,7,2,0.05555555555555555,36,3.4931170108161305,1.4899673905501973,5.204630437492216,70,14,0.2,14,0.2,0.9444444444444444,0.1770194889778296,1.2366995763888702,-0.30391923517339764,210.04401408451665,140.9722222222287,1.4899673905501973,0.004751203822582983,inf,inf,inf,1,0.014285714285714285,0.056473322694789385,0.056473322694789385,0.05760278914868518,6.017761283335625,1.2307548393811143,7.406388821705626,0.1274520769271411,-0.49106745874505436
wine,1,1,1,0.027777777777777776,36,2.496016902188976,4.311857351002563,10.762468827930181,13,11,0.8461538461538461,11,0.8461538461538461,0.9615384615384616,0.09291548398308513,0.46383723699369916,0.0800311162888157,92.51339764201535,21.455579373585906,4.311857351002563,0.010809245206510942,4.0550197503910725,3.3118573510025637,13.429646968793255,0,0.0,0.0,0.0,0.13239119974724986,1.0001754692013565,1.0,1.0001754692013565,0.9998245615826825,0.7350421620881827
wine,1,1,2,0.05555555555555555,36,2.496016902188976,1.5238493027128277,3.8035536159601033,13,10,0.7692307692307693,10,0.7692307692307693,0.9615384615384616,0.2629120293727152,1.3124657382062033,0.18999726613903722,92.51339764201535,21.455579373585906,4.311857351002563,0.010809245206510942,2.2391004449305276,2.311857351002564,5.176480823245752,0,0.0,0.0,0.0,0.13239119974724986,1.0001754692013565,1.0,1.0001754692013565,0.9998245615826825,0.7350421620881827
wine,1,2,1,0.027777777777777776,36,2.6432291666666647,4.311857351002563,11.397227112676036,25,20,0.8,16,0.64,0.911764705882353,0.08581603493152612,0.4536628929973904,0.06061254087611555,92.51339764201535,21.455579373585906,4.311857351002563,0.010780035261027332,inf,inf,inf,5,0.2,0.06970443349753697,0.06970443349753697,0.13001792522049363,1.0175662616484686,1.0,1.0175662616484686,0.7412939895732104,0.34899571251708394
wine,1,2,2,0.05555555555555555,36,2.6432291666666647,1.5339901477832505,4.054687499999995,25,15,0.6,15,0.6,0.911764705882353,0.23142177226844296,1.2234015565232783,0.09548826598807872,92.51339764201535,21.455579373585906,4.311857351002563,0.010780035261027332,inf,inf,inf,1,0.04,0.06970443349753697,0.06970443349753697,0.13001792522049363,1.0175662616484686,1.0,1.0175662616484686,0.7412939895732104,0.34899571251708394
wine,1,3,1,0.027777777777777776,36,2.6432291666666647,4.311857351002563,11.397227112676036,36,21,0.5833333333333334,16,0.4444444444444444,0.8888888888888888,0.08519951713645801,0.45040369736200425,0.047665875689624326,92.51339764201535,21.455579373585906,4.311857351002563,0.010770345388453118,inf,inf,inf,7,0.19444444444444445,0.06970443349753697,0.06970443349753697,0.13001792522049363,1.0175662616484686,1.0,1.0175662616484686,0.695964837228771,0.14350020704806812
wine,1,3,2,0.05555555555555555,36,2.6432291666666647,1.5339901477832505,4.054687499999995,36,15,0.4166666666666667,15,0.4166666666666667,0.8888888888888888,0.22690858836401895,1.1995427978618702,0.02698478872037391,92.51339764201535,21.455579373585906,4.311857351002563,0.010770345388453118,inf,inf,inf,1,0.027777777777777776,0.06970443349753697,0.06970443349753697,0.13001792522049363,1.0175662616484686,1.0,1.0175662616484686,0.695964837228771,0.14350020704806812
wine,1,4,1,0.027777777777777776,36,2.6432291666666647,4.311857351002563,11.397227112676036,46,21,0.45652173913043476,16,0.34782608695652173,0.9166666666666666,0.08489571745662394,0.4487976730128814,0.03502930934408156,92.51339764201535,21.455579373585906,4.311857351002563,0.010765509169325171,inf,inf,inf,7,0.15217391304347827,0.06970443349753697,0.06970443349753697,0.0813044839525198,1.5822779606118866,1.3848959287118519,2.1912903057418935,0.38402615265807694,-0.011202175153132802
wine,1,4,2,0.05555555555555555,36,2.6432291666666647,1.5339901477832505,4.054687499999995,46,15,0.32608695652173914,15,0.32608695652173914,0.9166666666666666,0.22474171976761703,1.1880877373131828,-0.03927777741309024,92.51339764201535,21.455579373585906,4.311857351002563,0.010765509169325171,inf,inf,inf,1,0.021739130434782608,0.06970443349753697,0.06970443349753697,0.0813044839525198,1.5822779606118866,1.3848959287118519,2.1912903057418935,0.38402615265807694,-0.011202175153132802
wine,1,5,1,0.027777777777777776,36,2.6432291666666647,4.311857351002563,11.397227112676036,55,21,0.38181818181818183,16,0.2909090909090909,0.8888888888888888,0.08471483662955515,0.4478414540572834,0.022514634677154685,92.51339764201535,21.455579373585906,4.311857351002563,0.010762610220560576,inf,inf,inf,7,0.12727272727272726,0.06970443349753697,0.06970443349753697,0.0710985221674877,1.926069300542711,1.752310552973007,3.3750715610983306,0.26319483339523786,-0.09722596344652665
wine,1,5,2,0.05555555555555555,36,2.6432291666666647,1.5339901477832505,4.054687499999995,55,15,0.2727272727272727,15,0.2727272727272727,0.8888888888888888,0.223468752203541,1.1813582473260102,-0.10468631649812848,92.51339764201535,21.455579373585906,4.311857351002563,0.010762610220560576,inf,inf,inf,1,0.01818181818181818,0.06970443349753697,0.06970443349753697,0.0710985221674877,1.926069300542711,1.752310552973007,3.3750715610983306,0.26319483339523786,-0.09722596344652665
wine,1,6,1,0.027777777777777776,36,2.6432291666666647,4.311857351002563,11.397227112676036,63,21,0.3333333333333333,16,0.25396825396825395,0.9166666666666666,0.08459482599663781,0.44720702284680897,0.010060322188836332,92.51339764201535,21.455579373585906,4.311857351002563,0.010760678745949548,inf,inf,inf,7,0.1111111111111111,0.06970443349753697,0.06970443349753697,0.0710985221674877,1.926069300542711,1.752310552973007,3.3750715610983306,0.262032717661556,-0.1685625475108487
wine,1,6,2,0.05555555555555555,36,2.6432291666666647,1.5339901477832505,4.054687499999995,63,15,0.23809523809523808,15,0.23809523809523808,0.9166666666666666,0.22263108387678576,1.1769299486194655,-0.1696788989963694,92.51339764201535,21.455579373585906,4.311857351002563,0.010760678745949548,inf,inf,inf,1,0.015873015873015872,0.06970443349753697,0.06970443349753697,0.0710985221674877,1.926069300542711,1.752310552973007,3.3750715610983306,0.262032717661556,-0.1685625475108487
wine,1,7,1,0.027777777777777776,36,2.6432291666666647,4.311857351002563,11.397227112676036,70,21,0.3,16,0.22857142857142856,0.9166666666666666,0.08450938456034773,0.4467553402539213,-0.002359709377914729,92.51339764201535,21.455579373585906,4.311857351002563,0.010759299687869484,inf,inf,inf,7,0.1,0.06970443349753697,0.06970443349753697,0.0710985221674877,1.926069300542711,1.752310552973007,3.3750715610983306,0.26121130053070385,-0.23957504627406087
wine,1,7,2,0.05555555555555555,36,2.6432291666666647,1.5339901477832505,4.054687499999995,70,15,0.21428571428571427,15,0.21428571428571427,0.9166666666666666,0.2220380234036694,1.173794759139189,-0.23443771626157073,92.51339764201535,21.455579373585906,4.311857351002563,0.010759299687869484,inf,inf,inf,1,0.014285714285714285,0.06970443349753697,0.06970443349753697,0.0710985221674877,1.926069300542711,1.752310552973007,3.3750715610983306,0.26121130053070385,-0.23957504627406087
wine,2,1,1,0.027777777777777776,36,3.017039269865191,1.6160660514813012,4.8757347400150675,13,13,1.0,11,0.8461538461538461,1.0,0.20509729370488883,1.237573178501449,0.17072026096873746,4.8757347400150675,3.017039269865191,1.6160660514813012,0.20509729370488883,inf,inf,inf,2,0.15384615384615385,0.056473322694789385,0.056473322694789385,0.14730618435881881,1.0147865713325628,1.0,1.0147865713325628,0.9854288854915119,0.6908165167738743
wine,2,1,2,0.05555555555555555,36,2.197190742316006,1.6160660514813012,3.550805367285897,13,10,0.7692307692307693,10,0.7692307692307693,1.0,0.28162624998068053,1.237573178501449,0.2128721845083778,4.8757347400150675,3.017039269865191,1.6160660514813012,0.20509729370488883,inf,inf,inf,1,0.07692307692307693,0.056473322694789385,0.056473322694789385,0.14730618435881881,1.0147865713325628,1.0,1.0147865713325628,0.9854288854915119,0.6908165167738743
wine,2,2,1,0.027777777777777776,36,3.9992119779353774,1.6160660514813012,6.46299071021875,25,22,0.88,16,0.64,1.0,0.1487420082667571,1.1897016421651558,0.08264747259091511,6.46299071021875,3.9992119779353774,1.6160660514813012,0.1487420082667571,inf,inf,inf,7,0.28,0.09876847290640389,0.09876847290640389,0.12319679132262673,1.1127987686653211,1.0,1.1127987686653211,0.6967488230505781,0.3146706150231957
wine,2,2,2,0.05555555555555555,36,2.197190742316006,1.6160660514813012,3.550805367285897,25,14,0.56,14,0.56,1.0,0.2617979138111354,1.1504399051669405,0.13397125768147533,6.46299071021875,3.9992119779353774,1.6160660514813012,0.1487420082667571,inf,inf,inf,2,0.08,0.09876847290640389,0.09876847290640389,0.12319679132262673,1.1127987686653211,1.0,1.1127987686653211,0.6967488230505781,0.3146706150231957
wine,2,3,1,0.027777777777777776,36,3.9992119779353774,1.6160660514813012,6.46299071021875,36,26,0.7222222222222222,20,0.5555555555555556,0.9714285714285714,0.14688416205045485,1.17484180048236,0.04898067867692486,6.46299071021875,3.9992119779353774,1.6160660514813012,0.14688416205045485,inf,inf,inf,7,0.19444444444444445,0.09876847290640389,0.09876847290640389,0.12319679132262673,1.1127987686653211,1.0,1.1127987686653211,0.6563307497732626,0.11645970489221652
wine,2,3,2,0.05555555555555555,36,2.197190742316006,1.6160660514813012,3.550805367285897,36,14,0.3888888888888889,14,0.3888888888888889,0.9714285714285714,0.2560157543411069,1.1250308906506579,0.06851060589933061,6.46299071021875,3.9992119779353774,1.6160660514813012,0.14688416205045485,inf,inf,inf,2,0.05555555555555555,0.09876847290640389,0.09876847290640389,0.12319679132262673,1.1127987686653211,1.0,1.1127987686653211,0.6563307497732626,0.11645970489221652
wine,2,4,1,0.027777777777777776,36,3.9992119779353774,1.6160660514813012,6.46299071021875,46,26,0.5652173913043478,20,0.43478260869565216,1.0,0.14597872399354783,1.167599723037438,0.016245421433832508,6.46299071021875,3.9992119779353774,1.6160660514813012,0.14597872399354783,inf,inf,inf,7,0.15217391304347827,0.09876847290640389,0.09876847290640389,0.11520529351576118,1.1911043544557252,1.0,1.1911043544557252,0.610280728404536,-0.059668498040981816
wine,2,4,2,0.05555555555555555,36,2.197190742316006,1.6160660514813012,3.550805367285897,46,14,0.30434782608695654,14,0.30434782608695654,1.0,0.25325521803385564,1.1129000410144185,0.005944097808429305,6.46299071021875,3.9992119779353774,1.6160660514813012,0.14597872399354783,inf,inf,inf,2,0.043478260869565216,0.09876847290640389,0.09876847290640389,0.11520529351576118,1.1911043544557252,1.0,1.1911043544557252,0.610280728404536,-0.059668498040981816
wine,2,5,1,0.027777777777777776,36,3.9992119779353774,1.6160660514813012,6.46299071021875,55,26,0.4727272727272727,20,0.36363636363636365,0.9714285714285714,0.14544271818043564,1.1633125213013553,-0.016128465333641484,6.46299071021875,3.9992119779353774,1.6160660514813012,0.14544271818043564,inf,inf,inf,7,0.12727272727272726,0.09876847290640389,0.09876847290640389,0.11520529351576118,1.1911043544557252,1.0,1.1911043544557252,0.6011148582132837,-0.22374412782606506
wine,2,5,2,0.05555555555555555,36,2.197190742316006,1.6160660514813012,3.550805367285897,55,14,0.2545454545454545,14,0.2545454545454545,0.9714285714285714,0.251638091755054,1.1057937712365407,-0.055526844699540556,6.46299071021875,3.9992119779353774,1.6160660514813012,0.14544271818043564,inf,inf,inf,2,0.03636363636363636,0.09876847290640389,0.09876847290640389,0.11520529351576118,1.1911043544557252,1.0,1.1911043544557252,0.6011148582132837,-0.22374412782606506
wine,2,6,1,0.027777777777777776,36,3.9992119779353774,1.6160660514813012,6.46299071021875,63,26,0.4126984126984127,20,0.31746031746031744,0.9714285714285714,0.14508834740599375,1.1604781136097988,-0.04832467152897271,6.46299071021875,3.9992119779353774,1.6160660514813012,0.14508834740599375,inf,inf,inf,7,0.1111111111111111,0.09876847290640389,0.09876847290640389,0.10074384236453197,1.4096341200897173,1.0,1.4096341200897173,0.529975904582539,-0.3731790836154907
wine,2,6,2,0.05555555555555555,36,2.197190742316006,1.6160660514813012,3.550805367285897,63,14,0.2222222222222222,14,0.2222222222222222,0.9714285714285714,0.2505757861652159,1.101125595221535,-0.11646607890862909,6.46299071021875,3.9992119779353774,1.6160660514813012,0.14508834740599375,inf,inf,inf,2,0.031746031746031744,0.09876847290640389,0.09876847290640389,0.10074384236453197,1.4096341200897173,1.0,1.4096341200897173,0.529975904582539,-0.3731790836154907
wine,2,7,1,0.027777777777777776,36,3.9992119779353774,1.6160660514813012,6.46299071021875,70,26,0.37142857142857144,20,0.2857142857142857,0.9428571428571428,0.14483666074142887,1.1584650169625699,-0.08042042589018195,6.46299071021875,3.9992119779353774,1.6160660514813012,0.14483666074142887,inf,inf,inf,7,0.1,0.09876847290640389,0.09876847290640389,0.10074384236453197,1.4096341200897173,1.0,1.4096341200897173,0.5266784155763724,-0.52044644382362
wine,2,7,2,0.05555555555555555,36,2.197190742316006,1.6160660514813012,3.550805367285897,70,14,0.2,14,0.2,0.9428571428571428,0.24982455793035685,1.0978244117755376,-0.17710715776012997,6.46299071021875,3.9992119779353774,1.6160660514813012,0.14483666074142887,inf,inf,inf,2,0.02857142857142857,0.09876847290640389,0.09876847290640389,0.10074384236453197,1.4096341200897173,1.0,1.4096341200897173,0.5266784155763724,-0.52044644382362
wine,3,1,1,0.027777777777777776,36,2.132700019236176,1.2738000416290844,2.71663337328539,13,11,0.8461538461538461,11,0.8461538461538461,1.0,0.3681026706929684,1.570105145735563,0.32448863886698054,21.0626742385132,16.53530660242073,1.2738000416290844,0.047477352053021615,3.2208540972982647,1.0738000416290845,3.4585532637600838,0,0.0,0.005734406438631767,0.005734406438631767,0.2045585457179877,1.002603207241612,1.0,1.002603207241612,0.9974035518510119,0.5882864604150365
wine,3,1,2,0.05555555555555555,36,2.132700019236176,1.2738000416290844,2.71663337328539,13,11,0.8461538461538461,11,0.8461538461538461,1.0,0.3681026706929684,1.570105145735563,0.2808746070409927,21.0626742385132,16.53530660242073,1.2738000416290844,0.047477352053021615,1.7841956388529556,1.0,1.7841956388529556,0,0.0,0.005734406438631767,0.005734406438631767,0.2045585457179877,1.002603207241612,1.0,1.002603207241612,0.9974035518510119,0.5882864604150365
wine,3,2,1,0.027777777777777776,36,2.132700019236176,2.4029556650246313,5.124783593021709,25,20,0.8,17,0.68,0.8823529411764707,0.18561124290411357,0.7917062026241071,0.14162756498055207,542.0000000003309,225.5555555556932,2.4029556650246313,0.0018441674269130681,inf,inf,inf,3,0.12,0.042857142857142816,0.042857142857142816,0.07994034978221155,1.4771992181593323,1.0,1.4771992181593323,0.5623891477953146,0.2967439090323135
wine,3,2,2,0.05555555555555555,36,2.132700019236176,2.4029556650246313,5.124783593021709,25,16,0.64,16,0.64,0.8823529411764707,0.18561124290411357,0.7917062026241071,0.09764388705699056,542.0000000003309,225.5555555556932,2.4029556650246313,0.0018441674269130681,1.7841956388529556,1.4029556650246315,2.5031473790409957,0,0.0,0.042857142857142816,0.042857142857142816,0.07994034978221155,1.4771992181593323,1.0,1.4771992181593323,0.5623891477953146,0.2967439090323135
wine,3,3,1,0.027777777777777776,36,2.132700019236176,2.4029556650246313,5.124783593021709,36,21,0.5833333333333334,18,0.5,0.9705882352941176,0.18271343571583631,0.7793458957317438,0.11776794440485767,542.0000000003309,225.5555555556932,2.4029556650246313,0.0018438839851050437,inf,inf,inf,3,0.08333333333333333,0.042857142857142816,0.042857142857142816,0.0653710044763604,1.5637394308302945,1.2262775844501443,1.9175786119480172,0.43609267847611566,0.16861989858181878
wine,3,3,2,0.05555555555555555,36,2.132700019236176,2.4029556650246313,5.124783593021709,36,16,0.4444444444444444,16,0.4444444444444444,0.9705882352941176,0.18271343571583631,0.7793458957317438,0.052822453093879035,542.0000000003309,225.5555555556932,2.4029556650246313,0.0018438839851050437,1.7841956388529556,1.4029556650246315,2.5031473790409957,0,0.0,0.042857142857142816,0.042857142857142816,0.0653710044763604,1.5637394308302945,1.2262775844501443,1.9175786119480172,0.43609267847611566,0.16861989858181878
wine,3,4,1,0.027777777777777776,36,2.132700019236176,2.4029556650246313,5.124783593021709,46,21,0.45652173913043476,18,0.391304347826087,0.9166666666666666,0.18131046436555442,0.7733616616802759,0.09538139084552377,542.0000000003309,225.5555555556932,2.4029556650246313,0.001843742307771068,inf,inf,inf,3,0.06521739130434782,0.042857142857142816,0.042857142857142816,0.06113053495360033,1.6375953437460984,1.3026060358598257,2.1331415790596138,0.39263023895057125,0.07818970690457062
wine,3,4,2,0.05555555555555555,36,2.132700019236176,2.4029556650246313,5.124783593021709,46,16,0.34782608695652173,16,0.34782608695652173,0.9166666666666666,0.18131046436555442,0.7733616616802759,0.00945231732549312,542.0000000003309,225.5555555556932,2.4029556650246313,0.001843742307771068,1.7841956388529556,1.4029556650246315,2.5031473790409957,0,0.0,0.042857142857142816,0.042857142857142816,0.06113053495360033,1.6375953437460984,1.3026060358598257,2.1331415790596138,0.39263023895057125,0.07818970690457062
wine,3,5,1,0.027777777777777776,36,2.132700019236176,2.4029556650246313,5.124783593021709,55,21,0.38181818181818183,18,0.32727272727272727,0.9428571428571428,0.18048274551626664,0.7698311096686794,0.07356175806228339,542.0000000003309,225.5555555556932,2.4029556650246313,0.0018436573153072233,inf,inf,inf,3,0.05454545454545454,0.042857142857142816,0.042857142857142816,0.04371428571428567,2.2031030843748916,1.6160985221674893,3.5604316388408996,0.2510340623279602,0.009270492897455166
wine,3,5,2,0.05555555555555555,36,2.132700019236176,2.4029556650246313,5.124783593021709,55,16,0.2909090909090909,16,0.2909090909090909,0.9428571428571428,0.18048274551626664,0.7698311096686794,-0.03335922939169986,542.0000000003309,225.5555555556932,2.4029556650246313,0.0018436573153072233,1.7841956388529556,1.4029556650246315,2.5031473790409957,0,0.0,0.042857142857142816,0.042857142857142816,0.04371428571428567,2.2031030843748916,1.6160985221674893,3.5604316388408996,0.2510340623279602,0.009270492897455166
wine,3,6,1,0.027777777777777776,36,2.132700019236176,2.4029556650246313,5.124783593021709,63,21,0.3333333333333333,18,0.2857142857142857,0.9166666666666666,0.17993665363996114,0.7675018093584766,0.05201968541354837,542.0000000003309,225.5555555556932,2.4029556650246313,0.0018436006594704235,inf,inf,inf,3,0.047619047619047616,0.042857142857142816,0.042857142857142816,0.04371428571428567,2.2031030843748916,1.6160985221674893,3.5604316388408996,0.249976851298505,-0.03891762916113987
wine,3,6,2,0.05555555555555555,36,2.132700019236176,2.4029556650246313,5.124783593021709,63,16,0.25396825396825395,16,0.25396825396825395,0.9166666666666666,0.17993665363996114,0.7675018093584766,-0.0758972828128644,542.0000000003309,225.5555555556932,2.4029556650246313,0.0018436006594704235,1.7841956388529556,1.4029556650246315,2.5031473790409957,0,0.0,0.042857142857142816,0.042857142857142816,0.04371428571428567,2.2031030843748916,1.6160985221674893,3.5604316388408996,0.249976851298505,-0.03891762916113987
wine,3,7,1,0.027777777777777776,36,2.132700019236176,2.4029556650246313,5.124783593021709,70,21,0.3,18,0.2571428571428571,0.9166666666666666,0.17954934740525075,0.7658497933300422,0.030634109813298088,542.0000000003309,225.5555555556932,2.4029556650246313,0.0018435601938583401,inf,inf,inf,3,0.04285714285714286,0.042857142857142816,0.042857142857142816,0.04371428571428567,2.2031030843748916,1.6160985221674893,3.5604316388408996,0.2492292070814197,-0.08680630543905918
wine,3,7,2,0.05555555555555555,36,2.132700019236176,2.4029556650246313,5.124783593021709,70,16,0.22857142857142856,16,0.22857142857142856,0.9166666666666666,0.17954934740525075,0.7658497933300422,-0.11828112777865457,542.0000000003309,225.5555555556932,2.4029556650246313,0.0018435601938583401,1.7841956388529556,1.4029556650246315,2.5031473790409957,0,0.0,0.042857142857142816,0.042857142857142816,0.04371428571428567,2.2031030843748916,1.6160985221674893,3.5604316388408996,0.2492292070814197,-0.08680630543905918
wine,4,1,1,0.027777777777777776,36,2.763546420217049,2.4789495594255193,6.850692180849025,13,13,1.0,11,0.8461538461538461,1.0,0.14597065137381016,0.8067933421216879,0.12355972520376327,6.850692180849025,2.763546420217049,2.4789495594255193,0.14597065137381016,inf,inf,inf,2,0.15384615384615385,0.11336987441892743,0.11336987441892743,0.1617084249865357,1.0,1.023573734546698,1.023573734546698,0.976969187708653,0.6610008904991702
wine,4,1,2,0.05555555555555555,36,2.763546420217049,2.4789495594255193,6.850692180849025,13,10,0.7692307692307693,10,0.7692307692307693,1.0,0.14597065137381016,0.8067933421216879,0.10114879903371639,6.850692180849025,2.763546420217049,2.4789495594255193,0.14597065137381016,inf,inf,inf,1,0.07692307692307693,0.11336987441892743,0.11336987441892743,0.1617084249865357,1.0,1.023573734546698,1.023573734546698,0.976969187708653,0.6610008904991702
wine,4,2,1,0.027777777777777776,36,2.763546420217049,2.558128078817732,7.06950569467346,25,20,0.8,16,0.64,1.0,0.1364503955850338,0.7541740045124408,0.09455183977878709,9.616666666666747,3.7592592592592937,2.558128078817732,0.10128285610445387,inf,inf,inf,7,0.28,0.11336987441892743,0.11336987441892743,0.1617084249865357,1.0,1.023573734546698,1.023573734546698,0.7383519892756267,0.26076104018987833
wine,4,2,2,0.05555555555555555,36,2.763546420217049,2.558128078817732,7.06950569467346,25,15,0.6,14,0.56,1.0,0.1364503955850338,0.7541740045124408,0.05265328397254039,9.616666666666747,3.7592592592592937,2.558128078817732,0.10128285610445387,inf,inf,inf,3,0.12,0.11336987441892743,0.11336987441892743,0.1617084249865357,1.0,1.023573734546698,1.023573734546698,0.7383519892756267,0.26076104018987833
wine,4,3,1,0.027777777777777776,36,2.763546420217049,2.558128078817732,7.06950569467346,36,20,0.5555555555555556,16,0.4444444444444444,0.9428571428571428,0.13488781830346108,0.7455374948068352,0.07275969373622482,144.24999999995788,56.388888888872465,2.558128078817732,0.006916401919813575,inf,inf,inf,8,0.2222222222222222,0.11336987441892743,0.11336987441892743,0.11563727190730598,1.2129990271096396,1.4382141122597654,1.7445523189464494,0.47066423756252207,0.07454973705552288
wine,4,3,2,0.05555555555555555,36,2.763546420217049,2.558128078817732,7.06950569467346,36,15,0.4166666666666667,14,0.3888888888888889,0.9428571428571428,0.13488781830346108,0.7455374948068352,0.010631569168988553,144.24999999995788,56.388888888872465,2.558128078817732,0.006916401919813575,inf,inf,inf,3,0.08333333333333333,0.11336987441892743,0.11336987441892743,0.11563727190730598,1.2129990271096396,1.4382141122597654,1.7445523189464494,0.47066423756252207,0.07454973705552288
wine,4,4,1,0.027777777777777776,36,2.763546420217049,2.558128078817732,7.06950569467346,46,22,0.4782608695652174,16,0.34782608695652173,0.9714285714285714,0.13412462065961217,0.7413192305736818,0.05175581726253642,144.24999999995788,56.388888888872465,2.558128078817732,0.006914407965079916,inf,inf,inf,10,0.21739130434782608,0.11336987441892743,0.11336987441892743,0.11563727190730598,1.2129990271096396,1.4382141122597654,1.7445523189464494,0.4613477264482736,-0.056350481424940015
wine,4,4,2,0.05555555555555555,36,2.763546420217049,2.558128078817732,7.06950569467346,46,15,0.32608695652173914,14,0.30434782608695654,0.9714285714285714,0.13412462065961217,0.7413192305736818,-0.030612986134539333,144.24999999995788,56.388888888872465,2.558128078817732,0.006914407965079916,inf,inf,inf,3,0.06521739130434782,0.11336987441892743,0.11336987441892743,0.11563727190730598,1.2129990271096396,1.4382141122597654,1.7445523189464494,0.4613477264482736,-0.056350481424940015
wine,4,5,1,0.027777777777777776,36,2.763546420217049,2.558128078817732,7.06950569467346,55,23,0.41818181818181815,16,0.2909090909090909,0.9428571428571428,0.1336723091374339,0.7388192627978043,0.031058522637738853,144.24999999995788,56.388888888872465,2.558128078817732,0.006913212328557794,inf,inf,inf,11,0.2,0.11336987441892743,0.11336987441892743,0.11563727190730598,1.2129990271096396,1.4382141122597654,1.7445523189464494,0.45600723081693495,-0.1836245280425692
wine,4,5,2,0.05555555555555555,36,2.763546420217049,2.558128078817732,7.06950569467346,55,15,0.2727272727272727,14,0.2545454545454545,0.9428571428571428,0.1336723091374339,0.7388192627978043,-0.07155526386195618,144.24999999995788,56.388888888872465,2.558128078817732,0.006913212328557794,inf,inf,inf,3,0.05454545454545454,0.11336987441892743,0.11336987441892743,0.11563727190730598,1.2129990271096396,1.4382141122597654,1.7445523189464494,0.45600723081693495,-0.1836245280425692
wine,4,6,1,0.027777777777777776,36,2.763546420217049,2.558128078817732,7.06950569467346,63,26,0.4126984126984127,16,0.25396825396825395,0.9444444444444444,0.13337306383321124,0.7371653062193018,0.010512179463327609,144.24999999995788,56.388888888872465,2.558128078817732,0.006912415544077066,inf,inf,inf,14,0.2222222222222222,0.11336987441892743,0.11336987441892743,0.1414095444636102,1.110439647826848,1.2062636592530274,1.3394829929672565,0.5494356825830594,-0.4858776095308993
wine,4,6,2,0.05555555555555555,36,2.763546420217049,2.558128078817732,7.06950569467346,63,16,0.25396825396825395,14,0.2222222222222222,0.9444444444444444,0.13337306383321124,0.7371653062193018,-0.11234870490655602,144.24999999995788,56.388888888872465,2.558128078817732,0.006912415544077066,inf,inf,inf,4,0.06349206349206349,0.11336987441892743,0.11336987441892743,0.1414095444636102,1.110439647826848,1.2062636592530274,1.3394829929672565,0.5494356825830594,-0.4858776095308993
wine,4,7,1,0.027777777777777776,36,2.763546420217049,2.558128078817732,7.06950569467346,70,27,0.38571428571428573,16,0.22857142857142856,0.9444444444444444,0.13316042911571369,0.7359900543945933,-0.009948748127679458,144.25000000002288,56.38888888889788,2.558128078817732,0.006911846562357216,inf,inf,inf,15,0.21428571428571427,0.11336987441892743,0.11336987441892743,0.1414095444636102,1.110439647826848,1.2062636592530274,1.3394829929672565,0.5459034147071011,-0.6541968444039203
wine,4,7,2,0.05555555555555555,36,2.763546420217049,2.558128078817732,7.06950569467346,70,16,0.22857142857142856,14,0.2,0.9444444444444444,0.13316042911571369,0.7359900543945933,-0.1530579253710726,144.25000000002288,56.38888888889788,2.558128078817732,0.006911846562357216,inf,inf,inf,5,0.07142857142857142,0.11336987441892743,0.11336987441892743,0.1414095444636102,1.110439647826848,1.2062636592530274,1.3394829929672565,0.5459034147071011,-0.6541968444039203
wine,5,1,1,0.027777777777777776,36,2.527988253452804,2.4540345521404294,6.203770521378319,13,12,0.9230769230769231,11,0.8461538461538461,0.9259259259259259,0.16119229371137755,0.8149844500989536,0.1385538367641844,63.18327974276559,25.746695248303087,2.4540345521404294,0.01582697201017802,inf,inf,inf,1,0.07692307692307693,0.04366544092139035,0.04366544092139035,0.19477409046846936,1.0110661378832309,1.0,1.0110661378832309,0.9890549812039013,0.5995068002669627
wine,5,1,2,0.05555555555555555,36,2.527988253452804,2.4540345521404294,6.203770521378319,13,11,0.8461538461538461,11,0.8461538461538461,0.9259259259259259,0.16119229371137755,0.8149844500989536,0.11591537981699124,63.18327974276559,25.746695248303087,2.4540345521404294,0.01582697201017802,2.6869205339166333,1.7873678854737627,4.8025154731426065,0,0.0,0.04366544092139035,0.04366544092139035,0.19477409046846936,1.0110661378832309,1.0,1.0110661378832309,0.9890549812039013,0.5995068002669627
wine,5,2,1,0.027777777777777776,36,2.867231638418076,2.4540345521404294,7.036285509668173,25,21,0.84,17,0.68,0.967741935483871,0.13707088611055374,0.7860279627243609,0.09340266595920035,63.18327974276559,25.746695248303087,2.4540345521404294,0.015764348749425228,inf,inf,inf,4,0.16,0.04366544092139035,0.04366544092139035,0.13024750512374023,1.2340103484944354,1.0,1.2340103484944354,0.6461927220176187,0.23075084808613658
wine,5,2,2,0.05555555555555555,36,2.527988253452804,2.4540345521404294,6.203770521378319,25,16,0.64,16,0.64,0.967741935483871,0.15469655482339395,0.7821421468863153,0.06779187183602559,63.18327974276559,25.746695248303087,2.4540345521404294,0.015764348749425228,4.291754756871038,1.7873678854737627,7.6709446247605495,0,0.0,0.04366544092139035,0.04366544092139035,0.13024750512374023,1.2340103484944354,1.0,1.2340103484944354,0.6461927220176187,0.23075084808613658
wine,5,3,1,0.027777777777777776,36,2.867231638418076,2.4540345521404294,7.036285509668173,36,22,0.6111111111111112,18,0.5,0.9411764705882353,0.13549401890428547,0.7769854756375684,0.07074522926782144,276.76056338007635,112.77777777769408,2.4540345521404294,0.0036088814852058837,inf,inf,inf,5,0.1388888888888889,0.04366544092139035,0.04366544092139035,0.12179864342554672,1.2993226166839233,1.0,1.2993226166839233,0.5890718140266328,0.029727866952799498
wine,5,3,2,0.05555555555555555,36,2.527988253452804,2.4540345521404294,6.203770521378319,36,16,0.4444444444444444,16,0.4444444444444444,0.9411764705882353,0.15268642897935547,0.7719789978429329,0.024023262672200008,276.76056338007635,112.77777777769408,2.4540345521404294,0.0036088814852058837,4.291754756871038,1.7873678854737627,7.6709446247605495,0,0.0,0.04366544092139035,0.04366544092139035,0.12179864342554672,1.2993226166839233,1.0,1.2993226166839233,0.5890718140266328,0.029727866952799498
wine,5,4,1,0.027777777777777776,36,2.867231638418076,2.4540345521404294,7.036285509668173,46,23,0.5,18,0.391304347826087,0.8857142857142858,0.13472392625848117,0.772569407640442,0.04888288096509873,276.76056338007635,112.77777777769408,2.4540345521404294,0.0036083387089271834,inf,inf,inf,5,0.10869565217391304,0.04366544092139035,0.04366544092139035,0.09313965037069798,1.7078033988827461,1.3363587476920535,2.282238011435179,0.37128395568232664,-0.10117996146561913
wine,5,4,2,0.05555555555555555,36,2.527988253452804,2.4540345521404294,6.203770521378319,46,16,0.34782608695652173,16,0.34782608695652173,0.8857142857142858,0.15170781397809674,0.7670311433872634,-0.018743551219072896,276.76056338007635,112.77777777769408,2.4540345521404294,0.0036083387089271834,4.291754756871038,1.7873678854737627,7.6709446247605495,0,0.0,0.04366544092139035,0.04366544092139035,0.09313965037069798,1.7078033988827461,1.3363587476920535,2.282238011435179,0.37128395568232664,-0.10117996146561913
wine,5,5,1,0.027777777777777776,36,2.867231638418076,2.4540345521404294,7.036285509668173,55,24,0.43636363636363634,18,0.32727272727272727,0.8857142857142858,0.13426755434709658,0.7699523596740276,0.027329726614592764,276.76056338007635,112.77777777769408,2.4540345521404294,0.003608013147688993,inf,inf,inf,5,0.09090909090909091,0.04366544092139035,0.04366544092139035,0.05824328603971676,3.6835096838095778,1.7551151196638282,6.464983539482317,0.14540065804854807,-0.1665414893685356
wine,5,5,2,0.05555555555555555,36,2.527988253452804,2.4540345521404294,6.203770521378319,55,16,0.2909090909090909,16,0.2909090909090909,0.8857142857142858,0.1511288055784098,0.7641036905211452,-0.06112221956635275,276.76056338007635,112.77777777769408,2.4540345521404294,0.003608013147688993,4.291754756871038,1.7873678854737627,7.6709446247605495,0,0.0,0.04366544092139035,0.04366544092139035,0.05824328603971676,3.6835096838095778,1.7551151196638282,6.464983539482317,0.14540065804854807,-0.1665414893685356
wine,5,6,1,0.027777777777777776,36,2.867231638418076,2.4540345521404294,7.036285509668173,63,25,0.3968253968253968,18,0.2857142857142857,0.8857142857142858,0.13396563329378708,0.7682210044813206,0.005928799213566982,276.76056338007635,112.77777777769408,2.4540345521404294,0.0036077961503981903,inf,inf,inf,5,0.07936507936507936,0.04366544092139035,0.04366544092139035,0.05824328603971676,3.6835096838095778,1.7551151196638282,6.464983539482317,0.14504649256531799,-0.22837229362229927
wine,5,6,2,0.05555555555555555,36,2.527988253452804,2.4540345521404294,6.203770521378319,63,16,0.25396825396825395,16,0.25396825396825395,0.8857142857142858,0.15074613313461305,0.7621689076354686,-0.10331016941054316,276.76056338007635,112.77777777769408,2.4540345521404294,0.0036077961503981903,4.291754756871038,1.7873678854737627,7.6709446247605495,0,0.0,0.04366544092139035,0.04366544092139035,0.05824328603971676,3.6835096838095778,1.7551151196638282,6.464983539482317,0.14504649256531799,-0.22837229362229927
wine,5,7,1,0.027777777777777776,36,2.867231638418076,2.4540345521404294,7.036285509668173,70,26,0.37142857142857144,18,0.2571428571428571,0.8857142857142858,0.13375110236915733,0.7669907847722855,-0.015385994669898206,276.76056338007635,112.77777777769408,2.4540345521404294,0.003607641173649534,inf,inf,inf,5,0.07142857142857142,0.04366544092139035,0.04366544092139035,0.0544651755251976,4.686516880899463,1.8004524458380584,8.437850780676786,0.11266111205163343,-0.289936470414974
wine,5,7,2,0.05555555555555555,36,2.527988253452804,2.4540345521404294,6.203770521378319,70,16,0.22857142857142856,16,0.22857142857142856,0.8857142857142858,0.15047440762612585,0.7607950698482304,-0.1453903417592971,276.76056338007635,112.77777777769408,2.4540345521404294,0.003607641173649534,4.291754756871038,1.7873678854737627,7.6709446247605495,0,0.0,0.04366544092139035,0.04366544092139035,0.0544651755251976,4.686516880899463,1.8004524458380584,8.437850780676786,0.11266111205163343,-0.289936470414974
wine,6,1,1,0.027777777777777776,36,2.132700019236176,2.7141330743079157,5.788431659786033,13,12,0.9230769230769231,12,0.9230769230769231,1.0,0.17275836682106815,0.7368835444850048,0.15228937947426247,25.211910286156467,9.289120907450465,2.7141330743079157,0.039663793367894384,1.6456765736860757,2.3807997409745822,3.918026360359747,0,0.0,0.0,0.0,0.156314036719963,1.0,1.0,1.0,1.0,0.687371926560074
wine,6,1,2,0.05555555555555555,36,2.132700019236176,2.7141330743079157,5.788431659786033,13,11,0.8461538461538461,11,0.8461538461538461,1.0,0.17275836682106815,0.7368835444850048,0.13182039212745678,25.211910286156467,9.289120907450465,2.7141330743079157,0.039663793367894384,1.2465369169696114,2.047466407641249,2.5522424633799683,0,0.0,0.0,0.0,0.156314036719963,1.0,1.0,1.0,1.0,0.687371926560074
wine,6,2,1,0.027777777777777776,36,2.132700019236176,2.7141330743079157,5.788431659786033,25,19,0.76,16,0.64,0.9696969696969697,0.16529700349439747,0.7050578450643674,0.12612712321304373,79.35767692575138,29.23868312757178,2.7141330743079157,0.0125614779160238,inf,inf,inf,3,0.12,0.11354679802955658,0.11354679802955658,0.2264877322155173,1.0,1.0,1.0,0.75,0.07053680335344811
wine,6,2,2,0.05555555555555555,36,2.132700019236176,2.7141330743079157,5.788431659786033,25,17,0.68,15,0.6,0.9696969696969697,0.16529700349439747,0.7050578450643674,0.08695724293168998,79.35767692575138,29.23868312757178,2.7141330743079157,0.0125614779160238,inf,inf,inf,2,0.08,0.11354679802955658,0.11354679802955658,0.2264877322155173,1.0,1.0,1.0,0.75,0.07053680335344811
wine,6,3,1,0.027777777777777776,36,2.132700019236176,2.7141330743079157,5.788431659786033,36,20,0.5555555555555556,17,0.4722222222222222,0.9714285714285714,0.1630008472658887,0.6952638201989476,0.10506219558264307,79.35767692575138,29.23868312757178,2.7141330743079157,0.012548319556469512,inf,inf,inf,3,0.08333333333333333,0.11354679802955658,0.11354679802955658,0.2264877322155173,1.0,1.0,1.0,0.7037037037037036,-0.25257783231736924
wine,6,3,2,0.05555555555555555,36,2.132700019236176,2.7141330743079157,5.788431659786033,36,17,0.4722222222222222,15,0.4166666666666667,0.9714285714285714,0.1630008472658887,0.6952638201989476,0.047123543899397435,79.35767692575138,29.23868312757178,2.7141330743079157,0.012548319556469512,inf,inf,inf,2,0.05555555555555555,0.11354679802955658,0.11354679802955658,0.2264877322155173,1.0,1.0,1.0,0.7037037037037036,-0.25257783231736924
wine,6,4,1,0.027777777777777776,36,2.132700019236176,2.7141330743079157,5.788431659786033,46,21,0.45652173913043476,17,0.3695652173913043,0.9714285714285714,0.1618850955702874,0.6905046928736043,0.08516235191766472,79.35767692575138,29.23868312757178,2.7141330743079157,0.012541754173587272,inf,inf,inf,3,0.06521739130434782,0.11354679802955658,0.11354679802955658,0.2264877322155173,1.0,1.0,1.0,0.68359375,-0.5550110355536102
wine,6,4,2,0.05555555555555555,36,2.132700019236176,2.7141330743079157,5.788431659786033,46,17,0.3695652173913043,15,0.32608695652173914,0.9714285714285714,0.1618850955702874,0.6905046928736043,0.008439608265042031,79.35767692575138,29.23868312757178,2.7141330743079157,0.012541754173587272,inf,inf,inf,2,0.043478260869565216,0.11354679802955658,0.11354679802955658,0.2264877322155173,1.0,1.0,1.0,0.68359375,-0.5550110355536102
wine,6,5,1,0.027777777777777776,36,2.132700019236176,2.7141330743079157,5.788431659786033,55,22,0.4,17,0.3090909090909091,0.9714285714285714,0.1612255928744588,0.6876916500494444,0.06571286370092487,79.35767692575138,29.23868312757178,2.7141330743079157,0.012537819346359114,inf,inf,inf,3,0.05454545454545454,0.11354679802955658,0.11354679802955658,0.2264877322155173,1.0,1.0,1.0,0.6723199999999999,-0.8504023212313658
wine,6,5,2,0.05555555555555555,36,2.132700019236176,2.7141330743079157,5.788431659786033,55,17,0.3090909090909091,15,0.2727272727272727,0.9714285714285714,0.1612255928744588,0.6876916500494444,-0.02979986547260907,79.35767692575138,29.23868312757178,2.7141330743079157,0.012537819346359114,inf,inf,inf,2,0.03636363636363636,0.11354679802955658,0.11354679802955658,0.2264877322155173,1.0,1.0,1.0,0.6723199999999999,-0.8504023212313658
wine,6,6,1,0.027777777777777776,36,2.132700019236176,2.7141330743079157,5.788431659786033,63,27,0.42857142857142855,17,0.2698412698412698,1.0285714285714287,0.1607899820269434,0.6858335955236932,0.046484382772994534,79.35767692575138,29.23868312757178,2.7141330743079157,0.01253519795969682,inf,inf,inf,6,0.09523809523809523,0.11354679802955658,0.11354679802955658,0.11581773399014772,48.927452398168185,1.3243202664261429,64.79561679549451,0.015334239943896377,-1.0273940762410558
wine,6,6,2,0.05555555555555555,36,2.132700019236176,2.7141330743079157,5.788431659786033,63,17,0.2698412698412698,15,0.23809523809523808,1.0285714285714287,0.1607899820269434,0.6858335955236932,-0.06782121648095432,79.35767692575138,29.23868312757178,2.7141330743079157,0.01253519795969682,inf,inf,inf,2,0.031746031746031744,0.11354679802955658,0.11354679802955658,0.11581773399014772,48.927452398168185,1.3243202664261429,64.79561679549451,0.015334239943896377,-1.0273940762410558
wine,6,7,1,0.027777777777777776,36,2.132700019236176,2.7141330743079157,5.788431659786033,70,28,0.4,17,0.24285714285714285,0.9142857142857143,0.16048079198262477,0.6845147762967613,0.027380696591587872,79.35767692575138,29.23868312757178,2.7141330743079157,0.012533326436802938,inf,inf,inf,6,0.08571428571428572,0.11354679802955658,0.11354679802955658,0.11581773399014772,48.927452398168185,1.3243202664261429,64.79561679549451,0.015331439005889846,-1.2009627221280361
wine,6,7,2,0.05555555555555555,36,2.132700019236176,2.7141330743079157,5.788431659786033,70,17,0.24285714285714285,15,0.21428571428571427,0.9142857142857143,0.16048079198262477,0.6845147762967613,-0.10571939879944903,79.35767692575138,29.23868312757178,2.7141330743079157,0.012533326436802938,inf,inf,inf,2,0.02857142857142857,0.11354679802955658,0.11354679802955658,0.11581773399014772,48.927452398168185,1.3243202664261429,64.79561679549451,0.015331439005889846,-1.2009627221280361
wine,7,1,1,0.027777777777777776,36,1.9687066745890272,1.4227655588704642,2.80100805212367,13,11,0.8461538461538461,10,0.7692307692307693,0.9615384615384616,0.35701432533970023,1.4057129704403326,0.3179667428274688,10.905296745373363,7.66485854073604,1.4227655588704642,0.0916985592734334,inf,inf,inf,1,0.07692307692307693,0.0783945049607992,0.0783945049607992,0.14622729677662427,1.0,1.0,1.0,1.0,0.7075454064467515
wine,7,1,2,0.05555555555555555,36,1.9687066745890272,1.4227655588704642,2.80100805212367,13,11,0.8461538461538461,10,0.7692307692307693,0.9615384615384616,0.35701432533970023,1.4057129704403326,0.27891916031523734,10.905296745373363,7.66485854073604,1.4227655588704642,0.0916985592734334,inf,inf,inf,1,0.07692307692307693,0.0783945049607992,0.0783945049607992,0.14622729677662427,1.0,1.0,1.0,1.0,0.7075454064467515
wine,7,2,1,0.027777777777777776,36,2.5221867234646798,1.516256157635466,3.824281150159741,25,19,0.76,16,0.64,0.9696969696969697,0.24439318150569989,1.2328104753979399,0.17590371065025878,11.621888959795813,7.66485854073604,1.516256157635466,0.08419361691629312,inf,inf,inf,3,0.12,0.0783945049607992,0.0783945049607992,0.14622729677662427,1.0,1.0,1.0,0.75,0.3113181096701272
wine,7,2,2,0.05555555555555555,36,2.5221867234646798,1.4227655588704642,3.58848040318589,25,16,0.64,15,0.6,0.9696969696969697,0.25925531791700007,1.3077806416757445,0.11394635773080625,11.621888959795813,7.66485854073604,1.516256157635466,0.08419361691629312,inf,inf,inf,1,0.04,0.0783945049607992,0.0783945049607992,0.14622729677662427,1.0,1.0,1.0,0.75,0.3113181096701272
wine,7,3,1,0.027777777777777776,36,2.5221867234646798,1.516256157635466,3.824281150159741,36,21,0.5833333333333334,18,0.5,0.9714285714285714,0.2393574213930294,1.207408220800479,0.13874006965965616,11.621888959795813,7.66485854073604,1.516256157635466,0.08360023936562277,inf,inf,inf,3,0.08333333333333333,0.0783945049607992,0.0783945049607992,0.07996239506001518,1.6386997367256593,1.0,1.6386997367256593,0.49452562843214865,0.1057265457423607
wine,7,3,2,0.05555555555555555,36,2.5221867234646798,1.4227655588704642,3.58848040318589,36,17,0.4722222222222222,16,0.4444444444444444,0.9714285714285714,0.25358542937331385,1.279179606458925,0.040388828296826385,11.621888959795813,7.66485854073604,1.516256157635466,0.08360023936562277,inf,inf,inf,1,0.027777777777777776,0.0783945049607992,0.0783945049607992,0.07996239506001518,1.6386997367256593,1.0,1.6386997367256593,0.49452562843214865,0.1057265457423607
wine,7,4,1,0.027777777777777776,36,2.5221867234646798,1.516256157635466,3.824281150159741,46,21,0.45652173913043476,18,0.391304347826087,0.9714285714285714,0.23694544063319922,1.195241289101087,0.10414085295530068,11.621888959795813,7.66485854073604,1.516256157635466,0.08330776039309751,inf,inf,inf,3,0.06521739130434782,0.0783945049607992,0.0783945049607992,0.07996239506001518,1.6386997367256593,1.0,1.6386997367256593,0.484253989851274,-0.023377286718322596
wine,7,4,2,0.05555555555555555,36,2.5221867234646798,1.4227655588704642,3.58848040318589,46,17,0.3695652173913043,16,0.34782608695652173,0.9714285714285714,0.25087720981073314,1.265518335608988,-0.030349086991264207,11.621888959795813,7.66485854073604,1.516256157635466,0.08330776039309751,inf,inf,inf,1,0.021739130434782608,0.0783945049607992,0.0783945049607992,0.07996239506001518,1.6386997367256593,1.0,1.6386997367256593,0.484253989851274,-0.023377286718322596
wine,7,5,1,0.027777777777777776,36,2.5221867234646798,1.516256157635466,3.824281150159741,55,21,0.38181818181818183,18,0.32727272727272727,1.0,0.23553019355106175,1.1881022542991087,0.07051599156507446,11.621888959795813,7.66485854073604,1.516256157635466,0.08313359424864697,inf,inf,inf,3,0.05454545454545454,0.0783945049607992,0.0783945049607992,0.07996239506001518,1.6386997367256593,1.0,1.6386997367256593,0.4783804009535245,-0.14846227538791198
wine,7,5,2,0.05555555555555555,36,2.5221867234646798,1.4227655588704642,3.58848040318589,55,17,0.3090909090909091,16,0.2909090909090909,1.0,0.24929035247049403,1.2575136345778208,-0.1000189904677895,11.621888959795813,7.66485854073604,1.516256157635466,0.08313359424864697,inf,inf,inf,1,0.01818181818181818,0.0783945049607992,0.0783945049607992,0.07996239506001518,1.6386997367256593,1.0,1.6386997367256593,0.4783804009535245,-0.14846227538791198
wine,7,6,1,0.027777777777777776,36,2.5221867234646798,1.516256157635466,3.824281150159741,63,23,0.36507936507936506,18,0.2857142857142857,1.0,0.23459958472625786,1.1834079158537896,0.03736493208395961,11.621888959795813,7.66485854073604,1.516256157635466,0.08301802814395987,inf,inf,inf,3,0.047619047619047616,0.0783945049607992,0.0783945049607992,0.07996239506001518,1.6386997367256593,1.0,1.6386997367256593,0.4745769790760107,-0.2716536853101123
wine,7,6,2,0.05555555555555555,36,2.5221867234646798,1.4227655588704642,3.58848040318589,63,17,0.2698412698412698,16,0.25396825396825395,1.0,0.24824778024233762,1.2522545109136027,-0.16917039006219659,11.621888959795813,7.66485854073604,1.516256157635466,0.08301802814395987,inf,inf,inf,1,0.015873015873015872,0.0783945049607992,0.0783945049607992,0.07996239506001518,1.6386997367256593,1.0,1.6386997367256593,0.4745769790760107,-0.2716536853101123
wine,7,7,1,0.027777777777777776,36,2.5221867234646798,1.516256157635466,3.824281150159741,70,24,0.34285714285714286,18,0.2571428571428571,1.0,0.2339410502157807,1.180086021855252,0.004479879299481737,11.621888959795813,7.66485854073604,1.516256157635466,0.08293574587722596,inf,inf,inf,3,0.04285714285714286,0.0783945049607992,0.0783945049607992,0.07996239506001518,1.6386997367256593,1.0,1.6386997367256593,0.47191287280789007,-0.39380231669766347
wine,7,7,2,0.05555555555555555,36,2.5221867234646798,1.4227655588704642,3.58848040318589,70,17,0.24285714285714285,16,0.22857142857142856,1.0,0.24751043517609783,1.2485350670402384,-0.23803097978399484,11.621888959795813,7.66485854073604,1.516256157635466,0.08293574587722596,inf,inf,inf,1,0.014285714285714285,0.0783945049607992,0.0783945049607992,0.07996239506001518,1.6386997367256593,1.0,1.6386997367256593,0.47191287280789007,-0.39380231669766347
wine,8,1,1,0.027777777777777776,36,2.519918875851078,2.5920037466176367,6.531639167378497,13,11,0.8461538461538461,11,0.8461538461538461,0.8846153846153846,0.1531009252615151,0.771603822953514,0.1316674857350286,6.531639167378497,2.519918875851078,2.5920037466176367,0.1531009252615151,166.6885119506585,2.3420037466176367,390.3851195065609,0,0.0,0.027409283285922403,0.027409283285922403,0.19551484969229607,1.0,1.0,1.0,1.0,0.6089703006154079
wine,8,1,2,0.05555555555555555,36,2.519918875851078,2.5920037466176367,6.531639167378497,13,11,0.8461538461538461,11,0.8461538461538461,0.8846153846153846,0.1531009252615151,0.771603822953514,0.11023404620854209,6.531639167378497,2.519918875851078,2.5920037466176367,0.1531009252615151,5.791532166249218,2.0920037466176367,12.115906990449922,0,0.0,0.027409283285922403,0.027409283285922403,0.19551484969229607,1.0,1.0,1.0,1.0,0.6089703006154079
wine,8,2,1,0.027777777777777776,36,2.519918875851078,2.5920037466176367,6.531639167378497,25,17,0.68,17,0.68,1.032258064516129,0.14724095193253217,0.7420705081461382,0.10601481259108006,584.6408450705158,225.55555555559152,2.5920037466176367,0.0017097204129201682,inf,inf,inf,1,0.04,0.02832512315270941,0.02832512315270941,0.1889413063261677,1.0277699483508513,1.0,1.0277699483508513,0.736307677582406,0.16437863724241616
wine,8,2,2,0.05555555555555555,36,2.519918875851078,2.5920037466176367,6.531639167378497,25,17,0.68,17,0.68,1.032258064516129,0.14724095193253217,0.7420705081461382,0.06478867324962793,584.6408450705158,225.55555555559152,2.5920037466176367,0.0017097204129201682,5.791532166249218,2.0920037466176367,12.115906990449922,0,0.0,0.02832512315270941,0.02832512315270941,0.1889413063261677,1.0277699483508513,1.0,1.0277699483508513,0.736307677582406,0.16437863724241616
wine,8,3,1,0.027777777777777776,36,2.519918875851078,2.5920037466176367,6.531639167378497,36,18,0.5,17,0.4722222222222222,1.0,0.14542054116934156,0.7328959332582051,0.08434588006449112,584.6408450705158,225.55555555559152,2.5920037466176367,0.001709476794472975,inf,inf,inf,2,0.05555555555555555,0.04236453201970425,0.04236453201970425,0.052842513983769844,6.394367599207415,2.116421120763708,13.533174640889698,0.07208740159892002,-0.0740601999054274
wine,8,3,2,0.05555555555555555,36,2.519918875851078,2.5920037466176367,6.531639167378497,36,17,0.4722222222222222,17,0.4722222222222222,1.0,0.14542054116934156,0.7328959332582051,0.023271218959640697,584.6408450705158,225.55555555559152,2.5920037466176367,0.001709476794472975,5.791532166249218,2.0920037466176367,12.115906990449922,0,0.0,0.04236453201970425,0.04236453201970425,0.052842513983769844,6.394367599207415,2.116421120763708,13.533174640889698,0.07208740159892002,-0.0740601999054274
wine,8,4,1,0.027777777777777776,36,2.519918875851078,2.5920037466176367,6.531639167378497,46,20,0.43478260869565216,17,0.3695652173913043,0.9714285714285714,0.14453311089724596,0.7284234286708945,0.0635971743782577,584.6408450705158,225.55555555559152,2.5920037466176367,0.0017093550199670515,inf,inf,inf,3,0.06521739130434782,0.04236453201970425,0.04236453201970425,0.0494147393633687,7.879988892167776,2.147271092347318,16.920472356169835,0.05780305489525395,-0.12225928639947901
wine,8,4,2,0.05555555555555555,36,2.519918875851078,2.5920037466176367,6.531639167378497,46,17,0.3695652173913043,17,0.3695652173913043,0.9714285714285714,0.14453311089724596,0.7284234286708945,-0.017338762140730574,584.6408450705158,225.55555555559152,2.5920037466176367,0.0017093550199670515,5.791532166249218,2.0920037466176367,12.115906990449922,0,0.0,0.04236453201970425,0.04236453201970425,0.0494147393633687,7.879988892167776,2.147271092347318,16.920472356169835,0.05780305489525395,-0.12225928639947901
wine,8,5,1,0.027777777777777776,36,2.519918875851078,2.5920037466176367,6.531639167378497,55,21,0.38181818181818183,17,0.3090909090909091,0.9714285714285714,0.1440076929724976,0.7257754075783267,0.04320555303106334,584.6408450705158,225.55555555559152,2.5920037466176367,0.0017092819663694359,inf,inf,inf,4,0.07272727272727272,0.04236453201970425,0.04236453201970425,0.0494147393633687,7.879988892167776,2.147271092347318,16.920472356169835,0.05771929735837189,-0.1670324877996277
wine,8,5,2,0.05555555555555555,36,2.519918875851078,2.5920037466176367,6.531639167378497,55,17,0.3090909090909091,17,0.3090909090909091,0.9714285714285714,0.1440076929724976,0.7257754075783267,-0.05759658691037092,584.6408450705158,225.55555555559152,2.5920037466176367,0.0017092819663694359,5.791532166249218,2.0920037466176367,12.115906990449922,0,0.0,0.04236453201970425,0.04236453201970425,0.0494147393633687,7.879988892167776,2.147271092347318,16.920472356169835,0.05771929735837189,-0.1670324877996277
wine,8,6,1,0.027777777777777776,36,2.519918875851078,2.5920037466176367,6.531639167378497,63,23,0.36507936507936506,17,0.2698412698412698,0.9714285714285714,0.14366029274860637,0.7240245668150098,0.02298953161277141,584.6408450705158,225.55555555559152,2.5920037466176367,0.0017092332685970657,inf,inf,inf,6,0.09523809523809523,0.07684729064039397,0.07684729064039397,0.08963603884518068,2.651473510785717,1.7852793970110103,4.733621030526192,0.19350975884608923,-0.3583822003100735
wine,8,6,2,0.05555555555555555,36,2.519918875851078,2.5920037466176367,6.531639167378497,63,17,0.2698412698412698,17,0.2698412698412698,0.9714285714285714,0.14366029274860637,0.7240245668150098,-0.09768122952306355,584.6408450705158,225.55555555559152,2.5920037466176367,0.0017092332685970657,inf,inf,inf,2,0.031746031746031744,0.07684729064039397,0.07684729064039397,0.08963603884518068,2.651473510785717,1.7852793970110103,4.733621030526192,0.19350975884608923,-0.3583822003100735
wine,8,7,1,0.027777777777777776,36,2.519918875851078,2.5920037466176367,6.531639167378497,70,24,0.34285714285714286,17,0.24285714285714285,0.9714285714285714,0.14341354262465145,0.7227809862250647,0.002872795303111103,584.6408450705158,225.55555555559152,2.5920037466176367,0.0017091984867391163,inf,inf,inf,7,0.1,0.07684729064039397,0.07684729064039397,0.08963603884518068,2.651473510785717,1.7852793970110103,4.733621030526192,0.19306176035819245,-0.44932154594382656
wine,8,7,2,0.05555555555555555,36,2.519918875851078,2.5920037466176367,6.531639167378497,70,17,0.24285714285714285,17,0.24285714285714285,0.9714285714285714,0.14341354262465145,0.7227809862250647,-0.13766795201842924,584.6408450705158,225.55555555559152,2.5920037466176367,0.0017091984867391163,inf,inf,inf,3,0.04285714285714286,0.07684729064039397,0.07684729064039397,0.08963603884518068,2.651473510785717,1.7852793970110103,4.733621030526192,0.19306176035819245,-0.44932154594382656
wine,9,1,1,0.027777777777777776,36,2.279775301210265,1.61783945049608,3.6883104205645507,13,11,0.8461538461538461,11,0.8461538461538461,0.923076923076923,0.2711268537551498,1.2362166093716762,0.23678750349482544,3.6883104205645507,2.279775301210265,1.61783945049608,0.2711268537551498,4.023505108592484,1.41783945049608,5.704684272234938,0,0.0,0.013970027058905155,0.013970027058905155,0.1822308806491505,1.0090924707734885,1.0,1.0090924707734885,0.9909894573224602,0.6265276960241593
wine,9,1,2,0.05555555555555555,36,2.279775301210265,1.61783945049608,3.6883104205645507,13,11,0.8461538461538461,11,0.8461538461538461,0.923076923076923,0.2711268537551498,1.2362166093716762,0.2024481532345011,3.6883104205645507,2.279775301210265,1.61783945049608,0.2711268537551498,1.6367590361673818,1.2178394504960801,1.993309725200578,0,0.0,0.013970027058905155,0.013970027058905155,0.1822308806491505,1.0090924707734885,1.0,1.0090924707734885,0.9909894573224602,0.6265276960241593
wine,9,2,1,0.027777777777777776,36,4.939172749391719,1.6847290640394068,8.321167883211654,25,19,0.76,19,0.76,0.9411764705882353,0.11656490458602675,1.1514684005334983,0.05259443788972129,10.919540229885031,6.481481481481474,1.6847290640394068,0.08948227146814414,16.24000000000028,1.41783945049608,23.025712676056735,0,0.0,0.020935960591133118,0.020935960591133118,0.10679235191386306,1.307747051092216,1.0,1.307747051092216,0.618492338824487,0.2729842523126544
wine,9,2,2,0.05555555555555555,36,2.279775301210265,1.6847290640394068,3.8408037094281267,25,16,0.64,16,0.64,0.9411764705882353,0.24341505775093242,1.1098632732064921,0.12009691628354441,10.919540229885031,6.481481481481474,1.6847290640394068,0.08948227146814414,3.2094861660079173,1.2178394504960801,3.908638868785853,0,0.0,0.020935960591133118,0.020935960591133118,0.10679235191386306,1.307747051092216,1.0,1.307747051092216,0.618492338824487,0.2729842523126544
wine,9,3,1,0.027777777777777776,36,4.939172749391719,1.6847290640394068,8.321167883211654,36,21,0.5833333333333334,20,0.5555555555555556,0.9428571428571428,0.11542567436154239,1.140214690773385,0.020407783463760307,10.919540229885031,6.481481481481474,1.6847290640394068,0.08881182563055856,inf,inf,inf,2,0.05555555555555555,0.035221674876847575,0.035221674876847575,0.10506100893948894,1.3207851085090374,1.0,1.3207851085090374,0.5821203777060235,0.09745970167067118
wine,9,3,2,0.05555555555555555,36,2.279775301210265,1.6847290640394068,3.8408037094281267,36,16,0.4444444444444444,16,0.4444444444444444,0.9428571428571428,0.23841970639782306,1.08708671593512,0.05723858707530308,10.919540229885031,6.481481481481474,1.6847290640394068,0.08881182563055856,3.2094861660079173,1.2178394504960801,3.908638868785853,0,0.0,0.035221674876847575,0.035221674876847575,0.10506100893948894,1.3207851085090374,1.0,1.3207851085090374,0.5821203777060235,0.09745970167067118
wine,9,4,1,0.027777777777777776,36,4.939172749391719,1.6847290640394068,8.321167883211654,46,21,0.45652173913043476,20,0.43478260869565216,1.0,0.11486729721062328,1.1346988483579796,-0.011210352606930013,20.3571428571428,12.083333333333314,1.6847290640394068,0.04822529894606886,inf,inf,inf,2,0.043478260869565216,0.035221674876847575,0.035221674876847575,0.10506100893948894,1.3207851085090374,1.0,1.3207851085090374,0.5680030941327654,-0.06253948579980292
wine,9,4,2,0.05555555555555555,36,2.279775301210265,1.6847290640394068,3.8408037094281267,46,16,0.34782608695652173,16,0.34782608695652173,1.0,0.23602664675323126,1.0761754393909932,-0.0031234508892116764,20.3571428571428,12.083333333333314,1.6847290640394068,0.04822529894606886,3.2094861660079173,1.2178394504960801,3.908638868785853,0,0.0,0.035221674876847575,0.035221674876847575,0.10506100893948894,1.3207851085090374,1.0,1.3207851085090374,0.5680030941327654,-0.06253948579980292
wine,9,5,1,0.027777777777777776,36,4.939172749391719,1.6847290640394068,8.321167883211654,55,22,0.4,20,0.36363636363636365,1.0,0.11453577080104904,1.1314239159422341,-0.042606439746483454,20.3571428571428,12.083333333333314,1.6847290640394068,0.048167023322695734,inf,inf,inf,2,0.03636363636363636,0.035221674876847575,0.035221674876847575,0.04108318447070823,5.514958873502843,1.3220405223069807,7.290999109627217,0.12983436442303575,-0.16433404619005998
wine,9,5,2,0.05555555555555555,36,2.279775301210265,1.6847290640394068,3.8408037094281267,55,16,0.2909090909090909,16,0.2909090909090909,1.0,0.23462237331846147,1.0697725836055256,-0.06253667768307336,20.3571428571428,12.083333333333314,1.6847290640394068,0.048167023322695734,3.2094861660079173,1.2178394504960801,3.908638868785853,0,0.0,0.035221674876847575,0.035221674876847575,0.04108318447070823,5.514958873502843,1.3220405223069807,7.290999109627217,0.12983436442303575,-0.16433404619005998
wine,9,6,1,0.027777777777777776,36,4.939172749391719,1.6847290640394068,8.321167883211654,63,22,0.3492063492063492,20,0.31746031746031744,0.9166666666666666,0.11431618990352832,1.1292548199715915,-0.07389294675840358,20.3571428571428,12.083333333333314,1.6847290640394068,0.048128277810597586,inf,inf,inf,2,0.031746031746031744,0.035221674876847575,0.035221674876847575,0.04108318447070823,5.514958873502843,1.3220405223069807,7.290999109627217,0.1295520849482117,-0.22268252803904032
wine,9,6,2,0.05555555555555555,36,2.279775301210265,1.6847290640394068,3.8408037094281267,63,16,0.25396825396825395,16,0.25396825396825395,0.9166666666666666,0.2336989290232706,1.0655620926130862,-0.12148843518109148,20.3571428571428,12.083333333333314,1.6847290640394068,0.048128277810597586,3.2094861660079173,1.2178394504960801,3.908638868785853,0,0.0,0.035221674876847575,0.035221674876847575,0.04108318447070823,5.514958873502843,1.3220405223069807,7.290999109627217,0.1295520849482117,-0.22268252803904032
wine,9,7,1,0.027777777777777776,36,4.939172749391719,1.6847290640394068,8.321167883211654,70,22,0.3142857142857143,20,0.2857142857142857,0.9166666666666666,0.11416004342921926,1.1277123511499498,-0.10511735818327098,20.3571428571428,12.083333333333314,1.6847290640394068,0.048100653624778666,inf,inf,inf,2,0.02857142857142857,0.035221674876847575,0.035221674876847575,0.04108318447070823,5.514958873502843,1.3220405223069807,7.290999109627217,0.12935147491690568,-0.280952570073055
wine,9,7,2,0.05555555555555555,36,2.279775301210265,1.6847290640394068,3.8408037094281267,70,16,0.22857142857142856,16,0.22857142857142856,0.9166666666666666,0.23304543996330485,1.062582476176044,-0.18018107854960114,20.3571428571428,12.083333333333314,1.6847290640394068,0.048100653624778666,3.2094861660079173,1.2178394504960801,3.908638868785853,0,0.0,0.035221674876847575,0.035221674876847575,0.04108318447070823,5.514958873502843,1.3220405223069807,7.290999109627217,0.12935147491690568,-0.280952570073055
wine,10,1,1,0.027777777777777776,36,2.776979565772671,2.4634323180462085,6.840901208878324,13,12,0.9230769230769231,11,0.8461538461538461,1.0,0.14617957042007423,0.8118753599799466,0.12362747708729793,6.840901208878324,2.776979565772671,2.4634323180462085,0.14617957042007423,1.988227225968683,2.2134323180462085,4.400806397578445,0,0.0,0.007212238950947025,0.007212238950947025,0.19673943296527813,1.0,1.0,1.0,1.0,0.6065211340694437
wine,10,1,2,0.05555555555555555,36,2.776979565772671,2.4634323180462085,6.840901208878324,13,11,0.8461538461538461,11,0.8461538461538461,1.0,0.14617957042007423,0.8118753599799466,0.10107538375452164,6.840901208878324,2.776979565772671,2.4634323180462085,0.14617957042007423,1.698381119409874,1.9634323180462085,3.334656378208843,0,0.0,0.007212238950947025,0.007212238950947025,0.19673943296527813,1.0,1.0,1.0,1.0,0.6065211340694437
wine,10,2,1,0.027777777777777776,36,2.776979565772671,2.4634323180462085,6.840901208878324,25,24,0.96,18,0.72,1.0,0.14083745371802503,0.7822054621408195,0.09738159471020172,6.840901208878324,2.776979565772671,2.4634323180462085,0.14083745371802503,inf,inf,inf,4,0.16,0.07019704433497542,0.07019704433497542,0.16011887933598984,1.1080504717060113,1.0223624040222998,1.1328291440314011,0.6879356798017715,0.19972203752145828
wine,10,2,2,0.05555555555555555,36,2.776979565772671,2.4634323180462085,6.840901208878324,25,18,0.72,17,0.68,1.0,0.14083745371802503,0.7822054621408195,0.05392573570237842,6.840901208878324,2.776979565772671,2.4634323180462085,0.14083745371802503,inf,inf,inf,1,0.04,0.07019704433497542,0.07019704433497542,0.16011887933598984,1.1080504717060113,1.0223624040222998,1.1328291440314011,0.6879356798017715,0.19972203752145828
wine,10,3,1,0.027777777777777776,36,2.776979565772671,2.4634323180462085,6.840901208878324,36,26,0.7222222222222222,18,0.5,0.9714285714285714,0.13917243827284376,0.772958034404891,0.07475926873910285,277.8204225352556,112.77777777779576,2.4634323180462085,0.0035951304620990276,inf,inf,inf,4,0.1111111111111111,0.07019704433497542,0.07019704433497542,0.07160098522167493,1.5700256151754255,1.819023451051134,2.8559134127550823,0.31087218878102574,0.10119129575909161
wine,10,3,2,0.05555555555555555,36,2.776979565772671,2.4634323180462085,6.840901208878324,36,18,0.5,17,0.4722222222222222,0.9714285714285714,0.13917243827284376,0.772958034404891,0.010346099205361947,277.8204225352556,112.77777777779576,2.4634323180462085,0.0035951304620990276,inf,inf,inf,1,0.027777777777777776,0.07019704433497542,0.07019704433497542,0.07160098522167493,1.5700256151754255,1.819023451051134,2.8559134127550823,0.31087218878102574,0.10119129575909161
wine,10,4,1,0.027777777777777776,36,2.776979565772671,2.4634323180462085,6.840901208878324,46,28,0.6086956521739131,18,0.391304347826087,0.9714285714285714,0.13835983880998148,0.7684448901978382,0.05297707323244391,277.8204225352556,112.77777777779576,2.4634323180462085,0.003594591814661041,inf,inf,inf,4,0.08695652173913043,0.07019704433497542,0.07019704433497542,0.07160098522167493,1.5700256151754255,1.819023451051134,2.8559134127550823,0.3067980424836282,0.030887492116313423
wine,10,4,2,0.05555555555555555,36,2.776979565772671,2.4634323180462085,6.840901208878324,46,18,0.391304347826087,17,0.3695652173913043,0.9714285714285714,0.13835983880998148,0.7684448901978382,-0.03240569234509366,277.8204225352556,112.77777777779576,2.4634323180462085,0.003594591814661041,inf,inf,inf,1,0.021739130434782608,0.07019704433497542,0.07019704433497542,0.07160098522167493,1.5700256151754255,1.819023451051134,2.8559134127550823,0.3067980424836282,0.030887492116313423
wine,10,5,1,0.027777777777777776,36,2.776979565772671,2.4634323180462085,6.840901208878324,55,29,0.5272727272727272,18,0.32727272727272727,0.9714285714285714,0.13787844282881134,0.765771236592329,0.03152132663543232,277.8204225352556,112.77777777779576,2.4634323180462085,0.0035942687295368314,inf,inf,inf,4,0.07272727272727272,0.07019704433497542,0.07019704433497542,0.07160098522167493,1.5700256151754255,1.819023451051134,2.8559134127550823,0.3044243337182313,-0.03779544049155081
wine,10,5,2,0.05555555555555555,36,2.776979565772671,2.4634323180462085,6.840901208878324,55,18,0.32727272727272727,17,0.3090909090909091,0.9714285714285714,0.13787844282881134,0.765771236592329,-0.0748357895579467,277.8204225352556,112.77777777779576,2.4634323180462085,0.0035942687295368314,inf,inf,inf,1,0.01818181818181818,0.07019704433497542,0.07019704433497542,0.07160098522167493,1.5700256151754255,1.819023451051134,2.8559134127550823,0.3044243337182313,-0.03779544049155081
wine,10,6,1,0.027777777777777776,36,2.776979565772671,2.4634323180462085,6.840901208878324,63,30,0.47619047619047616,18,0.2857142857142857,0.9714285714285714,0.13756003432826758,0.7640028087931724,0.010226232862738854,277.8204225352556,112.77777777779576,2.4634323180462085,0.0035940533824925236,inf,inf,inf,4,0.06349206349206349,0.07019704433497542,0.07019704433497542,0.07160098522167493,1.5700256151754255,1.819023451051134,2.8559134127550823,0.3028701254767594,-0.10569700063798607
wine,10,6,2,0.05555555555555555,36,2.776979565772671,2.4634323180462085,6.840901208878324,63,18,0.2857142857142857,17,0.2698412698412698,0.9714285714285714,0.13756003432826758,0.7640028087931724,-0.11710756860278987,277.8204225352556,112.77777777779576,2.4634323180462085,0.0035940533824925236,inf,inf,inf,1,0.015873015873015872,0.07019704433497542,0.07019704433497542,0.07160098522167493,1.5700256151754255,1.819023451051134,2.8559134127550823,0.3028701254767594,-0.10569700063798607
wine,10,7,1,0.027777777777777776,36,2.776979565772671,2.4634323180462085,6.840901208878324,70,31,0.44285714285714284,18,0.2571428571428571,0.9428571428571428,0.13733382084343237,0.7627464283433932,-0.010977984667782964,277.8204225352556,112.77777777779576,2.4634323180462085,0.0035938995842494936,inf,inf,inf,4,0.05714285714285714,0.07019704433497542,0.07019704433497542,0.07160098522167493,1.5700256151754255,1.819023451051134,2.8559134127550823,0.30177345397613087,-0.17316223473568754
wine,10,7,2,0.05555555555555555,36,2.776979565772671,2.4634323180462085,6.840901208878324,70,18,0.2571428571428571,17,0.24285714285714285,0.9428571428571428,0.13733382084343237,0.7627464283433932,-0.1592897901789983,277.8204225352556,112.77777777779576,2.4634323180462085,0.0035938995842494936,inf,inf,inf,1,0.014285714285714285,0.07019704433497542,0.07019704433497542,0.07160098522167493,1.5700256151754255,1.819023451051134,2.8559134127550823,0.30177345397613087,-0.17316223473568754
wine,11,1,1,0.027777777777777776,36,1.9745212617567345,3.3928744883091673,6.699302815638452,13,12,0.9230769230769231,11,0.8461538461538461,0.9285714285714285,0.14926926390991913,0.589470670633825,0.1328950786145351,6.699302815638452,1.9745212617567345,3.3928744883091673,0.14926926390991913,inf,inf,inf,1,0.07692307692307693,0.042926524665232724,0.042926524665232724,0.1790573292880543,1.015849683998199,1.0,1.015849683998199,0.9843976089692547,0.6262829503931462
wine,11,1,2,0.05555555555555555,36,1.9745212617567345,1.1239317679475862,2.2192271725763453,13,8,0.6153846153846154,8,0.6153846153846154,0.9285714285714285,0.4506073160771008,1.7794674525947456,0.3517480131551705,6.699302815638452,1.9745212617567345,3.3928744883091673,0.14926926390991913,1.4996514374304173,2.392874488309167,3.588477665983416,0,0.0,0.042926524665232724,0.042926524665232724,0.1790573292880543,1.015849683998199,1.0,1.015849683998199,0.9843976089692547,0.6262829503931462
wine,11,2,1,0.027777777777777776,36,2.2668900055834738,3.3928744883091673,7.691273267747194,25,19,0.76,16,0.64,1.064516129032258,0.12579134758162347,0.5703102972433183,0.0941074421792169,17.197341351479803,5.068664169787803,3.3928744883091673,0.05730321036817365,inf,inf,inf,3,0.12,0.05615763546798025,0.05615763546798025,0.136980734564389,1.1412910943800278,1.0,1.1412910943800278,0.6842687558577045,0.25636842641477325
wine,11,2,2,0.05555555555555555,36,2.2668900055834738,1.26502463054187,2.8676716917922915,25,14,0.56,13,0.52,1.064516129032258,0.31831442361232465,1.4431675710396856,0.15796247127458182,17.197341351479803,5.068664169787803,3.3928744883091673,0.05730321036817365,inf,inf,inf,1,0.04,0.05615763546798025,0.05615763546798025,0.136980734564389,1.1412910943800278,1.0,1.1412910943800278,0.6842687558577045,0.25636842641477325
wine,11,3,1,0.027777777777777776,36,2.2668900055834738,3.3928744883091673,7.691273267747194,36,24,0.6666666666666666,18,0.5,1.0,0.12446403860617017,0.5642925703417656,0.07743965774435638,17.197341351479803,5.068664169787803,3.3928744883091673,0.05702872150101834,inf,inf,inf,6,0.16666666666666666,0.05615763546798025,0.05615763546798025,0.12809510346879172,1.1718495231207087,1.0871626258709153,1.2739910046814895,0.5974723477629225,0.05935940622409242
wine,11,3,2,0.05555555555555555,36,2.2668900055834738,1.26502463054187,2.8676716917922915,36,15,0.4166666666666667,13,0.3611111111111111,1.0,0.3097514499156231,1.404344932057432,0.07569396123938446,17.197341351479803,5.068664169787803,3.3928744883091673,0.05702872150101834,inf,inf,inf,1,0.027777777777777776,0.05615763546798025,0.05615763546798025,0.12809510346879172,1.1718495231207087,1.0871626258709153,1.2739910046814895,0.5974723477629225,0.05935940622409242
wine,11,4,1,0.027777777777777776,36,2.2668900055834738,3.3928744883091673,7.691273267747194,46,27,0.5869565217391305,18,0.391304347826087,0.9428571428571428,0.12381453095520445,0.5613478455367172,0.06144254811779143,17.197341351479803,5.068664169787803,3.3928744883091673,0.05689279778795697,inf,inf,inf,8,0.17391304347826086,0.05615763546798025,0.05615763546798025,0.05728078817733986,2.7838116552571655,2.3618203011170493,6.57486288187263,0.14363746561302804,-0.03959674210027462
wine,11,4,2,0.05555555555555555,36,2.2668900055834738,1.26502463054187,2.8676716917922915,46,15,0.32608695652173914,13,0.2826086956521739,0.9428571428571428,0.30570667659008943,1.3860068196044262,-0.002294838877560823,17.197341351479803,5.068664169787803,3.3928744883091673,0.05689279778795697,inf,inf,inf,1,0.021739130434782608,0.05615763546798025,0.05615763546798025,0.05728078817733986,2.7838116552571655,2.3618203011170493,6.57486288187263,0.14363746561302804,-0.03959674210027462
wine,11,5,1,0.027777777777777776,36,2.2668900055834738,3.3928744883091673,7.691273267747194,55,30,0.5454545454545454,18,0.32727272727272727,0.9714285714285714,0.12342922235991549,0.5596009411292653,0.045706869425295324,17.197341351479803,5.068664169787803,3.3928744883091673,0.0568116606869945,inf,inf,inf,10,0.18181818181818182,0.05615763546798025,0.05615763546798025,0.05728078817733986,2.7838116552571655,2.3618203011170493,6.57486288187263,0.14311855438166154,-0.08509675498483162
wine,11,5,2,0.05555555555555555,36,2.2668900055834738,1.26502463054187,2.8676716917922915,55,15,0.2727272727272727,13,0.23636363636363636,0.9714285714285714,0.30334981745620426,1.3753213387740812,-0.0786838877588183,17.197341351479803,5.068664169787803,3.3928744883091673,0.0568116606869945,inf,inf,inf,1,0.01818181818181818,0.05615763546798025,0.05615763546798025,0.05728078817733986,2.7838116552571655,2.3618203011170493,6.57486288187263,0.14311855438166154,-0.08509675498483162
wine,11,6,1,0.027777777777777776,36,2.2668900055834738,3.3928744883091673,7.691273267747194,63,30,0.47619047619047616,18,0.2857142857142857,0.9705882352941176,0.1231741523486275,0.5584445098106396,0.030100067380187556,17.197341351479803,5.068664169787803,3.3928744883091673,0.05675774183490501,inf,inf,inf,10,0.15873015873015872,0.05615763546798025,0.05615763546798025,0.05728078817733986,2.7838116552571655,2.3618203011170493,6.57486288187263,0.1427754382971299,-0.1304263778756967
wine,11,6,2,0.05555555555555555,36,2.2668900055834738,1.26502463054187,2.8676716917922915,63,15,0.23809523809523808,13,0.20634920634920634,0.9705882352941176,0.30180653782995803,1.3683244484529649,-0.15430161165436357,17.197341351479803,5.068664169787803,3.3928744883091673,0.05675774183490501,inf,inf,inf,1,0.015873015873015872,0.05615763546798025,0.05615763546798025,0.05728078817733986,2.7838116552571655,2.3618203011170493,6.57486288187263,0.1427754382971299,-0.1304263778756967
wine,11,7,1,0.027777777777777776,36,2.2668900055834738,3.3928744883091673,7.691273267747194,70,30,0.42857142857142855,18,0.2571428571428571,0.9705882352941176,0.12299283324590793,0.557622448887087,0.014566245962307683,17.197341351479803,5.068664169787803,3.3928744883091673,0.056719312491240625,inf,inf,inf,10,0.14285714285714285,0.05615763546798025,0.05615763546798025,0.05728078817733986,2.7838116552571655,2.3618203011170493,6.57486288187263,0.14253172241417167,-0.1756596523670718
wine,11,7,2,0.05555555555555555,36,2.2668900055834738,1.26502463054187,2.8676716917922915,70,15,0.21428571428571427,13,0.18571428571428572,0.9705882352941176,0.30071752868058055,1.3633871205395394,-0.2294885737514626,17.197341351479803,5.068664169787803,3.3928744883091673,0.056719312491240625,inf,inf,inf,1,0.014285714285714285,0.05615763546798025,0.05615763546798025,0.05728078817733986,2.7838116552571655,2.3618203011170493,6.57486288187263,0.14253172241417167,-0.1756596523670718
wine,12,1,1,0.027777777777777776,36,4.504766369745275,1.3924304447373896,6.27257383966245,13,12,0.9230769230769231,11,0.8461538461538461,0.7586206896551725,0.1594241894255347,1.4363374540960983,0.11952592681175421,6.27257383966245,4.504766369745275,1.3924304447373896,0.1594241894255347,inf,inf,inf,1,0.07692307692307693,0.07825574134461943,0.07825574134461943,0.2041238962323385,1.01967538979288,1.0,1.01967538979288,0.9807042613856979,0.5724564689210208
wine,12,1,2,0.05555555555555555,36,2.0374611252473858,1.3924304447373896,2.8370229007633596,13,11,0.8461538461538461,10,0.7692307692307693,0.7586206896551725,0.352482174088524,1.436337454096098,0.272685648860963,6.27257383966245,4.504766369745275,1.3924304447373896,0.1594241894255347,inf,inf,inf,1,0.07692307692307693,0.07825574134461943,0.07825574134461943,0.2041238962323385,1.01967538979288,1.0,1.01967538979288,0.9807042613856979,0.5724564689210208
wine,12,2,1,0.027777777777777776,36,4.504766369745275,1.3924304447373896,6.27257383966245,25,22,0.88,21,0.84,0.9714285714285714,0.1530701713820376,1.3790907205058973,0.0764540202428211,21.66002914035946,15.555555555555602,1.3924304447373896,0.04563511878011306,inf,inf,inf,1,0.04,0.07825574134461943,0.07825574134461943,0.15609392512656636,1.1554918443529365,1.0,1.1554918443529365,0.6781890509628565,0.18890207989195756
wine,12,2,2,0.05555555555555555,36,3.4777288301517375,1.3924304447373896,4.842495501644225,25,20,0.8,19,0.76,0.9714285714285714,0.1958440076191693,1.3621847030192833,0.04449015172813783,21.66002914035946,15.555555555555602,1.3924304447373896,0.04563511878011306,inf,inf,inf,1,0.04,0.07825574134461943,0.07825574134461943,0.15609392512656636,1.1554918443529365,1.0,1.1554918443529365,0.6781890509628565,0.18890207989195756
wine,12,3,1,0.027777777777777776,36,4.504766369745275,1.7822660098522163,8.028691983122366,36,26,0.7222222222222222,22,0.6111111111111112,0.9722222222222222,0.11945368107402876,1.076221850489125,0.029768526866601683,27.72413793103456,15.555555555555602,1.7822660098522163,0.035637716531649266,inf,inf,inf,5,0.1388888888888889,0.07825574134461943,0.07825574134461943,0.14596846449628706,1.2306894399546975,1.0,1.2306894399546975,0.6123417370264266,-0.04767146980127255
wine,12,3,2,0.05555555555555555,36,3.4777288301517375,1.3924304447373896,4.842495501644225,36,20,0.5555555555555556,19,0.5277777777777778,0.9722222222222222,0.1926164697777737,1.3397357002164287,-0.03067281359163107,27.72413793103456,15.555555555555602,1.7822660098522163,0.035637716531649266,inf,inf,inf,1,0.027777777777777776,0.07825574134461943,0.07825574134461943,0.14596846449628706,1.2306894399546975,1.0,1.2306894399546975,0.6123417370264266,-0.04767146980127255
wine,12,4,1,0.027777777777777776,36,4.504766369745275,1.7822660098522163,8.028691983122366,46,26,0.5652173913043478,22,0.4782608695652174,0.9444444444444444,0.11885554527845044,1.0708329264562007,-0.00012589099446073948,27.72413793103456,15.555555555555602,1.7822660098522163,0.03558469567123379,inf,inf,inf,5,0.10869565217391304,0.07825574134461943,0.07825574134461943,0.14596846449628706,1.2306894399546975,1.0,1.2306894399546975,0.5967892531100489,-0.26087734040187194
wine,12,4,2,0.05555555555555555,36,3.4777288301517375,1.3924304447373896,4.842495501644225,46,20,0.43478260869565216,19,0.41304347826086957,0.9444444444444444,0.19105675187989613,1.3288871484157239,-0.10425150332359806,27.72413793103456,15.555555555555602,1.7822660098522163,0.03558469567123379,inf,inf,inf,1,0.021739130434782608,0.07825574134461943,0.07825574134461943,0.14596846449628706,1.2306894399546975,1.0,1.2306894399546975,0.5967892531100489,-0.26087734040187194
wine,12,5,1,0.027777777777777776,36,4.504766369745275,1.7822660098522163,8.028691983122366,55,26,0.4727272727272727,22,0.4,0.9444444444444444,0.11850054613365335,1.0676345500386601,-0.029782030260604997,27.72413793103456,15.555555555555602,1.7822660098522163,0.03555298449533595,inf,inf,inf,5,0.09090909090909091,0.07825574134461943,0.07825574134461943,0.14596846449628706,1.2306894399546975,1.0,1.2306894399546975,0.5880004309794462,-0.4682944084332528
wine,12,5,2,0.05555555555555555,36,3.4777288301517375,1.3924304447373896,4.842495501644225,55,20,0.36363636363636365,19,0.34545454545454546,0.9444444444444444,0.19013742837012826,1.322492832667412,-0.17722169181526393,27.72413793103456,15.555555555555602,1.7822660098522163,0.03555298449533595,inf,inf,inf,1,0.01818181818181818,0.07825574134461943,0.07825574134461943,0.14596846449628706,1.2306894399546975,1.0,1.2306894399546975,0.5880004309794462,-0.4682944084332528
wine,12,6,1,0.027777777777777776,36,4.504766369745275,1.7822660098522163,8.028691983122366,63,27,0.42857142857142855,22,0.3492063492063492,0.9444444444444444,0.11826547288605582,1.065516649918252,-0.05932063543365282,27.72413793103456,15.555555555555602,1.7822660098522163,0.03553188574700117,inf,inf,inf,5,0.07936507936507936,0.07825574134461943,0.07825574134461943,0.14596846449628706,1.2306894399546975,1.0,1.2306894399546975,0.5823478754589442,-0.6730207056128626
wine,12,6,2,0.05555555555555555,36,3.4777288301517375,1.3924304447373896,4.842495501644225,63,20,0.31746031746031744,19,0.30158730158730157,0.9444444444444444,0.1895312513091978,1.3182765937854628,-0.24989427995262314,27.72413793103456,15.555555555555602,1.7822660098522163,0.03553188574700117,inf,inf,inf,1,0.015873015873015872,0.07825574134461943,0.07825574134461943,0.14596846449628706,1.2306894399546975,1.0,1.2306894399546975,0.5823478754589442,-0.6730207056128626
wine,12,7,1,0.027777777777777776,36,4.504766369745275,1.7822660098522163,8.028691983122366,70,27,0.38571428571428573,22,0.3142857142857143,0.9714285714285714,0.11809833593537145,1.0640108240890824,-0.08879265763750566,27.72413793103456,15.555555555555602,1.7822660098522163,0.03551683574198461,inf,inf,inf,5,0.07142857142857142,0.07825574134461943,0.07825574134461943,0.14596846449628706,1.2306894399546975,1.0,1.2306894399546975,0.5784060970220153,-0.876277063825486
wine,12,7,2,0.05555555555555555,36,3.4777288301517375,1.3924304447373896,4.842495501644225,70,20,0.2857142857142857,19,0.2714285714285714,0.9714285714285714,0.18910149920187047,1.3152874711985214,-0.32239918404199897,27.72413793103456,15.555555555555602,1.7822660098522163,0.03551683574198461,inf,inf,inf,1,0.014285714285714285,0.07825574134461943,0.07825574134461943,0.14596846449628706,1.2306894399546975,1.0,1.2306894399546975,0.5784060970220153,-0.876277063825486
wine,13,1,1,0.027777777777777776,36,2.8707438279904016,1.6593769513633534,4.763646141435876,13,11,0.8461538461538461,11,0.8461538461538461,0.9259259259259259,0.2099232332354931,1.2052716523251628,0.1764434651153497,4.763646141435876,2.8707438279904016,1.6593769513633534,0.2099232332354931,inf,inf,inf,1,0.07692307692307693,0.036029972941094834,0.036029972941094834,0.14054109959316496,1.0196000543183483,1.0,1.0196000543183483,0.9807767229558928,0.6996945237695629
wine,13,1,2,0.05555555555555555,36,2.8707438279904016,1.0436272809269413,2.995986575443422,13,10,0.7692307692307693,10,0.7692307692307693,0.9259259259259259,0.3337798667712637,1.9163929848821277,0.22731358983336772,4.763646141435876,2.8707438279904016,1.6593769513633534,0.2099232332354931,1.6712856132376313,1.0,1.6712856132376313,0,0.0,0.036029972941094834,0.036029972941094834,0.14054109959316496,1.0196000543183483,1.0,1.0196000543183483,0.9807767229558928,0.6996945237695629
wine,13,2,1,0.027777777777777776,36,3.9992119779353805,1.9019704433497522,7.606382978723395,25,18,0.72,17,0.68,1.0303030303030303,0.12714753777690846,1.016979912084807,0.07064865377219695,25.74000000000037,13.53333333333354,1.9019704433497522,0.03847270747037601,inf,inf,inf,2,0.08,0.09088669950738915,0.09088669950738915,0.09270443349753693,1.306315718826441,1.0,1.306315718826441,0.6190096750462841,0.3191582719067061
wine,13,2,2,0.05555555555555555,36,2.8707438279904016,1.9019704433497522,5.460069911266469,25,14,0.56,14,0.56,1.0303030303030303,0.17476205542930778,1.0033941839812035,0.06327381276472963,25.74000000000037,13.53333333333354,1.9019704433497522,0.03847270747037601,inf,inf,inf,1,0.04,0.09088669950738915,0.09088669950738915,0.09270443349753693,1.306315718826441,1.0,1.306315718826441,0.6190096750462841,0.3191582719067061
wine,13,3,1,0.027777777777777776,36,3.9992119779353805,2.269950738916254,9.078014184397151,36,22,0.6111111111111112,18,0.5,1.0,0.1061609568595887,0.8491203405238967,0.03540092848259732,30.72000000000044,13.53333333333354,2.269950738916254,0.032200148157948694,inf,inf,inf,4,0.1111111111111111,0.09088669950738915,0.09088669950738915,0.09270443349753693,1.306315718826441,1.0,1.306315718826441,0.5867903304354758,0.1604240448439184
wine,13,3,2,0.05555555555555555,36,2.8707438279904016,1.9019704433497522,5.460069911266469,36,14,0.3888888888888889,14,0.3888888888888889,1.0,0.1721943260966181,0.988651597713666,0.007419059811007128,30.72000000000044,13.53333333333354,2.269950738916254,0.032200148157948694,inf,inf,inf,1,0.027777777777777776,0.09088669950738915,0.09088669950738915,0.09270443349753693,1.306315718826441,1.0,1.306315718826441,0.5867903304354758,0.1604240448439184
wine,13,4,1,0.027777777777777776,36,3.9992119779353805,2.269950738916254,9.078014184397151,46,22,0.4782608695652174,18,0.391304347826087,0.9428571428571428,0.10568881754518822,0.8453439701210874,0.011761709753956281,30.72000000000044,13.53333333333354,2.269950738916254,0.032156870488057265,inf,inf,inf,4,0.08695652173913043,0.09088669950738915,0.09088669950738915,0.09270443349753693,1.306315718826441,1.0,1.306315718826441,0.5724544809958354,0.017854815498505063
wine,13,4,2,0.05555555555555555,36,2.8707438279904016,1.9019704433497522,5.460069911266469,46,14,0.30434782608695654,14,0.30434782608695654,0.9428571428571428,0.1709487285114869,0.9815000145543157,-0.047162385833916576,30.72000000000044,13.53333333333354,2.269950738916254,0.032156870488057265,inf,inf,inf,1,0.021739130434782608,0.09088669950738915,0.09088669950738915,0.09270443349753693,1.306315718826441,1.0,1.306315718826441,0.5724544809958354,0.017854815498505063
wine,13,5,1,0.027777777777777776,36,3.9992119779353805,2.269950738916254,9.078014184397151,55,22,0.4,18,0.32727272727272727,0.9428571428571428,0.10540825187035718,0.8430998869063239,-0.011688954644409999,30.72000000000044,13.53333333333354,2.269950738916254,0.032130978584924086,inf,inf,inf,4,0.07272727272727272,0.09088669950738915,0.09088669950738915,0.09270443349753693,1.306315718826441,1.0,1.306315718826441,0.5643330137701448,-0.11908136906770114
wine,13,5,2,0.05555555555555555,36,2.8707438279904016,1.9019704433497522,5.460069911266469,55,14,0.2545454545454545,14,0.2545454545454545,0.9428571428571428,0.17021311879711265,0.9772765204596163,-0.10125258133055853,30.72000000000044,13.53333333333354,2.269950738916254,0.032130978584924086,inf,inf,inf,1,0.01818181818181818,0.09088669950738915,0.09088669950738915,0.09270443349753693,1.306315718826441,1.0,1.306315718826441,0.5643330137701448,-0.11908136906770114
wine,13,6,1,0.027777777777777776,36,3.9992119779353805,2.269950738916254,9.078014184397151,63,22,0.3492063492063492,18,0.2857142857142857,0.9428571428571428,0.10522232517291785,0.8416127663554892,-0.03504646921966367,30.72000000000044,13.53333333333354,2.269950738916254,0.032113748314522406,inf,inf,inf,4,0.06349206349206349,0.09088669950738915,0.09088669950738915,0.09270443349753693,1.306315718826441,1.0,1.306315718826441,0.5591022469895308,-0.25339358312378624
wine,13,6,2,0.05555555555555555,36,2.8707438279904016,1.9019704433497522,5.460069911266469,63,14,0.2222222222222222,14,0.2222222222222222,0.9428571428571428,0.16972749826019273,0.9744883361413998,-0.15510194712027386,30.72000000000044,13.53333333333354,2.269950738916254,0.032113748314522406,inf,inf,inf,1,0.015873015873015872,0.09088669950738915,0.09088669950738915,0.09270443349753693,1.306315718826441,1.0,1.306315718826441,0.5591022469895308,-0.25339358312378624
wine,13,7,1,0.027777777777777776,36,3.9992119779353805,2.269950738916254,9.078014184397151,70,22,0.3142857142857143,18,0.2571428571428571,0.9428571428571428,0.10509006277140809,0.8405548755947925,-0.05835116303869045,30.72000000000044,13.53333333333354,2.269950738916254,0.0321014561218651,inf,inf,inf,4,0.05714285714285714,0.09088669950738915,0.09088669950738915,0.09270443349753693,1.306315718826441,1.0,1.306315718826441,0.5554512358657236,-0.3862705773373382
wine,13,7,2,0.05555555555555555,36,2.8707438279904016,1.9019704433497522,5.460069911266469,70,14,0.2,14,0.2,0.9428571428571428,0.16938293707689522,0.972510042360767,-0.2088154127300697,30.72000000000044,13.53333333333354,2.269950738916254,0.0321014561218651,inf,inf,inf,1,0.014285714285714285,0.09088669950738915,0.09088669950738915,0.09270443349753693,1.306315718826441,1.0,1.306315718826441,0.5554512358657236,-0.3862705773373382
wine,14,1,1,0.027777777777777776,36,2.0666223473590914,2.2826059807118573,4.7172845299546395,13,11,0.8461538461538461,10,0.7692307692307693,0.8148148148148149,0.21198636496272905,0.8761915183347924,0.18764771167565147,4.7172845299546395,2.0666223473590914,2.2826059807118573,0.21198636496272905,inf,inf,inf,2,0.15384615384615385,0.15499549018247416,0.15499549018247416,0.15809539998612365,1.0,1.0279223270658433,1.0279223270658433,0.9728361508154548,0.6652343100471944
wine,14,1,2,0.05555555555555555,36,2.0666223473590914,2.2826059807118573,4.7172845299546395,13,10,0.7692307692307693,9,0.6923076923076923,0.8148148148148149,0.21198636496272905,0.8761915183347924,0.1633090583885739,4.7172845299546395,2.0666223473590914,2.2826059807118573,0.21198636496272905,inf,inf,inf,2,0.15384615384615385,0.15499549018247416,0.15499549018247416,0.15809539998612365,1.0,1.0279223270658433,1.0279223270658433,0.9728361508154548,0.6652343100471944
wine,14,2,1,0.027777777777777776,36,4.563262684649979,2.2826059807118573,10.41613069554129,25,16,0.64,15,0.6,0.8571428571428572,0.09370070264928321,0.855161839849915,0.04619171154651015,19.0686837071815,8.353909465020637,2.2826059807118573,0.05175446370538539,inf,inf,inf,3,0.12,0.15499549018247416,0.15499549018247416,0.15809539998612365,1.188422634850585,1.0279223270658433,1.2216061603533344,0.6510702205094111,0.16176711591468054
wine,14,2,2,0.05555555555555555,36,3.0859590934217853,2.2826059807118573,7.044028682876708,25,14,0.56,13,0.52,0.8571428571428572,0.13692575509805516,0.8450945581369754,0.043026359749502335,19.0686837071815,8.353909465020637,2.2826059807118573,0.05175446370538539,inf,inf,inf,2,0.08,0.15499549018247416,0.15499549018247416,0.15809539998612365,1.188422634850585,1.0279223270658433,1.2216061603533344,0.6510702205094111,0.16176711591468054
wine,14,3,1,0.027777777777777776,36,4.563262684649979,2.2826059807118573,10.41613069554129,36,17,0.4722222222222222,15,0.4166666666666667,0.8611111111111112,0.09296539666960346,0.8484510511721699,0.02226114240525598,514.8544600939778,225.55555555559107,2.2826059807118573,0.0019410392354064498,inf,inf,inf,4,0.1111111111111111,0.15499549018247416,0.15499549018247416,0.15809539998612365,1.188422634850585,1.0279223270658433,1.2216061603533344,0.6155450222713363,-0.0783619041878591
wine,14,3,2,0.05555555555555555,36,3.0859590934217853,2.2826059807118573,7.044028682876708,36,14,0.3888888888888889,13,0.3611111111111111,0.8611111111111112,0.13535223612658165,0.8353829277795947,-0.003878251836684138,514.8544600939778,225.55555555559107,2.2826059807118573,0.0019410392354064498,inf,inf,inf,2,0.05555555555555555,0.15499549018247416,0.15499549018247416,0.15809539998612365,1.188422634850585,1.0279223270658433,1.2216061603533344,0.6155450222713363,-0.0783619041878591
wine,14,4,1,0.027777777777777776,36,4.563262684649979,2.2826059807118573,10.41613069554129,46,17,0.3695652173913043,15,0.32608695652173914,0.8611111111111112,0.0926035567839546,0.8451487102761709,-0.0013018554689532696,514.8544600939778,225.55555555559107,2.2826059807118573,0.001940882233777641,inf,inf,inf,6,0.13043478260869565,0.15499549018247416,0.15499549018247416,0.15809539998612365,1.188422634850585,1.0279223270658433,1.2216061603533344,0.5998376890783681,-0.30176227440738834
wine,14,4,2,0.05555555555555555,36,3.0859590934217853,2.2826059807118573,7.044028682876708,46,14,0.30434782608695654,13,0.2826086956521739,0.8611111111111112,0.13458375892658037,0.8306399493727321,-0.05000289648958231,514.8544600939778,225.55555555559107,2.2826059807118573,0.001940882233777641,inf,inf,inf,2,0.043478260869565216,0.15499549018247416,0.15499549018247416,0.15809539998612365,1.188422634850585,1.0279223270658433,1.2216061603533344,0.5998376890783681,-0.30176227440738834
wine,14,5,1,0.027777777777777776,36,4.563262684649979,2.2826059807118573,10.41613069554129,55,17,0.3090909090909091,15,0.2727272727272727,0.8888888888888888,0.09238827317970089,0.843183919000355,-0.024720604459237308,514.8544600939778,225.55555555559107,2.2826059807118573,0.001940788049058395,inf,inf,inf,6,0.10909090909090909,0.15499549018247416,0.15499549018247416,0.15809539998612365,1.188422634850585,1.0279223270658433,1.2216061603533344,0.5909640828179815,-0.5193637716819927
wine,14,5,2,0.05555555555555555,36,3.0859590934217853,2.2826059807118573,7.044028682876708,55,14,0.2545454545454545,13,0.23636363636363636,0.8888888888888888,0.13412833830145732,0.8278291305338715,-0.09582419795795144,514.8544600939778,225.55555555559107,2.2826059807118573,0.001940788049058395,inf,inf,inf,2,0.03636363636363636,0.15499549018247416,0.15499549018247416,0.15809539998612365,1.188422634850585,1.0279223270658433,1.2216061603533344,0.5909640828179815,-0.5193637716819927
wine,14,6,1,0.027777777777777776,36,4.563262684649979,2.2826059807118573,10.41613069554129,63,17,0.2698412698412698,15,0.23809523809523808,0.8888888888888888,0.09224550025315748,0.8418808982642074,-0.04806798279087707,514.8544600939778,225.55555555559107,2.2826059807118573,0.001940725266018628,inf,inf,inf,6,0.09523809523809523,0.15499549018247416,0.15499549018247416,0.15809539998612365,1.188422634850585,1.0279223270658433,1.2216061603533344,0.5852579949419621,-0.7342704286891862
wine,14,6,2,0.05555555555555555,36,3.0859590934217853,2.2826059807118573,7.044028682876708,63,14,0.2222222222222222,13,0.20634920634920634,0.8888888888888888,0.1338270441218865,0.8259695675073883,-0.1414961450472429,514.8544600939778,225.55555555559107,2.2826059807118573,0.001940725266018628,inf,inf,inf,2,0.031746031746031744,0.15499549018247416,0.15499549018247416,0.15809539998612365,1.188422634850585,1.0279223270658433,1.2216061603533344,0.5852579949419621,-0.7342704286891862
wine,14,7,1,0.027777777777777776,36,4.563262684649979,2.2826059807118573,10.41613069554129,70,17,0.24285714285714285,15,0.21428571428571427,0.8888888888888888,0.09214388389111305,0.8409534939580731,-0.0713748510451789,514.8544600939778,225.55555555559107,2.2826059807118573,0.0019406804243062847,inf,inf,inf,6,0.08571428571428572,0.15499549018247416,0.15499549018247416,0.15809539998612365,1.188422634850585,1.0279223270658433,1.2216061603533344,0.5812793366276104,-0.9477051151438308
wine,14,7,2,0.05555555555555555,36,3.0859590934217853,2.2826059807118573,7.044028682876708,70,14,0.2,13,0.18571428571428572,0.8888888888888888,0.13361295743397272,0.8246482419846921,-0.18708358111562978,514.8544600939778,225.55555555559107,2.2826059807118573,0.0019406804243062847,inf,inf,inf,2,0.02857142857142857,0.15499549018247416,0.15499549018247416,0.15809539998612365,1.188422634850585,1.0279223270658433,1.2216061603533344,0.5812793366276104,-0.9477051151438308
wine,15,1,1,0.027777777777777776,36,2.5039336857518686,1.9032193158953725,4.76553495644405,13,11,0.8461538461538461,11,0.8461538461538461,0.8275862068965516,0.2098400303721999,1.050851041336293,0.18064972366841398,7.550536746490506,3.9672447013487484,1.9032193158953725,0.1324409156030928,inf,inf,inf,1,0.07692307692307693,0.17617775619232634,0.17617775619232634,0.21975164368373432,1.0007058988302495,1.0,1.0007058988302495,0.9992945991114126,0.559791311743944
wine,15,1,2,0.05555555555555555,36,2.5039336857518686,1.3675404149032122,3.42423051150324,13,9,0.6923076923076923,9,0.6923076923076923,0.8275862068965516,0.29203641420769866,1.4624796300016845,0.21078754587427173,7.550536746490506,3.9672447013487484,1.9032193158953725,0.1324409156030928,inf,inf,inf,1,0.07692307692307693,0.17617775619232634,0.17617775619232634,0.21975164368373432,1.0007058988302495,1.0,1.0007058988302495,0.9992945991114126,0.559791311743944
wine,15,2,1,0.027777777777777776,36,3.297595841455489,1.9032193158953725,6.276048101474341,25,17,0.68,15,0.6,0.823529411764706,0.15298895107573307,1.0089914577119492,0.0969338700917359,160.98063380278816,84.58333333331822,1.9032193158953725,0.0062022803276367,inf,inf,inf,2,0.08,0.17617775619232634,0.17617775619232634,0.17970131131617287,1.1072066067655069,1.0,1.1072066067655069,0.6992430725322176,0.14273934373077768
wine,15,2,2,0.05555555555555555,36,3.297595841455489,1.3675404149032122,4.509595585207147,25,13,0.52,13,0.52,0.823529411764706,0.20945617817444473,1.3814036442304178,0.05596688437106498,160.98063380278816,84.58333333331822,1.9032193158953725,0.0062022803276367,inf,inf,inf,2,0.08,0.17617775619232634,0.17617775619232634,0.17970131131617287,1.1072066067655069,1.0,1.1072066067655069,0.6992430725322176,0.14273934373077768
wine,15,3,1,0.027777777777777776,36,6.986234021632247,1.9032193158953725,13.296335535335901,36,20,0.5555555555555556,16,0.4444444444444444,1.0,0.07333899839197255,1.0247268113568626,-0.012054902554432659,1287.8450704227398,676.6666666667741,1.9032193158953725,0.0007762899552017366,inf,inf,inf,4,0.1111111111111111,0.17617775619232634,0.17617775619232634,0.17970131131617287,1.1072066067655069,1.0,1.1072066067655069,0.6585528135141184,-0.12762679425682655
wine,15,3,2,0.05555555555555555,36,3.297595841455489,1.3675404149032122,4.509595585207147,36,13,0.3611111111111111,13,0.3611111111111111,1.0,0.20576229920895528,1.357041804399542,-0.020411334857635022,1287.8450704227398,676.6666666667741,1.9032193158953725,0.0007762899552017366,inf,inf,inf,2,0.05555555555555555,0.17617775619232634,0.17617775619232634,0.17970131131617287,1.1072066067655069,1.0,1.1072066067655069,0.6585528135141184,-0.12762679425682655
wine,15,4,1,0.027777777777777776,36,6.986234021632247,1.9032193158953725,13.296335535335901,46,20,0.43478260869565216,16,0.34782608695652173,1.0,0.0731140243860462,1.0215833692484912,-0.040395238863786154,1287.8450704227398,676.6666666667741,1.9032193158953725,0.0007762648446987264,inf,inf,inf,4,0.08695652173913043,0.17617775619232634,0.17617775619232634,0.17970131131617287,1.1072066067655069,1.0,1.1072066067655069,0.6407246971084607,-0.3791371995129114
wine,15,4,2,0.05555555555555555,36,3.297595841455489,1.3675404149032122,4.509595585207147,46,13,0.2826086956521739,13,0.2826086956521739,1.0,0.20398163701966654,1.3452979959386708,-0.09497347318892696,1287.8450704227398,676.6666666667741,1.9032193158953725,0.0007762648446987264,inf,inf,inf,2,0.043478260869565216,0.17617775619232634,0.17617775619232634,0.17970131131617287,1.1072066067655069,1.0,1.1072066067655069,0.6407246971084607,-0.3791371995129114
wine,15,5,1,0.027777777777777776,36,6.986234021632247,1.9032193158953725,13.296335535335901,55,20,0.36363636363636365,16,0.2909090909090909,1.0,0.07297993011026027,1.0197097412652878,-0.06864642284325193,1287.8450704227398,676.6666666667741,1.9032193158953725,0.0007762497794370216,inf,inf,inf,4,0.07272727272727272,0.17617775619232634,0.17617775619232634,0.17970131131617287,1.1072066067655069,1.0,1.1072066067655069,0.6306928816317741,-0.6241745390977889
wine,15,5,2,0.05555555555555555,36,3.297595841455489,1.3675404149032122,4.509595585207147,55,13,0.23636363636363636,13,0.23636363636363636,1.0,0.20293341103675944,1.3383847446543908,-0.16884012914501578,1287.8450704227398,676.6666666667741,1.9032193158953725,0.0007762497794370216,inf,inf,inf,2,0.03636363636363636,0.17617775619232634,0.17617775619232634,0.17970131131617287,1.1072066067655069,1.0,1.1072066067655069,0.6306928816317741,-0.6241745390977889
wine,15,6,1,0.027777777777777776,36,6.986234021632247,1.9032193158953725,13.296335535335901,63,20,0.31746031746031744,16,0.25396825396825395,1.0,0.07289090135856302,1.0184657898772662,-0.09685339695431466,1287.8450704227398,676.6666666667741,1.9032193158953725,0.0007762397363619833,inf,inf,inf,4,0.06349206349206349,0.17617775619232634,0.17617775619232634,0.17970131131617287,1.1072066067655069,1.0,1.1072066067655069,0.6242565278399406,-0.866216953206496
wine,15,6,2,0.05555555555555555,36,3.297595841455489,1.3675404149032122,4.509595585207147,63,13,0.20634920634920634,13,0.20634920634920634,1.0,0.2022427722967164,1.3338298497801628,-0.2423671776300046,1287.8450704227398,676.6666666667741,1.9032193158953725,0.0007762397363619833,inf,inf,inf,2,0.031746031746031744,0.17617775619232634,0.17617775619232634,0.17970131131617287,1.1072066067655069,1.0,1.1072066067655069,0.6242565278399406,-0.866216953206496
wine,15,7,1,0.027777777777777776,36,6.986234021632247,1.9032193158953725,13.296335535335901,70,20,0.2857142857142857,16,0.22857142857142856,1.0,0.072827488284533,1.0175797527268566,-0.12503524141235578,1287.8450704227398,676.6666666667741,1.9032193158953725,0.0007762325629494526,inf,inf,inf,4,0.05714285714285714,0.17617775619232634,0.17617775619232634,0.17970131131617287,1.1072066067655069,1.0,1.1072066067655069,0.6197752144189195,-1.1066276773227384
wine,15,7,2,0.05555555555555555,36,3.297595841455489,1.3675404149032122,4.509595585207147,70,13,0.18571428571428572,13,0.18571428571428572,1.0,0.20175339589734986,1.3306023186212477,-0.3157030613442464,1287.8450704227398,676.6666666667741,1.9032193158953725,0.0007762325629494526,inf,inf,inf,2,0.02857142857142857,0.17617775619232634,0.17617775619232634,0.17970131131617287,1.1072066067655069,1.0,1.1072066067655069,0.6197752144189195,-1.1066276773227384
wine,16,1,1,0.027777777777777776,36,2.5997474747474763,1.628479844584749,4.233636363636364,13,12,0.9230769230769231,11,0.8461538461538461,0.8275862068965516,0.23620356452651925,1.228139240808342,0.20208858561517642,4.233636363636364,2.5997474747474763,1.628479844584749,0.23620356452651925,inf,inf,inf,1,0.07692307692307693,0.11977381530562681,0.11977381530562681,0.1826938077182144,1.0039454267087655,1.0,1.0039454267087655,0.9960700785084506,0.6306824630720219
wine,16,1,2,0.05555555555555555,36,2.5997474747474763,1.628479844584749,4.233636363636364,13,11,0.8461538461538461,11,0.8461538461538461,0.8275862068965516,0.23620356452651925,1.228139240808342,0.1679736067038336,4.233636363636364,2.5997474747474763,1.628479844584749,0.23620356452651925,inf,inf,inf,1,0.07692307692307693,0.11977381530562681,0.11977381530562681,0.1826938077182144,1.0039454267087655,1.0,1.0039454267087655,0.9960700785084506,0.6306824630720219
wine,16,2,1,0.027777777777777776,36,3.1013888888888896,1.89310344827586,5.8712499999999945,25,21,0.84,17,0.68,0.9696969696969697,0.16306913000651968,1.0114815758459959,0.10687570912618657,14.47457627118641,7.645951035781536,1.89310344827586,0.0678934097154048,inf,inf,inf,4,0.16,0.11977381530562681,0.11977381530562681,0.12216929161173934,1.4009343190903218,1.0,1.4009343190903218,0.5864283957549266,0.1849568105739548
wine,16,2,2,0.05555555555555555,36,3.1013888888888896,1.89310344827586,5.8712499999999945,25,16,0.64,16,0.64,0.9696969696969697,0.16306913000651968,1.0114815758459959,0.05068228824585348,14.47457627118641,7.645951035781536,1.89310344827586,0.0678934097154048,inf,inf,inf,1,0.04,0.11977381530562681,0.11977381530562681,0.12216929161173934,1.4009343190903218,1.0,1.4009343190903218,0.5864283957549266,0.1849568105739548
wine,16,3,1,0.027777777777777776,36,3.1013888888888896,1.89310344827586,5.8712499999999945,36,21,0.5833333333333334,17,0.4722222222222222,0.9696969696969697,0.1608346766398694,0.9976217581578568,0.07769953012671467,15.24999999999996,8.055555555555543,1.89310344827586,0.06415090706727455,inf,inf,inf,5,0.1388888888888889,0.11977381530562681,0.11977381530562681,0.12216929161173934,1.4009343190903218,1.0,1.4009343190903218,0.5574385564795884,-0.01499895472607431
wine,16,3,2,0.05555555555555555,36,3.1013888888888896,1.89310344827586,5.8712499999999945,36,16,0.4444444444444444,16,0.4444444444444444,0.9696969696969697,0.1608346766398694,0.9976217581578568,-0.005435616386440051,15.24999999999996,8.055555555555543,1.89310344827586,0.06415090706727455,inf,inf,inf,1,0.027777777777777776,0.11977381530562681,0.11977381530562681,0.12216929161173934,1.4009343190903218,1.0,1.4009343190903218,0.5574385564795884,-0.01499895472607431
wine,16,4,1,0.027777777777777776,36,3.1013888888888896,1.89310344827586,5.8712499999999945,46,22,0.4782608695652174,17,0.3695652173913043,0.9696969696969697,0.15974847464928976,0.9908842885885114,0.04965022036167739,15.24999999999996,8.055555555555543,1.89310344827586,0.06397885112215296,inf,inf,inf,6,0.13043478260869565,0.11977381530562681,0.11977381530562681,0.12216929161173934,1.4009343190903218,1.0,1.4009343190903218,0.5444552318770177,-0.20101789522267233
wine,16,4,2,0.05555555555555555,36,3.1013888888888896,1.89310344827586,5.8712499999999945,46,16,0.34782608695652173,16,0.34782608695652173,0.9696969696969697,0.15974847464928976,0.9908842885885114,-0.06044803392593498,15.24999999999996,8.055555555555543,1.89310344827586,0.06397885112215296,inf,inf,inf,1,0.021739130434782608,0.11977381530562681,0.11977381530562681,0.12216929161173934,1.4009343190903218,1.0,1.4009343190903218,0.5444552318770177,-0.20101789522267233
wine,16,5,1,0.027777777777777776,36,3.1013888888888896,1.89310344827586,5.8712499999999945,55,22,0.4,17,0.3090909090909091,0.9411764705882353,0.15910630645042845,0.9869010619550189,0.02203671451223138,15.24999999999996,8.055555555555543,1.89310344827586,0.06387621216882433,inf,inf,inf,6,0.10909090909090909,0.11977381530562681,0.11977381530562681,0.12216929161173934,1.4009343190903218,1.0,1.4009343190903218,0.5370784411651318,-0.3821375053252941
wine,16,5,2,0.05555555555555555,36,3.1013888888888896,1.89310344827586,5.8712499999999945,55,16,0.2909090909090909,16,0.2909090909090909,0.9411764705882353,0.15910630645042845,0.9869010619550189,-0.11503287742596568,15.24999999999996,8.055555555555543,1.89310344827586,0.06387621216882433,inf,inf,inf,1,0.01818181818181818,0.11977381530562681,0.11977381530562681,0.12216929161173934,1.4009343190903218,1.0,1.4009343190903218,0.5370784411651318,-0.3821375053252941
wine,16,6,1,0.027777777777777776,36,3.1013888888888896,1.89310344827586,5.8712499999999945,63,24,0.38095238095238093,17,0.2698412698412698,0.9411764705882353,0.15868209184941728,0.984269753054858,-0.005362866993059046,15.24999999999996,8.055555555555543,1.89310344827586,0.06380803194122353,inf,inf,inf,8,0.12698412698412698,0.11977381530562681,0.11977381530562681,0.12216929161173934,1.4009343190903218,1.0,1.4009343190903218,0.5323193125195511,-0.5609654589889266
wine,16,6,2,0.05555555555555555,36,3.1013888888888896,1.89310344827586,5.8712499999999945,63,16,0.25396825396825395,16,0.25396825396825395,0.9411764705882353,0.15868209184941728,0.984269753054858,-0.16940782583553537,15.24999999999996,8.055555555555543,1.89310344827586,0.06380803194122353,inf,inf,inf,1,0.015873015873015872,0.11977381530562681,0.11977381530562681,0.12216929161173934,1.4009343190903218,1.0,1.4009343190903218,0.5323193125195511,-0.5609654589889266
wine,16,7,1,0.027777777777777776,36,3.1013888888888896,1.89310344827586,5.8712499999999945,70,24,0.34285714285714286,17,0.24285714285714285,0.9411764705882353,0.15838096498435317,0.9824019300279464,-0.03264163252108085,15.24999999999996,8.055555555555543,1.89310344827586,0.06375945151374662,inf,inf,inf,8,0.11428571428571428,0.11977381530562681,0.11977381530562681,0.12216929161173934,1.4009343190903218,1.0,1.4009343190903218,0.5289938653778881,-0.7385368771231695
wine,16,7,2,0.05555555555555555,36,3.1013888888888896,1.89310344827586,5.8712499999999945,70,16,0.22857142857142856,16,0.22857142857142856,0.9411764705882353,0.15838096498435317,0.9824019300279464,-0.22366423002651487,15.24999999999996,8.055555555555543,1.89310344827586,0.06375945151374662,inf,inf,inf,1,0.014285714285714285,0.11977381530562681,0.11977381530562681,0.12216929161173934,1.4009343190903218,1.0,1.4009343190903218,0.5289938653778881,-0.7385368771231695
wine,17,1,1,0.027777777777777776,36,2.442371865060745,2.2218067022826613,5.426478179258567,13,11,0.8461538461538461,11,0.8461538461538461,0.8518518518518517,0.1842815850291749,0.9001683170481123,0.15927690955561624,5.426478179258567,2.442371865060745,2.2218067022826613,0.1842815850291749,inf,inf,inf,1,0.07692307692307693,0.10598071185735092,0.10598071185735092,0.21139593104958762,1.0051845635810086,1.0,1.0051845635810086,0.9948421774777974,0.5720503153786222
wine,17,1,2,0.05555555555555555,36,2.442371865060745,2.2218067022826613,5.426478179258567,13,11,0.8461538461538461,11,0.8461538461538461,0.8518518518518517,0.1842815850291749,0.9001683170481123,0.13427223408205757,5.426478179258567,2.442371865060745,2.2218067022826613,0.1842815850291749,inf,inf,inf,1,0.07692307692307693,0.10598071185735092,0.10598071185735092,0.21139593104958762,1.0051845635810086,1.0,1.0051845635810086,0.9948421774777974,0.5720503153786222
wine,17,2,1,0.027777777777777776,36,2.819444444444449,2.2218067022826613,6.264260563380292,25,19,0.76,17,0.68,0.8787878787878789,0.1532648666385017,0.864243553544886,0.10525133588600803,25.057042253521356,11.277777777777882,2.2218067022826613,0.039510759288427066,inf,inf,inf,3,0.12,0.10598071185735092,0.10598071185735092,0.24174112990929,1.0041773671022678,1.0,1.0041773671022678,0.7479156789723458,0.021686648730726576
wine,17,2,2,0.05555555555555555,36,2.819444444444449,2.2218067022826613,6.264260563380292,25,16,0.64,16,0.64,0.8787878787878789,0.1532648666385017,0.864243553544886,0.05723780513351437,25.057042253521356,11.277777777777882,2.2218067022826613,0.039510759288427066,inf,inf,inf,1,0.04,0.10598071185735092,0.10598071185735092,0.24174112990929,1.0041773671022678,1.0,1.0041773671022678,0.7479156789723458,0.021686648730726576
wine,17,3,1,0.027777777777777776,36,3.957115009746574,2.2218067022826613,8.791944650358257,36,23,0.6388888888888888,19,0.5277777777777778,0.9411764705882353,0.10948267868422334,0.866471102257203,0.0372767534961231,37.12154407928962,16.70781893004073,2.2218067022826613,0.026697363761466142,inf,inf,inf,5,0.1388888888888889,0.10598071185735092,0.10598071185735092,0.10810032609449793,2.535134469597034,1.2489037674321797,3.166138990026916,0.28375695977676496,-0.1828226731504566
wine,17,3,2,0.05555555555555555,36,2.819444444444449,2.2218067022826613,6.264260563380292,36,16,0.4444444444444444,16,0.4444444444444444,0.9411764705882353,0.15129190530033576,0.8531182437768947,0.009105531337519984,37.12154407928962,16.70781893004073,2.2218067022826613,0.026697363761466142,inf,inf,inf,1,0.027777777777777776,0.10598071185735092,0.10598071185735092,0.10810032609449793,2.535134469597034,1.2489037674321797,3.166138990026916,0.28375695977676496,-0.1828226731504566
wine,17,4,1,0.027777777777777776,36,3.957115009746574,2.2218067022826613,8.791944650358257,46,26,0.5652173913043478,19,0.41304347826086957,0.9714285714285714,0.1089804550071658,0.862496388555734,0.013147522945417586,501.1408450705024,225.55555555559152,2.2218067022826613,0.00199395432647953,inf,inf,inf,8,0.17391304347826086,0.10598071185735092,0.10598071185735092,0.10810032609449793,2.535134469597034,1.2489037674321797,3.166138990026916,0.2803638448613962,-0.3343032981021041
wine,17,4,2,0.05555555555555555,36,2.819444444444449,2.2218067022826613,6.264260563380292,46,16,0.34782608695652173,16,0.34782608695652173,0.9714285714285714,0.1503311384884506,0.8477005864765422,-0.038046769617447684,501.1408450705024,225.55555555559152,2.2218067022826613,0.00199395432647953,inf,inf,inf,1,0.021739130434782608,0.10598071185735092,0.10598071185735092,0.10810032609449793,2.535134469597034,1.2489037674321797,3.166138990026916,0.2803638448613962,-0.3343032981021041
wine,17,5,1,0.027777777777777776,36,3.957115009746574,2.2218067022826613,8.791944650358257,55,28,0.509090909090909,19,0.34545454545454546,0.9428571428571428,0.10868210389296762,0.8601351692113974,-0.010781114053059801,501.1408450705024,225.55555555559152,2.2218067022826613,0.0019938549202417333,inf,inf,inf,10,0.18181818181818182,0.10598071185735092,0.10598071185735092,0.10810032609449793,2.535134469597034,1.2489037674321797,3.166138990026916,0.27838158294163895,-0.48451997951279746
wine,17,5,2,0.05555555555555555,36,2.819444444444449,2.2218067022826613,6.264260563380292,55,16,0.2909090909090909,16,0.2909090909090909,0.9428571428571428,0.14976261530353208,0.8444947474060295,-0.08481925897592052,501.1408450705024,225.55555555559152,2.2218067022826613,0.0019938549202417333,inf,inf,inf,1,0.01818181818181818,0.10598071185735092,0.10598071185735092,0.10810032609449793,2.535134469597034,1.2489037674321797,3.166138990026916,0.27838158294163895,-0.48451997951279746
wine,17,6,1,0.027777777777777776,36,3.957115009746574,2.2218067022826613,8.791944650358257,63,32,0.5079365079365079,19,0.30158730158730157,1.0,0.10848442868562769,0.8585707221513583,-0.034610691672932015,501.1408450705024,225.55555555559152,2.2218067022826613,0.0019937886567595875,inf,inf,inf,13,0.20634920634920634,0.10598071185735092,0.10598071185735092,0.10810032609449793,2.535134469597034,1.2489037674321797,3.166138990026916,0.27708156803407935,-0.6341250956258805
wine,17,6,2,0.05555555555555555,36,2.819444444444449,2.2218067022826613,6.264260563380292,63,16,0.25396825396825395,16,0.25396825396825395,1.0,0.1493868422501935,0.8423758049108148,-0.13140509272007805,501.1408450705024,225.55555555559152,2.2218067022826613,0.0019937886567595875,inf,inf,inf,1,0.015873015873015872,0.10598071185735092,0.10598071185735092,0.10810032609449793,2.535134469597034,1.2489037674321797,3.166138990026916,0.27708156803407935,-0.6341250956258805
wine,17,7,1,0.027777777777777776,36,3.957115009746574,2.2218067022826613,8.791944650358257,70,32,0.45714285714285713,19,0.2714285714285714,0.9411764705882353,0.10834382698042977,0.8574579679152889,-0.058384111225320834,501.1408450705024,225.55555555559152,2.2218067022826613,0.001993741329297527,inf,inf,inf,13,0.18571428571428572,0.10598071185735092,0.10598071185735092,0.10810032609449793,2.535134469597034,1.2489037674321797,3.166138990026916,0.2761632600210858,-0.7833879231815493
wine,17,7,2,0.05555555555555555,36,2.819444444444449,2.2218067022826613,6.264260563380292,70,16,0.22857142857142856,16,0.22857142857142856,0.9411764705882353,0.14912000117710145,0.8408711177486567,-0.17788543350293168,501.1408450705024,225.55555555559152,2.2218067022826613,0.001993741329297527,inf,inf,inf,1,0.014285714285714285,0.10598071185735092,0.10598071185735092,0.10810032609449793,2.535134469597034,1.2489037674321797,3.166138990026916,0.2761632600210858,-0.7833879231815493
wine,18,1,1,0.027777777777777776,36,3.1405489914094167,1.9778394504960795,6.211501691425217,13,11,0.8461538461538461,11,0.8461538461538461,1.0,0.1609916650880847,1.011204422835414,0.13290265334265655,7.8465730800991125,3.967244701348759,1.9778394504960795,0.12744417082359838,2.2552202724164663,1.7778394504960795,4.009419569860509,0,0.0,0.0,0.0,0.156314036719963,1.0,1.0,1.0,1.0,0.687371926560074
wine,18,1,2,0.05555555555555555,36,3.1405489914094167,1.9778394504960795,6.211501691425217,13,11,0.8461538461538461,11,0.8461538461538461,1.0,0.1609916650880847,1.011204422835414,0.10481364159722839,7.8465730800991125,3.967244701348759,1.9778394504960795,0.12744417082359838,1.759275929729055,1.5778394504960795,2.7758549662346717,0,0.0,0.0,0.0,0.156314036719963,1.0,1.0,1.0,1.0,0.687371926560074
wine,18,2,1,0.027777777777777776,36,3.1405489914094167,4.539901477832508,14.257783007305004,25,19,0.76,19,0.76,0.9393939393939394,0.06890732708241676,0.4328136731388055,0.04486212301914979,18.01090008257642,3.967244701348759,4.539901477832508,0.05475126240540329,inf,inf,inf,2,0.08,0.0923645320197044,0.0923645320197044,0.15065867364290017,1.00363345640488,1.0,1.00363345640488,0.7481865722556631,0.2956651214001252
wine,18,2,2,0.05555555555555555,36,3.1405489914094167,2.793103448275859,8.771878217384913,25,16,0.64,16,0.64,0.9393939393939394,0.11075163246132269,0.6956418552467067,0.03345809298946639,18.01090008257642,3.967244701348759,4.539901477832508,0.05475126240540329,inf,inf,inf,2,0.08,0.0923645320197044,0.0923645320197044,0.15065867364290017,1.00363345640488,1.0,1.00363345640488,0.7481865722556631,0.2956651214001252
wine,18,3,1,0.027777777777777776,36,3.1405489914094167,4.539901477832508,14.257783007305004,36,21,0.5833333333333334,20,0.5555555555555556,1.0294117647058825,0.06851017082635458,0.43031909577998945,0.032650246178022126,33.032258064515055,7.275985663082207,4.539901477832508,0.029968971421046375,inf,inf,inf,2,0.05555555555555555,0.0923645320197044,0.0923645320197044,0.09421182266009849,1.3470392450299729,1.662561576354678,2.2395356906286468,0.38335808346673883,0.09145308599372107
wine,18,3,2,0.05555555555555555,36,3.1405489914094167,2.793103448275859,8.771878217384913,36,16,0.4444444444444444,16,0.4444444444444444,1.0294117647058825,0.10972349268664328,0.6891840085819121,-0.005140508743675401,33.032258064515055,7.275985663082207,4.539901477832508,0.029968971421046375,inf,inf,inf,2,0.05555555555555555,0.0923645320197044,0.0923645320197044,0.09421182266009849,1.3470392450299729,1.662561576354678,2.2395356906286468,0.38335808346673883,0.09145308599372107
wine,18,4,1,0.027777777777777776,36,3.1405489914094167,4.539901477832508,14.257783007305004,46,21,0.45652173913043476,20,0.43478260869565216,0.9714285714285714,0.06831389414287459,0.4290862626993089,0.020637642731840267,33.032258064515055,7.275985663082207,4.539901477832508,0.02993148790164657,inf,inf,inf,2,0.043478260869565216,0.0923645320197044,0.0923645320197044,0.09421182266009849,1.3470392450299729,1.662561576354678,2.2395356906286468,0.37716216608198105,-0.005754053801269944
wine,18,4,2,0.05555555555555555,36,3.1405489914094167,2.793103448275859,8.771878217384913,46,16,0.34782608695652173,16,0.34782608695652173,0.9714285714285714,0.10921905171530544,0.6860155654143908,-0.04322885171011473,33.032258064515055,7.275985663082207,4.539901477832508,0.02993148790164657,inf,inf,inf,2,0.043478260869565216,0.0923645320197044,0.0923645320197044,0.09421182266009849,1.3470392450299729,1.662561576354678,2.2395356906286468,0.37716216608198105,-0.005754053801269944
wine,18,5,1,0.027777777777777776,36,3.1405489914094167,4.539901477832508,14.257783007305004,55,22,0.4,20,0.36363636363636365,0.9444444444444444,0.06819685303880707,0.4283511160566435,0.008703642475384368,33.032258064515055,7.275985663082207,4.539901477832508,0.029909057983877108,inf,inf,inf,2,0.03636363636363636,0.0923645320197044,0.0923645320197044,0.09421182266009849,1.3470392450299729,1.662561576354678,2.2395356906286468,0.373578568087493,-0.10051886925450865
wine,18,5,2,0.05555555555555555,36,3.1405489914094167,2.793103448275859,8.771878217384913,55,16,0.2909090909090909,16,0.2909090909090909,0.9444444444444444,0.1089193900971358,0.6841333614289773,-0.08111765474424679,33.032258064515055,7.275985663082207,4.539901477832508,0.029909057983877108,inf,inf,inf,2,0.03636363636363636,0.0923645320197044,0.0923645320197044,0.09421182266009849,1.3470392450299729,1.662561576354678,2.2395356906286468,0.373578568087493,-0.10051886925450865
wine,18,6,1,0.027777777777777776,36,3.1405489914094167,4.539901477832508,14.257783007305004,63,22,0.3492063492063492,20,0.31746031746031744,0.8611111111111112,0.06811912505504802,0.427862898974646,-0.0031913581073929748,33.032258064515055,7.275985663082207,4.539901477832508,0.029894129691580673,inf,inf,inf,2,0.031746031746031744,0.0923645320197044,0.0923645320197044,0.09421182266009849,1.3470392450299729,1.662561576354678,2.2395356906286468,0.37124240807464026,-0.19411681540085557
wine,18,6,2,0.05555555555555555,36,3.1405489914094167,2.793103448275859,8.771878217384913,63,16,0.25396825396825395,16,0.25396825396825395,0.8611111111111112,0.10872084934518556,0.6828863075123953,-0.11890791982561286,33.032258064515055,7.275985663082207,4.539901477832508,0.029894129691580673,inf,inf,inf,2,0.031746031746031744,0.0923645320197044,0.0923645320197044,0.09421182266009849,1.3470392450299729,1.662561576354678,2.2395356906286468,0.37124240807464026,-0.19411681540085557
wine,18,7,1,0.027777777777777776,36,3.1405489914094167,4.539901477832508,14.257783007305004,70,22,0.3142857142857143,20,0.2857142857142857,0.9166666666666666,0.06806375090300831,0.42751508849996905,-0.015064182971985654,33.032258064515055,7.275985663082207,4.539901477832508,0.02988347883416298,inf,inf,inf,2,0.02857142857142857,0.0923645320197044,0.0923645320197044,0.09421182266009849,1.3470392450299729,1.662561576354678,2.2395356906286468,0.36959877866311763,-0.28706674845307184
wine,18,7,2,0.05555555555555555,36,3.1405489914094167,2.793103448275859,8.771878217384913,70,16,0.22857142857142856,16,0.22857142857142856,0.9166666666666666,0.1085796333253618,0.6819993158551386,-0.15664232284052543,33.032258064515055,7.275985663082207,4.539901477832508,0.02988347883416298,inf,inf,inf,2,0.02857142857142857,0.0923645320197044,0.0923645320197044,0.09421182266009849,1.3470392450299729,1.662561576354678,2.2395356906286468,0.36959877866311763,-0.28706674845307184
wine,19,1,1,0.027777777777777776,36,2.8174603174603177,3.7161035176576704,10.469974196575183,13,11,0.8461538461538461,11,0.8461538461538461,0.96,0.09551121915153415,0.5381981396634068,0.08056127082755063,31.892461593426354,8.582231749434357,3.7161035176576704,0.03135537208598915,2.2548850889406946,3.382770184324337,7.627758047946113,0,0.0,0.0,0.0,0.2179092672199215,1.0,1.101192311018612,1.101192311018612,0.9081065950006424,0.5123369096523064
wine,19,1,2,0.05555555555555555,36,2.8174603174603177,3.7161035176576704,10.469974196575183,13,10,0.7692307692307693,10,0.7692307692307693,0.96,0.09551121915153415,0.5381981396634068,0.0656113225035671,31.892461593426354,8.582231749434357,3.7161035176576704,0.03135537208598915,1.8020304568527918,3.0494368509910035,5.495178081735057,0,0.0,0.0,0.0,0.2179092672199215,1.0,1.101192311018612,1.101192311018612,0.9081065950006424,0.5123369096523064
wine,19,2,1,0.027777777777777776,36,2.9292929292929335,3.7161035176576704,10.885555758795212,25,19,0.76,19,0.76,1.0,0.08975506698334534,0.5258377661650543,0.06054185775195344,31.892461593426354,8.582231749434357,3.7161035176576704,0.031109582246326428,inf,inf,inf,1,0.04,0.04236453201970447,0.04236453201970447,0.17671311663695846,1.0089831817294697,1.5955461180141683,1.6098791987500394,0.5247032483992472,0.15048371068565872
wine,19,2,2,0.05555555555555555,36,2.9292929292929335,3.7161035176576704,10.885555758795212,25,17,0.68,17,0.68,1.0,0.08975506698334534,0.5258377661650543,0.03132864852056154,31.892461593426354,8.582231749434357,3.7161035176576704,0.031109582246326428,2.5000000000000013,3.0494368509910035,7.6235921274775125,0,0.0,0.04236453201970447,0.04236453201970447,0.17671311663695846,1.0089831817294697,1.5955461180141683,1.6098791987500394,0.5247032483992472,0.15048371068565872
wine,19,3,1,0.027777777777777776,36,2.9292929292929335,3.7161035176576704,10.885555758795212,36,20,0.5555555555555556,19,0.5277777777777778,0.9722222222222222,0.08908051773968906,0.5218858615052497,0.04559002928091825,31.892461593426354,8.582231749434357,3.7161035176576704,0.031028794052642694,inf,inf,inf,1,0.027777777777777776,0.04236453201970447,0.04236453201970447,0.09663314823084307,1.4372799751603127,2.5565057388875534,3.6744145048854997,0.24820983413629516,0.04136830568938246
wine,19,3,2,0.05555555555555555,36,2.9292929292929335,3.7161035176576704,10.885555758795212,36,17,0.4722222222222222,17,0.4722222222222222,0.9722222222222222,0.08908051773968906,0.5218858615052497,0.0020995408221474443,31.892461593426354,8.582231749434357,3.7161035176576704,0.031028794052642694,2.5000000000000013,3.0494368509910035,7.6235921274775125,0,0.0,0.04236453201970447,0.04236453201970447,0.09663314823084307,1.4372799751603127,2.5565057388875534,3.6744145048854997,0.24820983413629516,0.04136830568938246
wine,19,4,1,0.027777777777777776,36,2.9292929292929335,3.7161035176576704,10.885555758795212,46,21,0.45652173913043476,19,0.41304347826086957,0.9166666666666666,0.08874834867750614,0.5199398205348852,0.03097725750696334,31.892461593426354,8.582231749434357,3.7161035176576704,0.030988610258674165,inf,inf,inf,1,0.021739130434782608,0.04236453201970447,0.04236453201970447,0.04321182266009856,3.2141409535390366,3.1975616457364877,10.277413837027327,0.09380767895693543,-0.010423075439659538
wine,19,4,2,0.05555555555555555,36,2.9292929292929335,3.7161035176576704,10.885555758795212,46,17,0.3695652173913043,17,0.3695652173913043,0.9166666666666666,0.08874834867750614,0.5199398205348852,-0.02679383366357946,31.892461593426354,8.582231749434357,3.7161035176576704,0.030988610258674165,2.5000000000000013,3.0494368509910035,7.6235921274775125,0,0.0,0.04236453201970447,0.04236453201970447,0.04321182266009856,3.2141409535390366,3.1975616457364877,10.277413837027327,0.09380767895693543,-0.010423075439659538
wine,19,5,1,0.027777777777777776,36,2.9292929292929335,3.7161035176576704,10.885555758795212,55,21,0.38181818181818183,19,0.34545454545454546,0.9722222222222222,0.0885506475032588,0.5187815712312139,0.016497651498923543,31.892461593426354,8.582231749434357,3.7161035176576704,0.030964566805609328,inf,inf,inf,1,0.01818181818181818,0.04236453201970447,0.04236453201970447,0.04321182266009856,3.2141409535390366,3.1975616457364877,10.277413837027327,0.0935867497491345,-0.036394847124663475
wine,19,5,2,0.05555555555555555,36,2.9292929292929335,3.7161035176576704,10.885555758795212,55,17,0.3090909090909091,17,0.3090909090909091,0.9722222222222222,0.0885506475032588,0.5187815712312139,-0.05555534450541172,31.892461593426354,8.582231749434357,3.7161035176576704,0.030964566805609328,2.5000000000000013,3.0494368509910035,7.6235921274775125,0,0.0,0.04236453201970447,0.04236453201970447,0.04321182266009856,3.2141409535390366,3.1975616457364877,10.277413837027327,0.0935867497491345,-0.036394847124663475
wine,19,6,1,0.027777777777777776,36,2.9292929292929335,3.7161035176576704,10.885555758795212,63,23,0.36507936507936506,19,0.30158730158730157,1.0,0.0884195059274131,0.5180132670494917,0.00208396141916449,31.892461593426354,8.582231749434357,3.7161035176576704,0.030948565571233266,inf,inf,inf,2,0.031746031746031744,0.04236453201970447,0.04236453201970447,0.04321182266009856,3.2141409535390366,3.1975616457364877,10.277413837027327,0.09344024289167441,-0.06229349526111634
wine,19,6,2,0.05555555555555555,36,2.9292929292929335,3.7161035176576704,10.885555758795212,63,17,0.2698412698412698,17,0.2698412698412698,1.0,0.0884195059274131,0.5180132670494917,-0.08425158308908412,31.892461593426354,8.582231749434357,3.7161035176576704,0.030948565571233266,2.5000000000000013,3.0494368509910035,7.6235921274775125,0,0.0,0.04236453201970447,0.04236453201970447,0.04321182266009856,3.2141409535390366,3.1975616457364877,10.277413837027327,0.09344024289167441,-0.06229349526111634
wine,19,7,1,0.027777777777777776,36,2.9292929292929335,3.7161035176576704,10.885555758795212,70,24,0.34285714285714286,19,0.2714285714285714,1.0,0.0883261538998833,0.5174663561811352,-0.01229230424644856,31.892461593426354,8.582231749434357,3.7161035176576704,0.030937149668202824,inf,inf,inf,3,0.04285714285714286,0.04236453201970447,0.04236453201970447,0.04321182266009856,3.2141409535390366,3.1975616457364877,10.277413837027327,0.09333597388484771,-0.08815064200235626
wine,19,7,2,0.05555555555555555,36,2.9292929292929335,3.7161035176576704,10.885555758795212,70,17,0.24285714285714285,17,0.24285714285714285,1.0,0.0883261538998833,0.5174663561811352,-0.11291076239278042,31.892461593426354,8.582231749434357,3.7161035176576704,0.030937149668202824,2.5000000000000013,3.0494368509910035,7.6235921274775125,0,0.0,0.04236453201970447,0.04236453201970447,0.04321182266009856,3.2141409535390366,3.1975616457364877,10.277413837027327,0.09333597388484771,-0.08815064200235626
wine,20,1,1,0.027777777777777776,36,2.4593716512753327,3.797571636716851,9.33964002702869,13,12,0.9230769230769231,11,0.8461538461538461,1.0,0.10707050776111549,0.5266523429506859,0.09244127601248532,9.33964002702869,2.4593716512753327,3.797571636716851,0.10707050776111549,inf,inf,inf,1,0.07692307692307693,0.056334559078609625,0.056334559078609625,0.14694423046887786,1.0,1.0,1.0,1.0,0.7061115390622443
wine,20,1,2,0.05555555555555555,36,2.4593716512753327,1.7718067022826607,4.357531175133609,13,10,0.7692307692307693,10,0.7692307692307693,1.0,0.22948774427743213,1.128791305182079,0.16677711621176106,9.33964002702869,2.4593716512753327,3.797571636716851,0.10707050776111549,inf,inf,inf,1,0.07692307692307693,0.056334559078609625,0.056334559078609625,0.14694423046887786,1.0,1.0,1.0,1.0,0.7061115390622443
wine,20,2,1,0.027777777777777776,36,2.4593716512753327,3.797571636716851,9.33964002702869,25,17,0.68,15,0.6,1.0,0.10420448435305962,0.5125551095073576,0.07572920049153975,26.767605633802923,7.048611111111143,3.797571636716851,0.03700967378597986,inf,inf,inf,5,0.2,0.1270935960591133,0.1270935960591133,0.14824421809010674,1.0,1.0,1.0,0.75,0.3052673457296798
wine,20,2,2,0.05555555555555555,36,2.4593716512753327,1.7718067022826607,4.357531175133609,25,14,0.56,14,0.56,1.0,0.2163215880840461,1.0640303625855256,0.09809599224120993,26.767605633802923,7.048611111111143,3.797571636716851,0.03700967378597986,inf,inf,inf,3,0.12,0.1270935960591133,0.1270935960591133,0.14824421809010674,1.0,1.0,1.0,0.75,0.3052673457296798
wine,20,3,1,0.027777777777777776,36,2.4593716512753327,3.797571636716851,9.33964002702869,36,20,0.5555555555555556,15,0.4166666666666667,1.0,0.10329460493282716,0.5080796462029605,0.06095463441591378,44.30500242836344,11.666666666666714,3.797571636716851,0.02240142667672107,inf,inf,inf,8,0.2222222222222222,0.1270935960591133,0.1270935960591133,0.1386279502390625,1.0537789575183323,1.0,1.0537789575183323,0.6804380537692621,0.08403457505240967
wine,20,3,2,0.05555555555555555,36,2.4593716512753327,1.7718067022826607,4.357531175133609,36,14,0.3888888888888889,14,0.3888888888888889,1.0,0.2123804947581952,1.0446451361842695,0.03827297206081695,44.30500242836344,11.666666666666714,3.797571636716851,0.02240142667672107,inf,inf,inf,3,0.08333333333333333,0.1270935960591133,0.1270935960591133,0.1386279502390625,1.0537789575183323,1.0,1.0537789575183323,0.6804380537692621,0.08403457505240967
wine,20,4,1,0.027777777777777776,36,2.4593716512753327,3.797571636716851,9.33964002702869,46,23,0.5,15,0.32608695652173914,1.0,0.10284767591378485,0.5058813170838307,0.046638640682248114,44.30500242836344,11.666666666666714,3.797571636716851,0.022380491712651218,inf,inf,inf,8,0.17391304347826086,0.1270935960591133,0.1270935960591133,0.12963546798029557,1.130940588527892,1.0,1.130940588527892,0.6318478700977274,-0.10923392272325827
wine,20,4,2,0.05555555555555555,36,2.4593716512753327,1.7718067022826607,4.357531175133609,46,14,0.30434782608695654,14,0.30434782608695654,1.0,0.21048304362945258,1.0353120611528495,-0.01958630329340283,44.30500242836344,11.666666666666714,3.797571636716851,0.022380491712651218,inf,inf,inf,3,0.06521739130434782,0.1270935960591133,0.1270935960591133,0.12963546798029557,1.130940588527892,1.0,1.130940588527892,0.6318478700977274,-0.10923392272325827
wine,20,5,1,0.027777777777777776,36,2.4593716512753327,3.797571636716851,9.33964002702869,55,23,0.41818181818181815,15,0.2727272727272727,0.8857142857142858,0.10258202071375422,0.5045746273478922,0.03250221135988031,44.30500242836344,11.666666666666714,3.797571636716851,0.022367955834157516,inf,inf,inf,8,0.14545454545454545,0.1270935960591133,0.1270935960591133,0.12963546798029557,1.130940588527892,1.0,1.130940588527892,0.6220704289586032,-0.289947104396099
wine,20,5,2,0.05555555555555555,36,2.4593716512753327,1.7718067022826607,4.357531175133609,55,14,0.2545454545454545,14,0.2545454545454545,0.8857142857142858,0.2093667804213616,1.0298214489741682,-0.07669473318257397,44.30500242836344,11.666666666666714,3.797571636716851,0.022367955834157516,inf,inf,inf,3,0.05454545454545454,0.1270935960591133,0.1270935960591133,0.12963546798029557,1.130940588527892,1.0,1.130940588527892,0.6220704289586032,-0.289947104396099
wine,20,6,1,0.027777777777777776,36,2.4593716512753327,3.797571636716851,9.33964002702869,63,25,0.3968253968253968,15,0.23809523809523808,0.9428571428571428,0.1024059460682456,0.5037085613645477,0.018454519174154332,44.30500242836344,11.666666666666714,3.797571636716851,0.022359609010713766,inf,inf,inf,9,0.14285714285714285,0.1270935960591133,0.1270935960591133,0.12963546798029557,1.130940588527892,1.0,1.130940588527892,0.6157943161853575,-0.4675850321782773
wine,20,6,2,0.05555555555555555,36,2.4593716512753327,1.7718067022826607,4.357531175133609,63,14,0.2222222222222222,14,0.2222222222222222,0.9428571428571428,0.20863160070955689,1.0262052886905575,-0.13343682885396224,44.30500242836344,11.666666666666714,3.797571636716851,0.022359609010713766,inf,inf,inf,3,0.047619047619047616,0.1270935960591133,0.1270935960591133,0.12963546798029557,1.130940588527892,1.0,1.130940588527892,0.6157943161853575,-0.4675850321782773
wine,20,7,1,0.027777777777777776,36,2.4593716512753327,3.797571636716851,9.33964002702869,70,25,0.35714285714285715,15,0.21428571428571427,1.0,0.10228067811199693,0.5030924004437253,0.004457155803494803,44.30500242836344,11.666666666666714,3.797571636716851,0.02235365209276019,inf,inf,inf,9,0.12857142857142856,0.1270935960591133,0.1270935960591133,0.12963546798029557,1.130940588527892,1.0,1.130940588527892,0.6114232365434111,-0.6435475199772308
wine,20,7,2,0.05555555555555555,36,2.4593716512753327,1.7718067022826607,4.357531175133609,70,14,0.2,14,0.2,1.0,0.20811080016917338,1.0236436045205815,-0.18997282381105274,44.30500242836344,11.666666666666714,3.797571636716851,0.02235365209276019,inf,inf,inf,3,0.04285714285714286,0.1270935960591133,0.1270935960591133,0.12963546798029557,1.130940588527892,1.0,1.130940588527892,0.6114232365434111,-0.6435475199772308
wine,21,1,1,0.027777777777777776,36,1.3879925447875736,2.7943523208214835,3.8785401888100735,13,12,0.9230769230769231,11,0.8461538461538461,0.9259259259259259,0.2578289643317574,0.715729360645561,0.23794759320271403,3.8785401888100735,1.3879925447875736,2.7943523208214835,0.2578289643317574,inf,inf,inf,1,0.07692307692307693,0.028502046763338673,0.028502046763338673,0.16625596317589064,1.00823913037026,1.0,1.00823913037026,0.9918281981703742,0.6593162718185929
wine,21,1,2,0.05555555555555555,36,1.3879925447875736,1.2205980711857352,1.6941810229878924,13,10,0.7692307692307693,10,0.7692307692307693,0.9259259259259259,0.5902556966647988,1.6385410129782725,0.49922564038822814,3.8785401888100735,1.3879925447875736,2.7943523208214835,0.2578289643317574,5.133858604280061,1.794352320821483,9.211951101359267,0,0.0,0.028502046763338673,0.028502046763338673,0.16625596317589064,1.00823913037026,1.0,1.00823913037026,0.9918281981703742,0.6593162718185929
wine,21,2,1,0.027777777777777776,36,3.2222222222222276,2.7943523208214835,9.00402414486924,25,20,0.8,18,0.72,0.9354838709677419,0.10797779095533822,0.6958568750455141,0.06931907567503187,11.255030181086513,4.0277777777777715,2.7943523208214835,0.08687561861365134,inf,inf,inf,2,0.08,0.04802955665024622,0.04802955665024622,0.16383023907496969,1.026311565361476,1.0,1.026311565361476,0.7370171781827773,0.24132634260288408
wine,21,2,2,0.05555555555555555,36,2.45169082125604,1.2701970443349746,3.114130434782609,25,15,0.6,15,0.6,0.9354838709677419,0.2953379080129992,1.4481544764888616,0.13443185506979236,11.255030181086513,4.0277777777777715,2.7943523208214835,0.08687561861365134,5.133858604280061,1.794352320821483,9.211951101359267,0,0.0,0.04802955665024622,0.04802955665024622,0.16383023907496969,1.026311565361476,1.0,1.026311565361476,0.7370171781827773,0.24132634260288408
wine,21,3,1,0.027777777777777776,36,3.922705314009668,2.7943523208214835,10.961420698101682,36,22,0.6111111111111112,19,0.5277777777777778,1.0,0.08848292506069866,0.6941848806694437,0.03063418500491169,25.356159948194765,9.07407407407401,2.7943523208214835,0.03892196447493512,inf,inf,inf,3,0.08333333333333333,0.0704433497536946,0.0704433497536946,0.1502577056031935,1.1407181416641128,1.0,1.1407181416641128,0.6454261728428186,-0.018336650665657348
wine,21,3,2,0.05555555555555555,36,2.45169082125604,1.2701970443349746,3.114130434782609,36,16,0.4444444444444444,15,0.4166666666666667,1.0,0.28797128340323197,1.4120331046100514,0.05263243263489009,25.356159948194765,9.07407407407401,2.7943523208214835,0.03892196447493512,inf,inf,inf,1,0.027777777777777776,0.0704433497536946,0.0704433497536946,0.1502577056031935,1.1407181416641128,1.0,1.1407181416641128,0.6454261728428186,-0.018336650665657348
wine,21,4,1,0.027777777777777776,36,3.922705314009668,2.7943523208214835,10.961420698101682,46,23,0.5,19,0.41304347826086957,0.9705882352941176,0.08815520707257363,0.6916137984824144,0.011309229463416476,25.356159948194765,9.07407407407401,2.7943523208214835,0.03885870996263463,inf,inf,inf,4,0.08695652173913043,0.0704433497536946,0.0704433497536946,0.1502577056031935,1.1407181416641128,1.0,1.1407181416641128,0.6282527217484128,-0.23321590784013146
wine,21,4,2,0.05555555555555555,36,2.45169082125604,1.2701970443349746,3.114130434782609,46,16,0.34782608695652173,15,0.32608695652173914,0.9705882352941176,0.28447638289272015,1.3948962736044017,-0.025500566797146906,25.356159948194765,9.07407407407401,2.7943523208214835,0.03885870996263463,inf,inf,inf,1,0.021739130434782608,0.0704433497536946,0.0704433497536946,0.1502577056031935,1.1407181416641128,1.0,1.1407181416641128,0.6282527217484128,-0.23321590784013146
wine,21,5,1,0.027777777777777776,36,3.922705314009668,2.7943523208214835,10.961420698101682,55,24,0.43636363636363634,19,0.34545454545454546,0.9428571428571428,0.08796014436204858,0.6900834514201309,-0.007884779446302947,25.356159948194765,9.07407407407401,2.7943523208214835,0.03882088936516581,inf,inf,inf,5,0.09090909090909091,0.0704433497536946,0.0704433497536946,0.1004789252685616,1.9296320120191177,1.0,1.9296320120191177,0.4213764621705359,-0.39561919693800834
wine,21,5,2,0.05555555555555555,36,2.45169082125604,1.2701970443349746,3.114130434782609,55,16,0.2909090909090909,15,0.2727272727272727,0.9428571428571428,0.2824355105094998,1.384889097425809,-0.10225590544211383,25.356159948194765,9.07407407407401,2.7943523208214835,0.03882088936516581,inf,inf,inf,1,0.01818181818181818,0.0704433497536946,0.0704433497536946,0.1004789252685616,1.9296320120191177,1.0,1.9296320120191177,0.4213764621705359,-0.39561919693800834
wine,21,6,1,0.027777777777777776,36,3.922705314009668,2.7943523208214835,10.961420698101682,63,25,0.3968253968253968,19,0.30158730158730157,0.9705882352941176,0.08783074855632356,0.6890682881906748,-0.027013966142122245,25.356159948194765,9.07407407407401,2.7943523208214835,0.03879573040925177,inf,inf,inf,5,0.07936507936507936,0.0704433497536946,0.0704433497536946,0.09396108416004532,2.3622834834189366,1.1030528059406668,2.6057234248125507,0.32739276116770766,-0.5446350811390067
wine,21,6,2,0.05555555555555555,36,2.45169082125604,1.2701970443349746,3.114130434782609,63,16,0.25396825396825395,15,0.23809523809523808,0.9705882352941176,0.28109739469489115,1.378327804904902,-0.1783452069400761,25.356159948194765,9.07407407407401,2.7943523208214835,0.03879573040925177,inf,inf,inf,1,0.015873015873015872,0.0704433497536946,0.0704433497536946,0.09396108416004532,2.3622834834189366,1.1030528059406668,2.6057234248125507,0.32739276116770766,-0.5446350811390067
wine,21,7,1,0.027777777777777776,36,3.922705314009668,2.7943523208214835,10.961420698101682,70,26,0.37142857142857144,19,0.2714285714285714,0.9705882352941176,0.08773863710214735,0.6883456360091185,-0.04610634767740346,25.356159948194765,9.07407407407401,2.7943523208214835,0.03877778647085928,inf,inf,inf,5,0.07142857142857142,0.0704433497536946,0.0704433497536946,0.07185221674876849,39.43278943278941,1.50101241934365,59.18910666797996,0.01677315975409599,-0.6485621771583779
wine,21,7,2,0.05555555555555555,36,2.45169082125604,1.2701970443349746,3.114130434782609,70,16,0.22857142857142856,15,0.21428571428571427,0.9705882352941176,0.280152332598651,1.3736938047711642,-0.25406192481235723,25.356159948194765,9.07407407407401,2.7943523208214835,0.03877778647085928,inf,inf,inf,1,0.014285714285714285,0.0704433497536946,0.0704433497536946,0.07185221674876849,39.43278943278941,1.50101241934365,59.18910666797996,0.01677315975409599,-0.6485621771583779
wine,22,1,1,0.027777777777777776,36,2.5897974951934315,2.7848608894747797,7.212225756023936,13,12,0.9230769230769231,12,0.9230769230769231,0.7777777777777778,0.1386534523222267,0.7181687270480491,0.11870432101533646,7.212225756023936,2.5897974951934315,2.7848608894747797,0.1386534523222267,1.8794433519891085,2.5348608894747797,4.764127446940573,0,0.0,0.020020120724346058,0.020020120724346058,0.1997025317725477,1.0,1.0,1.0,1.0,0.6005949364549046
wine,22,1,2,0.05555555555555555,36,2.5897974951934315,2.7848608894747797,7.212225756023936,13,11,0.8461538461538461,11,0.8461538461538461,0.7777777777777778,0.1386534523222267,0.7181687270480491,0.0987551897084462,7.212225756023936,2.5897974951934315,2.7848608894747797,0.1386534523222267,1.5820971541350985,2.2848608894747797,3.614871910832639,0,0.0,0.020020120724346058,0.020020120724346058,0.1997025317725477,1.0,1.0,1.0,1.0,0.6005949364549046
wine,22,2,1,0.027777777777777776,36,3.3498349834983507,3.5423645320197084,11.866336633663384,25,22,0.88,20,0.8,0.793103448275862,0.08249656389775195,0.5526997515261931,0.05179102214629678,11.866336633663384,3.3498349834983507,3.5423645320197084,0.08249656389775195,inf,inf,inf,2,0.08,0.048522167487684675,0.048522167487684675,0.1769915944971517,1.0042767902148475,1.1919365390004142,1.1970342015271302,0.6609255561557615,0.19101131799585488
wine,22,2,2,0.05555555555555555,36,2.5897974951934315,2.7848608894747797,7.212225756023936,25,16,0.64,16,0.64,0.793103448275862,0.13384725736200875,0.6932745837092817,0.05681674806097746,11.866336633663384,3.3498349834983507,3.5423645320197084,0.08249656389775195,4.252793296089394,2.542364532019707,10.812150837988861,0,0.0,0.048522167487684675,0.048522167487684675,0.1769915944971517,1.0042767902148475,1.1919365390004142,1.1970342015271302,0.6609255561557615,0.19101131799585488
wine,22,3,1,0.027777777777777776,36,5.638888888888883,3.5423645320197084,19.975,36,28,0.7777777777777778,25,0.6944444444444444,0.911764705882353,0.049231804677575375,0.555225352752655,0.002963025281520794,399.4999999998841,112.77777777774493,3.5423645320197084,0.0025010409405702427,inf,inf,inf,3,0.08333333333333333,0.04876847290640385,0.04876847290640385,0.11124048459131898,1.7785742465203938,1.783696528152909,3.1724367085806024,0.28325492320193824,-0.05299608019439728
wine,22,3,2,0.05555555555555555,36,3.9227053140096646,2.7848608894747797,10.9241886099204,36,17,0.4722222222222222,17,0.4722222222222222,0.911764705882353,0.08877519992890348,0.6964778970267602,-0.027304449575556555,399.4999999998841,112.77777777774493,3.5423645320197084,0.0025010409405702427,16.370967741935274,2.542364532019707,41.62096774193499,0,0.0,0.04876847290640385,0.04876847290640385,0.11124048459131898,1.7785742465203938,1.783696528152909,3.1724367085806024,0.28325492320193824,-0.05299608019439728
wine,22,4,1,0.027777777777777776,36,5.638888888888883,3.5423645320197084,19.975,46,28,0.6086956521739131,25,0.5434782608695652,0.8857142857142858,0.04913054740466649,0.5540833957304049,-0.01243427434315627,399.4999999998841,112.77777777774493,3.5423645320197084,0.0025007802708402194,inf,inf,inf,3,0.06521739130434782,0.04876847290640385,0.04876847290640385,0.04974384236453193,113.9169472502804,2.646975369458132,301.53535353535347,0.003312238648870869,-0.14684258009994133
wine,22,4,2,0.05555555555555555,36,3.9227053140096646,2.7848608894747797,10.9241886099204,46,17,0.3695652173913043,17,0.3695652173913043,0.8857142857142858,0.08844530874337342,0.6938897652137127,-0.06575241685967384,399.4999999998841,112.77777777774493,3.5423645320197084,0.0025007802708402194,16.370967741935274,2.542364532019707,41.62096774193499,0,0.0,0.04876847290640385,0.04876847290640385,0.04974384236453193,113.9169472502804,2.646975369458132,301.53535353535347,0.003312238648870869,-0.14684258009994133
wine,22,5,1,0.027777777777777776,36,5.638888888888883,3.5423645320197084,19.975,55,28,0.509090909090909,25,0.45454545454545453,0.8857142857142858,0.04907006097124378,0.5534012431756932,-0.027791222803158044,399.4999999998841,112.77777777774493,3.5423645320197084,0.0025006239037868028,inf,inf,inf,3,0.05454545454545454,0.04876847290640385,0.04876847290640385,0.04974384236453193,113.9169472502804,2.646975369458132,301.53535353535347,0.003311964330464101,-0.1843660143958343
wine,22,5,2,0.05555555555555555,36,3.9227053140096646,2.7848608894747797,10.9241886099204,55,17,0.3090909090909091,17,0.3090909090909091,0.8857142857142858,0.08824895779881137,0.692349311426424,-0.10407029537519527,399.4999999998841,112.77777777774493,3.5423645320197084,0.0025006239037868028,16.370967741935274,2.542364532019707,41.62096774193499,0,0.0,0.04876847290640385,0.04876847290640385,0.04974384236453193,113.9169472502804,2.646975369458132,301.53535353535347,0.003311964330464101,-0.1843660143958343
wine,22,6,1,0.027777777777777776,36,5.638888888888883,3.5423645320197084,19.975,63,28,0.4444444444444444,25,0.3968253968253968,0.8857142857142858,0.04902984762558282,0.5529477259996279,-0.04312810670768849,399.4999999998841,112.77777777774493,3.5423645320197084,0.0025005196735730095,inf,inf,inf,3,0.047619047619047616,0.04876847290640385,0.04876847290640385,0.04974384236453193,113.9169472502804,2.646975369458132,301.53535353535347,0.0033117814851966187,-0.2218893595081727
wine,22,6,2,0.05555555555555555,36,3.9227053140096646,2.7848608894747797,10.9241886099204,63,17,0.2698412698412698,17,0.2698412698412698,0.8857142857142858,0.08811870960683021,0.6913274608767748,-0.1423237773520947,399.4999999998841,112.77777777774493,3.5423645320197084,0.0025005196735730095,16.370967741935274,2.542364532019707,41.62096774193499,0,0.0,0.04876847290640385,0.04876847290640385,0.04974384236453193,113.9169472502804,2.646975369458132,301.53535353535347,0.0033117814851966187,-0.2218893595081727
wine,22,7,1,0.027777777777777776,36,5.638888888888883,3.5423645320197084,19.975,70,28,0.4,25,0.35714285714285715,0.8857142857142858,0.04900117792985659,0.5526243955422709,-0.05845356564780721,399.4999999998841,112.77777777774493,3.5423645320197084,0.0025004452305155134,inf,inf,inf,4,0.05714285714285714,0.04876847290640385,0.04876847290640385,0.04974384236453193,113.9169472502804,2.646975369458132,301.53535353535347,0.003311650897921403,-0.25941265367050903
wine,22,7,2,0.05555555555555555,36,3.9227053140096646,2.7848608894747797,10.9241886099204,70,17,0.24285714285714285,17,0.24285714285714285,0.8857142857142858,0.0880259924273179,0.6906000565312288,-0.18054069622371555,399.4999999998841,112.77777777774493,3.5423645320197084,0.0025004452305155134,16.370967741935274,2.542364532019707,41.62096774193499,0,0.0,0.04876847290640385,0.04876847290640385,0.04974384236453193,113.9169472502804,2.646975369458132,301.53535353535347,0.003311650897921403,-0.25941265367050903
wine,23,1,1,0.027777777777777776,36,2.077504630530512,2.529591341150349,5.255237724589738,13,11,0.8461538461538461,11,0.8461538461538461,0.8571428571428571,0.1902863490496174,0.7906415425546508,0.16832408397865486,1558.076923076896,615.9401709401607,2.529591341150349,0.0006418168353493625,6.921340760660776,1.5295913411503492,10.586822896657695,0,0.0,0.00584194824117118,0.00584194824117118,0.19487669206917232,1.0,1.0,1.0,1.0,0.6102466158616553
wine,23,1,2,0.05555555555555555,36,2.077504630530512,1.5717310761118422,3.2652785885710567,13,10,0.7692307692307693,10,0.7692307692307693,0.8571428571428571,0.30625258239837283,1.2724823160890935,0.2355591203934232,1558.076923076896,615.9401709401607,2.529591341150349,0.0006418168353493625,3.480224078813928,1.1717310761118422,4.077886704978988,0,0.0,0.00584194824117118,0.00584194824117118,0.19487669206917232,1.0,1.0,1.0,1.0,0.6102466158616553
wine,23,2,1,0.027777777777777776,36,3.1327160493827155,2.529591341150349,7.9244913928012455,25,19,0.76,19,0.76,1.032258064516129,0.12221001778057983,0.7656985681931389,0.07967120843651657,1558.076923076896,615.9401709401607,2.529591341150349,0.0006417138531367161,inf,inf,inf,1,0.04,0.03497536945812807,0.03497536945812807,0.19078161982440164,1.017515356154845,1.0,1.017515356154845,0.7413189961213122,0.1656900505664481
wine,23,2,2,0.05555555555555555,36,2.5311720698254376,1.5717310761118422,3.978321801130974,25,14,0.56,14,0.56,1.032258064516129,0.23556652258580957,1.1925188051102087,0.10306443312911973,1558.076923076896,615.9401709401607,2.529591341150349,0.0006417138531367161,3.480224078813928,1.1717310761118422,4.077886704978988,0,0.0,0.03497536945812807,0.03497536945812807,0.19078161982440164,1.017515356154845,1.0,1.017515356154845,0.7413189961213122,0.1656900505664481
wine,23,3,1,0.027777777777777776,36,3.1327160493827155,2.529591341150349,7.9244913928012455,36,21,0.5833333333333334,21,0.5833333333333334,0.9696969696969697,0.1209574279439447,0.7578505516240979,0.05780321530860322,1558.076923076896,615.9401709401607,2.529591341150349,0.0006416795355246308,inf,inf,inf,2,0.05555555555555555,0.035467980295566526,0.035467980295566526,0.036177339901477854,5.328262951738634,1.3112542288212015,6.986707327738621,0.13640890423262264,-0.021358125875372946
wine,23,3,2,0.05555555555555555,36,2.5311720698254376,1.5717310761118422,3.978321801130974,36,14,0.3888888888888889,14,0.3888888888888889,0.9696969696969697,0.2308894888980857,1.16884205103021,0.0360824803930507,1558.076923076896,615.9401709401607,2.529591341150349,0.0006416795355246308,3.480224078813928,1.1717310761118422,4.077886704978988,0,0.0,0.035467980295566526,0.035467980295566526,0.036177339901477854,5.328262951738634,1.3112542288212015,6.986707327738621,0.13640890423262264,-0.021358125875372946
wine,23,4,1,0.027777777777777776,36,3.1327160493827155,2.529591341150349,7.9244913928012455,46,21,0.45652173913043476,21,0.45652173913043476,0.8611111111111112,0.12034409727036888,0.7540077699347184,0.03656545616651129,1558.076923076896,615.9401709401607,2.529591341150349,0.0006416623785538977,inf,inf,inf,2,0.043478260869565216,0.035467980295566526,0.035467980295566526,0.036177339901477854,5.328262951738634,1.3112542288212015,6.986707327738621,0.13562834658618894,-0.07352399636126512
wine,23,4,2,0.05555555555555555,36,2.5311720698254376,1.5717310761118422,3.978321801130974,46,14,0.30434782608695654,14,0.30434782608695654,0.8611111111111112,0.22864566836832068,1.1574830593209258,-0.028572789258551723,1558.076923076896,615.9401709401607,2.529591341150349,0.0006416623785538977,3.480224078813928,1.1717310761118422,4.077886704978988,0,0.0,0.035467980295566526,0.035467980295566526,0.036177339901477854,5.328262951738634,1.3112542288212015,6.986707327738621,0.13562834658618894,-0.07352399636126512
wine,23,5,1,0.027777777777777776,36,3.1327160493827155,2.529591341150349,7.9244913928012455,55,21,0.38181818181818183,21,0.38181818181818183,0.9444444444444444,0.11998013087454851,0.7517273631954735,0.015573552652954972,1558.076923076896,615.9401709401607,2.529591341150349,0.0006416520849586993,inf,inf,inf,2,0.03636363636363636,0.035467980295566526,0.035467980295566526,0.036177339901477854,5.650189267423779,1.3112542288212015,7.408834570549597,0.127880878688444,-0.13351891342020117
wine,23,5,2,0.05555555555555555,36,2.5311720698254376,1.5717310761118422,3.978321801130974,55,14,0.2545454545454545,14,0.2545454545454545,0.9444444444444444,0.22732800393328556,1.1508125884901992,-0.09234215953621416,1558.076923076896,615.9401709401607,2.529591341150349,0.0006416520849586993,3.480224078813928,1.1717310761118422,4.077886704978988,0,0.0,0.035467980295566526,0.035467980295566526,0.036177339901477854,5.650189267423779,1.3112542288212015,7.408834570549597,0.127880878688444,-0.13351891342020117
wine,23,6,1,0.027777777777777776,36,3.1327160493827155,2.529591341150349,7.9244913928012455,63,21,0.3333333333333333,21,0.3333333333333333,0.9428571428571428,0.11973914053606094,0.7502174545932212,-0.005297101896142603,1558.076923076896,615.9401709401607,2.529591341150349,0.0006416452228060754,inf,inf,inf,2,0.031746031746031744,0.035467980295566526,0.035467980295566526,0.036177339901477854,5.650189267423779,1.3112542288212015,7.408834570549597,0.1276070441833531,-0.18540101609806064
wine,23,6,2,0.05555555555555555,36,2.5311720698254376,1.5717310761118422,3.978321801130974,63,14,0.2222222222222222,14,0.2222222222222222,0.9428571428571428,0.22646112710885258,1.1464241596782319,-0.15568025945055802,1558.076923076896,615.9401709401607,2.529591341150349,0.0006416452228060754,3.480224078813928,1.1717310761118422,4.077886704978988,0,0.0,0.035467980295566526,0.035467980295566526,0.036177339901477854,5.650189267423779,1.3112542288212015,7.408834570549597,0.1276070441833531,-0.18540101609806064
wine,23,7,1,0.027777777777777776,36,3.1327160493827155,2.529591341150349,7.9244913928012455,70,21,0.3,21,0.3,0.8571428571428572,0.11956780661080646,0.7491439735183243,-0.02609907712886772,1558.076923076896,615.9401709401607,2.529591341150349,0.0006416403213885813,inf,inf,inf,2,0.02857142857142857,0.035467980295566526,0.035467980295566526,0.036177339901477854,5.650189267423779,1.3112542288212015,7.408834570549597,0.1274124206562619,-0.23720669096126015
wine,23,7,2,0.05555555555555555,36,2.5311720698254376,1.5717310761118422,3.978321801130974,70,14,0.2,14,0.2,0.8571428571428572,0.2258474846508961,1.143317690377355,-0.21877606160696417,1558.076923076896,615.9401709401607,2.529591341150349,0.0006416403213885813,3.480224078813928,1.1717310761118422,4.077886704978988,0,0.0,0.035467980295566526,0.035467980295566526,0.036177339901477854,5.650189267423779,1.3112542288212015,7.408834570549597,0.1274124206562619,-0.23720669096126015
wine,24,1,1,0.027777777777777776,36,2.4056548662226906,3.286470547422467,7.906113865104407,13,13,1.0,11,0.8461538461538461,1.0,0.12648439132830447,0.6085555830003014,0.1095800695782961,7.906113865104407,2.4056548662226906,3.286470547422467,0.12648439132830447,inf,inf,inf,2,0.15384615384615385,0.07062027336432392,0.07062027336432392,0.16108426126230518,1.0,1.0,1.0,1.0,0.6778314774753896
wine,24,1,2,0.05555555555555555,36,2.4056548662226906,1.3823413386724286,3.325436168158116,13,11,0.8461538461538461,10,0.7692307692307693,1.0,0.30071243272544224,1.4468206542392472,0.22033350748992853,7.906113865104407,2.4056548662226906,3.286470547422467,0.12648439132830447,inf,inf,inf,2,0.15384615384615385,0.07062027336432392,0.07062027336432392,0.16108426126230518,1.0,1.0,1.0,1.0,0.6778314774753896
wine,24,2,1,0.027777777777777776,36,2.819444444444447,3.286470547422467,9.266021126760574,25,19,0.76,16,0.64,0.8857142857142858,0.10500944147500613,0.5921365727618406,0.07211296521045943,9.266021126760574,2.819444444444447,3.286470547422467,0.10500944147500613,inf,inf,inf,5,0.2,0.1123152709359605,0.1123152709359605,0.1602041605680561,1.0,1.0,1.0,0.75,0.26938751829583174
wine,24,2,2,0.05555555555555555,36,2.4056548662226906,3.1655172413793093,7.615141955835963,25,14,0.56,13,0.52,0.8857142857142858,0.12700625631070894,0.6110664370691665,0.059109985525246,9.266021126760574,2.819444444444447,3.286470547422467,0.10500944147500613,inf,inf,inf,3,0.12,0.1123152709359605,0.1123152709359605,0.1602041605680561,1.0,1.0,1.0,0.75,0.26938751829583174
wine,24,3,1,0.027777777777777776,36,2.819444444444447,3.286470547422467,9.266021126760574,36,20,0.5555555555555556,17,0.4722222222222222,0.911764705882353,0.10408541352203282,0.5869260818047967,0.05517490670496644,9.266021126760574,2.819444444444447,3.286470547422467,0.10408541352203282,inf,inf,inf,6,0.16666666666666666,0.1123152709359605,0.1123152709359605,0.149812078241191,1.052297437378852,1.0,1.052297437378852,0.6810621333411782,0.03685826801782552
wine,24,3,2,0.05555555555555555,36,2.4056548662226906,3.1655172413793093,7.615141955835963,36,14,0.3888888888888889,13,0.3611111111111111,0.911764705882353,0.1256531056749064,0.6045560102456651,0.024893770633962226,9.266021126760574,2.819444444444447,3.286470547422467,0.10408541352203282,inf,inf,inf,3,0.08333333333333333,0.1123152709359605,0.1123152709359605,0.149812078241191,1.052297437378852,1.0,1.052297437378852,0.6810621333411782,0.03685826801782552
wine,24,4,1,0.027777777777777776,36,2.819444444444447,3.286470547422467,9.266021126760574,46,22,0.4782608695652174,17,0.3695652173913043,0.8823529411764707,0.10363159851656834,0.584367069412872,0.038701924137360344,9.266021126760574,2.819444444444447,3.286470547422467,0.10363159851656834,inf,inf,inf,7,0.15217391304347827,0.1123152709359605,0.1123152709359605,0.149812078241191,1.052297437378852,1.0,1.052297437378852,0.6621004845618208,-0.17292404649863813
wine,24,4,2,0.05555555555555555,36,2.4056548662226906,3.1655172413793093,7.615141955835963,46,14,0.30434782608695654,13,0.2826086956521739,0.8823529411764707,0.12499109424499522,0.6013708682099433,-0.008646876468325515,9.266021126760574,2.819444444444447,3.286470547422467,0.10363159851656834,inf,inf,inf,3,0.06521739130434782,0.1123152709359605,0.1123152709359605,0.149812078241191,1.052297437378852,1.0,1.052297437378852,0.6621004845618208,-0.17292404649863813
wine,24,5,1,0.027777777777777776,36,2.819444444444447,3.286470547422467,9.266021126760574,55,22,0.4,17,0.3090909090909091,0.9090909090909092,0.1033618700426332,0.5828461005181821,0.022411022748441242,9.266021126760574,2.819444444444447,3.286470547422467,0.1033618700426332,inf,inf,inf,7,0.12727272727272726,0.1123152709359605,0.1123152709359605,0.149812078241191,1.052297437378852,1.0,1.052297437378852,0.6514513946599547,-0.3755413126755038
wine,24,5,2,0.05555555555555555,36,2.4056548662226906,3.1655172413793093,7.615141955835963,55,14,0.2545454545454545,13,0.23636363636363636,0.9090909090909092,0.12459841164502539,0.5994815505949466,-0.04192424129801531,9.266021126760574,2.819444444444447,3.286470547422467,0.1033618700426332,inf,inf,inf,3,0.05454545454545454,0.1123152709359605,0.1123152709359605,0.149812078241191,1.052297437378852,1.0,1.052297437378852,0.6514513946599547,-0.3755413126755038
wine,24,6,1,0.027777777777777776,36,2.819444444444447,3.286470547422467,9.266021126760574,63,24,0.38095238095238093,17,0.2698412698412698,0.8857142857142858,0.10318310374915607,0.5818380572521861,0.0062100942071250526,9.266021126760574,2.819444444444447,3.286470547422467,0.10318310374915607,inf,inf,inf,9,0.14285714285714285,0.1123152709359605,0.1123152709359605,0.149812078241191,1.052297437378852,1.0,1.052297437378852,0.6446264440647957,-0.5748536198728051
wine,24,6,2,0.05555555555555555,36,2.4056548662226906,3.1655172413793093,7.615141955835963,63,14,0.2222222222222222,13,0.20634920634920634,0.8857142857142858,0.1243384779232668,0.5982309289496587,-0.07507183172661944,9.266021126760574,2.819444444444447,3.286470547422467,0.10318310374915607,inf,inf,inf,3,0.047619047619047616,0.1123152709359605,0.1123152709359605,0.149812078241191,1.052297437378852,1.0,1.052297437378852,0.6446264440647957,-0.5748536198728051
wine,24,7,1,0.027777777777777776,36,2.819444444444447,3.286470547422467,9.266021126760574,70,28,0.4,17,0.24285714285714285,0.9393939393939394,0.10305592474464487,0.581120908976748,-0.009939807556389443,9.266021126760574,2.819444444444447,3.286470547422467,0.10305592474464487,inf,inf,inf,11,0.15714285714285714,0.1123152709359605,0.1123152709359605,0.11456157635467971,1.8964693275395872,1.2243621730382308,2.3219653069667214,0.3588473690505012,-0.7326497809363198
wine,24,7,2,0.05555555555555555,36,2.4056548662226906,3.1655172413793093,7.615141955835963,70,14,0.2,13,0.18571428571428572,0.9393939393939394,0.12415371000116515,0.5973419532478074,-0.10814593848409326,9.266021126760574,2.819444444444447,3.286470547422467,0.10305592474464487,inf,inf,inf,3,0.04285714285714286,0.1123152709359605,0.1123152709359605,0.11456157635467971,1.8964693275395872,1.2243621730382308,2.3219653069667214,0.3588473690505012,-0.7326497809363198
wine,25,1,1,0.027777777777777776,36,1.8515413989009983,2.776618330673699,5.141023788189735,13,12,0.9230769230769231,10,0.7692307692307693,0.7407407407407408,0.1945137858138799,0.7203006541827207,0.17450543430880433,5.141023788189735,1.8515413989009983,2.776618330673699,0.1945137858138799,inf,inf,inf,2,0.15384615384615385,0.16878859363075005,0.16878859363075005,0.17216436550336506,1.0,1.0,1.0,1.0,0.6556712689932699
wine,25,1,2,0.05555555555555555,36,1.8515413989009983,1.9836675223756333,3.6728425393338573,13,11,0.8461538461538461,9,0.6923076923076923,0.7407407407407408,0.2722686827138987,1.0082334753380482,0.2162557118617849,5.141023788189735,1.8515413989009983,2.776618330673699,0.1945137858138799,inf,inf,inf,2,0.15384615384615385,0.16878859363075005,0.16878859363075005,0.17216436550336506,1.0,1.0,1.0,1.0,0.6556712689932699
wine,25,2,1,0.027777777777777776,36,11.566951566951621,2.776618330673699,32.11700975081274,25,21,0.84,17,0.68,0.823529411764706,0.030893784024614956,0.7146938070651698,-0.008811427479005589,73.06619718309926,26.31481481481504,2.776618330673699,0.013639391176620608,inf,inf,inf,3,0.12,0.16878859363075005,0.16878859363075005,0.17216436550336506,1.6585224961494274,1.0,1.6585224961494274,0.5120602387676927,-0.07279135633526312
wine,25,2,2,0.05555555555555555,36,3.085959093421783,1.9836675223756333,6.1215168290005435,25,16,0.64,13,0.52,0.823529411764706,0.1566867290553552,0.967057672693777,0.04923587653382443,73.06619718309926,26.31481481481504,2.776618330673699,0.013639391176620608,inf,inf,inf,3,0.12,0.16878859363075005,0.16878859363075005,0.17216436550336506,1.6585224961494274,1.0,1.6585224961494274,0.5120602387676927,-0.07279135633526312
wine,25,3,1,0.027777777777777776,36,11.566951566951621,2.776618330673699,32.11700975081274,36,24,0.6666666666666666,17,0.4722222222222222,0.8857142857142858,0.030814113682232636,0.7128507210818523,-0.028590113074588384,73.06619718309926,26.31481481481504,2.776618330673699,0.01362387674152965,inf,inf,inf,6,0.16666666666666666,0.16878859363075005,0.16878859363075005,0.17216436550336506,1.6585224961494274,1.0,1.6585224961494274,0.4898833171282021,-0.34939988945192435
wine,25,3,2,0.05555555555555555,36,3.085959093421783,1.9836675223756333,6.1215168290005435,36,16,0.4444444444444444,13,0.3611111111111111,0.8857142857142858,0.15462436162138382,0.9543289096200951,-0.0044304566486320085,73.06619718309926,26.31481481481504,2.776618330673699,0.01362387674152965,inf,inf,inf,3,0.08333333333333333,0.16878859363075005,0.16878859363075005,0.17216436550336506,1.6585224961494274,1.0,1.6585224961494274,0.4898833171282021,-0.34939988945192435
wine,25,4,1,0.027777777777777776,36,11.566951566951621,2.776618330673699,32.11700975081274,46,25,0.5434782608695652,17,0.3695652173913043,0.8571428571428572,0.030774484459493046,0.7119339424817228,-0.048329286927365045,73.06619718309926,26.31481481481504,2.776618330673699,0.013616137189716437,inf,inf,inf,6,0.13043478260869565,0.16878859363075005,0.16878859363075005,0.17216436550336506,1.6585224961494274,1.0,1.6585224961494274,0.4798007949924723,-0.6162118966327393
wine,25,4,2,0.05555555555555555,36,3.085959093421783,1.9836675223756333,6.1215168290005435,46,16,0.34782608695652173,13,0.2826086956521739,0.8571428571428572,0.1536206694594071,0.9481342037115987,-0.057075820254281484,73.06619718309926,26.31481481481504,2.776618330673699,0.013616137189716437,inf,inf,inf,3,0.06521739130434782,0.16878859363075005,0.16878859363075005,0.17216436550336506,1.6585224961494274,1.0,1.6585224961494274,0.4798007949924723,-0.6162118966327393
wine,25,5,1,0.027777777777777776,36,11.566951566951621,2.776618330673699,32.11700975081274,55,27,0.4909090909090909,17,0.3090909090909091,0.8571428571428572,0.030750772368791535,0.7113853892723317,-0.06805275391903232,73.06619718309926,26.31481481481504,2.776618330673699,0.013611499094273616,inf,inf,inf,6,0.10909090909090909,0.16878859363075005,0.16878859363075005,0.17216436550336506,1.6585224961494274,1.0,1.6585224961494274,0.4740326000571895,-0.8795128487236139
wine,25,5,2,0.05555555555555555,36,3.085959093421783,1.9836675223756333,6.1215168290005435,55,16,0.2909090909090909,13,0.23636363636363636,0.8571428571428572,0.1530269326178293,0.9444697085008655,-0.10932576418796669,73.06619718309926,26.31481481481504,2.776618330673699,0.013611499094273616,inf,inf,inf,3,0.05454545454545454,0.16878859363075005,0.16878859363075005,0.17216436550336506,1.6585224961494274,1.0,1.6585224961494274,0.4740326000571895,-0.8795128487236139
wine,25,6,1,0.027777777777777776,36,11.566951566951621,2.776618330673699,32.11700975081274,63,28,0.4444444444444444,17,0.2698412698412698,0.8571428571428572,0.03073499147048897,0.7110203154996342,-0.08776839444611673,73.06619718309926,26.31481481481504,2.776618330673699,0.013608409374819663,inf,inf,inf,6,0.09523809523809523,0.16878859363075005,0.16878859363075005,0.17216436550336506,1.6585224961494274,1.0,1.6585224961494274,0.4702963884359811,-1.1411561641575056
wine,25,6,2,0.05555555555555555,36,3.085959093421783,1.9836675223756333,6.1215168290005435,63,16,0.25396825396825395,13,0.20634920634920634,0.8571428571428572,0.15263457012381465,0.9420480792882213,-0.16138145630559247,73.06619718309926,26.31481481481504,2.776618330673699,0.013608409374819663,inf,inf,inf,3,0.047619047619047616,0.16878859363075005,0.16878859363075005,0.17216436550336506,1.6585224961494274,1.0,1.6585224961494274,0.4702963884359811,-1.1411561641575056
wine,25,7,1,0.027777777777777776,36,11.566951566951621,2.776618330673699,32.11700975081274,70,29,0.4142857142857143,17,0.24285714285714285,0.9411764705882353,0.030723732671057546,0.7107598555241836,-0.10747957256975593,73.06619718309926,26.31481481481504,2.776618330673699,0.01360620357925968,inf,inf,inf,6,0.08571428571428572,0.16878859363075005,0.16878859363075005,0.17216436550336506,1.6585224961494274,1.0,1.6585224961494274,0.46767888216064524,-1.4018855134279484
wine,25,7,2,0.05555555555555555,36,3.085959093421783,1.9836675223756333,6.1215168290005435,70,16,0.22857142857142856,13,0.18571428571428572,0.9411764705882353,0.1523559852140074,0.9403286760168017,-0.2133273887925266,73.06619718309926,26.31481481481504,2.776618330673699,0.01360620357925968,inf,inf,inf,3,0.04285714285714286,0.16878859363075005,0.16878859363075005,0.17216436550336506,1.6585224961494274,1.0,1.6585224961494274,0.46767888216064524,-1.4018855134279484
wine,26,1,1,0.027777777777777776,36,1.6560955992186597,3.0481232220911676,5.0479834539813835,13,12,0.9230769230769231,11,0.8461538461538461,0.9629629629629629,0.19809890605154268,0.6561414530439811,0.17987275457809876,47.18608023199598,15.480371623435856,3.0481232220911676,0.021192690621543053,inf,inf,inf,1,0.07692307692307693,0.12037396794560468,0.12037396794560468,0.2567611605793957,1.0183426039262726,1.0,1.0183426039262726,0.9819877869632953,0.4684654658045039
wine,26,1,2,0.05555555555555555,36,1.6560955992186597,3.0481232220911676,5.0479834539813835,13,11,0.8461538461538461,10,0.7692307692307693,0.9629629629629629,0.19809890605154268,0.6561414530439811,0.16164660310465484,47.18608023199598,15.480371623435856,3.0481232220911676,0.021192690621543053,inf,inf,inf,1,0.07692307692307693,0.12037396794560468,0.12037396794560468,0.2567611605793957,1.0183426039262726,1.0,1.0183426039262726,0.9819877869632953,0.4684654658045039
wine,26,2,1,0.027777777777777776,36,1.8692449355432774,3.0481232220911676,5.697688895805772,25,18,0.72,16,0.64,1.0,0.1678088393298297,0.6273516461133595,0.13295597010130975,47.18608023199598,15.480371623435856,3.0481232220911676,0.021080408087598035,inf,inf,inf,2,0.08,0.12037396794560468,0.12037396794560468,0.2567611605793957,1.0183426039262726,1.0,1.0183426039262726,0.7409127835270277,-0.03399553493506701
wine,26,2,2,0.05555555555555555,36,1.8692449355432774,3.0481232220911676,5.697688895805772,25,15,0.6,14,0.56,1.0,0.1678088393298297,0.6273516461133595,0.09810310087278977,47.18608023199598,15.480371623435856,3.0481232220911676,0.021080408087598035,inf,inf,inf,1,0.04,0.12037396794560468,0.12037396794560468,0.2567611605793957,1.0183426039262726,1.0,1.0183426039262726,0.7409127835270277,-0.03399553493506701
wine,26,3,1,0.027777777777777776,36,1.8692449355432774,3.0481232220911676,5.697688895805772,36,19,0.5277777777777778,16,0.4444444444444444,0.9722222222222222,0.16544210141822224,0.6185036204032984,0.11390013305128072,47.18608023199598,15.480371623435856,3.0481232220911676,0.021043333105024375,inf,inf,inf,3,0.08333333333333333,0.12037396794560468,0.12037396794560468,0.2567611605793957,1.0183426039262726,1.0,1.0183426039262726,0.6956259615099828,-0.3956894188500621
wine,26,3,2,0.05555555555555555,36,1.8692449355432774,3.0481232220911676,5.697688895805772,36,15,0.4166666666666667,14,0.3888888888888889,0.9722222222222222,0.16544210141822224,0.6185036204032984,0.06235816468433919,47.18608023199598,15.480371623435856,3.0481232220911676,0.021043333105024375,inf,inf,inf,2,0.05555555555555555,0.12037396794560468,0.12037396794560468,0.2567611605793957,1.0183426039262726,1.0,1.0183426039262726,0.6956259615099828,-0.3956894188500621
wine,26,4,1,0.027777777777777776,36,1.8692449355432774,3.0481232220911676,5.697688895805772,46,20,0.43478260869565216,16,0.34782608695652173,0.9166666666666666,0.1642925700195742,0.6142061089129568,0.09604744680702346,47.18608023199598,15.480371623435856,3.0481232220911676,0.021024860924916067,inf,inf,inf,3,0.06521739130434782,0.12037396794560468,0.12037396794560468,0.12278144730451677,57.69058346221941,1.5747458544369657,90.84800714717979,0.010962043364480922,-0.6102204139561034
wine,26,4,2,0.05555555555555555,36,1.8692449355432774,3.0481232220911676,5.697688895805772,46,15,0.32608695652173914,14,0.30434782608695654,0.9166666666666666,0.1642925700195742,0.6142061089129568,0.02780232359447271,47.18608023199598,15.480371623435856,3.0481232220911676,0.021024860924916067,inf,inf,inf,2,0.043478260869565216,0.12037396794560468,0.12037396794560468,0.12278144730451677,57.69058346221941,1.5747458544369657,90.84800714717979,0.010962043364480922,-0.6102204139561034
wine,26,5,1,0.027777777777777776,36,1.8692449355432774,3.0481232220911676,5.697688895805772,55,20,0.36363636363636365,16,0.2909090909090909,0.9444444444444444,0.1636132580567723,0.6116665080207139,0.0786595763872287,47.18608023199598,15.480371623435856,3.0481232220911676,0.02101379841693729,inf,inf,inf,3,0.05454545454545454,0.12037396794560468,0.12037396794560468,0.12278144730451677,57.69058346221941,1.5747458544369657,90.84800714717979,0.010959037574724939,-0.7653061239682901
wine,26,5,2,0.05555555555555555,36,1.8692449355432774,3.0481232220911676,5.697688895805772,55,15,0.2727272727272727,14,0.2545454545454545,0.9444444444444444,0.1636132580567723,0.6116665080207139,-0.006294105282314888,47.18608023199598,15.480371623435856,3.0481232220911676,0.02101379841693729,inf,inf,inf,2,0.03636363636363636,0.12037396794560468,0.12037396794560468,0.12278144730451677,57.69058346221941,1.5747458544369657,90.84800714717979,0.010959037574724939,-0.7653061239682901
wine,26,6,1,0.027777777777777776,36,1.8692449355432774,3.0481232220911676,5.697688895805772,63,25,0.3968253968253968,16,0.25396825396825395,0.9166666666666666,0.16316462664035658,0.6099893040145925,0.0614997426379245,47.18608023199598,15.480371623435856,3.0481232220911676,0.0210064320554203,inf,inf,inf,3,0.047619047619047616,0.12037396794560468,0.12037396794560468,0.12278144730451677,57.69058346221941,1.5747458544369657,90.84800714717979,0.010957034937417176,-0.9203909347430409
wine,26,6,2,0.05555555555555555,36,1.8692449355432774,3.0481232220911676,5.697688895805772,63,16,0.25396825396825395,14,0.2222222222222222,0.9166666666666666,0.16316462664035658,0.6099893040145925,-0.04016514136450758,47.18608023199598,15.480371623435856,3.0481232220911676,0.0210064320554203,inf,inf,inf,2,0.031746031746031744,0.12037396794560468,0.12037396794560468,0.12278144730451677,57.69058346221941,1.5747458544369657,90.84800714717979,0.010957034937417176,-0.9203909347430409
wine,26,7,1,0.027777777777777776,36,1.8692449355432774,3.0481232220911676,5.697688895805772,70,25,0.35714285714285715,16,0.22857142857142856,0.9166666666666666,0.16284622543884253,0.6087989643477905,0.04446864903788328,47.18608023199598,15.480371623435856,3.0481232220911676,0.021001174595134064,inf,inf,inf,3,0.04285714285714286,0.12037396794560468,0.12037396794560468,0.12278144730451677,57.69058346221941,1.5747458544369657,90.84800714717979,0.010955605080459119,-1.0754752320650678
wine,26,7,2,0.05555555555555555,36,1.8692449355432774,3.0481232220911676,5.697688895805772,70,16,0.22857142857142856,14,0.2,0.9166666666666666,0.16284622543884253,0.6087989643477905,-0.07390892736307597,47.18608023199598,15.480371623435856,3.0481232220911676,0.021001174595134064,inf,inf,inf,2,0.02857142857142857,0.12037396794560468,0.12037396794560468,0.12278144730451677,57.69058346221941,1.5747458544369657,90.84800714717979,0.010955605080459119,-1.0754752320650678
wine,27,1,1,0.027777777777777776,36,1.305832895428271,2.3535419413029897,3.073332487723557,13,9,0.6923076923076923,9,0.6923076923076923,1.0,0.32537969907079867,0.849783029102401,0.3017746149290653,3.073332487723557,1.305832895428271,2.3535419413029897,0.32537969907079867,inf,inf,inf,3,0.23076923076923078,0.12593145077360712,0.12593145077360712,0.12845007978907927,1.0,1.0,1.0,1.0,0.7430998404218414
wine,27,1,2,0.05555555555555555,36,1.305832895428271,2.3535419413029897,3.073332487723557,13,9,0.6923076923076923,9,0.6923076923076923,1.0,0.32537969907079867,0.849783029102401,0.278169530787332,3.073332487723557,1.305832895428271,2.3535419413029897,0.32537969907079867,inf,inf,inf,2,0.15384615384615385,0.12593145077360712,0.12593145077360712,0.12845007978907927,1.0,1.0,1.0,1.0,0.7430998404218414
wine,27,2,1,0.027777777777777776,36,1.9716394716394752,2.3535419413029897,4.640336189631971,25,17,0.68,16,0.64,1.0,0.203891389441463,0.8040006227004092,0.15922468818032917,4.640336189631971,1.9716394716394752,2.3535419413029897,0.203891389441463,inf,inf,inf,5,0.2,0.12593145077360712,0.12593145077360712,0.12845007978907927,1.0,1.0,1.0,0.75,0.3646497606327622
wine,27,2,2,0.05555555555555555,36,1.9716394716394752,2.3535419413029897,4.640336189631971,25,14,0.56,14,0.56,1.0,0.203891389441463,0.8040006227004092,0.11455798691919533,4.640336189631971,1.9716394716394752,2.3535419413029897,0.203891389441463,inf,inf,inf,3,0.12,0.12593145077360712,0.12593145077360712,0.12845007978907927,1.0,1.0,1.0,0.75,0.3646497606327622
wine,27,3,1,0.027777777777777776,36,1.9716394716394752,2.3535419413029897,4.640336189631971,36,17,0.4722222222222222,16,0.4444444444444444,0.9090909090909092,0.20039198055362617,0.790201477319079,0.13454185744370292,8.847574334898454,3.759259259259335,2.3535419413029897,0.10882056390308481,inf,inf,inf,5,0.1388888888888889,0.12593145077360712,0.12593145077360712,0.12845007978907927,1.0,1.0,1.0,0.7037037037037036,0.1613589223720357
wine,27,3,2,0.05555555555555555,36,1.9716394716394752,2.3535419413029897,4.640336189631971,36,14,0.3888888888888889,14,0.3888888888888889,0.9090909090909092,0.20039198055362617,0.790201477319079,0.06869173433377967,8.847574334898454,3.759259259259335,2.3535419413029897,0.10882056390308481,inf,inf,inf,3,0.08333333333333333,0.12593145077360712,0.12593145077360712,0.12845007978907927,1.0,1.0,1.0,0.7037037037037036,0.1613589223720357
wine,27,4,1,0.027777777777777776,36,1.9716394716394752,2.3535419413029897,4.640336189631971,46,17,0.3695652173913043,16,0.34782608695652173,0.911764705882353,0.19870335195683597,0.7835427437303375,0.11164304709790959,8.847574334898454,3.759259259259335,2.3535419413029897,0.1083244113645544,inf,inf,inf,5,0.10869565217391304,0.12593145077360712,0.12593145077360712,0.12845007978907927,1.0,1.0,1.0,0.68359375,-0.01886762384652725
wine,27,4,2,0.05555555555555555,36,1.9716394716394752,2.3535419413029897,4.640336189631971,46,14,0.30434782608695654,14,0.30434782608695654,0.911764705882353,0.19870335195683597,0.7835427437303375,0.024582742238983213,8.847574334898454,3.759259259259335,2.3535419413029897,0.1083244113645544,inf,inf,inf,3,0.06521739130434782,0.12593145077360712,0.12593145077360712,0.12845007978907927,1.0,1.0,1.0,0.68359375,-0.01886762384652725
wine,27,5,1,0.027777777777777776,36,1.9716394716394752,2.3535419413029897,4.640336189631971,55,17,0.3090909090909091,16,0.2909090909090909,0.8529411764705883,0.19770878942028935,0.7796209062221992,0.08942810800053948,8.847574334898454,3.759259259259335,2.3535419413029897,0.10802964874947596,inf,inf,inf,5,0.09090909090909091,0.12593145077360712,0.12593145077360712,0.12845007978907927,1.0,1.0,1.0,0.6723199999999999,-0.19127557643793774
wine,27,5,2,0.05555555555555555,36,1.9716394716394752,2.3535419413029897,4.640336189631971,55,14,0.2545454545454545,14,0.2545454545454545,0.8529411764705883,0.19770878942028935,0.7796209062221992,-0.0188525734192104,8.847574334898454,3.759259259259335,2.3535419413029897,0.10802964874947596,inf,inf,inf,3,0.05454545454545454,0.12593145077360712,0.12593145077360712,0.12845007978907927,1.0,1.0,1.0,0.6723199999999999,-0.19127557643793774
wine,27,6,1,0.027777777777777776,36,1.9716394716394752,2.3535419413029897,4.640336189631971,63,18,0.2857142857142857,16,0.25396825396825395,0.8529411764705883,0.1970533008233224,0.7770361318402199,0.06754727884995243,8.847574334898454,3.759259259259335,2.3535419413029897,0.10783434372052947,inf,inf,inf,6,0.09523809523809523,0.12593145077360712,0.12593145077360712,0.12845007978907927,1.0,1.0,1.0,0.6651020233196159,-0.3600868722397767
wine,27,6,2,0.05555555555555555,36,1.9716394716394752,2.3535419413029897,4.640336189631971,63,14,0.2222222222222222,14,0.2222222222222222,0.8529411764705883,0.1970533008233224,0.7770361318402199,-0.06195874312341754,8.847574334898454,3.759259259259335,2.3535419413029897,0.10783434372052947,inf,inf,inf,3,0.047619047619047616,0.12593145077360712,0.12593145077360712,0.12845007978907927,1.0,1.0,1.0,0.6651020233196159,-0.3600868722397767
wine,27,7,1,0.027777777777777776,36,1.9716394716394752,2.3535419413029897,4.640336189631971,70,19,0.2714285714285714,16,0.22857142857142856,0.8529411764705883,0.19658873229493024,0.775204208544501,0.04585458063349951,8.847574334898454,3.759259259259335,2.3535419413029897,0.10769542427890721,inf,inf,inf,7,0.1,0.12593145077360712,0.12593145077360712,0.12845007978907927,1.0,1.0,1.0,0.660083322910886,-0.5269452540239283
wine,27,7,2,0.05555555555555555,36,1.9716394716394752,2.3535419413029897,4.640336189631971,70,14,0.2,14,0.2,0.8529411764705883,0.19658873229493024,0.775204208544501,-0.10487957102793122,8.847574334898454,3.759259259259335,2.3535419413029897,0.10769542427890721,inf,inf,inf,3,0.04285714285714286,0.12593145077360712,0.12593145077360712,0.12845007978907927,1.0,1.0,1.0,0.660083322910886,-0.5269452540239283
wine,28,1,1,0.027777777777777776,36,3.140548991409412,2.656913897176161,8.344168260038243,13,13,1.0,11,0.8461538461538461,1.0,0.11984417965169569,0.7527530350628425,0.09893437312217229,8.344168260038243,3.140548991409412,2.656913897176161,0.11984417965169569,inf,inf,inf,2,0.15384615384615385,0.06347741622146669,0.06347741622146669,0.17706137899425248,1.0,1.0,1.0,1.0,0.6458772420114951
wine,28,1,2,0.05555555555555555,36,3.140548991409412,1.4507438720995924,4.55613220431576,13,10,0.7692307692307693,10,0.7692307692307693,1.0,0.21948441247002404,1.3786031004256427,0.1428953513352661,8.344168260038243,3.140548991409412,2.656913897176161,0.11984417965169569,inf,inf,inf,1,0.07692307692307693,0.06347741622146669,0.06347741622146669,0.17706137899425248,1.0,1.0,1.0,1.0,0.6458772420114951
wine,28,2,1,0.027777777777777776,36,3.140548991409412,2.656913897176161,8.344168260038243,25,25,1.0,22,0.88,0.967741935483871,0.1162535228025986,0.7301997675709841,0.07568686904865504,8.344168260038243,3.140548991409412,2.656913897176161,0.1162535228025986,inf,inf,inf,3,0.12,0.06347741622146669,0.06347741622146669,0.17706137899425248,1.0,1.0,1.0,0.75,0.21881586301724257
wine,28,2,2,0.05555555555555555,36,3.140548991409412,1.610837438423643,5.058913892565893,25,16,0.64,16,0.64,0.967741935483871,0.1879024427494188,1.180233654120104,0.05676537006940727,8.344168260038243,3.140548991409412,2.656913897176161,0.1162535228025986,inf,inf,inf,1,0.04,0.06347741622146669,0.06347741622146669,0.17706137899425248,1.0,1.0,1.0,0.75,0.21881586301724257
wine,28,3,1,0.027777777777777776,36,3.140548991409412,2.656913897176161,8.344168260038243,36,28,0.7777777777777778,25,0.6944444444444444,0.8857142857142858,0.11512038819726877,0.7230824380871848,0.054863518356670055,299.6408450704704,112.77777777779576,2.656913897176161,0.003333617515882681,inf,inf,inf,3,0.08333333333333333,0.06347741622146669,0.06347741622146669,0.16557580695360083,1.0689442282889048,1.0,1.0689442282889048,0.6741037835133596,-0.041759259251874195
wine,28,3,2,0.05555555555555555,36,3.140548991409412,1.610837438423643,5.058913892565893,36,16,0.4444444444444444,16,0.4444444444444444,0.8857142857142858,0.184932359197174,1.1615782683112956,-0.008664018854708605,299.6408450704704,112.77777777779576,2.656913897176161,0.003333617515882681,inf,inf,inf,1,0.027777777777777776,0.06347741622146669,0.06347741622146669,0.16557580695360083,1.0689442282889048,1.0,1.0689442282889048,0.6741037835133596,-0.041759259251874195
wine,28,4,1,0.027777777777777776,36,3.140548991409412,2.656913897176161,8.344168260038243,46,29,0.6304347826086957,25,0.5434782608695652,0.8823529411764707,0.11456496840813502,0.7195937919700391,0.03461010263368623,299.6408450704704,112.77777777779576,2.656913897176161,0.003333154388406423,inf,inf,inf,3,0.06521739130434782,0.06347741622146669,0.06347741622146669,0.08466955175615622,2.8330420508874905,1.1328619655653485,3.2094455862976883,0.27702818084520486,-0.25458313724055426
wine,28,4,2,0.05555555555555555,36,3.140548991409412,1.610837438423643,5.058913892565893,46,16,0.34782608695652173,16,0.34782608695652173,0.8823529411764707,0.18349499065783015,1.1525500156782558,-0.07262723504844892,299.6408450704704,112.77777777779576,2.656913897176161,0.003333154388406423,inf,inf,inf,1,0.021739130434782608,0.06347741622146669,0.06347741622146669,0.08466955175615622,2.8330420508874905,1.1328619655653485,3.2094455862976883,0.27702818084520486,-0.25458313724055426
wine,28,5,1,0.027777777777777776,36,3.140548991409412,2.656913897176161,8.344168260038243,55,29,0.5272727272727272,25,0.45454545454545453,0.9428571428571428,0.11423518850751246,0.7175224121014646,0.01457929793786461,299.6408450704704,112.77777777779576,2.656913897176161,0.003332876594304368,inf,inf,inf,3,0.05454545454545454,0.06347741622146669,0.06347741622146669,0.07917722902677896,3.5386126092380836,1.2317237746941392,4.358593280231009,0.20932043883743923,-0.37714841950496825
wine,28,5,2,0.05555555555555555,36,3.140548991409412,1.610837438423643,5.058913892565893,55,16,0.2909090909090909,16,0.2909090909090909,0.9428571428571428,0.18264715816459565,1.1472246967152324,-0.1360263687007467,299.6408450704704,112.77777777779576,2.656913897176161,0.003332876594304368,inf,inf,inf,1,0.01818181818181818,0.06347741622146669,0.06347741622146669,0.07917722902677896,3.5386126092380836,1.2317237746941392,4.358593280231009,0.20932043883743923,-0.37714841950496825
wine,28,6,1,0.027777777777777776,36,3.140548991409412,2.656913897176161,8.344168260038243,63,29,0.4603174603174603,25,0.3968253968253968,0.8857142857142858,0.11401676055098964,0.7161504447043578,-0.0053416468997366795,299.6408450704704,112.77777777779576,2.656913897176161,0.0033326914325488843,inf,inf,inf,3,0.047619047619047616,0.06347741622146669,0.06347741622146669,0.07917722902677896,3.5386126092380836,1.2317237746941392,4.358593280231009,0.20858558493316692,-0.4927063703590145
wine,28,6,2,0.05555555555555555,36,3.140548991409412,1.610837438423643,5.058913892565893,63,16,0.25396825396825395,16,0.25396825396825395,0.8857142857142858,0.1820878687813785,1.143711745298495,-0.19914937965145318,299.6408450704704,112.77777777779576,2.656913897176161,0.0033326914325488843,inf,inf,inf,1,0.015873015873015872,0.06347741622146669,0.06347741622146669,0.07917722902677896,3.5386126092380836,1.2317237746941392,4.358593280231009,0.20858558493316692,-0.4927063703590145
wine,28,7,1,0.027777777777777776,36,3.140548991409412,2.656913897176161,8.344168260038243,70,29,0.4142857142857143,25,0.35714285714285715,0.8571428571428572,0.11386143209392396,0.7151748114460083,-0.0252003367983554,299.6408450704704,112.77777777779576,2.656913897176161,0.0033325591909536545,inf,inf,inf,3,0.04285714285714286,0.06347741622146669,0.06347741622146669,0.06474696454589603,43.7600952138058,1.491468535350032,65.26680511531288,0.015221481229027,-0.5885639408557075
wine,28,7,2,0.05555555555555555,36,3.140548991409412,1.610837438423643,5.058913892565893,70,16,0.22857142857142856,16,0.22857142857142856,0.8571428571428572,0.18169123726173986,1.1412204638605705,-0.2621167209062598,299.6408450704704,112.77777777779576,2.656913897176161,0.0033325591909536545,inf,inf,inf,1,0.014285714285714285,0.06347741622146669,0.06347741622146669,0.06474696454589603,43.7600952138058,1.491468535350032,65.26680511531288,0.015221481229027,-0.5885639408557075
wine,29,1,1,0.027777777777777776,36,5.360099029889601,8.346340109623252,44.737209524720264,13,12,0.9230769230769231,11,0.8461538461538461,0.9666666666666667,0.022352757595384576,0.23962598860475656,0.01569648013414134,44.737209524720264,5.360099029889601,8.346340109623252,0.022352757595384576,inf,inf,inf,1,0.07692307692307693,0.04204884479289528,0.04204884479289528,0.22936560344094148,1.0267073928977286,1.0,1.0267073928977286,0.9739873374999756,0.5152561306180925
wine,29,1,2,0.05555555555555555,36,2.7264300847457617,1.395490182474155,3.8047064164648887,13,9,0.6923076923076923,9,0.6923076923076923,0.9666666666666667,0.26283236879263383,1.4331881550424599,0.18321080462360828,44.737209524720264,5.360099029889601,8.346340109623252,0.022352757595384576,2.117396943456891,6.346340109623254,13.43772115025415,0,0.0,0.04204884479289528,0.04204884479289528,0.22936560344094148,1.0267073928977286,1.0,1.0267073928977286,0.9739873374999756,0.5152561306180925
wine,29,2,1,0.027777777777777776,36,5.360099029889601,8.346340109623252,44.737209524720264,25,20,0.8,16,0.64,1.0,0.02222784615235507,0.2382869131955474,0.008989684308157992,44.737209524720264,5.360099029889601,8.346340109623252,0.02222784615235507,inf,inf,inf,6,0.24,0.17635467980295572,0.17635467980295572,0.20570321734983812,1.0860747131307178,1.0,1.0860747131307178,0.708803223658701,0.07539096810558958
wine,29,2,2,0.05555555555555555,36,2.7264300847457617,2.0438423645320194,5.572393311138011,25,13,0.52,12,0.48,1.0,0.17140498173424434,0.9346473977510831,0.0675552708730129,44.737209524720264,5.360099029889601,8.346340109623252,0.02222784615235507,inf,inf,inf,4,0.16,0.17635467980295572,0.17635467980295572,0.20570321734983812,1.0860747131307178,1.0,1.0860747131307178,0.708803223658701,0.07539096810558958
wine,29,3,1,0.027777777777777776,36,5.360099029889601,8.346340109623252,44.737209524720264,36,21,0.5833333333333334,17,0.4722222222222222,0.9444444444444444,0.022186622651375942,0.23784498910033366,0.002366206893014807,44.737209524720264,5.360099029889601,8.346340109623252,0.022186622651375942,inf,inf,inf,8,0.2222222222222222,0.17635467980295572,0.17635467980295572,0.17988177339901484,1.1592204067831726,1.8705962672587215,2.1684333658587396,0.3939046038018844,-0.09892352227244465
wine,29,3,2,0.05555555555555555,36,2.7264300847457617,2.0438423645320194,5.572393311138011,36,13,0.3611111111111111,12,0.3333333333333333,0.9444444444444444,0.16893532181686566,0.9211806875554192,0.015405207224295808,44.737209524720264,5.360099029889601,8.346340109623252,0.022186622651375942,inf,inf,inf,5,0.1388888888888889,0.17635467980295572,0.17635467980295572,0.17988177339901484,1.1592204067831726,1.8705962672587215,2.1684333658587396,0.3939046038018844,-0.09892352227244465
wine,29,4,1,0.027777777777777776,36,5.360099029889601,8.346340109623252,44.737209524720264,46,23,0.5,17,0.3695652173913043,0.9444444444444444,0.022166087484462582,0.23762484804383183,-0.00423667340929651,44.737209524720264,5.360099029889601,8.346340109623252,0.022166087484462582,inf,inf,inf,10,0.21739130434782608,0.17635467980295572,0.17635467980295572,0.17988177339901484,1.1592204067831726,1.8705962672587215,2.1684333658587396,0.3873639456451061,-0.2588292209184802
wine,29,4,2,0.05555555555555555,36,2.7264300847457617,2.0438423645320194,5.572393311138011,46,13,0.2826086956521739,12,0.2608695652173913,0.9444444444444444,0.16773657455059898,0.9146440863339067,-0.03551766685693583,44.737209524720264,5.360099029889601,8.346340109623252,0.022166087484462582,inf,inf,inf,5,0.10869565217391304,0.17635467980295572,0.17635467980295572,0.17988177339901484,1.1592204067831726,1.8705962672587215,2.1684333658587396,0.3873639456451061,-0.2588292209184802
wine,29,5,1,0.027777777777777776,36,5.360099029889601,8.346340109623252,44.737209524720264,55,27,0.4909090909090909,17,0.3090909090909091,0.9444444444444444,0.022153790768022152,0.23749302480810547,-0.010831351566436942,44.737209524720264,5.360099029889601,8.346340109623252,0.022153790768022152,inf,inf,inf,14,0.2545454545454545,0.17635467980295572,0.17635467980295572,0.17988177339901484,1.1592204067831726,1.8705962672587215,2.1684333658587396,0.38358502092329383,-0.4162765243477377
wine,29,5,2,0.05555555555555555,36,2.7264300847457617,2.0438423645320194,5.572393311138011,55,13,0.23636363636363636,12,0.21818181818181817,0.9444444444444444,0.16702841364585386,0.910782583942831,-0.08596674856048808,44.737209524720264,5.360099029889601,8.346340109623252,0.022153790768022152,inf,inf,inf,5,0.09090909090909091,0.17635467980295572,0.17635467980295572,0.17988177339901484,1.1592204067831726,1.8705962672587215,2.1684333658587396,0.38358502092329383,-0.4162765243477377
wine,29,6,1,0.027777777777777776,36,5.360099029889601,8.346340109623252,44.737209524720264,63,28,0.4444444444444444,17,0.2698412698412698,0.9444444444444444,0.02214560308862834,0.23740525126335385,-0.017421938788597296,44.737209524720264,5.360099029889601,8.346340109623252,0.02214560308862834,inf,inf,inf,15,0.23809523809523808,0.17635467980295572,0.17635467980295572,0.17988177339901484,1.1592204067831726,1.8705962672587215,2.1684333658587396,0.3811230981465168,-0.5725503570520889
wine,29,6,2,0.05555555555555555,36,2.7264300847457617,2.0438423645320194,5.572393311138011,63,13,0.20634920634920634,12,0.19047619047619047,0.9444444444444444,0.1665608249259647,0.9082328880364438,-0.13618347108618317,44.737209524720264,5.360099029889601,8.346340109623252,0.02214560308862834,inf,inf,inf,5,0.07936507936507936,0.17635467980295572,0.17635467980295572,0.17988177339901484,1.1592204067831726,1.8705962672587215,2.1684333658587396,0.3811230981465168,-0.5725503570520889
wine,29,7,1,0.027777777777777776,36,5.360099029889601,8.346340109623252,44.737209524720264,70,30,0.42857142857142855,17,0.24285714285714285,1.0,0.022139759699720485,0.2373426089769213,-0.024010192045791988,44.737209524720264,5.360099029889601,8.346340109623252,0.022139759699720485,inf,inf,inf,17,0.24285714285714285,0.17635467980295572,0.17635467980295572,0.17988177339901484,1.1592204067831726,1.8705962672587215,2.1684333658587396,0.3793917209595882,-0.7281728717428942
wine,29,7,2,0.05555555555555555,36,2.7264300847457617,2.0438423645320194,5.572393311138011,70,13,0.18571428571428572,12,0.17142857142857143,1.0,0.16622901513538113,0.9064235756455233,-0.18626904206010014,44.737209524720264,5.360099029889601,8.346340109623252,0.022139759699720485,inf,inf,inf,5,0.07142857142857142,0.17635467980295572,0.17635467980295572,0.17988177339901484,1.1592204067831726,1.8705962672587215,2.1684333658587396,0.3793917209595882,-0.7281728717428942
digits20,0,1,1,0.002777777777777778,360,1.8161557312618537,1.3968303748460575,2.536861490877311,20,17,0.85,17,0.85,0.9333333333333333,0.3941878591306831,1.4318130791080608,0.39021060057760515,2.536861490877311,1.8161557312618537,1.3968303748460575,0.3941878591306831,1.4378913757512275,1.3665273445430273,1.9649178834466452,0,0.0,1.1567928086125834e-06,1.1567928086125834e-06,0.0362494394340489,1.0,1.0013819446564332,1.0013819446564332,0.9986199624790446,0.926221134784012
digits20,0,1,2,0.005555555555555556,360,1.8161557312618537,1.3968303748460575,2.536861490877311,20,17,0.85,17,0.85,0.9333333333333333,0.3941878591306831,1.4318130791080608,0.3862333420245272,2.536861490877311,1.8161557312618537,1.3968303748460575,0.3941878591306831,1.3306064435106115,1.336224314239997,1.7779886825032882,0,0.0,1.1567928086125834e-06,1.1567928086125834e-06,0.0362494394340489,1.0,1.0013819446564332,1.0013819446564332,0.9986199624790446,0.926221134784012
digits20,0,2,1,0.002777777777777778,360,2.245208396714329,5.765243902439015,12.944174018862162,39,30,0.7692307692307693,30,0.7692307692307693,0.8333333333333333,0.07576275553484346,0.34020634977009107,0.07387272025834296,225.11904761904108,39.04761904761798,5.765243902439015,0.004437161080024898,inf,inf,inf,1,0.02564102564102564,0.005553135888501759,0.005553135888501759,0.0677385764747357,1.0128617584670991,1.0,1.0128617584670991,0.7436104703054687,0.5395345670201793
digits20,0,2,2,0.005555555555555556,360,2.245208396714329,5.765243902439015,12.944174018862162,39,30,0.7692307692307693,30,0.7692307692307693,0.8333333333333333,0.07576275553484346,0.34020634977009107,0.07198268498184245,225.11904761904108,39.04761904761798,5.765243902439015,0.004437161080024898,1148.000000007879,4.765243902439017,5470.500000037537,0,0.0,0.005553135888501759,0.005553135888501759,0.0677385764747357,1.0128617584670991,1.0,1.0128617584670991,0.7436104703054687,0.5395345670201793
digits20,0,3,1,0.002777777777777778,360,11.262025316455656,5.765243902439015,64.9283227848098,57,43,0.7543859649122807,36,0.631578947368421,0.9539473684210527,0.015322664693606103,0.3451284753899064,0.012446594065356883,225.11904761904108,39.04761904761798,5.765243902439015,0.004435519976384361,inf,inf,inf,7,0.12280701754385964,0.031992837785520645,0.031992837785520645,0.07803751678894492,1.0049886572162527,1.0,1.0049886572162527,0.7014920484303351,0.3713973080724498
digits20,0,3,2,0.005555555555555556,360,11.262025316455656,5.765243902439015,64.9283227848098,57,42,0.7368421052631579,35,0.6140350877192983,0.9539473684210527,0.015322664693606103,0.3451284753899064,0.009570523437107663,225.11904761904108,39.04761904761798,5.765243902439015,0.004435519976384361,inf,inf,inf,6,0.10526315789473684,0.031992837785520645,0.031992837785520645,0.07803751678894492,1.0049886572162527,1.0,1.0049886572162527,0.7014920484303351,0.3713973080724498
digits20,0,4,1,0.002777777777777778,360,11.262025316455656,5.765243902439015,64.9283227848098,74,54,0.7297297297297297,41,0.5540540540540541,0.8470588235294119,0.015312873781249126,0.3449079443842354,0.011480563288090955,596.7346938775376,39.04761904761798,15.282229965156867,0.001674733790038796,inf,inf,inf,12,0.16216216216216217,0.05636856368563692,0.05636856368563692,0.0751873863887232,1.0395682359913196,1.0,1.0395682359913196,0.6672280823276029,0.25001079674999294
digits20,0,4,2,0.005555555555555556,360,11.262025316455656,5.765243902439015,64.9283227848098,74,49,0.6621621621621622,38,0.5135135135135135,0.8470588235294119,0.015312873781249126,0.3449079443842354,0.007648252794932783,596.7346938775376,39.04761904761798,15.282229965156867,0.001674733790038796,inf,inf,inf,11,0.14864864864864866,0.05636856368563692,0.05636856368563692,0.0751873863887232,1.0395682359913196,1.0,1.0395682359913196,0.6672280823276029,0.25001079674999294
digits20,0,5,1,0.002777777777777778,360,11.262025316455656,5.765243902439015,64.9283227848098,90,66,0.7333333333333333,51,0.5666666666666667,0.8176795580110497,0.015307007254313887,0.3447758064345067,0.010518454387167961,596.7346938775376,39.04761904761798,15.282229965156867,0.0016746636658447889,inf,inf,inf,13,0.14444444444444443,0.05636856368563692,0.05636856368563692,0.0751873863887232,1.0395682359913196,1.0,1.0395682359913196,0.6564301934495852,0.14334847758635863
digits20,0,5,2,0.005555555555555556,360,11.262025316455656,5.765243902439015,64.9283227848098,90,61,0.6777777777777778,48,0.5333333333333333,0.8176795580110497,0.015307007254313887,0.3447758064345067,0.005729901520022033,596.7346938775376,39.04761904761798,15.282229965156867,0.0016746636658447889,inf,inf,inf,12,0.13333333333333333,0.05636856368563692,0.05636856368563692,0.0751873863887232,1.0395682359913196,1.0,1.0395682359913196,0.6564301934495852,0.14334847758635863
digits20,0,6,1,0.002777777777777778,360,11.262025316455656,5.765243902439015,64.9283227848098,105,78,0.7428571428571429,56,0.5333333333333333,0.93717277486911,0.015303099571800982,0.3446877895957287,0.009558303078538836,608.1109185442231,39.79202772963775,15.282229965156867,0.001643310517608687,inf,inf,inf,20,0.19047619047619047,0.05636856368563692,0.05636856368563692,0.05749593495934966,1.3218968037940817,1.0,1.3218968037940817,0.5545225292141509,0.04877341065337234
digits20,0,6,2,0.005555555555555556,360,11.262025316455656,5.765243902439015,64.9283227848098,105,71,0.6761904761904762,52,0.49523809523809526,0.93717277486911,0.015303099571800982,0.3446877895957287,0.003813506585276691,608.1109185442231,39.79202772963775,15.282229965156867,0.001643310517608687,inf,inf,inf,18,0.17142857142857143,0.05636856368563692,0.05636856368563692,0.05749593495934966,1.3218968037940817,1.0,1.3218968037940817,0.5545225292141509,0.04877341065337234
digits20,0,7,1,0.002777777777777778,360,11.262025316455656,5.765243902439015,64.9283227848098,119,88,0.7394957983193278,61,0.5126050420168067,0.9077669902912623,0.015300310001675643,0.34462495717698155,0.00859926916767878,608.1109185442231,39.79202772963775,15.282229965156867,0.0016432783670714546,inf,inf,inf,21,0.17647058823529413,0.05636856368563692,0.05636856368563692,0.05749593495934966,1.3218968037940817,1.0,1.3218968037940817,0.5509279429733778,-0.035287869757466415
digits20,0,7,2,0.005555555555555556,360,11.262025316455656,5.765243902439015,64.9283227848098,119,79,0.6638655462184874,56,0.47058823529411764,0.9077669902912623,0.015300310001675643,0.34462495717698155,0.0018982283336819172,608.1109185442231,39.79202772963775,15.282229965156867,0.0016432783670714546,inf,inf,inf,18,0.15126050420168066,0.05636856368563692,0.05636856368563692,0.05749593495934966,1.3218968037940817,1.0,1.3218968037940817,0.5509279429733778,-0.035287869757466415
digits20,1,1,1,0.002777777777777778,360,1.5883624011364985,3.257631498548811,5.174299389052879,20,17,0.85,17,0.85,0.8641975308641975,0.19326287963075195,0.6139429830817105,0.19155748245552498,5.174299389052879,1.5883624011364985,3.257631498548811,0.19326287963075195,1.5262043102923735,2.75763149854881,4.208709079283211,0,0.0,0.0006931815701992361,0.0006931815701992361,0.057696884875085896,1.0,1.002934857027377,1.002934857027377,0.9970737311533117,0.8820176345966617
digits20,1,1,2,0.005555555555555556,360,1.5883624011364985,1.6138430498224041,2.5633676216733634,20,16,0.8,16,0.8,0.8641975308641975,0.3901118167932547,1.2392778840669116,0.3832269396595496,5.174299389052879,1.5883624011364985,3.257631498548811,0.19326287963075195,1.468727928371172,2.2576314985488097,3.315846433889098,0,0.0,0.0006931815701992361,0.0006931815701992361,0.057696884875085896,1.0,1.002934857027377,1.002934857027377,0.9970737311533117,0.8820176345966617
digits20,1,2,1,0.002777777777777778,360,3.5820629401800885,3.257631498548811,11.669041063715023,39,30,0.7692307692307693,30,0.7692307692307693,0.9396551724137929,0.0838608574156412,0.6007897389605897,0.08052313664363792,65.03932104928947,19.965217391304932,3.257631498548811,0.015316214181903431,6.662797446314629,2.75763149854881,18.373540106407795,0,0.0,0.0013888888888888284,0.0013888888888888284,0.07252465867130861,1.0,1.0,1.0,0.75,0.5324260239860742
digits20,1,2,2,0.005555555555555556,360,3.5820629401800885,1.6138430498224041,5.780887380036042,39,29,0.7435897435897436,29,0.7435897435897436,0.9396551724137929,0.16550297235077893,1.18568412749475,0.15232870426750394,65.03932104928947,19.965217391304932,3.257631498548811,0.015316214181903431,3.9986067572274684,2.2576314985488097,9.027380565426846,0,0.0,0.0013888888888888284,0.0013888888888888284,0.07252465867130861,1.0,1.0,1.0,0.75,0.5324260239860742
digits20,1,3,1,0.002777777777777778,360,5.445920303605267,3.257631498548811,17.740801519611022,57,43,0.7543859649122807,36,0.631578947368421,0.898550724637681,0.05531478359309838,0.602479806118372,0.05029411854211195,65.03932104928947,19.965217391304932,3.257631498548811,0.015296648777451849,inf,inf,inf,5,0.08771929824561403,0.022979578010065838,0.022979578010065838,0.06854465777628832,1.01605415724336,1.0,1.01605415724336,0.6966256369672366,0.40552632889857676
digits20,1,3,2,0.005555555555555556,360,5.445920303605267,1.94744483159117,10.605629348513494,57,37,0.6491228070175439,34,0.5964912280701754,0.898550724637681,0.09135708945011745,0.9950468566293543,0.07477297517296154,65.03932104928947,19.965217391304932,3.257631498548811,0.015296648777451849,inf,inf,inf,3,0.05263157894736842,0.022979578010065838,0.022979578010065838,0.06854465777628832,1.01605415724336,1.0,1.01605415724336,0.6966256369672366,0.40552632889857676
digits20,1,4,1,0.002777777777777778,360,5.445920303605267,3.257631498548811,17.740801519611022,74,53,0.7162162162162162,39,0.527027027027027,0.926829268292683,0.055186918347272074,0.6010871182416301,0.04850817258903174,65.03932104928947,19.965217391304932,3.257631498548811,0.015286891098096222,inf,inf,inf,11,0.14864864864864866,0.022979578010065838,0.022979578010065838,0.06854465777628832,1.01605415724336,1.0,1.01605415724336,0.6768750698697868,0.2997468984254587
digits20,1,4,2,0.005555555555555556,360,5.445920303605267,1.94744483159117,10.605629348513494,74,44,0.5945945945945946,37,0.5,0.926829268292683,0.09100768757645217,0.9912412271135314,0.06898010475170703,65.03932104928947,19.965217391304932,3.257631498548811,0.015286891098096222,inf,inf,inf,7,0.0945945945945946,0.022979578010065838,0.022979578010065838,0.06854465777628832,1.01605415724336,1.0,1.01605415724336,0.6768750698697868,0.2997468984254587
digits20,1,5,1,0.002777777777777778,360,5.445920303605267,3.257631498548811,17.740801519611022,90,67,0.7444444444444445,45,0.5,0.9139784946236558,0.05511057970156741,0.6002556498804446,0.04677369567545012,65.03932104928947,19.965217391304932,3.257631498548811,0.01528104447013423,inf,inf,inf,19,0.2111111111111111,0.04868128145567174,0.04868128145567174,0.05678270761702154,1.1584539745921423,1.0126143809362937,1.173067154324811,0.60726492244776,0.2078051253602801
digits20,1,5,2,0.005555555555555556,360,5.445920303605267,3.040318566450975,16.557332610463426,90,56,0.6222222222222222,43,0.4777777777777778,0.9139784946236558,0.058954639625704575,0.6421245378587124,0.04111784690740701,65.03932104928947,19.965217391304932,3.257631498548811,0.01528104447013423,inf,inf,inf,14,0.15555555555555556,0.04868128145567174,0.04868128145567174,0.05678270761702154,1.1584539745921423,1.0126143809362937,1.173067154324811,0.60726492244776,0.2078051253602801
digits20,1,6,1,0.002777777777777778,360,7.167533818938613,3.257631498548811,23.349183935488277,105,76,0.7238095238095238,50,0.47619047619047616,0.8999999999999999,0.04207101681829539,0.6030908716845348,0.03201950229021981,65.03932104928947,19.965217391304932,3.257631498548811,0.015277150036635434,inf,inf,inf,23,0.21904761904761905,0.04868128145567174,0.04868128145567174,0.06943796481094666,1.0619296956472957,1.0,1.0619296956472957,0.6409711833748828,0.07380216426208754
digits20,1,6,2,0.005555555555555556,360,7.167533818938613,3.040318566450975,21.791586145384326,105,63,0.6,47,0.44761904761904764,0.8999999999999999,0.04502074023822289,0.645375356422226,0.023508228357482022,65.03932104928947,19.965217391304932,3.257631498548811,0.015277150036635434,inf,inf,inf,17,0.1619047619047619,0.04868128145567174,0.04868128145567174,0.06943796481094666,1.0619296956472957,1.0,1.0619296956472957,0.6409711833748828,0.07380216426208754
digits20,1,7,1,0.002777777777777778,360,7.167533818938613,3.257631498548811,23.349183935488277,119,84,0.7058823529411765,56,0.47058823529411764,0.9803921568627452,0.042049912795014355,0.6027883440833698,0.03032902832672661,66.07351520024457,20.28268551236645,3.257631498548811,0.015036842494734581,inf,inf,inf,27,0.226890756302521,0.04868128145567174,0.04868128145567174,0.04965490708478518,1.497538053060046,1.0880852101011493,1.6294490070983063,0.47391387955713715,-0.019450174556764975
digits20,1,7,2,0.005555555555555556,360,7.167533818938613,3.040318566450975,21.791586145384326,119,68,0.5714285714285714,51,0.42857142857142855,0.9803921568627452,0.044996570697105276,0.6450288844155285,0.01991211408094583,66.07351520024457,20.28268551236645,3.257631498548811,0.015036842494734581,inf,inf,inf,21,0.17647058823529413,0.04868128145567174,0.04868128145567174,0.04965490708478518,1.497538053060046,1.0880852101011493,1.6294490070983063,0.47391387955713715,-0.019450174556764975
digits20,2,1,1,0.002777777777777778,360,1.435307137748683,1.3787116379216273,1.9788746548060896,20,17,0.85,17,0.85,1.0,0.5053377168540218,1.450629663948401,0.5013081900097207,1.9788746548060896,1.435307137748683,1.3787116379216273,0.5053377168540218,1.3736924329342493,1.2635025723628264,1.7356639226477732,0,0.0,0.0013901517631341037,0.0013901517631341037,0.02763365909570349,1.0,1.0,1.0,1.0,0.944732681808593
digits20,2,1,2,0.005555555555555556,360,1.435307137748683,1.3069808332323916,1.8759189188391727,20,16,0.8,16,0.8,1.0,0.5330720800122879,1.5302443227523477,0.5245707226636638,1.9788746548060896,1.435307137748683,1.3787116379216273,0.5053377168540218,1.3171499660168449,1.2200243114932612,1.6069549804230736,0,0.0,0.0013901517631341037,0.0013901517631341037,0.02763365909570349,1.0,1.0,1.0,1.0,0.944732681808593
digits20,2,2,1,0.002777777777777778,360,6.3866481223922325,2.8819686411149728,18.406119610570233,39,32,0.8205128205128205,30,0.7692307692307693,0.9596774193548387,0.05359182607189483,0.6845442707152765,0.04978880234569885,18.406119610570233,6.3866481223922325,2.8819686411149728,0.05359182607189483,inf,inf,inf,1,0.02564102564102564,0.020898664343786344,0.020898664343786344,0.04766968105349147,1.0,1.0,1.0,0.75,0.6069909568395256
digits20,2,2,2,0.005555555555555556,360,2.128882707464065,2.8819686411149728,6.1353732035233755,39,28,0.717948717948718,27,0.6923076923076923,0.9596774193548387,0.1563478945231298,0.6656926579974133,0.14895130943426965,18.406119610570233,6.3866481223922325,2.8819686411149728,0.05359182607189483,inf,inf,inf,1,0.02564102564102564,0.020898664343786344,0.020898664343786344,0.04766968105349147,1.0,1.0,1.0,0.75,0.6069909568395256
digits20,2,3,1,0.002777777777777778,360,24.805531547104643,3.0060975609755873,74.56784788245426,57,46,0.8070175438596491,40,0.7017543859649122,0.986206896551724,0.013350746833904581,0.6623447435316551,0.007831207304474123,74.56784788245426,24.805531547104643,3.0060975609755873,0.013350746833904581,inf,inf,inf,5,0.08771929824561403,0.020898664343786344,0.020898664343786344,0.0666618030296474,1.0,1.0,1.0,0.7037037037037036,0.42224275757852575
digits20,2,3,2,0.005555555555555556,360,2.3903387007218164,3.0060975609755873,7.185591338145406,57,39,0.6842105263157895,36,0.631578947368421,0.986206896551724,0.13281136400114135,0.6349282865351609,0.122229225892222,74.56784788245426,24.805531547104643,3.0060975609755873,0.013350746833904581,inf,inf,inf,2,0.03508771929824561,0.020898664343786344,0.020898664343786344,0.0666618030296474,1.0,1.0,1.0,0.7037037037037036,0.42224275757852575
digits20,2,4,1,0.002777777777777778,360,24.805531547104643,3.0200348432055115,74.91356957648954,74,60,0.8108108108108109,49,0.6621621621621622,1.0116279069767442,0.0132820444202848,0.6589363437548396,0.005960529489675471,74.91356957648954,24.805531547104643,3.0200348432055115,0.0132820444202848,inf,inf,inf,9,0.12162162162162163,0.020898664343786344,0.020898664343786344,0.07128596253183424,1.0472835048321865,1.0,1.0472835048321865,0.664112329144413,0.2674693136506838
digits20,2,4,2,0.005555555555555556,360,3.5432098765431896,3.0060975609755873,10.651234567901094,74,48,0.6486486486486487,42,0.5675675675675675,1.0116279069767442,0.09063179335517146,0.6422549306897299,0.07635946156206636,74.91356957648954,24.805531547104643,3.0200348432055115,0.0132820444202848,inf,inf,inf,5,0.06756756756756757,0.020898664343786344,0.020898664343786344,0.07128596253183424,1.0472835048321865,1.0,1.0472835048321865,0.664112329144413,0.2674693136506838
digits20,2,5,1,0.002777777777777778,360,24.805531547104643,3.0200348432055115,74.91356957648954,90,71,0.7888888888888889,56,0.6222222222222222,1.0898876404494382,0.013277631209878127,0.6587173996949062,0.004128778436337762,74.91356957648954,24.805531547104643,3.0200348432055115,0.013277631209878127,inf,inf,inf,12,0.13333333333333333,0.020898664343786344,0.020898664343786344,0.07128596253183424,1.0472835048321865,1.0,1.0472835048321865,0.6534048818872216,0.16559492994738445
digits20,2,5,2,0.005555555555555556,360,3.5432098765431896,3.0060975609755873,10.651234567901094,90,55,0.6111111111111112,49,0.5444444444444444,1.0898876404494382,0.09042559621459512,0.6407937311997197,0.07262577034793624,74.91356957648954,24.805531547104643,3.0200348432055115,0.013277631209878127,inf,inf,inf,6,0.06666666666666667,0.020898664343786344,0.020898664343786344,0.07128596253183424,1.0472835048321865,1.0,1.0472835048321865,0.6534048818872216,0.16559492994738445
digits20,2,6,1,0.002777777777777778,360,24.805531547104643,3.0200348432055115,74.91356957648954,105,79,0.7523809523809524,58,0.5523809523809524,1.02,0.013274691245273584,0.6585715449254155,0.002298498829849992,74.91356957648954,24.805531547104643,3.0200348432055115,0.013274691245273584,inf,inf,inf,14,0.13333333333333333,0.020898664343786344,0.020898664343786344,0.07128596253183424,1.0472835048321865,1.0,1.0472835048321865,0.6465432073951118,0.0673184975664987
digits20,2,6,2,0.005555555555555556,360,3.5432098765431896,3.0060975609755873,10.651234567901094,105,61,0.580952380952381,50,0.47619047619047616,1.02,0.09028883379189045,0.6398245752659855,0.06896134794969094,74.91356957648954,24.805531547104643,3.0200348432055115,0.013274691245273584,inf,inf,inf,7,0.06666666666666667,0.020898664343786344,0.020898664343786344,0.07128596253183424,1.0472835048321865,1.0,1.0472835048321865,0.6465432073951118,0.0673184975664987
digits20,2,7,1,0.002777777777777778,360,24.805531547104643,3.0200348432055115,74.91356957648954,119,86,0.7226890756302521,58,0.48739495798319327,0.9405940594059407,0.013272592335048294,0.6584674157577994,0.00046905925086886124,74.91356957648954,24.805531547104643,3.0200348432055115,0.013272592335048294,inf,inf,inf,17,0.14285714285714285,0.020898664343786344,0.020898664343786344,0.07128596253183424,1.0472835048321865,1.0,1.0472835048321865,0.6417694292031859,-0.029003214730222243
digits20,2,7,2,0.005555555555555556,360,3.5432098765431896,3.0060975609755873,10.651234567901094,119,65,0.5462184873949579,50,0.42016806722689076,0.9405940594059407,0.09019148779095143,0.6391347406420472,0.06533624787709404,74.91356957648954,24.805531547104643,3.0200348432055115,0.013272592335048294,inf,inf,inf,8,0.06722689075630252,0.020898664343786344,0.020898664343786344,0.07128596253183424,1.0472835048321865,1.0,1.0472835048321865,0.6417694292031859,-0.029003214730222243
digits20,3,1,1,0.002777777777777778,360,1.3184237825361647,3.0065521957038768,3.9639099182523165,20,17,0.85,17,0.85,1.0,0.2522761668713447,0.6652137963404858,0.2504283507703989,3.9639099182523165,1.3184237825361647,3.0065521957038768,0.2522761668713447,1.2718451467265137,2.006552195703878,2.552023671759407,0,0.0,3.6825412990382222e-06,3.6825412990382222e-06,0.033995834327744244,1.0,1.0,1.0,1.0,0.9320083313445116
digits20,3,1,2,0.005555555555555556,360,1.3184237825361647,1.4612748200252659,1.9265794755425643,20,16,0.8,16,0.8,1.0,0.5190546316384791,1.3686679415754384,0.5114509208519489,3.9639099182523165,1.3184237825361647,3.0065521957038768,0.2522761668713447,1.228445361422516,1.2946081533585991,1.5903553808531403,0,0.0,3.6825412990382222e-06,3.6825412990382222e-06,0.033995834327744244,1.0,1.0,1.0,1.0,0.9320083313445116
digits20,3,2,1,0.002777777777777778,360,1.3184237825361647,3.0065521957038768,3.9639099182523165,39,31,0.7948717948717948,27,0.6923076923076923,1.0,0.23636535077852006,0.6232593996678076,0.23290279855814336,3.9639099182523165,1.3184237825361647,3.0065521957038768,0.23636535077852006,inf,inf,inf,3,0.07692307692307693,0.04939508323654662,0.04939508323654662,0.05038298490127756,1.0,1.0,1.0,0.75,0.5988510452961673
digits20,3,2,2,0.005555555555555556,360,1.3184237825361647,2.255008710801403,2.973057114146786,39,29,0.7435897435897436,25,0.6410256410256411,1.0,0.308070593876942,0.812335195334801,0.2990446472621109,3.9639099182523165,1.3184237825361647,3.0065521957038768,0.23636535077852006,inf,inf,inf,3,0.07692307692307693,0.04939508323654662,0.04939508323654662,0.05038298490127756,1.0,1.0,1.0,0.75,0.5988510452961673
digits20,3,3,1,0.002777777777777778,360,5.958477508650617,3.0065521957038768,17.914473636685678,57,45,0.7894736842105263,32,0.5614035087719298,1.0,0.054788574710881055,0.6529129802916175,0.04934763320845091,17.914473636685678,5.958477508650617,3.0065521957038768,0.054788574710881055,inf,inf,inf,11,0.19298245614035087,0.04939508323654662,0.04939508323654662,0.05038298490127756,1.0,1.0,1.0,0.7037037037037036,0.49097554523164283
digits20,3,3,2,0.005555555555555556,360,1.3184237825361647,2.255008710801403,2.973057114146786,57,40,0.7017543859649122,29,0.5087719298245614,1.0,0.3000521276080226,0.7911917220779862,0.2868655989067228,17.914473636685678,5.958477508650617,3.0065521957038768,0.054788574710881055,inf,inf,inf,9,0.15789473684210525,0.04939508323654662,0.04939508323654662,0.05038298490127756,1.0,1.0,1.0,0.7037037037037036,0.49097554523164283
digits20,3,4,1,0.002777777777777778,360,5.958477508650617,3.0065521957038768,17.914473636685678,74,55,0.7432432432432432,36,0.4864864864864865,0.9821428571428571,0.05466313402042289,0.6514181092260883,0.047425155029021906,76.1055363321814,5.958477508650617,12.77264808362373,0.013075046330889628,inf,inf,inf,18,0.24324324324324326,0.04939508323654662,0.04939508323654662,0.05038298490127756,1.0,1.0,1.0,0.68359375,0.40806180132113834
digits20,3,4,2,0.005555555555555556,360,2.2834410740924924,2.6317508710801434,6.0094480358030955,74,50,0.6756756756756757,33,0.44594594594594594,0.9821428571428571,0.15630568960245217,0.7138296635051822,0.1404428081912259,76.1055363321814,5.958477508650617,12.77264808362373,0.013075046330889628,inf,inf,inf,16,0.21621621621621623,0.04939508323654662,0.04939508323654662,0.05038298490127756,1.0,1.0,1.0,0.68359375,0.40806180132113834
digits20,3,5,1,0.002777777777777778,360,5.958477508650617,3.0897212543553967,18.410034602076404,90,68,0.7555555555555555,43,0.4777777777777778,0.9777777777777777,0.053150767933258125,0.6333953105956539,0.04435361084165182,76.1055363321814,5.958477508650617,12.77264808362373,0.013070769649777492,inf,inf,inf,22,0.24444444444444444,0.04939508323654662,0.04939508323654662,0.05038298490127756,1.0,1.0,1.0,0.6723199999999999,0.3335851159117307
digits20,3,5,2,0.005555555555555556,360,3.513145082765332,3.0897212543553967,10.854639031854196,90,61,0.6777777777777778,40,0.4444444444444444,0.9777777777777777,0.08879356972569674,0.6238893857260244,0.07146330901108496,76.1055363321814,5.958477508650617,12.77264808362373,0.013070769649777492,inf,inf,inf,20,0.2222222222222222,0.04939508323654662,0.04939508323654662,0.05038298490127756,1.0,1.0,1.0,0.6723199999999999,0.3335851159117307
digits20,3,6,1,0.002777777777777778,360,5.958477508650617,3.0897212543553967,18.410034602076404,105,78,0.7428571428571429,47,0.44761904761904764,0.9583333333333333,0.05310358071997101,0.6328329826975196,0.04255636434167902,76.1055363321814,5.958477508650617,12.77264808362373,0.013067920604467598,inf,inf,inf,29,0.2761904761904762,0.04939508323654662,0.04939508323654662,0.05038298490127756,1.0,1.0,1.0,0.6651020233196159,0.2629841209349596
digits20,3,6,2,0.005555555555555556,360,3.513145082765332,3.0897212543553967,10.854639031854196,105,68,0.6476190476190476,44,0.41904761904761906,0.9583333333333333,0.08866170656771655,0.6229628769159122,0.06789627733718614,76.1055363321814,5.958477508650617,12.77264808362373,0.013067920604467598,inf,inf,inf,26,0.24761904761904763,0.04939508323654662,0.04939508323654662,0.05038298490127756,1.0,1.0,1.0,0.6651020233196159,0.2629841209349596
digits20,3,7,1,0.002777777777777778,360,5.958477508650617,3.0897212543553967,18.410034602076404,119,83,0.6974789915966386,48,0.40336134453781514,0.9068627450980391,0.05306994440283297,0.6324321402192379,0.040772652787458896,258.1514084506867,20.211267605632372,12.77264808362373,0.003867270688241664,inf,inf,inf,31,0.2605042016806723,0.04939508323654662,0.04939508323654662,0.05038298490127756,1.0,1.0,1.0,0.660083322910886,0.19448576962562597
digits20,3,7,2,0.005555555555555556,360,3.513145082765332,3.0897212543553967,10.854639031854196,119,70,0.5882352941176471,44,0.3697478991596639,0.9068627450980391,0.08856784178461208,0.6223033557134957,0.06436715572908724,258.1514084506867,20.211267605632372,12.77264808362373,0.003867270688241664,inf,inf,inf,27,0.226890756302521,0.04939508323654662,0.04939508323654662,0.05038298490127756,1.0,1.0,1.0,0.660083322910886,0.19448576962562597
digits20,4,1,1,0.002777777777777778,360,1.2371755359818446,1.440009129065341,1.7815440660701625,20,17,0.85,17,0.85,0.8556701030927836,0.5613108421201506,1.3888800839048356,0.5574528418870816,1.7815440660701625,1.2371755359818446,1.440009129065341,0.5613108421201506,2.0051633982161374,1.190009129065341,2.3861627491448854,0,0.0,0.0013924653487513011,0.0013924653487513011,0.03208229538348777,1.0,1.0,1.0,1.0,0.9358354092330244
digits20,4,1,2,0.005555555555555556,360,1.2371755359818446,1.440009129065341,1.7815440660701625,20,17,0.85,17,0.85,0.8556701030927836,0.5613108421201506,1.3888800839048356,0.5535948416540126,1.7815440660701625,1.2371755359818446,1.440009129065341,0.5613108421201506,1.179966837135027,1.0630596553505052,1.2543751392097875,0,0.0,0.0013924653487513011,0.0013924653487513011,0.03208229538348777,1.0,1.0,1.0,1.0,0.9358354092330244
digits20,4,2,1,0.002777777777777778,360,3.859255939040785,3.2543554006968733,12.559390407888861,39,33,0.8461538461538461,33,0.8461538461538461,0.9214285714285714,0.07803679505716576,0.6023279295761511,0.0746905287817427,12.559390407888861,3.859255939040785,3.2543554006968733,0.07803679505716576,3.419380460683078,2.7543554006968716,9.418189038919794,0,0.0,0.0013924653487513011,0.0013924653487513011,0.07817871670673479,1.0187651692832174,1.0,1.0187651692832174,0.7407054183852485,0.5047292535319347
digits20,4,2,2,0.005555555555555556,360,3.859255939040785,2.5320363917924937,9.77177648289258,39,31,0.7948717948717948,31,0.7948717948717948,0.9214285714285714,0.09971739706672766,0.7696699137109138,0.0911655091366064,12.559390407888861,3.859255939040785,3.2543554006968733,0.07803679505716576,3.0695187165775373,2.3098141695702714,7.09001782531195,0,0.0,0.0013924653487513011,0.0013924653487513011,0.07817871670673479,1.0187651692832174,1.0,1.0187651692832174,0.7407054183852485,0.5047292535319347
digits20,4,3,1,0.002777777777777778,360,3.859255939040785,3.2543554006968733,12.559390407888861,57,43,0.7543859649122807,41,0.7192982456140351,0.9743589743589743,0.07752718903289368,0.5983945294246651,0.0725405679543548,19.32317346481402,3.859255939040785,5.006968641114997,0.0508637336306873,inf,inf,inf,3,0.05263157894736842,0.009022938443670192,0.009022938443670192,0.04024772432466003,1.3476792644865092,1.0,1.3476792644865092,0.5736182228459987,0.3869363857614737
digits20,4,3,2,0.005555555555555556,360,3.859255939040785,2.5320363917924937,9.77177648289258,57,40,0.7017543859649122,39,0.6842105263157895,0.9743589743589743,0.09888437670372385,0.763240236144385,0.08616370610131743,19.32317346481402,3.859255939040785,5.006968641114997,0.0508637336306873,inf,inf,inf,1,0.017543859649122806,0.009022938443670192,0.009022938443670192,0.04024772432466003,1.3476792644865092,1.0,1.3476792644865092,0.5736182228459987,0.3869363857614737
digits20,4,4,1,0.002777777777777778,360,3.859255939040785,3.2543554006968733,12.559390407888861,74,55,0.7432432432432432,49,0.6621621621621622,1.0055555555555555,0.0772757343793059,0.5964536736941489,0.0706484713382598,49.38144329897188,9.862542955326992,5.006968641114997,0.020097258924967498,inf,inf,inf,7,0.0945945945945946,0.015318912117692596,0.015318912117692596,0.039958167589695864,1.3538847321648415,1.0,1.3538847321648415,0.5580550824380632,0.3165344098048803
digits20,4,4,2,0.005555555555555556,360,3.859255939040785,2.5320363917924937,9.77177648289258,74,49,0.6621621621621622,46,0.6216216216216216,1.0055555555555555,0.0984748805732586,0.7600795353973605,0.08158422423109503,49.38144329897188,9.862542955326992,5.006968641114997,0.020097258924967498,inf,inf,inf,3,0.04054054054054054,0.015318912117692596,0.015318912117692596,0.039958167589695864,1.3538847321648415,1.0,1.3538847321648415,0.5580550824380632,0.3165344098048803
digits20,4,5,1,0.002777777777777778,360,13.129786176031768,3.2543554006968733,42.72899055196413,90,65,0.7222222222222222,55,0.6111111111111112,0.9747474747474746,0.023185251422995767,0.6088347872429414,0.014729212711288247,65.74042764793626,13.129786176031768,5.006968641114997,0.015119067249635187,inf,inf,inf,14,0.15555555555555556,0.015318912117692596,0.015318912117692596,0.05587793831263424,1.1979186677767404,1.0,1.1979186677767404,0.598820187900762,0.19798656885568988
digits20,4,5,2,0.005555555555555556,360,3.859255939040785,2.5320363917924937,9.77177648289258,90,54,0.6,49,0.5444444444444444,0.9747474747474746,0.09823137614558519,0.7582000435799978,0.07717026382391859,65.74042764793626,13.129786176031768,5.006968641114997,0.015119067249635187,inf,inf,inf,6,0.06666666666666667,0.015318912117692596,0.015318912117692596,0.05587793831263424,1.1979186677767404,1.0,1.1979186677767404,0.598820187900762,0.19798656885568988
digits20,4,6,1,0.002777777777777778,360,13.129786176031768,3.2543554006968733,42.72899055196413,105,72,0.6857142857142857,56,0.5333333333333333,0.9230769230769231,0.023176283184802582,0.6085992851432369,0.013032961765748634,4598.400000006235,918.4000000012426,5.006968641114997,0.00021744724102978896,inf,inf,inf,22,0.20952380952380953,0.020172764227642248,0.020172764227642248,0.05626910584719659,1.1888031799867256,1.0,1.1888031799867256,0.5959885558699336,0.11757977889945316
digits20,4,6,2,0.005555555555555556,360,3.859255939040785,2.5320363917924937,9.77177648289258,105,57,0.5428571428571428,49,0.4666666666666667,0.9230769230769231,0.09806994217424103,0.7569540135546521,0.07283814172241929,4598.400000006235,918.4000000012426,5.006968641114997,0.00021744724102978896,inf,inf,inf,11,0.10476190476190476,0.020172764227642248,0.020172764227642248,0.05626910584719659,1.1888031799867256,1.0,1.1888031799867256,0.5959885558699336,0.11757977889945316
digits20,4,7,1,0.002777777777777778,360,13.129786176031768,3.2543554006968733,42.72899055196413,119,79,0.6638655462184874,59,0.4957983193277311,0.8986175115207373,0.0231698829796968,0.6084312184941936,0.011339275953420812,4598.400000006235,918.4000000012426,5.006968641114997,0.00021744667812850782,inf,inf,inf,28,0.23529411764705882,0.020172764227642248,0.020172764227642248,0.05626910584719659,1.1888031799867256,1.0,1.1888031799867256,0.5918730771519536,0.0375836518455184
digits20,4,7,2,0.005555555555555556,360,3.859255939040785,2.5320363917924937,9.77177648289258,119,62,0.5210084033613446,52,0.4369747899159664,0.8986175115207373,0.09795507056666453,0.7560673756871185,0.06855245040105437,4598.400000006235,918.4000000012426,5.006968641114997,0.00021744667812850782,inf,inf,inf,16,0.13445378151260504,0.020172764227642248,0.020172764227642248,0.05626910584719659,1.1888031799867256,1.0,1.1888031799867256,0.5918730771519536,0.0375836518455184
digits20,5,1,1,0.002777777777777778,360,1.9949943018121303,1.3592448153455592,2.711685661382072,20,16,0.8,16,0.8,0.8369565217391305,0.36877430678684475,1.4714052813889473,0.36468706989409766,3.622456981261029,2.66505116691587,1.3592448153455592,0.2760557282454976,2.001667170215169,1.3342448153455593,2.6707140439070063,0,0.0,0.0013900456816974965,0.0013900456816974965,0.058059090968632494,1.0,1.0,1.0,1.0,0.883881818062735
digits20,5,1,2,0.005555555555555556,360,1.9949943018121303,1.3592448153455592,2.711685661382072,20,16,0.8,16,0.8,0.8369565217391305,0.36877430678684475,1.4714052813889473,0.3605998330013506,3.622456981261029,2.66505116691587,1.3592448153455592,0.2760557282454976,1.7055920923935743,1.3092448153455591,2.233037604060671,0,0.0,0.0013900456816974965,0.0013900456816974965,0.058059090968632494,1.0,1.0,1.0,1.0,0.883881818062735
digits20,5,2,1,0.002777777777777778,360,8.803067270826132,2.129355400696858,18.744858835831373,39,32,0.8205128205128205,32,0.8205128205128205,0.8846153846153846,0.05263645986167409,0.9267245941209131,0.04748798989433568,18.744858835831373,8.803067270826132,2.129355400696858,0.05263645986167409,6.287279063978124,1.6293554006968582,10.244212098581045,0,0.0,0.0013900456816974965,0.0013900456816974965,0.053904548410551326,1.0184447192310533,1.0,1.0184447192310533,0.7408626644046226,0.5781727715260074
digits20,5,2,2,0.005555555555555556,360,8.803067270826132,2.129355400696858,18.744858835831373,39,32,0.8205128205128205,32,0.8205128205128205,0.8846153846153846,0.05263645986167409,0.9267245941209131,0.04233951992699728,18.744858835831373,8.803067270826132,2.129355400696858,0.05263645986167409,4.889835430784143,1.3092448153455591,6.401991685647158,0,0.0,0.0013900456816974965,0.0013900456816974965,0.053904548410551326,1.0184447192310533,1.0,1.0184447192310533,0.7408626644046226,0.5781727715260074
digits20,5,3,1,0.002777777777777778,360,8.803067270826132,19.793554006968286,174.24398745207196,57,45,0.7894736842105263,41,0.7192982456140351,0.9928571428571429,0.005728106938833966,0.10084982143408269,0.00488769176021661,174.24398745207196,8.803067270826132,19.793554006968286,0.005728106938833966,inf,inf,inf,5,0.08771929824561403,0.03685878823073946,0.03685878823073946,0.05622157357658082,1.0,1.0,1.0,0.7037037037037036,0.4663237263803624
digits20,5,3,2,0.005555555555555556,360,8.803067270826132,2.129355400696858,18.744858835831373,57,40,0.7017543859649122,38,0.6666666666666666,0.9928571428571429,0.0524049160622706,0.92264800283633,0.03702744934833177,174.24398745207196,8.803067270826132,19.793554006968286,0.005728106938833966,inf,inf,inf,3,0.05263157894736842,0.03685878823073946,0.03685878823073946,0.05622157357658082,1.0,1.0,1.0,0.7037037037037036,0.4663237263803624
digits20,5,4,1,0.002777777777777778,360,8.803067270826132,19.793554006968286,174.24398745207196,74,57,0.7702702702702703,49,0.6621621621621622,0.9461077844311376,0.005726739371682554,0.1008257438628202,0.00460645332876233,174.24398745207196,8.803067270826132,19.793554006968286,0.005726739371682554,inf,inf,inf,13,0.17567567567567569,0.03685878823073946,0.03685878823073946,0.052574606986686714,1.029857645076516,1.0,1.029857645076516,0.6711842992189244,0.38045753957411066
digits20,5,4,2,0.005555555555555556,360,8.803067270826132,2.129355400696858,18.744858835831373,74,49,0.6621621621621622,44,0.5945945945945946,0.9461077844311376,0.052290166887953626,0.9206277134347618,0.031831773256070034,174.24398745207196,8.803067270826132,19.793554006968286,0.005726739371682554,inf,inf,inf,8,0.10810810810810811,0.03685878823073946,0.03685878823073946,0.052574606986686714,1.029857645076516,1.0,1.029857645076516,0.6711842992189244,0.38045753957411066
digits20,5,5,1,0.002777777777777778,360,8.803067270826132,19.793554006968286,174.24398745207196,90,71,0.7888888888888889,58,0.6444444444444445,0.9673913043478262,0.005725919249557898,0.10081130468235291,0.004325762240080774,174.24398745207196,8.803067270826132,19.793554006968286,0.005725919249557898,inf,inf,inf,16,0.17777777777777778,0.03685878823073946,0.03685878823073946,0.052574606986686714,1.029857645076516,1.0,1.029857645076516,0.6602714777953431,0.3027717056598801
digits20,5,5,2,0.005555555555555556,360,8.803067270826132,2.129355400696858,18.744858835831373,90,60,0.6666666666666666,51,0.5666666666666667,0.9673913043478262,0.05222164074388835,0.9194212329227279,0.026682162051590356,174.24398745207196,8.803067270826132,19.793554006968286,0.005725919249557898,inf,inf,inf,11,0.12222222222222222,0.03685878823073946,0.03685878823073946,0.052574606986686714,1.029857645076516,1.0,1.029857645076516,0.6602714777953431,0.3027717056598801
digits20,5,6,1,0.002777777777777778,360,8.803067270826132,19.793554006968286,174.24398745207196,105,82,0.780952380952381,62,0.5904761904761905,0.9042553191489361,0.005725372675585705,0.10080168162746152,0.0040453446484613464,174.24398745207196,8.803067270826132,19.793554006968286,0.005725372675585705,inf,inf,inf,25,0.23809523809523808,0.03828639179248927,0.03828639179248927,0.05461091094008678,1.012485303731078,1.0,1.012485303731078,0.66011567724737,0.22212038547560267
digits20,5,6,2,0.005555555555555556,360,8.803067270826132,2.129355400696858,18.744858835831373,105,67,0.638095238095238,54,0.5142857142857142,0.9042553191489361,0.05217609048877658,0.9186192690028235,0.021555448188682467,174.24398745207196,8.803067270826132,19.793554006968286,0.005725372675585705,inf,inf,inf,17,0.1619047619047619,0.03828639179248927,0.03828639179248927,0.05461091094008678,1.012485303731078,1.0,1.012485303731078,0.66011567724737,0.22212038547560267
digits20,5,7,1,0.002777777777777778,360,8.803067270826132,19.793554006968286,174.24398745207196,119,90,0.7563025210084033,65,0.5462184873949579,0.9581151832460733,0.005724982350845731,0.10079480951757461,0.0037650832768928912,174.24398745207196,8.803067270826132,19.793554006968286,0.005724982350845731,inf,inf,inf,31,0.2605042016806723,0.03828639179248927,0.03828639179248927,0.05461091094008678,1.012485303731078,1.0,1.012485303731078,0.6551628337821573,0.14800231504823155
digits20,5,7,2,0.005555555555555556,360,8.803067270826132,2.129355400696858,18.744858835831373,119,71,0.5966386554621849,56,0.47058823529411764,0.9581151832460733,0.05214361986822613,0.9180475868887613,0.016441769266996524,174.24398745207196,8.803067270826132,19.793554006968286,0.005724982350845731,inf,inf,inf,19,0.15966386554621848,0.03828639179248927,0.03828639179248927,0.05461091094008678,1.012485303731078,1.0,1.012485303731078,0.6551628337821573,0.14800231504823155
digits20,6,1,1,0.002777777777777778,360,1.496877910492453,1.3398167671817927,2.005542122901835,20,17,0.85,17,0.85,1.0,0.49861829805553626,1.4927414322533485,0.4944717940770547,2.005542122901835,1.496877910492453,1.3398167671817927,0.49861829805553626,1.3972799357052395,1.2963385063122275,1.8113477847521753,0,0.0,0.002087015874632364,0.002087015874632364,0.033771729850412484,1.0,1.0,1.0,1.0,0.932456540299175
digits20,6,1,2,0.005555555555555556,360,1.496877910492453,1.3398167671817927,2.005542122901835,20,17,0.85,17,0.85,1.0,0.49861829805553626,1.4927414322533485,0.49032529009857323,2.005542122901835,1.496877910492453,1.3398167671817927,0.49861829805553626,1.3101090281517742,1.2528602454426623,1.6413835185668797,0,0.0,0.002087015874632364,0.002087015874632364,0.033771729850412484,1.0,1.0,1.0,1.0,0.932456540299175
digits20,6,2,1,0.002777777777777778,360,1.7999250144858383,2.3616226978596315,4.250743768655082,39,33,0.8461538461538461,30,0.7692307692307693,0.9571428571428572,0.22141696003959,0.7970678500133386,0.21698880531729367,4.731488406881142,2.003490401396188,2.3616226978596315,0.20018278023770686,inf,inf,inf,3,0.07692307692307693,0.011832171893147503,0.011832171893147503,0.05643970919315494,1.0027266422181047,1.0,1.0027266422181047,0.7486385375216509,0.5791659375127279
digits20,6,2,2,0.005555555555555556,360,1.7999250144858383,2.3616226978596315,4.250743768655082,39,30,0.7692307692307693,29,0.7435897435897436,0.9571428571428572,0.22141696003959,0.7970678500133386,0.21256065059499735,4.731488406881142,2.003490401396188,2.3616226978596315,0.20018278023770686,inf,inf,inf,1,0.02564102564102564,0.011832171893147503,0.011832171893147503,0.05643970919315494,1.0027266422181047,1.0,1.0027266422181047,0.7486385375216509,0.5791659375127279
digits20,6,3,1,0.002777777777777778,360,1.7999250144858383,2.3616226978596315,4.250743768655082,57,43,0.7543859649122807,32,0.5614035087719298,1.0,0.21728718009122816,0.7822012615465816,0.21076883624500664,369.7012987011012,156.54545454537094,2.3616226978596315,0.0027024482892048507,inf,inf,inf,8,0.14035087719298245,0.03760162601626016,0.03760162601626016,0.0501550474107468,1.0547449964309834,1.0,1.0547449964309834,0.6800316244574984,0.4641863826725246
digits20,6,3,2,0.005555555555555556,360,1.7999250144858383,2.3616226978596315,4.250743768655082,57,38,0.6666666666666666,31,0.543859649122807,1.0,0.21728718009122816,0.7822012615465816,0.20425049239878512,369.7012987011012,156.54545454537094,2.3616226978596315,0.0027024482892048507,inf,inf,inf,5,0.08771929824561403,0.03760162601626016,0.03760162601626016,0.0501550474107468,1.0547449964309834,1.0,1.0547449964309834,0.6800316244574984,0.4641863826725246
digits20,6,4,1,0.002777777777777778,360,1.9935499875961307,2.3616226978596315,4.708012900024809,74,51,0.6891891891891891,37,0.5,0.9704142011834319,0.19607653177497797,0.7817767349757992,0.1873901236085802,369.7012987011012,156.54545454537094,2.3616226978596315,0.0027021439424836924,inf,inf,inf,12,0.16216216216216217,0.03760162601626016,0.03760162601626016,0.04690160268152027,1.0838525551239528,1.0125376831621027,1.0974415550545324,0.6444395712547046,0.3823618667912016
digits20,6,4,2,0.005555555555555556,360,1.9935499875961307,2.3616226978596315,4.708012900024809,74,44,0.5945945945945946,36,0.4864864864864865,0.9704142011834319,0.19607653177497797,0.7817767349757992,0.17870371544218244,369.7012987011012,156.54545454537094,2.3616226978596315,0.0027021439424836924,inf,inf,inf,7,0.0945945945945946,0.03760162601626016,0.03760162601626016,0.04690160268152027,1.0838525551239528,1.0125376831621027,1.0974415550545324,0.6444395712547046,0.3823618667912016
digits20,6,5,1,0.002777777777777778,360,3.258278145695384,2.3616226978596315,7.694823624814211,90,60,0.6666666666666666,42,0.4666666666666667,1.0,0.12337523210080403,0.8039816449482907,0.1122088203654111,1569.4090909082588,156.54545454537094,10.02526132404185,0.0006370201149409338,inf,inf,inf,17,0.18888888888888888,0.03760162601626016,0.03760162601626016,0.04690160268152027,1.0838525551239528,1.0125376831621027,1.0974415550545324,0.6343009168867144,0.31185771264432793
digits20,6,5,2,0.005555555555555556,360,3.258278145695384,2.3616226978596315,7.694823624814211,90,51,0.5666666666666667,40,0.4444444444444444,1.0,0.12337523210080403,0.8039816449482907,0.10104240863001818,1569.4090909082588,156.54545454537094,10.02526132404185,0.0006370201149409338,inf,inf,inf,10,0.1111111111111111,0.03760162601626016,0.03760162601626016,0.04690160268152027,1.0838525551239528,1.0125376831621027,1.0974415550545324,0.6343009168867144,0.31185771264432793
digits20,6,6,1,0.002777777777777778,360,3.258278145695384,2.3616226978596315,7.694823624814211,105,70,0.6666666666666666,47,0.44761904761904764,0.9844559585492229,0.12312038557162175,0.8023209231952089,0.10974837018503493,1569.4090909082588,156.54545454537094,10.02526132404185,0.0006370133515063436,inf,inf,inf,21,0.2,0.03760162601626016,0.03760162601626016,0.04690160268152027,1.0838525551239528,1.0125376831621027,1.0974415550545324,0.6277972808455746,0.24483273869595365
digits20,6,6,2,0.005555555555555556,360,3.258278145695384,2.3616226978596315,7.694823624814211,105,59,0.5619047619047619,45,0.42857142857142855,0.9844559585492229,0.12312038557162175,0.8023209231952089,0.09637635479844812,1569.4090909082588,156.54545454537094,10.02526132404185,0.0006370133515063436,inf,inf,inf,13,0.12380952380952381,0.03760162601626016,0.03760162601626016,0.04690160268152027,1.0838525551239528,1.0125376831621027,1.0974415550545324,0.6277972808455746,0.24483273869595365
digits20,6,7,1,0.002777777777777778,360,3.258278145695384,2.3616226978596315,7.694823624814211,119,81,0.680672268907563,54,0.453781512605042,0.8904761904761905,0.12293922494420673,0.8011403797688752,0.10736149533758971,1569.4090909082588,156.54545454537094,10.02526132404185,0.0006370085205983367,inf,inf,inf,26,0.2184873949579832,0.040352787456446104,0.040352787456446104,0.041159843205575024,1.1393424832263697,1.1601829268292663,1.3218456968504937,0.5509426688332049,0.18923106003312373
digits20,6,7,2,0.005555555555555556,360,3.258278145695384,2.3616226978596315,7.694823624814211,119,69,0.5798319327731093,52,0.4369747899159664,0.8904761904761905,0.12293922494420673,0.8011403797688752,0.09178376573097269,1569.4090909082588,156.54545454537094,10.02526132404185,0.0006370085205983367,inf,inf,inf,18,0.15126050420168066,0.040352787456446104,0.040352787456446104,0.041159843205575024,1.1393424832263697,1.1601829268292663,1.3218456968504937,0.5509426688332049,0.18923106003312373
digits20,7,1,1,0.002777777777777778,360,1.6217319369936622,1.4919906802252711,2.419608935818221,20,17,0.85,17,0.85,0.9148936170212766,0.4132899268128374,1.3404909471003033,0.4095663408486699,2.419608935818221,1.6217319369936622,1.4919906802252711,0.4132899268128374,1.5569879108269664,1.448512419355706,2.2553163256195554,0,0.0,0.0,0.0,0.048868156151379794,1.0,1.0,1.0,1.0,0.9022636876972404
digits20,7,1,2,0.005555555555555556,360,1.6217319369936622,1.4919906802252711,2.419608935818221,20,17,0.85,17,0.85,0.9148936170212766,0.4132899268128374,1.3404909471003033,0.4058427548845024,2.419608935818221,1.6217319369936622,1.4919906802252711,0.4132899268128374,1.4972149474157919,1.405034158486141,2.103638143715219,0,0.0,0.0,0.0,0.048868156151379794,1.0,1.0,1.0,1.0,0.9022636876972404
digits20,7,2,1,0.002777777777777778,360,4.3539823008849545,1.4919906802252711,6.496101014786134,39,32,0.8205128205128205,32,0.8205128205128205,0.9760000000000001,0.14801422800911224,1.2889026580616496,0.1408536576865475,6.496101014786134,4.3539823008849545,1.4919906802252711,0.14801422800911224,3.194805194805193,1.448512419355706,4.627715002097448,0,0.0,0.0,0.0,0.0681245543956701,1.0550342299941722,1.0,1.0550342299941722,0.7232380162826133,0.5153107410058014
digits20,7,2,2,0.005555555555555556,360,4.3539823008849545,1.4919906802252711,6.496101014786134,39,32,0.8205128205128205,32,0.8205128205128205,0.9760000000000001,0.14801422800911224,1.2889026580616496,0.1336930873639828,6.496101014786134,4.3539823008849545,1.4919906802252711,0.14801422800911224,2.7004140007527297,1.405034158486141,3.794173913111805,0,0.0,0.0,0.0,0.0681245543956701,1.0550342299941722,1.0,1.0550342299941722,0.7232380162826133,0.5153107410058014
digits20,7,3,1,0.002777777777777778,360,4.3539823008849545,1.4919906802252711,6.496101014786134,57,45,0.7894736842105263,40,0.7017543859649122,0.9225806451612902,0.14617458006626693,1.2728830688956339,0.13556722115880332,23.87185088360378,15.999999999999627,1.4919906802252711,0.04130813107300557,inf,inf,inf,5,0.08771929824561403,0.043135404568331426,0.043135404568331426,0.06579544358627364,1.0719679738235968,1.0,1.0719679738235968,0.6728525176801129,0.388112333277332
digits20,7,3,2,0.005555555555555556,360,4.3539823008849545,1.4919906802252711,6.496101014786134,57,44,0.7719298245614035,40,0.7017543859649122,0.9225806451612902,0.14617458006626693,1.2728830688956339,0.1249598622513397,23.87185088360378,15.999999999999627,1.4919906802252711,0.04130813107300557,inf,inf,inf,5,0.08771929824561403,0.043135404568331426,0.043135404568331426,0.06579544358627364,1.0719679738235968,1.0,1.0719679738235968,0.6728525176801129,0.388112333277332
digits20,7,4,1,0.002777777777777778,360,8.55014895729897,1.8793554006968494,16.068768619662357,74,58,0.7837837837837838,50,0.6756756756756757,0.9289940828402367,0.060795194780508544,1.0396159425227058,0.04924390653025626,30.06968641114889,15.999999999999627,1.8793554006968494,0.03284363975335791,inf,inf,inf,8,0.10810810810810811,0.043135404568331426,0.043135404568331426,0.06579544358627364,1.0719679738235968,1.0,1.0719679738235968,0.6543056002867194,0.2851170240169011
digits20,7,4,2,0.005555555555555556,360,6.324151928095097,1.8793554006968494,11.885329080892914,74,54,0.7297297297297297,48,0.6486486486486487,0.9289940828402367,0.08151971280969905,1.0310860978864338,0.058606688412222746,30.06968641114889,15.999999999999627,1.8793554006968494,0.03284363975335791,inf,inf,inf,7,0.0945945945945946,0.043135404568331426,0.043135404568331426,0.06579544358627364,1.0719679738235968,1.0,1.0719679738235968,0.6543056002867194,0.2851170240169011
digits20,7,5,1,0.002777777777777778,360,17.358075601374406,1.8793554006968494,32.6219931271472,90,67,0.7444444444444445,58,0.6444444444444445,1.0402298850574712,0.030280592413026053,1.051225624719421,0.015680236514145206,1725.9999999943934,918.399999997024,1.8793554006968494,0.0005792400215213211,inf,inf,inf,10,0.1111111111111111,0.043135404568331426,0.043135404568331426,0.06579544358627364,1.0719679738235968,1.0,1.0719679738235968,0.6438822520896827,0.1897481826460104
digits20,7,5,2,0.005555555555555556,360,6.324151928095097,1.8793554006968494,11.885329080892914,90,58,0.6444444444444445,51,0.5666666666666667,1.0402298850574712,0.08135295497809014,1.028976894161845,0.052770263473594446,1725.9999999943934,918.399999997024,1.8793554006968494,0.0005792400215213211,inf,inf,inf,9,0.1,0.043135404568331426,0.043135404568331426,0.06579544358627364,1.0719679738235968,1.0,1.0719679738235968,0.6438822520896827,0.1897481826460104
digits20,7,6,1,0.002777777777777778,360,17.358075601374406,1.8793554006968494,32.6219931271472,105,75,0.7142857142857143,60,0.5714285714285714,1.0112994350282487,0.03026529070106021,1.0506944081731537,0.012753717231507648,14581.33333321937,3061.333333309367,4.763066202090655,6.857887425248954e-05,inf,inf,inf,17,0.1619047619047619,0.043135404568331426,0.043135404568331426,0.06579544358627364,1.0719679738235968,1.0,1.0719679738235968,0.6371993792973913,0.09789466096761605
digits20,7,6,2,0.005555555555555556,360,6.324151928095097,1.8793554006968494,11.885329080892914,105,62,0.5904761904761905,53,0.5047619047619047,1.0112994350282487,0.08124229324240317,1.0275772109036228,0.046989719545615746,14581.33333321937,3061.333333309367,4.763066202090655,6.857887425248954e-05,inf,inf,inf,14,0.13333333333333333,0.043135404568331426,0.043135404568331426,0.06579544358627364,1.0719679738235968,1.0,1.0719679738235968,0.6371993792973913,0.09789466096761605
digits20,7,7,1,0.002777777777777778,360,17.358075601374406,1.8793554006968494,32.6219931271472,119,86,0.7226890756302521,65,0.5462184873949579,1.0765027322404372,0.030254373576904414,1.050315407640262,0.00983157398389932,14581.33333321937,3061.333333309367,4.763066202090655,6.857881826305423e-05,inf,inf,inf,22,0.18487394957983194,0.043135404568331426,0.043135404568331426,0.06579544358627364,1.0719679738235968,1.0,1.0719679738235968,0.6325485326602708,0.00795207320595745
digits20,7,7,2,0.005555555555555556,360,6.324151928095097,1.8793554006968494,11.885329080892914,119,70,0.5882352941176471,58,0.48739495798319327,1.0765027322404372,0.08116349734800121,1.0265805764886065,0.04124091937344429,14581.33333321937,3061.333333309367,4.763066202090655,6.857881826305423e-05,inf,inf,inf,17,0.14285714285714285,0.043135404568331426,0.043135404568331426,0.06579544358627364,1.0719679738235968,1.0,1.0719679738235968,0.6325485326602708,0.00795207320595745
digits20,8,1,1,0.002777777777777778,360,2.8507263522095387,1.603594160307842,4.5714081310388925,20,17,0.85,17,0.85,1.0,0.21875097810895772,1.2471983557336355,0.21528653823191984,4.5714081310388925,2.8507263522095387,1.603594160307842,0.21875097810895772,1.8155812751053408,1.553594160307842,2.820676466567923,0,0.0,0.0,0.0,0.04138920571738315,1.001380666229081,1.0,1.001380666229081,0.9986212373819038,0.9158428259471375
digits20,8,1,2,0.005555555555555556,360,1.7724522139657197,1.603594160307842,2.842294019740134,20,16,0.8,16,0.8,1.0,0.35182848539062417,1.2471983557336355,0.3448996056365484,4.5714081310388925,2.8507263522095387,1.603594160307842,0.21875097810895772,1.5171179030677646,1.5035941603078422,2.28112961955117,0,0.0,0.0,0.0,0.04138920571738315,1.001380666229081,1.0,1.001380666229081,0.9986212373819038,0.9158428259471375
digits20,8,2,1,0.002777777777777778,360,5.258568946453959,1.603594160307842,8.43261045410973,39,32,0.8205128205128205,30,0.7692307692307693,0.9609375,0.11507150665540555,1.2102229030395715,0.10834804608296349,19.209663610783135,11.979130434782485,1.603594160307842,0.0513796460429059,inf,inf,inf,2,0.05128205128205128,0.019490418118466885,0.019490418118466885,0.06648239298297128,1.0,1.0,1.0,0.75,0.5505528210510862
digits20,8,2,2,0.005555555555555556,360,5.258568946453959,1.603594160307842,8.43261045410973,39,30,0.7692307692307693,29,0.7435897435897436,0.9609375,0.11507150665540555,1.2102229030395715,0.10162458551052142,19.209663610783135,11.979130434782485,1.603594160307842,0.0513796460429059,inf,inf,inf,1,0.02564102564102564,0.019490418118466885,0.019490418118466885,0.06648239298297128,1.0,1.0,1.0,0.75,0.5505528210510862
digits20,8,3,1,0.002777777777777778,360,5.258568946453959,1.6901858304297317,8.887958721634284,57,41,0.7192982456140351,37,0.6491228070175439,1.0,0.10834489152399274,1.139478164149982,0.09884924015607621,177.03652173912914,11.979130434782485,14.778745644599349,0.005637923300995329,inf,inf,inf,4,0.07017543859649122,0.021559233449477355,0.021559233449477355,0.06430798155067165,1.011662666272768,1.0,1.011662666272768,0.6985504618843157,0.4258727529218968
digits20,8,3,2,0.005555555555555556,360,5.258568946453959,1.6901858304297317,8.887958721634284,57,37,0.6491228070175439,36,0.631578947368421,1.0,0.10834489152399274,1.139478164149982,0.0893535887881597,177.03652173912914,11.979130434782485,14.778745644599349,0.005637923300995329,inf,inf,inf,2,0.03508771929824561,0.021559233449477355,0.021559233449477355,0.06430798155067165,1.011662666272768,1.0,1.011662666272768,0.6985504618843157,0.4258727529218968
digits20,8,4,1,0.002777777777777778,360,5.258568946453959,2.730749128919861,14.359832569894179,74,54,0.7297297297297297,48,0.6486486486486487,0.9345238095238095,0.06784112991460645,0.7134945181225963,0.0599134130465776,177.03652173912914,11.979130434782485,14.778745644599349,0.0056365984635528,inf,inf,inf,8,0.10810810810810811,0.025737998451413058,0.025737998451413058,0.0627805979491762,1.031447642713557,1.0,1.031447642713557,0.6705338574655224,0.32317103564343813
digits20,8,4,2,0.005555555555555556,360,5.258568946453959,2.730749128919861,14.359832569894179,74,47,0.6351351351351351,45,0.6081081081081081,0.9345238095238095,0.06784112991460645,0.7134945181225963,0.05198569617854875,177.03652173912914,11.979130434782485,14.778745644599349,0.0056365984635528,inf,inf,inf,4,0.05405405405405406,0.025737998451413058,0.025737998451413058,0.0627805979491762,1.031447642713557,1.0,1.031447642713557,0.6705338574655224,0.32317103564343813
digits20,8,5,1,0.002777777777777778,360,5.258568946453959,2.730749128919861,14.359832569894179,90,63,0.7,56,0.6222222222222222,1.0057142857142858,0.06772570549871515,0.7122805836244592,0.057832919615042104,67863.99999946874,4591.999999964039,14.778745644599349,1.4735266207432929e-05,inf,inf,inf,10,0.1111111111111111,0.025737998451413058,0.025737998451413058,0.08779307438359593,1.0248264240487506,1.0,1.0248264240487506,0.6622765212950817,0.06640870212725418
digits20,8,5,2,0.005555555555555556,360,5.258568946453959,2.730749128919861,14.359832569894179,90,55,0.6111111111111112,52,0.5777777777777777,1.0057142857142858,0.06772570549871515,0.7122805836244592,0.04794013373136906,67863.99999946874,4591.999999964039,14.778745644599349,1.4735266207432929e-05,inf,inf,inf,5,0.05555555555555555,0.025737998451413058,0.025737998451413058,0.08779307438359593,1.0248264240487506,1.0,1.0248264240487506,0.6622765212950817,0.06640870212725418
digits20,8,6,1,0.002777777777777778,360,5.258568946453959,2.730749128919861,14.359832569894179,105,71,0.6761904761904762,56,0.5333333333333333,0.9109947643979057,0.06764904910545,0.7114743777661167,0.055791142809348056,67863.99999946874,4591.999999964039,14.778745644599349,1.473526258821689e-05,inf,inf,inf,20,0.19047619047619047,0.025737998451413058,0.025737998451413058,0.026252758420441318,6.441744566414681,5.32775261324044,34.320021447543226,0.02878604539345353,-0.029631283334294226
digits20,8,6,2,0.005555555555555556,360,5.258568946453959,2.730749128919861,14.359832569894179,105,60,0.5714285714285714,52,0.49523809523809526,0.9109947643979057,0.06764904910545,0.7114743777661167,0.04393323651324611,67863.99999946874,4591.999999964039,14.778745644599349,1.473526258821689e-05,inf,inf,inf,13,0.12380952380952381,0.025737998451413058,0.025737998451413058,0.026252758420441318,6.441744566414681,5.32775261324044,34.320021447543226,0.02878604539345353,-0.029631283334294226
digits20,8,7,1,0.002777777777777778,360,5.258568946453959,2.879790940766568,15.143579213394508,119,84,0.7058823529411765,59,0.4957983193277311,0.9411764705882352,0.06419487962264936,0.675146401010028,0.05106703293634326,67863.99999946874,4591.999999964039,14.778745644599349,1.4735260003839734e-05,inf,inf,inf,29,0.24369747899159663,0.025737998451413058,0.025737998451413058,0.026252758420441318,6.441744566414681,5.32775261324044,34.320021447543226,0.028776169887164915,-0.03935399914631333
digits20,8,7,2,0.005555555555555556,360,5.258568946453959,2.730749128919861,14.359832569894179,119,70,0.5882352941176471,54,0.453781512605042,0.9411764705882352,0.06759443736023096,0.7109000185110758,0.03994832552924468,67863.99999946874,4591.999999964039,14.778745644599349,1.4735260003839734e-05,inf,inf,inf,20,0.16806722689075632,0.025737998451413058,0.025737998451413058,0.026252758420441318,6.441744566414681,5.32775261324044,34.320021447543226,0.028776169887164915,-0.03935399914631333
digits20,9,1,1,0.002777777777777778,360,2.017082778526625,1.8413990383566232,3.7142542886646335,20,17,0.85,17,0.85,1.0,0.26923304714269436,1.0861306856035515,0.26621601746046225,3.7142542886646335,2.017082778526625,1.8413990383566232,0.26923304714269436,1.9340785949889816,1.7913990383566232,3.4647065351693906,0,0.0,0.0,0.0,0.0681245543956701,1.0,1.0,1.0,1.0,0.8637508912086598
digits20,9,1,2,0.005555555555555556,360,2.017082778526625,1.8413990383566232,3.7142542886646335,20,17,0.85,17,0.85,1.0,0.26923304714269436,1.0861306856035515,0.2631989877782302,3.7142542886646335,2.017082778526625,1.8413990383566232,0.26923304714269436,1.857635753537838,1.7413990383566234,3.2348851148276725,0,0.0,0.0,0.0,0.0681245543956701,1.0,1.0,1.0,1.0,0.8637508912086598
digits20,9,2,1,0.002777777777777778,360,6.185989918303503,1.8413990383566232,11.390875886847835,39,29,0.7435897435897436,28,0.717948717948718,0.9270072992700731,0.08586280978944594,1.0622929514294477,0.07996118228150456,46.50808273944038,6.185989918303503,7.518292682926833,0.02138605875999433,5.15693377771338,6.518292682926829,33.61440370960734,0,0.0,0.0006920247773906651,0.0006920247773906651,0.07398623226969037,1.0,1.0,1.0,0.75,0.5280413031909289
digits20,9,2,2,0.005555555555555556,360,6.185989918303503,1.8413990383566232,11.390875886847835,39,29,0.7435897435897436,28,0.717948717948718,0.9270072992700731,0.08586280978944594,1.0622929514294477,0.07405955477356319,46.50808273944038,6.185989918303503,7.518292682926833,0.02138605875999433,4.42141880979004,5.518292682926825,24.398683066219412,0,0.0,0.0006920247773906651,0.0006920247773906651,0.07398623226969037,1.0,1.0,1.0,0.75,0.5280413031909289
digits20,9,3,1,0.002777777777777778,360,6.185989918303503,3.8083623693379924,23.558491221971263,57,39,0.6842105263157895,34,0.5964912280701754,0.949044585987261,0.041849774834370024,0.5177645704173692,0.03753507008089195,46.50808273944038,6.185989918303503,7.518292682926833,0.021347900225932692,inf,inf,inf,2,0.03508771929824561,0.01254355400696866,0.01254355400696866,0.07316810158910471,1.0,1.0,1.0,0.7037037037037036,0.39477171921637266
digits20,9,3,2,0.005555555555555556,360,6.185989918303503,3.8083623693379924,23.558491221971263,57,35,0.6140350877192983,33,0.5789473684210527,0.949044585987261,0.041849774834370024,0.5177645704173692,0.03322036532741387,46.50808273944038,6.185989918303503,7.518292682926833,0.021347900225932692,inf,inf,inf,1,0.017543859649122806,0.01254355400696866,0.01254355400696866,0.07316810158910471,1.0,1.0,1.0,0.7037037037037036,0.39477171921637266
digits20,9,4,1,0.002777777777777778,360,6.185989918303503,4.180023228803707,25.857581551654185,74,49,0.6621621621621622,39,0.527027027027027,0.8988764044943819,0.03811612205844095,0.47157189355668294,0.03287643435225558,46.50808273944038,6.185989918303503,7.518292682926833,0.02132888915625608,inf,inf,inf,8,0.10810810810810811,0.016010936895083205,0.016010936895083205,0.0714183941690195,1.0090506655359692,1.0,1.0090506655359692,0.6797927440858247,0.287879837665046
digits20,9,4,2,0.005555555555555556,360,6.185989918303503,4.180023228803707,25.857581551654185,74,42,0.5675675675675675,37,0.5,0.8988764044943819,0.03811612205844095,0.47157189355668294,0.027636746646070215,46.50808273944038,6.185989918303503,7.518292682926833,0.02132888915625608,inf,inf,inf,6,0.08108108108108109,0.016010936895083205,0.016010936895083205,0.0714183941690195,1.0090506655359692,1.0,1.0090506655359692,0.6797927440858247,0.287879837665046
digits20,9,5,1,0.002777777777777778,360,7.990719257540637,4.180023228803707,33.40139211136897,90,59,0.6555555555555556,44,0.4888888888888889,0.917948717948718,0.029582477891961667,0.4727705515541365,0.02301622023148755,60.076566125290306,7.990719257540637,7.518292682926833,0.016534965672146185,inf,inf,inf,12,0.13333333333333333,0.026425183894696058,0.026425183894696058,0.06892799687996656,1.0393824380044732,1.0,1.0393824380044732,0.6565033389530074,0.18616760974297858
digits20,9,5,2,0.005555555555555556,360,7.990719257540637,4.180023228803707,33.40139211136897,90,50,0.5555555555555556,41,0.45555555555555555,0.917948717948718,0.029582477891961667,0.4727705515541365,0.01644996257101343,60.076566125290306,7.990719257540637,7.518292682926833,0.016534965672146185,inf,inf,inf,9,0.1,0.026425183894696058,0.026425183894696058,0.06892799687996656,1.0393824380044732,1.0,1.0393824380044732,0.6565033389530074,0.18616760974297858
digits20,9,6,1,0.002777777777777778,360,7.990719257540637,4.180023228803707,33.40139211136897,105,70,0.6666666666666666,52,0.49523809523809526,0.914691943127962,0.02956787402302341,0.47253716072061747,0.021692254677679785,60.076566125290306,7.990719257540637,7.518292682926833,0.016530405638321866,inf,inf,inf,16,0.1523809523809524,0.026425183894696058,0.026425183894696058,0.04609288435232576,1.434868822606892,1.0117271200147595,1.4516957014950396,0.5189124722528797,0.1070791908362001
digits20,9,6,2,0.005555555555555556,360,7.990719257540637,4.180023228803707,33.40139211136897,105,59,0.5619047619047619,47,0.44761904761904764,0.914691943127962,0.02956787402302341,0.47253716072061747,0.01381663533233616,60.076566125290306,7.990719257540637,7.518292682926833,0.016530405638321866,inf,inf,inf,12,0.11428571428571428,0.026425183894696058,0.026425183894696058,0.04609288435232576,1.434868822606892,1.0117271200147595,1.4516957014950396,0.5189124722528797,0.1070791908362001
digits20,9,7,1,0.002777777777777778,360,7.990719257540637,4.180023228803707,33.40139211136897,119,79,0.6638655462184874,57,0.4789915966386555,1.0,0.029557454500226177,0.47237064175767696,0.02037246979938246,60.076566125290306,7.990719257540637,7.518292682926833,0.01652715052852327,inf,inf,inf,20,0.16806722689075632,0.026425183894696058,0.026425183894696058,0.035247314850242274,1.7513770666118473,1.2705557001205399,2.225222115044073,0.37153025319195354,0.05043941365295618
digits20,9,7,2,0.005555555555555556,360,7.990719257540637,4.180023228803707,33.40139211136897,119,65,0.5462184873949579,51,0.42857142857142855,1.0,0.029557454500226177,0.47237064175767696,0.01118748509853874,60.076566125290306,7.990719257540637,7.518292682926833,0.01652715052852327,inf,inf,inf,16,0.13445378151260504,0.026425183894696058,0.026425183894696058,0.035247314850242274,1.7513770666118473,1.2705557001205399,2.225222115044073,0.37153025319195354,0.05043941365295618
digits20,10,1,1,0.002777777777777778,360,2.494001881300288,2.066660362398435,5.154254831830432,20,17,0.85,17,0.85,1.0,0.19401446622786978,0.9677448875435569,0.19132628598469323,5.154254831830432,2.494001881300288,2.066660362398435,0.19401446622786978,1.663998702431305,2.0166603623984347,3.3557202262756407,0,0.0,0.002087015874632364,0.002087015874632364,0.06289982940893261,1.0,1.0,1.0,1.0,0.8742003411821347
digits20,10,1,2,0.005555555555555556,360,2.494001881300288,2.066660362398435,5.154254831830432,20,17,0.85,17,0.85,1.0,0.19401446622786978,0.9677448875435569,0.18863810574151668,5.154254831830432,2.494001881300288,2.066660362398435,0.19401446622786978,1.2484986692931141,1.966660362398435,2.4553728454059596,0,0.0,0.002087015874632364,0.002087015874632364,0.06289982940893261,1.0,1.0,1.0,1.0,0.8742003411821347
digits20,10,2,1,0.002777777777777778,360,2.494001881300288,4.159756097560973,10.374439533067413,39,31,0.7948717948717948,29,0.7435897435897436,0.96,0.09406795514767519,0.4692113142167461,0.09146122562424881,77.85416666666838,5.979166666666782,13.020905923344982,0.012803282223079138,inf,inf,inf,2,0.05128205128205128,0.018103948896631833,0.018103948896631833,0.057747320860000076,1.0,1.0272085869184333,1.0272085869184333,0.7365806534898962,0.566438416144498
digits20,10,2,2,0.005555555555555556,360,2.494001881300288,4.159756097560973,10.374439533067413,39,29,0.7435897435897436,28,0.717948717948718,0.96,0.09406795514767519,0.4692113142167461,0.08885449610082245,77.85416666666838,5.979166666666782,13.020905923344982,0.012803282223079138,inf,inf,inf,1,0.02564102564102564,0.018103948896631833,0.018103948896631833,0.057747320860000076,1.0,1.0272085869184333,1.0272085869184333,0.7365806534898962,0.566438416144498
digits20,10,3,1,0.002777777777777778,360,2.494001881300288,4.159756097560973,10.374439533067413,57,40,0.7017543859649122,31,0.543859649122807,0.9319727891156462,0.09332686019348857,0.46551472979681896,0.08944757077851508,77.85416666666838,5.979166666666782,13.020905923344982,0.012789612217822821,inf,inf,inf,7,0.12280701754385964,0.018757259001161375,0.018757259001161375,0.05983122578277451,1.0,1.0,1.0,0.7037037037037036,0.4510829726208779
digits20,10,3,2,0.005555555555555556,360,2.494001881300288,4.159756097560973,10.374439533067413,57,36,0.631578947368421,30,0.5263157894736842,0.9319727891156462,0.09332686019348857,0.46551472979681896,0.08556828136354158,77.85416666666838,5.979166666666782,13.020905923344982,0.012789612217822821,inf,inf,inf,3,0.05263157894736842,0.018757259001161375,0.018757259001161375,0.05983122578277451,1.0,1.0,1.0,0.7037037037037036,0.4510829726208779
digits20,10,4,1,0.002777777777777778,360,2.494001881300288,4.159756097560973,10.374439533067413,74,53,0.7162162162162162,38,0.5135135135135135,0.9879518072289156,0.09296219483525492,0.4636957776178594,0.08781001952838982,77.85416666666838,5.979166666666782,13.020905923344982,0.012782791824942907,inf,inf,inf,12,0.16216216216216217,0.033347851335656264,0.033347851335656264,0.058167945439406225,1.0072483970245254,1.0196373444891227,1.0270280807830126,0.6723444089283572,0.3572054515049383
digits20,10,4,2,0.005555555555555556,360,2.494001881300288,4.159756097560973,10.374439533067413,74,46,0.6216216216216216,34,0.4594594594594595,0.9879518072289156,0.09296219483525492,0.4636957776178594,0.08265784422152471,77.85416666666838,5.979166666666782,13.020905923344982,0.012782791824942907,inf,inf,inf,8,0.10810810810810811,0.033347851335656264,0.033347851335656264,0.058167945439406225,1.0072483970245254,1.0196373444891227,1.0270280807830126,0.6723444089283572,0.3572054515049383
digits20,10,5,1,0.002777777777777778,360,5.142857142857224,4.159756097560973,21.393031358885345,90,63,0.7,46,0.5111111111111111,0.9720670391061452,0.04587831860240332,0.47189127705329875,0.03932427308777418,77.85416666666838,5.979166666666782,13.020905923344982,0.012778704250837047,inf,inf,inf,14,0.15555555555555556,0.033347851335656264,0.033347851335656264,0.058167945439406225,1.0072483970245254,1.0196373444891227,1.0270280807830126,0.6613978681471802,0.2738877025198043
digits20,10,5,2,0.005555555555555556,360,3.543209876543225,4.159756097560973,14.738888888888944,90,54,0.6,41,0.45555555555555555,0.9720670391061452,0.06603121122238598,0.46792487952653966,0.05303329790220432,77.85416666666838,5.979166666666782,13.020905923344982,0.012778704250837047,inf,inf,inf,9,0.1,0.033347851335656264,0.033347851335656264,0.058167945439406225,1.0072483970245254,1.0196373444891227,1.0270280807830126,0.6613978681471802,0.2738877025198043
digits20,10,6,1,0.002777777777777778,360,10.260178748758758,4.159756097560973,42.67984111221476,105,72,0.6857142857142857,51,0.4857142857142857,0.8877551020408164,0.023202712246513713,0.47612795021048915,0.015267246409672227,133.59682224429122,10.260178748758758,13.020905923344982,0.007461901634727819,inf,inf,inf,19,0.18095238095238095,0.033347851335656264,0.033347851335656264,0.058167945439406225,1.0072483970245254,1.0196373444891227,1.0270280807830126,0.6543857509094992,0.19430359534493566
digits20,10,6,2,0.005555555555555556,360,3.543209876543225,4.159756097560973,14.738888888888944,105,60,0.5714285714285714,44,0.41904761904761906,0.8877551020408164,0.06595834722160732,0.4674085346321329,0.05037806273386955,133.59682224429122,10.260178748758758,13.020905923344982,0.007461901634727819,inf,inf,inf,13,0.12380952380952381,0.033347851335656264,0.033347851335656264,0.058167945439406225,1.0072483970245254,1.0196373444891227,1.0270280807830126,0.6543857509094992,0.19430359534493566
digits20,10,7,1,0.002777777777777778,360,10.260178748758758,4.159756097560973,42.67984111221476,119,83,0.6974789915966386,52,0.4369747899159664,0.9234693877551021,0.02319629742988827,0.47599631588005403,0.013940813509998328,133.59682224429122,10.260178748758758,13.020905923344982,0.007461238583713392,inf,inf,inf,30,0.25210084033613445,0.033347851335656264,0.033347851335656264,0.07606617393530384,1.0326699549046294,1.0,1.0326699549046294,0.6473370860371165,-0.0645508576957462
digits20,10,7,2,0.005555555555555556,360,3.543209876543225,4.159756097560973,14.738888888888944,119,68,0.5714285714285714,44,0.3697478991596639,0.9234693877551021,0.06590643382994599,0.4670406545480143,0.047743741708634324,133.59682224429122,10.260178748758758,13.020905923344982,0.007461238583713392,inf,inf,inf,21,0.17647058823529413,0.033347851335656264,0.033347851335656264,0.07606617393530384,1.0326699549046294,1.0,1.0326699549046294,0.6473370860371165,-0.0645508576957462
digits20,11,1,1,0.002777777777777778,360,1.3076329448045496,1.753815749274405,2.293347252868288,20,17,0.85,17,0.85,1.0,0.4360438650314734,1.1403706465901262,0.43287616879094526,2.293347252868288,1.3076329448045496,1.753815749274405,0.4360438650314734,1.2234328845126548,1.5038157492744049,1.8398176399103443,0,0.0,1.1567928086125834e-06,1.1567928086125834e-06,0.03076606835716429,1.0,1.0,1.0,1.0,0.9384678632856714
digits20,11,1,2,0.005555555555555556,360,1.3076329448045496,1.753815749274405,2.293347252868288,20,16,0.8,16,0.8,1.0,0.4360438650314734,1.1403706465901262,0.42970847255041716,2.293347252868288,1.3076329448045496,1.753815749274405,0.4360438650314734,1.1494203253465394,1.4406586202381562,1.655922299987438,0,0.0,1.1567928086125834e-06,1.1567928086125834e-06,0.03076606835716429,1.0,1.0,1.0,1.0,0.9384678632856714
digits20,11,2,1,0.002777777777777778,360,13.364377182770694,8.518292682926777,113.84167636786918,39,32,0.8205128205128205,31,0.7948717948717948,0.9153846153846154,0.00876483902487124,0.23427322934929468,0.007463321084041826,113.84167636786918,13.364377182770694,8.518292682926777,0.00876483902487124,inf,inf,inf,2,0.05128205128205128,0.006951703445605917,0.006951703445605917,0.05302739199031575,1.0,1.0,1.0,0.75,0.5909178240290527
digits20,11,2,2,0.005555555555555556,360,1.6082314864016223,8.518292682926777,13.699386503067394,39,29,0.7435897435897436,29,0.7435897435897436,0.9153846153846154,0.07166386665514235,0.23050417358417447,0.06910270917087374,113.84167636786918,13.364377182770694,8.518292682926777,0.00876483902487124,inf,inf,inf,1,0.02564102564102564,0.006951703445605917,0.006951703445605917,0.05302739199031575,1.0,1.0,1.0,0.75,0.5909178240290527
digits20,11,3,1,0.002777777777777778,360,13.364377182770694,8.518292682926777,113.84167636786918,57,42,0.7368421052631579,37,0.6491228070175439,1.0068493150684932,0.008758434051029051,0.2341020323767491,0.006807583781222809,113.84167636786918,13.364377182770694,8.518292682926777,0.008758434051029051,inf,inf,inf,6,0.10526315789473684,0.01596496322106078,0.01596496322106078,0.06227408190732154,1.0032321198378469,1.0,1.0032321198378469,0.7022695262017692,0.4390222807617953
digits20,11,3,2,0.005555555555555556,360,1.6677966101694885,8.518292682926777,14.206779661016837,57,36,0.631578947368421,34,0.5964912280701754,1.0068493150684932,0.06875031152994082,0.2293230730354632,0.0649282603126831,113.84167636786918,13.364377182770694,8.518292682926777,0.008758434051029051,inf,inf,inf,3,0.05263157894736842,0.01596496322106078,0.01596496322106078,0.06227408190732154,1.0032321198378469,1.0,1.0032321198378469,0.7022695262017692,0.4390222807617953
digits20,11,4,1,0.002777777777777778,360,13.364377182770694,8.518292682926777,113.84167636786918,74,53,0.7162162162162162,44,0.5945945945945946,0.9882352941176471,0.008755236247736775,0.23401655907804053,0.006155052257980769,113.84167636786918,13.364377182770694,8.518292682926777,0.008755236247736775,inf,inf,inf,12,0.16216216216216217,0.03200493612078986,0.03200493612078986,0.06383910006703425,1.0,1.0,1.0,0.68359375,0.33447367150840646
digits20,11,4,2,0.005555555555555556,360,4.410757946210263,8.518292682926777,37.57212713936403,74,44,0.5945945945945946,41,0.5540540540540541,0.9882352941176471,0.026351007320620234,0.23245582986014104,0.0211853222126171,113.84167636786918,13.364377182770694,8.518292682926777,0.008755236247736775,inf,inf,inf,6,0.08108108108108109,0.03200493612078986,0.03200493612078986,0.06383910006703425,1.0,1.0,1.0,0.68359375,0.33447367150840646
digits20,11,5,1,0.002777777777777778,360,13.364377182770694,8.518292682926777,113.84167636786918,90,68,0.7555555555555555,58,0.6444444444444445,0.9508196721311476,0.008753319061562626,0.23396531507971868,0.005503800796566533,113.84167636786918,13.364377182770694,8.518292682926777,0.008753319061562626,inf,inf,inf,13,0.14444444444444443,0.04799409601238874,0.04799409601238874,0.059864433023677964,1.0445525968302658,1.0,1.0445525968302658,0.654473037219182,0.24522090943765096
digits20,11,5,2,0.005555555555555556,360,4.410757946210263,8.518292682926777,37.57212713936403,90,56,0.6222222222222222,52,0.5777777777777777,0.9508196721311476,0.026333625627611212,0.23230249697902478,0.019880778489304966,113.84167636786918,13.364377182770694,8.518292682926777,0.008753319061562626,inf,inf,inf,7,0.07777777777777778,0.04799409601238874,0.04799409601238874,0.059864433023677964,1.0445525968302658,1.0,1.0445525968302658,0.654473037219182,0.24522090943765096
digits20,11,6,1,0.002777777777777778,360,15.168289290681544,8.518292682926777,129.2079276773292,105,82,0.780952380952381,62,0.5904761904761905,0.9526315789473684,0.007714548034763236,0.23403299267629507,0.0038139981568249843,129.2079276773292,15.168289290681544,8.518292682926777,0.007714548034763236,inf,inf,inf,22,0.20952380952380953,0.04799409601238874,0.04799409601238874,0.059864433023677964,1.0445525968302658,1.0,1.0445525968302658,0.6475912740235057,0.16165264843313215
digits20,11,6,2,0.005555555555555556,360,4.410757946210263,8.518292682926777,37.57212713936403,105,65,0.6190476190476191,55,0.5238095238095238,0.9526315789473684,0.02632205486883865,0.23220042534662527,0.018582040690617807,129.2079276773292,15.168289290681544,8.518292682926777,0.007714548034763236,inf,inf,inf,14,0.13333333333333333,0.04799409601238874,0.04799409601238874,0.059864433023677964,1.0445525968302658,1.0,1.0445525968302658,0.6475912740235057,0.16165264843313215
digits20,11,7,1,0.002777777777777778,360,15.168289290681544,8.518292682926777,129.2079276773292,119,91,0.7647058823529411,69,0.5798319327731093,0.8663366336633663,0.0077138393172964115,0.23401149261317078,0.0031636158498180907,231.2601351351158,27.148648648646546,8.518292682926777,0.004316129563707194,inf,inf,inf,26,0.2184873949579832,0.04799409601238874,0.04799409601238874,0.059864433023677964,1.0445525968302658,1.0,1.0445525968302658,0.6428036855407724,0.08006654355003527
digits20,11,7,2,0.005555555555555556,360,4.410757946210263,8.518292682926777,37.57212713936403,119,73,0.6134453781512605,61,0.5126050420168067,0.8663366336633663,0.026313798367809227,0.2321275904915784,0.017286614293136732,231.2601351351158,27.148648648646546,8.518292682926777,0.004316129563707194,inf,inf,inf,17,0.14285714285714285,0.04799409601238874,0.04799409601238874,0.059864433023677964,1.0445525968302658,1.0,1.0445525968302658,0.6428036855407724,0.08006654355003527
digits20,12,1,1,0.002777777777777778,360,1.4964011287801735,1.5654446691350323,2.3425331699365675,20,17,0.85,17,0.85,1.0,0.42688829888674684,1.277592264634352,0.42333943148498476,2.3425331699365675,1.4964011287801735,1.5654446691350323,0.42688829888674684,1.3545503192731694,1.4161688350502972,1.9182719476620924,0,0.0,0.0,0.0,0.04138920571738315,1.0,1.0055211065350653,1.0055211065350653,0.9945092087086163,0.9121853162544705
digits20,12,1,2,0.005555555555555556,360,1.4964011287801735,1.5654446691350323,2.3425331699365675,20,17,0.85,17,0.85,1.0,0.42688829888674684,1.277592264634352,0.4197905640832227,2.3425331699365675,1.4964011287801735,1.5654446691350323,0.42688829888674684,1.3079278435350976,1.3726905741807323,1.7953802225291602,0,0.0,0.0,0.0,0.04138920571738315,1.0,1.0055211065350653,1.0055211065350653,0.9945092087086163,0.9121853162544705
digits20,12,2,1,0.002777777777777778,360,8.597104343484812,3.7569686411149847,32.299051422865865,39,32,0.8205128205128205,31,0.7948717948717948,1.0,0.030721020924660558,0.5282236448553742,0.02778644511990848,32.299051422865865,8.597104343484812,3.7569686411149847,0.030721020924660558,inf,inf,inf,1,0.02564102564102564,0.0034746418892760422,0.0034746418892760422,0.06338253246812739,1.0,1.0,1.0,0.75,0.5598524025956179
digits20,12,2,2,0.005555555555555556,360,3.8601210490921294,3.7569686411149847,14.502353732347007,39,29,0.7435897435897436,29,0.7435897435897436,1.0,0.06776564943205743,0.523167219556166,0.06195268032587781,32.299051422865865,8.597104343484812,3.7569686411149847,0.030721020924660558,4.005582693649695,3.090301974448318,12.378460107001665,0,0.0,0.0034746418892760422,0.0034746418892760422,0.06338253246812739,1.0,1.0,1.0,0.75,0.5598524025956179
digits20,12,3,1,0.002777777777777778,360,8.597104343484812,5.634146341463427,48.43734398402429,57,45,0.7894736842105263,40,0.7017543859649122,0.9655172413793103,0.02050347855279966,0.35254108904564324,0.017565636144085964,48.43734398402429,8.597104343484812,5.634146341463427,0.02050347855279966,inf,inf,inf,4,0.07017543859649122,0.007682442895857566,0.007682442895857566,0.06266648472494445,1.0,1.0,1.0,0.7037037037037036,0.4391118793094938
digits20,12,3,2,0.005555555555555556,360,3.8601210490921294,3.7569686411149847,14.502353732347007,57,40,0.7017543859649122,37,0.6491228070175439,0.9655172413793103,0.06738156738409207,0.520202013160307,0.05871153383142028,48.43734398402429,8.597104343484812,5.634146341463427,0.02050347855279966,inf,inf,inf,2,0.03508771929824561,0.007682442895857566,0.007682442895857566,0.06266648472494445,1.0,1.0,1.0,0.7037037037037036,0.4391118793094938
digits20,12,4,1,0.002777777777777778,360,8.597104343484812,5.634146341463427,48.43734398402429,74,55,0.7432432432432432,43,0.581081081081081,0.8705882352941177,0.020485942512104338,0.3522395707023847,0.016572169504300065,48.43734398402429,8.597104343484812,5.634146341463427,0.020485942512104338,inf,inf,inf,11,0.14864864864864866,0.030628145567169918,0.030628145567169918,0.06109286524899951,1.0078881190074676,1.0,1.0078881190074676,0.6802790515460432,0.3451748259203153
digits20,12,4,2,0.005555555555555556,360,3.8601210490921294,3.7569686411149847,14.502353732347007,74,46,0.6216216216216216,39,0.527027027027027,0.8705882352941177,0.06719171483591102,0.5187363055253921,0.055664241379791195,48.43734398402429,8.597104343484812,5.634146341463427,0.020485942512104338,inf,inf,inf,7,0.0945945945945946,0.030628145567169918,0.030628145567169918,0.06109286524899951,1.0078881190074676,1.0,1.0078881190074676,0.6802790515460432,0.3451748259203153
digits20,12,5,1,0.002777777777777778,360,8.597104343484812,5.634146341463427,48.43734398402429,90,65,0.7222222222222222,49,0.5444444444444444,0.9222222222222223,0.02047544012545921,0.35205899047469713,0.01558573192442175,48.43734398402429,8.597104343484812,5.634146341463427,0.02047544012545921,inf,inf,inf,17,0.18888888888888888,0.030628145567169918,0.030628145567169918,0.06109286524899951,1.0078881190074676,1.0,1.0078881190074676,0.669101744257439,0.2571038638202867
digits20,12,5,2,0.005555555555555556,360,3.8601210490921294,3.7569686411149847,14.502353732347007,90,54,0.6,43,0.4777777777777778,0.9222222222222223,0.06707849281451417,0.5178622041093626,0.052693431589254096,48.43734398402429,8.597104343484812,5.634146341463427,0.02047544012545921,inf,inf,inf,12,0.13333333333333333,0.030628145567169918,0.030628145567169918,0.06109286524899951,1.0078881190074676,1.0,1.0078881190074676,0.669101744257439,0.2571038638202867
digits20,12,6,1,0.002777777777777778,360,12.898876404494915,5.634146341463427,72.67415730337395,105,74,0.7047619047619048,56,0.5333333333333333,0.9682539682539681,0.013681399058549593,0.3529493509936086,0.007798909875322783,8084.9999999830525,1434.999999996989,5.634146341463427,0.00012367946390245965,inf,inf,inf,19,0.18095238095238095,0.030628145567169918,0.030628145567169918,0.046717828289395316,1.2199984494245364,1.0,1.2199984494245364,0.5857758081408024,0.18513553553204326
digits20,12,6,2,0.005555555555555556,360,4.5631003643590615,3.7569686411149847,17.143424975157355,105,59,0.5619047619047619,48,0.45714285714285713,0.9682539682539681,0.05693191493590988,0.519572083575419,0.039612845483395914,8084.9999999830525,1434.999999996989,5.634146341463427,0.00012367946390245965,inf,inf,inf,13,0.12380952380952381,0.030628145567169918,0.030628145567169918,0.046717828289395316,1.2199984494245364,1.0,1.2199984494245364,0.5857758081408024,0.18513553553204326
digits20,12,7,1,0.002777777777777778,360,12.898876404494915,5.634146341463427,72.67415730337395,119,79,0.6638655462184874,58,0.48739495798319327,0.9313725490196079,0.013679169531451318,0.35289183420464637,0.006817383866360972,8084.9999999830525,1434.999999996989,5.634146341463427,0.0001236792817994603,inf,inf,inf,22,0.18487394957983194,0.030628145567169918,0.030628145567169918,0.06109286524899951,1.0078881190074676,1.0,1.0078881190074676,0.6569674464041944,0.09063074670066756
digits20,12,7,2,0.005555555555555556,360,4.5631003643590615,3.7569686411149847,17.143424975157355,119,60,0.5042016806722689,49,0.4117647058823529,0.9313725490196079,0.05689324915471394,0.5192192118948922,0.03670139091435702,8084.9999999830525,1434.999999996989,5.634146341463427,0.0001236792817994603,inf,inf,inf,13,0.1092436974789916,0.030628145567169918,0.030628145567169918,0.06109286524899951,1.0078881190074676,1.0,1.0078881190074676,0.6569674464041944,0.09063074670066756
digits20,13,1,1,0.002777777777777778,360,1.5962396818214655,1.3359267430175898,2.1324592792111843,20,17,0.85,17,0.85,1.0,0.4689421316264988,1.4970880779603244,0.46478355363216456,2.1324592792111843,1.5962396818214655,1.3359267430175898,0.4689421316264988,1.3307209780058205,1.2883076953985422,1.7143780763931726,0,0.0,1.2628742452058805e-06,1.2628742452058805e-06,0.022634858908403107,1.0,1.0,1.0,1.0,0.9547302821831938
digits20,13,1,2,0.005555555555555556,360,1.5962396818214655,1.3359267430175898,2.1324592792111843,20,17,0.85,17,0.85,1.0,0.4689421316264988,1.4970880779603244,0.46062497563783034,2.1324592792111843,1.5962396818214655,1.3359267430175898,0.4689421316264988,1.1409373240439344,1.2406886477794947,1.4155479857692241,0,0.0,1.2628742452058805e-06,1.2628742452058805e-06,0.022634858908403107,1.0,1.0,1.0,1.0,0.9547302821831938
digits20,13,2,1,0.002777777777777778,360,11.937608318890764,5.385888501742181,64.29462738301557,39,31,0.7948717948717948,29,0.7435897435897436,0.952755905511811,0.015492922049142765,0.36989687027554563,0.013437939436500845,64.29462738301557,11.937608318890764,5.385888501742181,0.015492922049142765,inf,inf,inf,2,0.05128205128205128,0.02436604723190086,0.02436604723190086,0.04544937456565438,1.0072964883846034,1.0,1.0072964883846034,0.7463650647950224,0.6096877224048246
digits20,13,2,2,0.005555555555555556,360,2.567275437942596,3.357317073170747,8.619157659336583,39,29,0.7435897435897436,27,0.6923076923076923,0.952755905511811,0.1126554222381776,0.5784349969262509,0.10622836671677481,64.29462738301557,11.937608318890764,5.385888501742181,0.015492922049142765,inf,inf,inf,2,0.05128205128205128,0.02436604723190086,0.02436604723190086,0.04544937456565438,1.0072964883846034,1.0,1.0072964883846034,0.7463650647950224,0.6096877224048246
digits20,13,3,1,0.002777777777777778,360,25.97737162750208,5.385888501742181,139.91122715404703,57,44,0.7719298245614035,39,0.6842105263157895,1.062937062937063,0.007130374375631021,0.3704567699979703,0.004043234625647935,139.91122715404703,25.97737162750208,5.385888501742181,0.007130374375631021,inf,inf,inf,5,0.08771929824561403,0.02436604723190086,0.02436604723190086,0.06796568260540599,1.0208682423758986,1.0,1.0208682423758986,0.6945253466338712,0.4053916377951879
digits20,13,3,2,0.005555555555555556,360,3.324163891704051,3.357317073170747,11.160272187635725,57,40,0.7017543859649122,35,0.6140350877192983,1.062937062937063,0.08695392878505337,0.5780982206181599,0.07731895844141737,139.91122715404703,25.97737162750208,5.385888501742181,0.007130374375631021,inf,inf,inf,5,0.08771929824561403,0.02436604723190086,0.02436604723190086,0.06796568260540599,1.0208682423758986,1.0,1.0208682423758986,0.6945253466338712,0.4053916377951879
digits20,13,4,1,0.002777777777777778,360,25.97737162750208,5.385888501742181,139.91122715404703,74,56,0.7567567567567568,49,0.6621621621621622,1.0807453416149069,0.0071282551137418215,0.3703466642906268,0.0030132921771793015,139.91122715404703,25.97737162750208,5.385888501742181,0.0071282551137418215,inf,inf,inf,7,0.0945945945945946,0.02436604723190086,0.02436604723190086,0.06796568260540599,1.0208682423758986,1.0,1.0208682423758986,0.6748813805940368,0.30027358541793386
digits20,13,4,2,0.005555555555555556,360,3.802583636965887,3.357317073170747,12.766478966545286,74,50,0.6756756756756757,44,0.5945945945945946,1.0807453416149069,0.07605917033116116,0.5784427130849494,0.06320488781816229,139.91122715404703,25.97737162750208,5.385888501742181,0.0071282551137418215,inf,inf,inf,6,0.08108108108108109,0.02436604723190086,0.02436604723190086,0.06796568260540599,1.0208682423758986,1.0,1.0208682423758986,0.6748813805940368,0.30027358541793386
digits20,13,5,1,0.002777777777777778,360,25.97737162750208,5.385888501742181,139.91122715404703,90,65,0.7222222222222222,56,0.6222222222222222,1.039325842696629,0.007126984363437949,0.3702806427848479,0.001984197658092839,139.91122715404703,25.97737162750208,5.385888501742181,0.007126984363437949,inf,inf,inf,12,0.13333333333333333,0.02784552845528454,0.02784552845528454,0.06792132379422021,1.0215087448829945,1.0,1.0215087448829945,0.6636042427006561,0.20318084582572804
digits20,13,5,2,0.005555555555555556,360,3.802583636965887,3.357317073170747,12.766478966545286,90,57,0.6333333333333333,50,0.5555555555555556,1.039325842696629,0.07591403747268333,0.5773389534192815,0.059876844322147724,139.91122715404703,25.97737162750208,5.385888501742181,0.007126984363437949,inf,inf,inf,11,0.12222222222222222,0.02784552845528454,0.02784552845528454,0.06792132379422021,1.0215087448829945,1.0,1.0215087448829945,0.6636042427006561,0.20318084582572804
digits20,13,6,1,0.002777777777777778,360,25.97737162750208,5.385888501742181,139.91122715404703,105,78,0.7428571428571429,60,0.5714285714285714,0.9494949494949495,0.007126137532447285,0.3702366458981476,0.0009555267674781591,139.91122715404703,25.97737162750208,5.385888501742181,0.007126137532447285,inf,inf,inf,20,0.19047619047619047,0.02784552845528454,0.02784552845528454,0.06792132379422021,1.0215087448829945,1.0,1.0215087448829945,0.6565505576721381,0.10991528586620869
digits20,13,6,2,0.005555555555555556,360,4.2803877703206865,3.357317073170747,14.370618941088907,105,68,0.6476190476190476,54,0.5142857142857142,0.9494949494949495,0.06759974198996577,0.5787062177813665,0.048309534730586884,139.91122715404703,25.97737162750208,5.385888501742181,0.007126137532447285,inf,inf,inf,17,0.1619047619047619,0.02784552845528454,0.02784552845528454,0.06792132379422021,1.0215087448829945,1.0,1.0215087448829945,0.6565505576721381,0.10991528586620869
digits20,13,7,1,0.002777777777777778,360,25.97737162750208,5.385888501742181,139.91122715404703,119,89,0.7478991596638656,65,0.5462184873949579,0.9950738916256158,0.007125532817585878,0.37020522809278067,-7.290217310708044e-05,139.91122715404703,25.97737162750208,5.385888501742181,0.007125532817585878,inf,inf,inf,26,0.2184873949579832,0.02784552845528454,0.02784552845528454,0.03473253820199067,1.9252720703226076,1.0,1.9252720703226076,0.41706933718762096,0.02661978399975526
digits20,13,7,2,0.005555555555555556,360,4.2803877703206865,3.357317073170747,14.370618941088907,119,76,0.6386554621848739,58,0.48739495798319327,0.9950738916256158,0.06754520990819013,0.5782393808695214,0.04505812287437541,139.91122715404703,25.97737162750208,5.385888501742181,0.007125532817585878,inf,inf,inf,21,0.17647058823529413,0.02784552845528454,0.02784552845528454,0.03473253820199067,1.9252720703226076,1.0,1.9252720703226076,0.41706933718762096,0.02661978399975526
digits20,14,1,1,0.002777777777777778,360,1.2333434066323228,2.75219679500702,3.3944037708765182,20,17,0.85,17,0.85,0.8444444444444444,0.29460254804683284,0.7266922204212867,0.2925839585456626,3.3944037708765182,1.2333434066323228,2.75219679500702,0.29460254804683284,1.3325255834579286,1.752196795007021,2.334847056599843,0,0.0,0.0006931815701992361,0.0006931815701992361,0.04497204516678323,1.0,1.0045446952144168,1.0045446952144168,0.9954758655975514,0.90593869441736
digits20,14,1,2,0.005555555555555556,360,1.2333434066323228,1.5650091290653416,1.9301936906521329,20,16,0.8,16,0.8,0.8444444444444444,0.5180827213574308,1.2779478169526364,0.5109830112632495,3.3944037708765182,1.2333434066323228,2.75219679500702,0.29460254804683284,1.1581637426433842,1.3683892147026722,1.584818774292888,0,0.0,0.0006931815701992361,0.0006931815701992361,0.04497204516678323,1.0,1.0045446952144168,1.0045446952144168,0.9954758655975514,0.90593869441736
digits20,14,2,1,0.002777777777777778,360,5.071631429472998,3.2569686411149807,16.518144525086697,39,33,0.8461538461538461,33,0.8461538461538461,0.968503937007874,0.05962322987850033,0.6047740931569915,0.05626337380540593,16.518144525086697,5.071631429472998,3.2569686411149807,0.05962322987850033,3.722955756312242,2.7569686411149816,10.26407227241136,0,0.0,0.0006931815701992361,0.0006931815701992361,0.0681227519892119,1.0,1.0,1.0,0.75,0.5456317440323643
digits20,14,2,2,0.005555555555555556,360,5.071631429472998,3.2569686411149807,16.518144525086697,39,32,0.8205128205128205,32,0.8205128205128205,0.968503937007874,0.05962322987850033,0.6047740931569915,0.052903517732311535,16.518144525086697,5.071631429472998,3.2569686411149807,0.05962322987850033,3.0445880987899847,2.256968641114982,6.871539864080878,0,0.0,0.0006931815701992361,0.0006931815701992361,0.0681227519892119,1.0,1.0,1.0,0.75,0.5456317440323643
digits20,14,3,1,0.002777777777777778,360,5.071631429472998,3.2569686411149807,16.518144525086697,57,42,0.7368421052631579,38,0.6666666666666666,0.9440993788819876,0.05932602849307511,0.6017595013825806,0.0543113659815536,38.81314878892688,11.916955017300905,3.2569686411149807,0.025543828870359553,inf,inf,inf,4,0.07017543859649122,0.0341100464576074,0.0341100464576074,0.06362461104786792,1.0186115306962606,1.0,1.0186115306962606,0.6955086360140725,0.42505831217632334
digits20,14,3,2,0.005555555555555556,360,5.071631429472998,3.2569686411149807,16.518144525086697,57,40,0.7017543859649122,37,0.6491228070175439,0.9440993788819876,0.05932602849307511,0.6017595013825806,0.0492967034700321,38.81314878892688,11.916955017300905,3.2569686411149807,0.025543828870359553,inf,inf,inf,4,0.07017543859649122,0.0341100464576074,0.0341100464576074,0.06362461104786792,1.0186115306962606,1.0,1.0186115306962606,0.6955086360140725,0.42505831217632334
digits20,14,4,1,0.002777777777777778,360,5.3271461716936575,3.2569686411149807,17.350348027841964,74,54,0.7297297297297297,45,0.6081081081081081,0.9479768786127167,0.05640195047300367,0.6009228690766335,0.04972502970548552,1402.1250000010873,430.50000000033407,3.2569686411149807,0.0007130124493884837,inf,inf,inf,9,0.12162162162162163,0.0341100464576074,0.0341100464576074,0.06362461104786792,1.0186115306962606,1.0,1.0186115306962606,0.6758147661732764,0.3254250170473869
digits20,14,4,2,0.005555555555555556,360,5.3271461716936575,3.2569686411149807,17.350348027841964,74,49,0.6621621621621622,44,0.5945945945945946,0.9479768786127167,0.05640195047300367,0.6009228690766335,0.04304810893796737,1402.1250000010873,430.50000000033407,3.2569686411149807,0.0007130124493884837,inf,inf,inf,7,0.0945945945945946,0.0341100464576074,0.0341100464576074,0.06362461104786792,1.0186115306962606,1.0,1.0186115306962606,0.6758147661732764,0.3254250170473869
digits20,14,5,1,0.002777777777777778,360,6.514501891551088,3.2569686411149807,21.21752837326612,90,64,0.7111111111111111,53,0.5888888888888889,1.0561797752808988,0.0462506525198535,0.6025999266521154,0.037881209094129675,1402.1250000010873,430.50000000033407,3.2569686411149807,0.0007129997392666398,inf,inf,inf,12,0.13333333333333333,0.0341100464576074,0.0341100464576074,0.059497426125330696,1.0691782959688185,1.0,1.0691782959688185,0.6449465842647502,0.23467441322602173
digits20,14,5,2,0.005555555555555556,360,6.514501891551088,3.2569686411149807,21.21752837326612,90,58,0.6444444444444445,52,0.5777777777777777,1.0561797752808988,0.0462506525198535,0.6025999266521154,0.029511765668405847,1402.1250000010873,430.50000000033407,3.2569686411149807,0.0007129997392666398,inf,inf,inf,9,0.1,0.0341100464576074,0.0341100464576074,0.059497426125330696,1.0691782959688185,1.0,1.0691782959688185,0.6449465842647502,0.23467441322602173
digits20,14,6,1,0.002777777777777778,360,6.514501891551088,3.2569686411149807,21.21752837326612,105,72,0.6857142857142857,58,0.5523809523809524,1.0416666666666667,0.046214931399977344,0.6021345160461123,0.03617935613254214,1402.1250000010873,430.50000000033407,3.2569686411149807,0.0007129912661880677,inf,inf,inf,15,0.14285714285714285,0.0341100464576074,0.0341100464576074,0.059497426125330696,1.0691782959688185,1.0,1.0691782959688185,0.6382437562523569,0.15103382367522417
digits20,14,6,2,0.005555555555555556,360,6.514501891551088,3.2569686411149807,21.21752837326612,105,65,0.6190476190476191,57,0.5428571428571428,1.0416666666666667,0.046214931399977344,0.6021345160461123,0.026143780865106932,1402.1250000010873,430.50000000033407,3.2569686411149807,0.0007129912661880677,inf,inf,inf,11,0.10476190476190476,0.0341100464576074,0.0341100464576074,0.059497426125330696,1.0691782959688185,1.0,1.0691782959688185,0.6382437562523569,0.15103382367522417
digits20,14,7,1,0.002777777777777778,360,6.514501891551088,3.2569686411149807,21.21752837326612,119,79,0.6638655462184874,62,0.5210084033613446,1.0757575757575757,0.04618946160804627,0.6018026700306875,0.03448774302411623,1402.1250000010873,430.50000000033407,3.2569686411149807,0.0007129852141530835,inf,inf,inf,20,0.16806722689075632,0.0341100464576074,0.0341100464576074,0.059497426125330696,1.0691782959688185,1.0,1.0691782959688185,0.6335791886445452,0.06932180387975068
digits20,14,7,2,0.005555555555555556,360,6.514501891551088,3.2569686411149807,21.21752837326612,119,68,0.5714285714285714,59,0.4957983193277311,1.0757575757575757,0.04618946160804627,0.6018026700306875,0.0227860244401862,1402.1250000010873,430.50000000033407,3.2569686411149807,0.0007129852141530835,inf,inf,inf,13,0.1092436974789916,0.0341100464576074,0.0341100464576074,0.059497426125330696,1.0691782959688185,1.0,1.0691782959688185,0.6335791886445452,0.06932180387975068
digits20,15,1,1,0.002777777777777778,360,1.3728553533034409,3.633938118757872,4.98887139991018,20,16,0.8,16,0.8,0.9666666666666667,0.200446136979599,0.5503671044028746,0.1989173394673688,4.98887139991018,1.3728553533034409,3.633938118757872,0.200446136979599,1.338818245968656,3.133938118757871,4.195773535129723,0,0.0,0.0020918552087399733,0.0020918552087399733,0.041595249209001754,1.0,1.0,1.0,1.0,0.9168095015819965
digits20,15,1,2,0.005555555555555556,360,1.3728553533034409,1.230183794768295,1.6888644081947952,20,15,0.75,15,0.75,0.9666666666666667,0.592113845935617,1.6257733263156013,0.5830817719005303,4.98887139991018,1.3728553533034409,3.633938118757872,0.200446136979599,1.3064280657560678,2.6339381187578708,3.441050681810021,0,0.0,0.0020918552087399733,0.0020918552087399733,0.041595249209001754,1.0,1.0,1.0,1.0,0.9168095015819965
digits20,15,2,1,0.002777777777777778,360,2.550618238021638,3.633938118757872,9.26878884154587,39,29,0.7435897435897436,29,0.7435897435897436,0.8671875,0.10497895424377057,0.5355224706052005,0.10200382940707502,9.26878884154587,2.550618238021638,3.633938118757872,0.10497895424377057,inf,inf,inf,4,0.10256410256410256,0.023644986449864513,0.023644986449864513,0.05043544103734081,1.0023294826376334,1.0,1.0023294826376334,0.7488366152961956,0.5974130767512711
digits20,15,2,2,0.005555555555555556,360,2.550618238021638,3.0699041811846746,7.830153593508514,39,28,0.717948717948718,28,0.717948717948718,0.8671875,0.12363386420618094,0.6306855777627514,0.1166262466754837,9.26878884154587,2.550618238021638,3.633938118757872,0.10497895424377057,inf,inf,inf,2,0.05128205128205128,0.023644986449864513,0.023644986449864513,0.05043544103734081,1.0023294826376334,1.0,1.0023294826376334,0.7488366152961956,0.5974130767512711
digits20,15,3,1,0.002777777777777778,360,2.550618238021638,3.633938118757872,9.26878884154587,57,39,0.6842105263157895,38,0.6666666666666666,0.9933333333333332,0.10405546415577616,0.530811529283059,0.099632034745084,94.87719298246161,8.056140350877635,11.77700348432059,0.010502954076985094,inf,inf,inf,6,0.10526315789473684,0.023644986449864513,0.023644986449864513,0.05043544103734081,1.0023294826376334,1.0,1.0023294826376334,0.7026695835020633,0.4895375479117265
digits20,15,3,2,0.005555555555555556,360,2.550618238021638,3.0699041811846746,7.830153593508514,57,36,0.631578947368421,35,0.6140350877192983,0.9933333333333332,0.12235182852743043,0.6241456105947204,0.11194940168418509,94.87719298246161,8.056140350877635,11.77700348432059,0.010502954076985094,inf,inf,inf,4,0.07017543859649122,0.023644986449864513,0.023644986449864513,0.05043544103734081,1.0023294826376334,1.0,1.0023294826376334,0.7026695835020633,0.4895375479117265
digits20,15,4,1,0.002777777777777778,360,2.550618238021638,7.770470383275214,19.819503477588746,74,51,0.6891891891891891,43,0.581081081081081,0.9235294117647059,0.049508699939409984,0.25255558601239975,0.04670252676149443,94.87719298246161,8.056140350877635,11.77700348432059,0.010498355078303767,inf,inf,inf,15,0.20270270270270271,0.04037214479287643,0.04037214479287643,0.050357351399045326,1.0032718142782293,1.0,1.0032718142782293,0.6822157097383162,0.4064798855922542
digits20,15,4,2,0.005555555555555556,360,2.550618238021638,7.770470383275214,19.819503477588746,74,45,0.6081081081081081,40,0.5405405405405406,0.9235294117647059,0.049508699939409984,0.25255558601239975,0.04389635358357888,94.87719298246161,8.056140350877635,11.77700348432059,0.010498355078303767,inf,inf,inf,11,0.14864864864864866,0.04037214479287643,0.04037214479287643,0.050357351399045326,1.0032718142782293,1.0,1.0032718142782293,0.6822157097383162,0.4064798855922542
digits20,15,5,1,0.002777777777777778,360,4.991304347826238,7.770470383275214,38.784782608696595,90,66,0.7333333333333333,56,0.6222222222222222,0.9162011173184357,0.02551876420397514,0.2547438374449074,0.021980655350573648,94.87719298246161,8.056140350877635,11.77700348432059,0.010495598259507966,inf,inf,inf,18,0.2,0.04037214479287643,0.04037214479287643,0.04117958768873396,1.127897113775477,1.0,1.127897113775477,0.6231646009666281,0.33372746347849286
digits20,15,5,2,0.005555555555555556,360,2.550618238021638,7.770470383275214,19.819503477588746,90,57,0.6333333333333333,51,0.5666666666666667,0.9162011173184357,0.04944727776344593,0.25224225696793395,0.042440548403225545,94.87719298246161,8.056140350877635,11.77700348432059,0.010495598259507966,inf,inf,inf,12,0.13333333333333333,0.04037214479287643,0.04037214479287643,0.04117958768873396,1.127897113775477,1.0,1.127897113775477,0.6231646009666281,0.33372746347849286
digits20,15,6,1,0.002777777777777778,360,4.991304347826238,7.770470383275214,38.784782608696595,105,73,0.6952380952380952,60,0.5714285714285714,0.967032967032967,0.02550789881957205,0.2546353725640835,0.021263975943503995,186.69735327963915,15.852704257768133,11.77700348432059,0.0053443225689291385,inf,inf,inf,22,0.20952380952380953,0.04037214479287643,0.04037214479287643,0.04117958768873396,1.127897113775477,1.0,1.127897113775477,0.6168681998240972,0.27305297215373
digits20,15,6,2,0.005555555555555556,360,3.488351902763745,7.770470383275214,27.106135146867416,105,62,0.5904761904761905,54,0.5142857142857142,0.967032967032967,0.03632955276115457,0.25346052900185884,0.027880868461092608,186.69735327963915,15.852704257768133,11.77700348432059,0.0053443225689291385,inf,inf,inf,14,0.13333333333333333,0.04037214479287643,0.04037214479287643,0.04117958768873396,1.127897113775477,1.0,1.127897113775477,0.6168681998240972,0.27305297215373
digits20,15,7,1,0.002777777777777778,360,8.550148957298775,7.770470383275214,66.43867924528159,119,84,0.7058823529411765,63,0.5294117647058824,0.9682539682539681,0.014954728891340197,0.2557303192739565,0.009982194905457709,186.69735327963915,15.852704257768133,11.77700348432059,0.005343982476140208,inf,inf,inf,31,0.2605042016806723,0.04037214479287643,0.04037214479287643,0.04117958768873396,1.127897113775477,1.0,1.127897113775477,0.6124831616062356,0.21421676153791833
digits20,15,7,2,0.005555555555555556,360,3.488351902763745,7.770470383275214,27.106135146867416,119,66,0.5546218487394958,56,0.47058823529411764,0.9682539682539681,0.03631381900359654,0.25335075923562844,0.02646128947776654,186.69735327963915,15.852704257768133,11.77700348432059,0.005343982476140208,inf,inf,inf,19,0.15966386554621848,0.04037214479287643,0.04037214479287643,0.04117958768873396,1.127897113775477,1.0,1.127897113775477,0.6124831616062356,0.21421676153791833
digits20,16,1,1,0.002777777777777778,360,1.7796568969825872,1.4899835833792434,2.6516595605517,20,17,0.85,17,0.85,0.9090909090909091,0.37712231799165863,1.3422966684398314,0.3733937161348813,2.6516595605517,1.7796568969825872,1.4899835833792434,0.37712231799165863,1.697985759989518,1.437352004431875,2.4406032356177145,0,0.0,0.0013901517631341037,0.0013901517631341037,0.050048791742588666,1.0,1.0,1.0,1.0,0.8999024165148226
digits20,16,1,2,0.005555555555555556,360,1.7796568969825872,1.4899835833792434,2.6516595605517,20,17,0.85,17,0.85,0.9090909090909091,0.37712231799165863,1.3422966684398314,0.369665114278104,2.6516595605517,1.7796568969825872,1.4899835833792434,0.37712231799165863,1.6234817364724046,1.3847204254845067,2.2480683208943937,0,0.0,0.0013901517631341037,0.0013901517631341037,0.050048791742588666,1.0,1.0,1.0,1.0,0.8999024165148226
digits20,16,2,1,0.002777777777777778,360,3.3903596667018334,1.4899835833792434,5.051580245136855,39,32,0.8205128205128205,28,0.717948717948718,1.0084745762711864,0.18816102875030094,1.2758671254402887,0.18107287805341044,5.051580245136855,3.3903596667018334,1.4899835833792434,0.18816102875030094,inf,inf,inf,4,0.10256410256410256,0.016700542005420094,0.016700542005420094,0.08518788288847018,1.0139748973905813,1.0,1.0139748973905813,0.7430613664697006,0.4863236335884471
digits20,16,2,2,0.005555555555555556,360,3.3903596667018334,1.4899835833792434,5.051580245136855,39,31,0.7948717948717948,28,0.717948717948718,1.0084745762711864,0.18816102875030094,1.2758671254402887,0.17398472735651996,5.051580245136855,3.3903596667018334,1.4899835833792434,0.18816102875030094,inf,inf,inf,3,0.07692307692307693,0.016700542005420094,0.016700542005420094,0.08518788288847018,1.0139748973905813,1.0,1.0139748973905813,0.7430613664697006,0.4863236335884471
digits20,16,3,1,0.002777777777777778,360,7.32907719094592,1.4899835833792434,10.920204695828682,57,41,0.7192982456140351,33,0.5789473684210527,0.9597315436241611,0.08880658829407784,1.3017406813437016,0.07795874928288032,12.035188416671039,8.077396657871592,1.4899835833792434,0.0808096312993224,inf,inf,inf,7,0.12280701754385964,0.043832268679829645,0.043832268679829645,0.08743065681668727,1.0,1.0,1.0,0.7037037037037036,0.33455204158880186
digits20,16,3,2,0.005555555555555556,360,3.3903596667018334,1.4899835833792434,5.051580245136855,57,38,0.6666666666666666,32,0.5614035087719298,0.9597315436241611,0.18518273178427413,1.2556721296221334,0.16425486295723857,12.035188416671039,8.077396657871592,1.4899835833792434,0.0808096312993224,inf,inf,inf,5,0.08771929824561403,0.043832268679829645,0.043832268679829645,0.08743065681668727,1.0,1.0,1.0,0.7037037037037036,0.33455204158880186
digits20,16,4,1,0.002777777777777778,360,11.875862068965553,3.3841463414633925,40.18965517241365,74,51,0.6891891891891891,39,0.527027027027027,0.9878048780487805,0.024650818001338837,0.5854994289421462,0.018145268790870545,40.18965517241365,11.875862068965553,3.3841463414633925,0.024650818001338837,inf,inf,inf,11,0.14864864864864866,0.043832268679829645,0.043832268679829645,0.08743065681668727,1.0,1.0,1.0,0.68359375,0.2054573455337415
digits20,16,4,2,0.005555555555555556,360,4.516547095579732,3.3841463414633925,15.284656329553261,74,44,0.5945945945945946,37,0.5,0.9878048780487805,0.06383735455394357,0.5766488366002148,0.051022935962827684,40.18965517241365,11.875862068965553,3.3841463414633925,0.024650818001338837,inf,inf,inf,7,0.0945945945945946,0.043832268679829645,0.043832268679829645,0.08743065681668727,1.0,1.0,1.0,0.68359375,0.2054573455337415
digits20,16,5,1,0.002777777777777778,360,11.875862068965553,3.3841463414633925,40.18965517241365,90,63,0.7,48,0.5333333333333333,1.0,0.02463560814086585,0.5851381685320155,0.016508689133476744,40.18965517241365,11.875862068965553,3.3841463414633925,0.02463560814086585,inf,inf,inf,15,0.16666666666666666,0.043832268679829645,0.043832268679829645,0.08743065681668727,1.0,1.0,1.0,0.6723199999999999,0.08450620809004815
digits20,16,5,2,0.005555555555555556,360,5.768844221105526,3.3841463414633925,19.522613065326503,90,52,0.5777777777777777,45,0.5,1.0,0.05018384393871034,0.5790055561973815,0.034100356266560855,40.18965517241365,11.875862068965553,3.3841463414633925,0.02463560814086585,inf,inf,inf,8,0.08888888888888889,0.043832268679829645,0.043832268679829645,0.08743065681668727,1.0,1.0,1.0,0.6723199999999999,0.08450620809004815
digits20,16,6,1,0.002777777777777778,360,11.875862068965553,15.52613240418096,184.3862068965496,105,74,0.7047619047619048,55,0.5238095238095238,0.9319371727748691,0.005411158398161198,0.12852434153977393,0.0032690860391649656,498.5734265733942,32.11188811188649,15.52613240418096,0.0020040471501017176,inf,inf,inf,21,0.2,0.043832268679829645,0.043832268679829645,0.08175922743364744,1.0674123522070775,1.0,1.0674123522070775,0.6389063939924391,-0.03018814262233554
digits20,16,6,2,0.005555555555555556,360,5.768844221105526,3.3841463414633925,19.522613065326503,105,57,0.5428571428571428,50,0.47619047619047616,0.9319371727748691,0.05014178255328183,0.5785202650368596,0.030857773718719846,498.5734265733942,32.11188811188649,15.52613240418096,0.0020040471501017176,inf,inf,inf,11,0.10476190476190476,0.043832268679829645,0.043832268679829645,0.08175922743364744,1.0674123522070775,1.0,1.0674123522070775,0.6389063939924391,-0.03018814262233554
digits20,16,7,1,0.002777777777777778,360,11.875862068965553,15.52613240418096,184.3862068965496,119,85,0.7142857142857143,62,0.5210084033613446,0.9900990099009901,0.005410809744905043,0.12851606042381397,0.002911886347775327,498.5734265733942,32.11188811188649,15.52613240418096,0.0020039993343458073,inf,inf,inf,26,0.2184873949579832,0.043832268679829645,0.043832268679829645,0.08175922743364744,1.0674123522070775,1.0,1.0674123522070775,0.6342331179293081,-0.14066740661235447
digits20,16,7,2,0.005555555555555556,360,5.768844221105526,3.3841463414633925,19.522613065326503,119,66,0.5546218487394958,55,0.46218487394957986,0.9900990099009901,0.05011179661169329,0.5781742965851647,0.027627240633381334,498.5734265733942,32.11188811188649,15.52613240418096,0.0020039993343458073,inf,inf,inf,16,0.13445378151260504,0.043832268679829645,0.043832268679829645,0.08175922743364744,1.0674123522070775,1.0,1.0674123522070775,0.6342331179293081,-0.14066740661235447
digits20,17,1,1,0.002777777777777778,360,2.4950859839375634,1.3210136965738066,3.296042758910854,20,17,0.85,17,0.85,0.9375,0.3033941223294204,1.513988844466351,0.29918859776145834,3.296042758910854,2.4950859839375634,1.3210136965738066,0.3033941223294204,1.664481227623464,1.275559151119261,2.123144261761331,0,0.0,0.0,0.0,0.04138920571738315,1.0,1.0,1.0,1.0,0.9172215885652337
digits20,17,1,2,0.005555555555555556,360,2.4950859839375634,1.3210136965738066,3.296042758910854,20,17,0.85,17,0.85,0.9375,0.3033941223294204,1.513988844466351,0.29498307319349626,3.296042758910854,2.4950859839375634,1.3210136965738066,0.3033941223294204,1.2538107181133025,1.2301046056647158,1.542318338982958,0,0.0,0.0,0.0,0.04138920571738315,1.0,1.0,1.0,1.0,0.9172215885652337
digits20,17,2,1,0.002777777777777778,360,7.979148566463881,1.3493031358885024,10.766290182449962,39,32,0.8205128205128205,31,0.7948717948717948,1.0,0.0907257149154107,1.4478279162174201,0.08268222649198059,10.766290182449962,7.979148566463881,1.3493031358885024,0.0907257149154107,inf,inf,inf,1,0.02564102564102564,0.006937185443282978,0.006937185443282978,0.03784055740930037,1.0087981686876264,1.0,1.0087981686876264,0.7456202661272753,0.6317685698988806
digits20,17,2,2,0.005555555555555556,360,2.9934810951760142,1.3493031358885024,4.039113428943945,39,30,0.7692307692307693,30,0.7692307692307693,1.0,0.23225523266015113,1.3905032964477384,0.21680519603295403,10.766290182449962,7.979148566463881,1.3493031358885024,0.0907257149154107,inf,inf,inf,1,0.02564102564102564,0.006937185443282978,0.006937185443282978,0.03784055740930037,1.0087981686876264,1.0,1.0087981686876264,0.7456202661272753,0.6317685698988806
digits20,17,3,1,0.002777777777777778,360,7.979148566463881,2.189677700348433,17.471763683753128,57,45,0.7894736842105263,39,0.6842105263157895,1.0,0.05615019434279778,0.8960614853940063,0.04868301529784772,31.979148566463703,7.979148566463881,4.007839721254357,0.030945563026432032,inf,inf,inf,4,0.07017543859649122,0.02091076267905534,0.02091076267905534,0.029826675873363486,1.0637372569052264,1.0,1.0637372569052264,0.6762675895135706,0.5475289101386585
digits20,17,3,2,0.005555555555555556,360,3.552804642166336,2.189677700348433,7.779497098646021,57,41,0.7192982456140351,38,0.6666666666666666,1.0,0.12311390968088076,0.8747993396589604,0.10853392068656476,31.979148566463703,7.979148566463881,4.007839721254357,0.030945563026432032,inf,inf,inf,4,0.07017543859649122,0.02091076267905534,0.02091076267905534,0.029826675873363486,1.0637372569052264,1.0,1.0637372569052264,0.6762675895135706,0.5475289101386585
digits20,17,4,1,0.002777777777777778,360,7.979148566463881,2.189677700348433,17.471763683753128,74,53,0.7162162162162162,42,0.5675675675675675,0.9055555555555556,0.056018432067265866,0.8939587838501575,0.046085556691153,31.979148566463703,7.979148566463881,4.007839721254357,0.0309055946964093,inf,inf,inf,8,0.10810810810810811,0.024382984901277605,0.024382984901277605,0.03041360683537194,1.0579376294198493,1.0,1.0579376294198493,0.6598495231150021,0.4900005653662994
digits20,17,4,2,0.005555555555555556,360,3.552804642166336,2.189677700348433,7.779497098646021,74,45,0.6081081081081081,41,0.5540540540540541,0.9055555555555556,0.12247845430436854,0.8702840420358361,0.10313880892579441,31.979148566463703,7.979148566463881,4.007839721254357,0.0309055946964093,inf,inf,inf,6,0.08108108108108109,0.024382984901277605,0.024382984901277605,0.03041360683537194,1.0579376294198493,1.0,1.0579376294198493,0.6598495231150021,0.4900005653662994
digits20,17,5,1,0.002777777777777778,360,7.979148566463881,2.189677700348433,17.471763683753128,90,67,0.7444444444444445,48,0.5333333333333333,0.9518716577540106,0.05593977277431028,0.8927035154809062,0.04354111283707547,47.70622119815894,11.903225806452172,4.007839721254357,0.02078660606472771,inf,inf,inf,12,0.13333333333333333,0.030635404568331248,0.030635404568331248,0.031248112659697874,1.050724905352478,1.0,1.050724905352478,0.6520630089086188,0.4379700512728341
digits20,17,5,2,0.005555555555555556,360,3.552804642166336,2.189677700348433,7.779497098646021,90,53,0.5888888888888889,47,0.5222222222222223,0.9518716577540106,0.12210143442569465,0.8676050860855529,0.0980012931455404,47.70622119815894,11.903225806452172,4.007839721254357,0.02078660606472771,inf,inf,inf,10,0.1111111111111111,0.030635404568331248,0.030635404568331248,0.031248112659697874,1.050724905352478,1.0,1.050724905352478,0.6520630089086188,0.4379700512728341
digits20,17,6,1,0.002777777777777778,360,7.979148566463881,4.506097560975648,35.95482189400523,105,76,0.7238095238095238,54,0.5142857142857142,0.9121951219512197,0.027492355872227092,0.4387311838931913,0.020180169474007238,89.33640552995837,11.903225806452172,7.505226480836258,0.011141567212206716,inf,inf,inf,16,0.1523809523809524,0.030635404568331248,0.030635404568331248,0.033415714652348494,1.0558454268452153,1.0,1.0558454268452153,0.6432759240560504,0.3709245063645951
digits20,17,6,2,0.005555555555555556,360,5.773307543520292,2.189677700348433,12.641682785299775,105,59,0.5619047619047619,52,0.49523809523809526,0.9121951219512197,0.07654154550478365,0.8837957641109382,0.04708168670108571,89.33640552995837,11.903225806452172,7.505226480836258,0.011141567212206716,inf,inf,inf,13,0.12380952380952381,0.030635404568331248,0.030635404568331248,0.033415714652348494,1.0558454268452153,1.0,1.0558454268452153,0.6432759240560504,0.3709245063645951
digits20,17,7,1,0.002777777777777778,360,7.979148566463881,4.506097560975648,35.95482189400523,119,83,0.6974789915966386,58,0.48739495798319327,0.9330143540669855,0.0274833484838225,0.43858744131263916,0.01895525934718785,268.3183391003748,35.75086505190685,7.505226480836258,0.003720968794284296,inf,inf,inf,17,0.14285714285714285,0.030635404568331248,0.030635404568331248,0.033415714652348494,1.0558454268452153,1.0,1.0558454268452153,0.6385451732084881,0.32313858619583596
digits20,17,7,2,0.005555555555555556,360,5.773307543520292,2.189677700348433,12.641682785299775,119,65,0.5462184873949579,56,0.47058823529411764,0.9330143540669855,0.07647161382113332,0.8829882898774393,0.04213318032589957,268.3183391003748,35.75086505190685,7.505226480836258,0.003720968794284296,inf,inf,inf,13,0.1092436974789916,0.030635404568331248,0.030635404568331248,0.033415714652348494,1.0558454268452153,1.0,1.0558454268452153,0.6385451732084881,0.32313858619583596
digits20,18,1,1,0.002777777777777778,360,2.2962709686489498,1.6481075518369728,3.7845015244943347,20,17,0.85,17,0.85,1.0,0.26423559180191236,1.2135130366770115,0.2608647222555873,3625.124631577328,2199.567999999018,1.6481075518369728,0.0002758525848434168,2.1772347553028673,1.5954759728896044,3.473725739425902,0,0.0,0.0,0.0,0.0681245543956701,1.0,1.0,1.0,1.0,0.8637508912086598
digits20,18,1,2,0.005555555555555556,360,2.2962709686489498,1.6481075518369728,3.7845015244943347,20,16,0.8,16,0.8,1.0,0.26423559180191236,1.2135130366770115,0.2574938527092623,3625.124631577328,2199.567999999018,1.6481075518369728,0.0002758525848434168,2.069931724546065,1.542844393942236,3.193582557059081,0,0.0,0.0,0.0,0.0681245543956701,1.0,1.0,1.0,1.0,0.8637508912086598
digits20,18,2,1,0.002777777777777778,360,3.0154511742892463,3.8841463414634365,11.712453646477199,39,30,0.7692307692307693,28,0.717948717948718,0.9104477611940299,0.0835568043966114,0.5039229278752374,0.0807572325750823,44090.99199998048,2199.567999999018,20.04529616724746,2.2680241122952083e-05,inf,inf,inf,3,0.07692307692307693,0.018074912891986067,0.018074912891986067,0.06593084808014188,1.0,1.0,1.0,0.75,0.5522074557595744
digits20,18,2,2,0.005555555555555556,360,3.0154511742892463,1.6481075518369728,4.969787852541774,39,26,0.6666666666666666,25,0.6410256410256411,0.9104477611940299,0.19109387967017366,1.152468527701826,0.17828867380682004,44090.99199998048,2199.567999999018,20.04529616724746,2.2680241122952083e-05,inf,inf,inf,2,0.05128205128205128,0.018074912891986067,0.018074912891986067,0.06593084808014188,1.0,1.0,1.0,0.75,0.5522074557595744
digits20,18,3,1,0.002777777777777778,360,14.573571840738317,3.8841463414634365,56.6058857472583,57,41,0.7192982456140351,32,0.5614035087719298,0.9798657718120806,0.01756218238670182,0.5118874533854961,0.01329645360848935,44090.99199998048,2199.567999999018,20.04529616724746,2.268019825668599e-05,inf,inf,inf,7,0.12280701754385964,0.039653503677893887,0.039653503677893887,0.0646800686234287,1.0102140086464466,1.0,1.0102140086464466,0.6991872872036421,0.4250749187022022
digits20,18,3,2,0.005555555555555556,360,3.0154511742892463,1.8162020905923435,5.4766687268232666,57,36,0.631578947368421,28,0.49122807017543857,0.9798657718120806,0.17170484761742555,1.035535168758244,0.15444592813812147,44090.99199998048,2199.567999999018,20.04529616724746,2.268019825668599e-05,inf,inf,inf,5,0.08771929824561403,0.039653503677893887,0.039653503677893887,0.0646800686234287,1.0102140086464466,1.0,1.0102140086464466,0.6991872872036421,0.4250749187022022
digits20,18,4,1,0.002777777777777778,360,14.573571840738317,3.8841463414634365,56.6058857472583,74,52,0.7027027027027027,34,0.4594594594594595,0.9607843137254902,0.017549318733204422,0.5115125146287388,0.011865846348440658,44090.99199998048,2199.567999999018,20.04529616724746,2.26801768238305e-05,inf,inf,inf,13,0.17567567567567569,0.039653503677893887,0.039653503677893887,0.052891950898797786,1.1250514315843594,1.0041938436801912,1.1297697214205995,0.6322807892217024,0.331283949069195
digits20,18,4,2,0.005555555555555556,360,3.0154511742892463,2.806968641114982,8.464276885043262,74,46,0.6216216216216216,30,0.40540540540540543,0.9607843137254902,0.11301167210123331,0.6815623586921105,0.09786584190807529,44090.99199998048,2199.567999999018,20.04529616724746,2.26801768238305e-05,inf,inf,inf,11,0.14864864864864866,0.039653503677893887,0.039653503677893887,0.052891950898797786,1.1250514315843594,1.0041938436801912,1.1297697214205995,0.6322807892217024,0.331283949069195
digits20,18,5,1,0.002777777777777778,360,14.573571840738317,3.8841463414634365,56.6058857472583,90,62,0.6888888888888889,41,0.45555555555555555,0.9943181818181819,0.0175416126230884,0.5112879035299618,0.010440391740727818,44090.99199998048,2199.567999999018,20.04529616724746,2.2680163964117206e-05,inf,inf,inf,18,0.2,0.039653503677893887,0.039653503677893887,0.06916676025692838,1.0483125252961043,1.0,1.0483125252961043,0.653003157513384,0.17952113939351086
digits20,18,5,2,0.005555555555555556,360,5.0029052876234505,2.806968641114982,14.042998256827355,90,53,0.5888888888888889,35,0.3888888888888889,0.9943181818181819,0.06921020878648931,0.6925042389909007,0.04997397992563096,44090.99199998048,2199.567999999018,20.04529616724746,2.2680163964117206e-05,inf,inf,inf,13,0.14444444444444443,0.039653503677893887,0.039653503677893887,0.06916676025692838,1.0483125252961043,1.0,1.0483125252961043,0.653003157513384,0.17952113939351086
digits20,18,6,1,0.002777777777777778,360,14.573571840738317,3.8841463414634365,56.6058857472583,105,76,0.7238095238095238,46,0.4380952380952381,0.9735449735449734,0.017536480239410568,0.5111383092054756,0.009017508419319307,44090.99199998048,2199.567999999018,20.04529616724746,2.2680155391086032e-05,inf,inf,inf,26,0.24761904761904763,0.039653503677893887,0.039653503677893887,0.0739646822623579,1.0057852886599135,1.0,1.0057852886599135,0.6627837604645218,0.07110935942207999
digits20,18,6,2,0.005555555555555556,360,5.0029052876234505,2.806968641114982,14.042998256827355,105,62,0.5904761904761905,39,0.37142857142857144,0.9735449735449734,0.06913015074099615,0.6917031933526717,0.04607337762924043,44090.99199998048,2199.567999999018,20.04529616724746,2.2680155391086032e-05,inf,inf,inf,18,0.17142857142857143,0.039653503677893887,0.039653503677893887,0.0739646822623579,1.0057852886599135,1.0,1.0057852886599135,0.6627837604645218,0.07110935942207999
digits20,18,7,1,0.002777777777777778,360,14.573571840738317,3.8841463414634365,56.6058857472583,119,82,0.6890756302521008,50,0.42016806722689076,0.9540816326530613,0.017532816707862553,0.511031527725064,0.007596092557652975,44090.99199998048,2199.567999999018,20.04529616724746,2.2680149266873784e-05,inf,inf,inf,31,0.2605042016806723,0.039653503677893887,0.039653503677893887,0.046252547961019304,1.7841441025397815,3.3943789012804535,6.056061098504984,0.1538871806480182,-0.023898209707831086
digits20,18,7,2,0.005555555555555556,360,5.0029052876234505,2.806968641114982,14.042998256827355,119,65,0.5462184873949579,40,0.33613445378151263,0.9540816326530613,0.06907311888757939,0.6911325434306284,0.042195742198610504,44090.99199998048,2199.567999999018,20.04529616724746,2.2680149266873784e-05,inf,inf,inf,21,0.17647058823529413,0.039653503677893887,0.039653503677893887,0.046252547961019304,1.7841441025397815,3.3943789012804535,6.056061098504984,0.1538871806480182,-0.023898209707831086
digits20,19,1,1,0.002777777777777778,360,1.9968537928790575,1.3102735138480335,2.616424635836416,20,17,0.85,17,0.85,0.9882352941176471,0.38220095710126234,1.5263988616593234,0.37796096026331977,2882.0356923064187,2199.567999999029,1.3102735138480335,0.00034697696585417326,1.4269654990585379,1.2333504369249566,1.7599485217406865,0,0.0,0.0,0.0,0.02968994345608837,1.0,1.0,1.0,1.0,0.9406201130878232
digits20,19,1,2,0.005555555555555556,360,1.9968537928790575,1.3102735138480335,2.616424635836416,20,17,0.85,17,0.85,0.9882352941176471,0.38220095710126234,1.5263988616593234,0.3737209634253772,2882.0356923064187,2199.567999999029,1.3102735138480335,0.00034697696585417326,1.1899835641813852,1.1564273600018797,1.3761295515719068,0,0.0,0.0,0.0,0.02968994345608837,1.0,1.0,1.0,1.0,0.9406201130878232
digits20,19,2,1,0.002777777777777778,360,3.225150501672239,2.6681184668989504,8.605083612040115,39,33,0.8461538461538461,33,0.8461538461538461,0.9916666666666667,0.11283416290127679,0.72781431417364,0.10879075004475657,5868.707999997399,2199.567999999029,2.6681184668989504,0.00017038799701507568,inf,inf,inf,1,0.02564102564102564,0.004166666666666652,0.004166666666666652,0.0475290967510204,1.0068224318151764,1.0,1.0068224318151764,0.7466004199520727,0.6036910629555877
digits20,19,2,2,0.005555555555555556,360,3.225150501672239,2.6681184668989504,8.605083612040115,39,33,0.8461538461538461,33,0.8461538461538461,0.9916666666666667,0.11283416290127679,0.72781431417364,0.10474733718823634,5868.707999997399,2199.567999999029,2.6681184668989504,0.00017038799701507568,2.4673011974209382,2.0014518002322834,4.938184423293405,0,0.0,0.004166666666666652,0.004166666666666652,0.0475290967510204,1.0068224318151764,1.0,1.0068224318151764,0.7466004199520727,0.6036910629555877
digits20,19,3,1,0.002777777777777778,360,6.840119165839094,2.6681184668989504,18.25024826216473,57,47,0.8245614035087719,42,0.7368421052631579,1.0714285714285714,0.053799082215798766,0.7359842667376766,0.04766587999298479,5868.707999997399,2199.567999999029,2.6681184668989504,0.00017038557765314266,inf,inf,inf,7,0.12280701754385964,0.02509920634920637,0.02509920634920637,0.07486719333615237,1.0,1.0,1.0,0.7037037037037036,0.3875977762843937
digits20,19,3,2,0.005555555555555556,360,6.1406793260229975,2.6681184668989504,16.38405990906656,57,44,0.7719298245614035,40,0.7017543859649122,1.0714285714285714,0.0598015998753052,0.7344448960347723,0.04756085160805899,5868.707999997399,2199.567999999029,2.6681184668989504,0.00017038557765314266,inf,inf,inf,4,0.07017543859649122,0.02509920634920637,0.02509920634920637,0.07486719333615237,1.0,1.0,1.0,0.7037037037037036,0.3875977762843937
digits20,19,4,1,0.002777777777777778,360,6.840119165839094,2.6681184668989504,18.25024826216473,74,58,0.7837837837837838,49,0.6621621621621622,0.9700598802395209,0.05367813768795615,0.7343297167718773,0.045518918612713066,5868.707999997399,2199.567999999029,2.6681184668989504,0.00017038436800664858,inf,inf,inf,12,0.16216216216216217,0.02509920634920637,0.02509920634920637,0.07001072747426791,1.044734411966816,1.0,1.044734411966816,0.6651390741628593,0.2759389779981864
digits20,19,4,2,0.005555555555555556,360,6.1406793260229975,2.6681184668989504,16.38405990906656,74,54,0.7297297297297297,46,0.6216216216216216,0.9700598802395209,0.059652115915993176,0.7326090299177334,0.04337191525115466,5868.707999997399,2199.567999999029,2.6681184668989504,0.00017038436800664858,inf,inf,inf,8,0.10810810810810811,0.02509920634920637,0.02509920634920637,0.07001072747426791,1.044734411966816,1.0,1.044734411966816,0.6651390741628593,0.2759389779981864
digits20,19,5,1,0.002777777777777778,360,6.840119165839094,2.6681184668989504,18.25024826216473,90,68,0.7555555555555555,55,0.6111111111111112,0.9666666666666667,0.05360592093346728,0.7333417743589292,0.04342061851181548,5868.707999997399,2199.567999999029,2.6681184668989504,0.00017038364222943247,inf,inf,inf,18,0.2,0.02509920634920637,0.02509920634920637,0.07001072747426791,1.044734411966816,1.0,1.044734411966816,0.6544018314513101,0.17575521147235376
digits20,19,5,2,0.005555555555555556,360,6.1406793260229975,2.6681184668989504,16.38405990906656,90,59,0.6555555555555556,51,0.5666666666666667,0.9666666666666667,0.05956290679496934,0.7315134207074059,0.03924308955309695,5868.707999997399,2199.567999999029,2.6681184668989504,0.00017038364222943247,inf,inf,inf,10,0.1111111111111111,0.02509920634920637,0.02509920634920637,0.07001072747426791,1.044734411966816,1.0,1.044734411966816,0.6544018314513101,0.17575521147235376
digits20,19,6,1,0.002777777777777778,360,8.727485380117011,2.6681184668989504,23.285964912280804,105,81,0.7714285714285715,64,0.6095238095238096,0.9576719576719576,0.04218319414146565,0.7363064203125581,0.02991142046958968,5868.707999997399,2199.567999999029,2.6681184668989504,0.00017038315838246998,inf,inf,inf,22,0.20952380952380953,0.02509920634920637,0.02509920634920637,0.07001072747426791,1.044734411966816,1.0,1.044734411966816,0.647521407590095,0.07918449003657146
digits20,19,6,2,0.005555555555555556,360,8.496299521114498,2.6681184668989504,22.6691336525903,105,70,0.6666666666666666,59,0.5619047619047619,0.9576719576719576,0.043309940815982606,0.7359484588286606,0.01877832552169392,5868.707999997399,2199.567999999029,2.6681184668989504,0.00017038315838246998,inf,inf,inf,13,0.12380952380952381,0.02509920634920637,0.02509920634920637,0.07001072747426791,1.044734411966816,1.0,1.044734411966816,0.647521407590095,0.07918449003657146
digits20,19,7,1,0.002777777777777778,360,11.353112274578148,2.6681184668989504,30.291448516579106,119,91,0.7647058823529411,65,0.5462184873949579,0.975369458128079,0.032549200125662425,0.7390694469487173,0.01817840532388181,5868.707999997399,2199.567999999029,2.6681184668989504,0.0001703828127803675,inf,inf,inf,31,0.2605042016806723,0.02509920634920637,0.02509920634920637,0.04094009957473928,2.5042310976275637,1.0,2.5042310976275637,0.3371236092948713,-0.1467595444552245
digits20,19,7,2,0.005555555555555556,360,8.496299521114498,2.6681184668989504,22.6691336525903,119,78,0.6554621848739496,59,0.4957983193277311,0.975369458128079,0.04328757457903554,0.7355683983321355,0.014682136866119157,5868.707999997399,2199.567999999029,2.6681184668989504,0.0001703828127803675,inf,inf,inf,21,0.17647058823529413,0.02509920634920637,0.02509920634920637,0.04094009957473928,2.5042310976275637,1.0,2.5042310976275637,0.3371236092948713,-0.1467595444552245
digits20,20,1,1,0.002777777777777778,360,1.7879338925838801,2.292985923389711,4.099707247646209,20,17,0.85,17,0.85,1.0,0.24391985563704244,0.8722251539352708,0.24149700798722223,4.099707247646209,1.7879338925838801,2.292985923389711,0.24391985563704244,1.7165595886939775,2.216062846466634,3.8040039282507703,0,0.0,0.0013925714301878944,0.0013925714301878944,0.05394172213259757,1.0,1.0,1.0,1.0,0.8921165557348049
digits20,20,1,2,0.005555555555555556,360,1.7879338925838801,2.292985923389711,4.099707247646209,20,16,0.8,16,0.8,1.0,0.24391985563704244,0.8722251539352708,0.23907416033740203,4.099707247646209,1.7879338925838801,2.292985923389711,0.24391985563704244,1.6506650554687017,2.1391397695435574,3.531003266348922,0,0.0,0.0013925714301878944,0.0013925714301878944,0.05394172213259757,1.0,1.0,1.0,1.0,0.8921165557348049
digits20,20,2,1,0.002777777777777778,360,1.7879338925838801,5.449695121951235,9.743694612785655,39,31,0.7948717948717948,24,0.6153846153846154,1.0,0.09999722078058404,0.35757684039559856,0.09801068277838627,33.584500400417184,1.7879338925838801,18.783972125435607,0.029553993006229295,inf,inf,inf,7,0.1794871794871795,0.05844463801780875,0.05844463801780875,0.059613530778164926,1.0,1.0,1.0,0.75,0.5711594076655052
digits20,20,2,2,0.005555555555555556,360,1.7879338925838801,5.449695121951235,9.743694612785655,39,28,0.717948717948718,23,0.5897435897435898,1.0,0.09999722078058404,0.35757684039559856,0.0960241447761885,33.584500400417184,1.7879338925838801,18.783972125435607,0.029553993006229295,inf,inf,inf,6,0.15384615384615385,0.05844463801780875,0.05844463801780875,0.059613530778164926,1.0,1.0,1.0,0.75,0.5711594076655052
digits20,20,3,1,0.002777777777777778,360,4.712346068834826,5.449695121951235,25.68084938427523,57,42,0.7368421052631579,29,0.5087719298245614,1.0,0.038436280019884306,0.36225010610467273,0.0354175291356787,88.51657720239943,4.712346068834826,18.783972125435607,0.011254829157852697,inf,inf,inf,9,0.15789473684210525,0.05844463801780875,0.05844463801780875,0.059613530778164926,1.0,1.0,1.0,0.7037037037037036,0.4520021293070073
digits20,20,3,2,0.005555555555555556,360,4.712346068834826,5.449695121951235,25.68084938427523,57,37,0.6491228070175439,28,0.49122807017543857,1.0,0.038436280019884306,0.36225010610467273,0.032398778251473095,88.51657720239943,4.712346068834826,18.783972125435607,0.011254829157852697,inf,inf,inf,7,0.12280701754385964,0.05844463801780875,0.05844463801780875,0.059613530778164926,1.0,1.0,1.0,0.7037037037037036,0.4520021293070073
digits20,20,4,1,0.002777777777777778,360,4.712346068834826,5.449695121951235,25.68084938427523,74,53,0.7162162162162162,34,0.4594594594594595,0.95625,0.038374595861582095,0.36166875190290315,0.03435605417377206,154.5806451612946,8.229390681003782,18.783972125435607,0.006453438561440317,inf,inf,inf,19,0.25675675675675674,0.05844463801780875,0.05844463801780875,0.059613530778164926,1.0,1.0,1.0,0.68359375,0.3575822535569106
digits20,20,4,2,0.005555555555555556,360,4.712346068834826,5.449695121951235,25.68084938427523,74,46,0.6216216216216216,31,0.4189189189189189,0.95625,0.038374595861582095,0.36166875190290315,0.030337512485962025,154.5806451612946,8.229390681003782,18.783972125435607,0.006453438561440317,inf,inf,inf,16,0.21621621621621623,0.05844463801780875,0.05844463801780875,0.059613530778164926,1.0,1.0,1.0,0.68359375,0.3575822535569106
digits20,20,5,1,0.002777777777777778,360,18.02093023255813,5.449695121951235,98.20857558139558,90,67,0.7444444444444445,43,0.4777777777777778,0.9611111111111111,0.010141021963783303,0.3655012985923571,0.005064615038889455,338.50465116279173,18.02093023255813,18.783972125435607,0.0029506803728373,inf,inf,inf,20,0.2222222222222222,0.05844463801780875,0.05844463801780875,0.06817085937579093,1.0368756286131722,1.0,1.0368756286131722,0.6574915664456854,0.1927456076339221
digits20,20,5,2,0.005555555555555556,360,4.712346068834826,5.449695121951235,25.68084938427523,90,54,0.6,38,0.4222222222222222,0.9611111111111111,0.03833771257948526,0.36132113832411367,0.028301014292704325,338.50465116279173,18.02093023255813,18.783972125435607,0.0029506803728373,inf,inf,inf,17,0.18888888888888888,0.05844463801780875,0.05844463801780875,0.06817085937579093,1.0368756286131722,1.0,1.0368756286131722,0.6574915664456854,0.1927456076339221
digits20,20,6,1,0.002777777777777778,360,18.02093023255813,5.449695121951235,98.20857558139558,105,77,0.7333333333333333,49,0.4666666666666667,1.0,0.010139307195137781,0.3654394951401052,0.004048648942802694,338.50465116279173,18.02093023255813,18.783972125435607,0.002950535245296315,inf,inf,inf,25,0.23809523809523808,0.05844463801780875,0.05844463801780875,0.06817085937579093,1.0368756286131722,1.0,1.0368756286131722,0.6505530054069716,0.0987432563204698
digits20,20,6,2,0.005555555555555556,360,7.3163383545770415,5.449695121951235,39.871813441483226,105,60,0.5714285714285714,43,0.4095238095238095,1.0,0.024819736537169623,0.36317918075478256,0.012713763845343538,338.50465116279173,18.02093023255813,18.783972125435607,0.002950535245296315,inf,inf,inf,18,0.17142857142857143,0.05844463801780875,0.05844463801780875,0.06817085937579093,1.0368756286131722,1.0,1.0368756286131722,0.6505530054069716,0.0987432563204698
digits20,20,7,1,0.002777777777777778,360,18.02093023255813,5.449695121951235,98.20857558139558,119,85,0.7142857142857143,49,0.4117647058823529,0.96,0.010138082834355133,0.36539536689961805,0.0030331729224181156,387.8417266186799,20.647482014387077,18.783972125435607,0.002575523965740012,inf,inf,inf,29,0.24369747899159663,0.05844463801780875,0.05844463801780875,0.059613530778164926,1.176002804559534,1.0,1.176002804559534,0.5961013584592956,0.011040088421269289
digits20,20,7,2,0.005555555555555556,360,7.3163383545770415,5.449695121951235,39.871813441483226,119,65,0.5462184873949579,43,0.36134453781512604,0.96,0.024812396015701288,0.3630717692772598,0.010692938321585629,387.8417266186799,20.647482014387077,18.783972125435607,0.002575523965740012,inf,inf,inf,20,0.16806722689075632,0.05844463801780875,0.05844463801780875,0.059613530778164926,1.176002804559534,1.0,1.176002804559534,0.5961013584592956,0.011040088421269289
digits20,21,1,1,0.002777777777777778,360,1.5186555141704579,1.753815749274405,2.6634419584745683,20,16,0.8,16,0.8,0.9310344827586207,0.37545402362465197,1.1403706465901262,0.3722863273841238,4.186253192104406,1.5186555141704579,2.7565521957038968,0.2388770946501938,1.474741317431395,1.756552195703893,2.590460099229369,0,0.0,0.0013901517631341037,0.0013901517631341037,0.050048791742588666,1.0,1.0,1.0,1.0,0.8999024165148226
digits20,21,1,2,0.005555555555555556,360,1.5186555141704579,1.753815749274405,2.6634419584745683,20,16,0.8,16,0.8,0.9310344827586207,0.37545402362465197,1.1403706465901262,0.3691186311435957,4.186253192104406,1.5186555141704579,2.7565521957038968,0.2388770946501938,1.4332954351128324,1.2538157492744046,1.7970883899075798,0,0.0,0.0013901517631341037,0.0013901517631341037,0.050048791742588666,1.0,1.0,1.0,1.0,0.8999024165148226
digits20,21,2,1,0.002777777777777778,360,3.632911392405063,1.753815749274405,6.371457215718408,39,29,0.7435897435897436,27,0.6923076923076923,1.0,0.15079164400098988,1.0956253627413695,0.1447048364302045,64.35367301093335,23.34571175950484,2.7565521957038968,0.015478762458265183,inf,inf,inf,3,0.07692307692307693,0.025781552458381707,0.025781552458381707,0.0822370627857926,1.0,1.0,1.0,0.75,0.5032888116426222
digits20,21,2,2,0.005555555555555556,360,3.632911392405063,1.753815749274405,6.371457215718408,39,29,0.7435897435897436,27,0.6923076923076923,1.0,0.15079164400098988,1.0956253627413695,0.1386180288594191,64.35367301093335,23.34571175950484,2.7565521957038968,0.015478762458265183,inf,inf,inf,3,0.07692307692307693,0.025781552458381707,0.025781552458381707,0.0822370627857926,1.0,1.0,1.0,0.75,0.5032888116426222
digits20,21,3,1,0.002777777777777778,360,3.632911392405063,1.842396714783475,6.693264014466548,57,41,0.7192982456140351,33,0.5789473684210527,0.9642857142857143,0.14208694128115718,1.0323785353846102,0.13348378681961875,64.35367301093335,23.34571175950484,2.7565521957038968,0.015458779383611065,inf,inf,inf,7,0.12280701754385964,0.04034068912117689,0.04034068912117689,0.08046612809538001,1.0005438186777817,1.0,1.0005438186777817,0.7034620722273353,0.36364816023202584
digits20,21,3,2,0.005555555555555556,360,3.632911392405063,1.842396714783475,6.693264014466548,57,39,0.6842105263157895,33,0.5789473684210527,0.9642857142857143,0.14208694128115718,1.0323785353846102,0.12488063235808033,64.35367301093335,23.34571175950484,2.7565521957038968,0.015458779383611065,inf,inf,inf,6,0.10526315789473684,0.04034068912117689,0.04034068912117689,0.08046612809538001,1.0005438186777817,1.0,1.0005438186777817,0.7034620722273353,0.36364816023202584
digits20,21,4,1,0.002777777777777778,360,4.798885276358526,1.842396714783475,8.841450467785736,74,52,0.7027027027027027,36,0.4864864864864865,0.9664429530201344,0.10839624371166912,1.0403622759209987,0.09683666286810247,64.35367301093335,23.34571175950484,2.7565521957038968,0.015448813675114637,inf,inf,inf,11,0.14864864864864866,0.04034068912117689,0.04034068912117689,0.0752464719720546,1.0498912833588403,1.0,1.0498912833588403,0.6630646820788284,0.24400454058373452
digits20,21,4,2,0.005555555555555556,360,4.798885276358526,1.842396714783475,8.841450467785736,74,47,0.6351351351351351,36,0.4864864864864865,0.9664429530201344,0.10839624371166912,1.0403622759209987,0.08527708202453581,64.35367301093335,23.34571175950484,2.7565521957038968,0.015448813675114637,inf,inf,inf,9,0.12162162162162163,0.04034068912117689,0.04034068912117689,0.0752464719720546,1.0498912833588403,1.0,1.0498912833588403,0.6630646820788284,0.24400454058373452
digits20,21,5,1,0.002777777777777778,360,5.987482614742712,6.268292682926853,37.53129346314348,90,63,0.7,40,0.4444444444444444,1.1019108280254777,0.026361971005142815,0.3156836861672881,0.02197747536393048,146.33775419982356,23.34571175950484,6.268292682926853,0.00681485332360654,inf,inf,inf,14,0.15555555555555556,0.04034068912117689,0.04034068912117689,0.0752464719720546,1.0498912833588403,1.0,1.0498912833588403,0.6523876280720718,0.1369973895353035
digits20,21,5,2,0.005555555555555556,360,5.987482614742712,1.842396714783475,11.031318299225143,90,53,0.5888888888888889,39,0.43333333333333335,1.1019108280254777,0.08742301196565105,1.0468875285455594,0.05834280283938552,146.33775419982356,23.34571175950484,6.268292682926853,0.00681485332360654,inf,inf,inf,11,0.12222222222222222,0.04034068912117689,0.04034068912117689,0.0752464719720546,1.0498912833588403,1.0,1.0498912833588403,0.6523876280720718,0.1369973895353035
digits20,21,6,1,0.002777777777777778,360,5.987482614742712,6.268292682926853,37.53129346314348,105,73,0.6952380952380952,41,0.3904761904761905,1.0,0.026350375309911356,0.31554482812007967,0.021091294841243363,146.33775419982356,23.34571175950484,6.268292682926853,0.006814079053960476,inf,inf,inf,21,0.2,0.04034068912117689,0.04034068912117689,0.0752464719720546,1.0498912833588403,1.0,1.0498912833588403,0.6455450796134552,0.03356357980832342
digits20,21,6,2,0.005555555555555556,360,5.987482614742712,1.842396714783475,11.031318299225143,105,62,0.5904761904761905,40,0.38095238095238093,1.0,0.08729519396031626,1.0453569123759732,0.05244996354778382,146.33775419982356,23.34571175950484,6.268292682926853,0.006814079053960476,inf,inf,inf,18,0.17142857142857143,0.04034068912117689,0.04034068912117689,0.0752464719720546,1.0498912833588403,1.0,1.0498912833588403,0.6455450796134552,0.03356357980832342
digits20,21,7,1,0.002777777777777778,360,5.987482614742712,6.268292682926853,37.53129346314348,119,83,0.6974789915966386,45,0.37815126050420167,0.9780219780219781,0.026342101024090403,0.31544574383507495,0.020208433782852836,146.33775419982356,23.34571175950484,6.268292682926853,0.0068135261479508324,inf,inf,inf,27,0.226890756302521,0.04034068912117689,0.04034068912117689,0.0752464719720546,1.0498912833588403,1.0,1.0498912833588403,0.6407844501262739,-0.06792866910940684
digits20,21,7,2,0.005555555555555556,360,5.987482614742712,1.842396714783475,11.031318299225143,119,70,0.5882352941176471,43,0.36134453781512604,0.9780219780219781,0.08720420375505611,1.044267307831759,0.046593808450487696,146.33775419982356,23.34571175950484,6.268292682926853,0.0068135261479508324,inf,inf,inf,23,0.19327731092436976,0.04034068912117689,0.04034068912117689,0.0752464719720546,1.0498912833588403,1.0,1.0498912833588403,0.6407844501262739,-0.06792866910940684
digits20,22,1,1,0.002777777777777778,360,3.417477095816914,1.4595334767712491,4.987922227443772,20,17,0.85,17,0.85,0.9578947368421052,0.20048428070869972,1.37030087478662,0.196677889389848,4.987922227443772,3.417477095816914,1.4595334767712491,0.20048428070869972,4.020707052242836,1.416055215901684,5.693543192941152,0,0.0,0.002086909793195743,0.002086909793195743,0.03618706600546287,1.0,1.0,1.0,1.0,0.9276258679890743
digits20,22,1,2,0.005555555555555556,360,1.9955492527720418,1.4595334767712491,2.9125709389666463,20,16,0.8,16,0.8,0.9578947368421052,0.343339276864031,1.3703008747866203,0.33572649422632755,4.987922227443772,3.417477095816914,1.4595334767712491,0.20048428070869972,1.5975797239905316,1.3725769550321187,2.1928011129759764,0,0.0,0.002086909793195743,0.002086909793195743,0.03618706600546287,1.0,1.0,1.0,1.0,0.9276258679890743
digits20,22,2,1,0.002777777777777778,360,3.4735249621785185,8.274825783972078,28.742813918305444,39,32,0.8205128205128205,30,0.7692307692307693,0.921259842519685,0.03448869608299854,0.23959469351456783,0.03315761445236205,131.93749999999633,15.944444444444091,8.274825783972078,0.007564984658870122,inf,inf,inf,2,0.05128205128205128,0.015299554781262131,0.015299554781262131,0.04267596932611554,1.0117952385972115,1.0,1.0117952385972115,0.7441371578878283,0.6156117448596786
digits20,22,2,2,0.005555555555555556,360,3.4735249621785185,8.274825783972078,28.742813918305444,39,31,0.7948717948717948,29,0.7435897435897436,0.921259842519685,0.03448869608299854,0.23959469351456783,0.03182653282172556,131.93749999999633,15.944444444444091,8.274825783972078,0.007564984658870122,inf,inf,inf,2,0.05128205128205128,0.015299554781262131,0.015299554781262131,0.04267596932611554,1.0117952385972115,1.0,1.0117952385972115,0.7441371578878283,0.6156117448596786
digits20,22,3,1,0.002777777777777778,360,11.89637305699476,8.274825783972078,98.44041450777097,57,47,0.8245614035087719,40,0.7017543859649122,0.9865771812080537,0.010124070320522871,0.24087943477637716,0.008116741697386395,131.93749999999633,15.944444444444091,8.274825783972078,0.007560213577544994,inf,inf,inf,7,0.12280701754385964,0.019478319783197806,0.019478319783197806,0.0543320501463275,1.0,1.0,1.0,0.7037037037037036,0.4743017141969875
digits20,22,3,2,0.005555555555555556,360,3.4735249621785185,8.274825783972078,28.742813918305444,57,45,0.7894736842105263,38,0.6666666666666666,0.9865771812080537,0.034389386235093244,0.23890478304318946,0.030407639851040086,131.93749999999633,15.944444444444091,8.274825783972078,0.007560213577544994,inf,inf,inf,7,0.12280701754385964,0.019478319783197806,0.019478319783197806,0.0543320501463275,1.0,1.0,1.0,0.7037037037037036,0.4743017141969875
digits20,22,4,1,0.002777777777777778,360,11.89637305699476,8.274825783972078,98.44041450777097,74,60,0.8108108108108109,51,0.6891891891891891,1.0242424242424242,0.010119797234400485,0.24077776632314402,0.007444488719698885,131.93749999999633,15.944444444444091,8.274825783972078,0.007557831047649954,inf,inf,inf,8,0.10810810810810811,0.019478319783197806,0.019478319783197806,0.07104997684673911,1.0,1.0,1.0,0.68359375,0.2950391891193955
digits20,22,4,2,0.005555555555555556,360,5.222370885737239,8.274825783972078,43.2142092587636,74,57,0.7702702702702703,48,0.6486486486486487,1.0242424242424242,0.02294050348427068,0.23960763500081778,0.017615889373141395,131.93749999999633,15.944444444444091,8.274825783972078,0.007557831047649954,inf,inf,inf,8,0.10810810810810811,0.019478319783197806,0.019478319783197806,0.07104997684673911,1.0,1.0,1.0,0.68359375,0.2950391891193955
digits20,22,5,1,0.002777777777777778,360,11.89637305699476,8.274825783972078,98.44041450777097,90,70,0.7777777777777778,58,0.6444444444444445,0.9109947643979057,0.010117235693649973,0.24071682023440646,0.006773946523727661,371.86654804270535,44.93950177935977,8.274825783972078,0.0026862457215343083,inf,inf,inf,10,0.1111111111111111,0.019478319783197806,0.019478319783197806,0.07104997684673911,1.0,1.0,1.0,0.6723199999999999,0.19463679566400363
digits20,22,5,2,0.005555555555555556,360,5.222370885737239,8.274825783972078,43.2142092587636,90,65,0.7222222222222222,54,0.6,0.9109947643979057,0.022927332050898697,0.23947006278048721,0.01627538586255183,371.86654804270535,44.93950177935977,8.274825783972078,0.0026862457215343083,inf,inf,inf,10,0.1111111111111111,0.019478319783197806,0.019478319783197806,0.07104997684673911,1.0,1.0,1.0,0.6723199999999999,0.19463679566400363
digits20,22,6,1,0.002777777777777778,360,11.89637305699476,8.274825783972078,98.44041450777097,105,79,0.7523809523809524,60,0.5714285714285714,0.914141414141414,0.010115528961479492,0.24067621238918963,0.006104258754992998,493.0536332179655,59.5847750865022,8.274825783972078,0.0020264637348775816,inf,inf,inf,16,0.1523809523809524,0.019478319783197806,0.019478319783197806,0.07104997684673911,1.0,1.0,1.0,0.6651020233196159,0.09803622302867936
digits20,22,6,2,0.005555555555555556,360,5.222370885737239,8.274825783972078,43.2142092587636,105,69,0.6571428571428571,56,0.5333333333333333,0.914141414141414,0.022918562328139713,0.2393784652908622,0.014939280151777638,493.0536332179655,59.5847750865022,8.274825783972078,0.0020264637348775816,inf,inf,inf,14,0.13333333333333333,0.019478319783197806,0.019478319783197806,0.07104997684673911,1.0,1.0,1.0,0.6651020233196159,0.09803622302867936
digits20,22,7,1,0.002777777777777778,360,11.89637305699476,8.274825783972078,98.44041450777097,119,88,0.7394957983193278,62,0.5210084033613446,0.9560975609756097,0.010114310337707377,0.24064721798317124,0.005435058876923492,493.0536332179655,59.5847750865022,8.274825783972078,0.0020264148433950524,inf,inf,inf,24,0.20168067226890757,0.019478319783197806,0.019478319783197806,0.07104997684673911,1.0,1.0,1.0,0.660083322910886,0.0034986555745670405
digits20,22,7,2,0.005555555555555556,360,5.222370885737239,8.274825783972078,43.2142092587636,119,78,0.6554621848739496,58,0.48739495798319327,0.9560975609756097,0.022912303732049888,0.23931309587085203,0.013605683337072308,493.0536332179655,59.5847750865022,8.274825783972078,0.0020264148433950524,inf,inf,inf,22,0.18487394957983194,0.019478319783197806,0.019478319783197806,0.07104997684673911,1.0,1.0,1.0,0.660083322910886,0.0034986555745670405
digits20,23,1,1,0.002777777777777778,360,1.2278271055736087,1.5033580836479399,1.8458638044861373,20,16,0.8,16,0.8,1.0,0.5417517790693046,1.3303550376680349,0.5380563484091156,10.016315537795862,6.662627917289669,1.5033580836479399,0.09983711038520804,2.856400789144797,1.4616914169812731,4.175176516951485,0,0.0,0.0013925714301878944,0.0013925714301878944,0.03455538755712407,1.0,1.0,1.0,1.0,0.9308892248857519
digits20,23,1,2,0.005555555555555556,360,1.2278271055736087,1.5033580836479399,1.8458638044861373,20,16,0.8,16,0.8,1.0,0.5417517790693046,1.3303550376680349,0.5343609177489267,10.016315537795862,6.662627917289669,1.5033580836479399,0.09983711038520804,1.817881282922513,1.4200247503146066,2.581436414883638,0,0.0,0.0013925714301878944,0.0013925714301878944,0.03455538755712407,1.0,1.0,1.0,1.0,0.9308892248857519
digits20,23,2,1,0.002777777777777778,360,3.468277945619343,1.5033580836479399,5.214063685884709,39,31,0.7948717948717948,30,0.7692307692307693,1.0,0.18259323442218023,1.2665681759315006,0.17555674455589412,10.016315537795862,6.662627917289669,1.5033580836479399,0.09734524823269097,inf,inf,inf,2,0.05128205128205128,0.005562814556716977,0.005562814556716977,0.034699460889947936,1.0,1.0,1.0,0.75,0.6459016173301562
digits20,23,2,2,0.005555555555555556,360,3.468277945619343,1.5033580836479399,5.214063685884709,39,30,0.7692307692307693,29,0.7435897435897436,1.0,0.18259323442218023,1.2665681759315006,0.168520254689608,10.016315537795862,6.662627917289669,1.5033580836479399,0.09734524823269097,inf,inf,inf,1,0.02564102564102564,0.005562814556716977,0.005562814556716977,0.034699460889947936,1.0,1.0,1.0,0.75,0.6459016173301562
digits20,23,3,1,0.002777777777777778,360,3.468277945619343,2.052003484320555,7.116918429003027,57,42,0.7368421052631579,34,0.5964912280701754,1.0,0.1340319530155416,0.9297201333041819,0.12628428523800675,13.671735701009801,6.662627917289669,2.052003484320555,0.0713747667594481,inf,inf,inf,7,0.12280701754385964,0.04800861401471157,0.04800861401471157,0.048968786295005805,1.0,1.0,1.0,0.7037037037037036,0.4969466060136791
digits20,23,3,2,0.005555555555555556,360,3.468277945619343,2.052003484320555,7.116918429003027,57,39,0.6842105263157895,33,0.5789473684210527,1.0,0.1340319530155416,0.9297201333041819,0.11853661746047191,13.671735701009801,6.662627917289669,2.052003484320555,0.0713747667594481,inf,inf,inf,5,0.08771929824561403,0.04800861401471157,0.04800861401471157,0.048968786295005805,1.0,1.0,1.0,0.7037037037037036,0.4969466060136791
digits20,23,4,1,0.002777777777777778,360,7.231496062992095,2.052003484320555,14.839055118110153,74,53,0.7162162162162162,42,0.5675675675675675,1.0,0.06570576643628012,0.9503019825996757,0.05514685551850595,16.079863481227328,7.836177474402087,2.052003484320555,0.060754227770655866,inf,inf,inf,10,0.13513513513513514,0.04800861401471157,0.04800861401471157,0.0837404009188258,1.0090852627139109,1.0,1.0090852627139109,0.679778280346987,0.22024161270132298
digits20,23,4,2,0.005555555555555556,360,7.231496062992095,2.052003484320555,14.839055118110153,74,48,0.6486486486486487,40,0.5405405405405406,1.0,0.06570576643628012,0.9503019825996757,0.044587944600731774,16.079863481227328,7.836177474402087,2.052003484320555,0.060754227770655866,inf,inf,inf,7,0.0945945945945946,0.04800861401471157,0.04800861401471157,0.0837404009188258,1.0090852627139109,1.0,1.0090852627139109,0.679778280346987,0.22024161270132298
digits20,23,5,1,0.002777777777777778,360,7.231496062992095,6.634581881533136,47.97795275590556,90,65,0.7222222222222222,44,0.4888888888888889,0.8601036269430052,0.020669859009418867,0.2989480080984284,0.01651780334138514,51.989761092146175,7.836177474402087,6.634581881533136,0.01908713748822466,inf,inf,inf,19,0.2111111111111111,0.04800861401471157,0.04800861401471157,0.06403644116323211,1.243274748155661,1.0,1.243274748155661,0.5839381326797053,0.11903642916045186
digits20,23,5,2,0.005555555555555556,360,7.231496062992095,2.052003484320555,14.839055118110153,90,57,0.6333333333333333,41,0.45555555555555555,0.8601036269430052,0.06559750377750606,0.9487361806182883,0.039243720982553604,51.989761092146175,7.836177474402087,6.634581881533136,0.01908713748822466,inf,inf,inf,14,0.15555555555555556,0.04800861401471157,0.04800861401471157,0.06403644116323211,1.243274748155661,1.0,1.243274748155661,0.5839381326797053,0.11903642916045186
digits20,23,6,1,0.002777777777777778,360,10.923875432525596,6.634581881533136,72.47534602075928,105,78,0.7428571428571429,54,0.5142857142857142,0.8883248730964466,0.013718713610558986,0.29972303715247967,0.008723329658017658,72.47534602075928,10.923875432525596,6.634581881533136,0.013718713610558986,inf,inf,inf,22,0.20952380952380953,0.04800861401471157,0.04800861401471157,0.06403644116323211,1.243274748155661,1.0,1.243274748155661,0.5783587078168277,0.025807127171786744
digits20,23,6,2,0.005555555555555556,360,7.231496062992095,2.052003484320555,14.839055118110153,105,65,0.6190476190476191,47,0.44761904761904764,0.8883248730964466,0.06552559494772525,0.9476961637793797,0.03393572282174593,72.47534602075928,10.923875432525596,6.634581881533136,0.013718713610558986,inf,inf,inf,16,0.1523809523809524,0.04800861401471157,0.04800861401471157,0.06403644116323211,1.243274748155661,1.0,1.243274748155661,0.5783587078168277,0.025807127171786744
digits20,23,7,1,0.002777777777777778,360,10.923875432525596,6.634581881533136,72.47534602075928,119,89,0.7478991596638656,64,0.5378151260504201,1.0,0.013716471902099125,0.2996740608645366,0.00788947627417758,20310.666666663063,3061.3333333327737,6.634581881533136,4.923417413371656e-05,inf,inf,inf,23,0.19327731092436976,0.04800861401471157,0.04800861401471157,0.05988254175058195,1.3292927717253185,1.0,1.3292927717253185,0.5488045009183642,-0.06279422121504528
digits20,23,7,2,0.005555555555555556,360,7.231496062992095,2.052003484320555,14.839055118110153,119,75,0.6302521008403361,56,0.47058823529411764,1.0,0.06547436121970795,0.9469551707744808,0.02864832680070037,20310.666666663063,3061.3333333327737,6.634581881533136,4.923417413371656e-05,inf,inf,inf,17,0.14285714285714285,0.04800861401471157,0.04800861401471157,0.05988254175058195,1.3292927717253185,1.0,1.3292927717253185,0.5488045009183642,-0.06279422121504528
digits20,24,1,1,0.002777777777777778,360,1.5025884730000136,1.315749198630519,1.9770295792212231,20,17,0.85,17,0.85,0.8969072164948454,0.5058093265321365,1.5200465271661765,0.501586975067786,1.9770295792212231,1.5025884730000136,1.315749198630519,0.5058093265321365,1.4407360890009302,1.2740825319638522,1.835616684166003,0,0.0,1.1567928086125834e-06,1.1567928086125834e-06,0.0362494394340489,1.0,1.0,1.0,1.0,0.9275011211319022
digits20,24,1,2,0.005555555555555556,360,1.5025884730000136,1.315749198630519,1.9770295792212231,20,17,0.85,17,0.85,0.8969072164948454,0.5058093265321365,1.5200465271661765,0.49736462360343553,1.9770295792212231,1.5025884730000136,1.315749198630519,0.5058093265321365,1.3837745481286474,1.2324158652971857,1.7053857071081893,0,0.0,1.1567928086125834e-06,1.1567928086125834e-06,0.0362494394340489,1.0,1.0,1.0,1.0,0.9275011211319022
digits20,24,2,1,0.002777777777777778,360,4.693925233644843,1.315749198630519,6.176028364599774,39,31,0.7948717948717948,30,0.7692307692307693,0.90625,0.1553621283213854,1.4585164289610382,0.14725925927160186,58.78446261682253,4.693925233644843,12.523519163763131,0.01693895174374349,inf,inf,inf,1,0.02564102564102564,0.002785036778939265,0.002785036778939265,0.03397259325595723,1.0068623987074106,1.0,1.0068623987074106,0.7465805732284051,0.6444312489313639
digits20,24,2,2,0.005555555555555556,360,2.7965895249695327,1.315749198630519,3.6796104263771663,39,30,0.7692307692307693,29,0.7435897435897436,0.90625,0.25330345250940156,1.4167715638528198,0.23756154624437023,58.78446261682253,4.693925233644843,12.523519163763131,0.01693895174374349,2.0049900199600774,10.523519163763122,21.09955089820368,0,0.0,0.002785036778939265,0.002785036778939265,0.03397259325595723,1.0068623987074106,1.0,1.0068623987074106,0.7465805732284051,0.6444312489313639
digits20,24,3,1,0.002777777777777778,360,4.693925233644843,1.315749198630519,6.176028364599774,57,43,0.7543859649122807,36,0.631578947368421,0.9470198675496688,0.1533346063750104,1.4394823561093215,0.14133892007409937,354.36267605634157,28.29577464788746,12.523519163763131,0.0028193139587590066,inf,inf,inf,5,0.08771929824561403,0.017407084785133586,0.017407084785133586,0.034721288718699915,1.0024028564355167,1.0,1.0024028564355167,0.702637050041302,0.5559065395662519
digits20,24,3,2,0.005555555555555556,360,2.7965895249695327,1.315749198630519,3.6796104263771663,57,40,0.7017543859649122,35,0.6140350877192983,0.9470198675496688,0.2478920504961143,1.3865046234813034,0.22478364010475924,354.36267605634157,28.29577464788746,12.523519163763131,0.0028193139587590066,inf,inf,inf,3,0.05263157894736842,0.017407084785133586,0.017407084785133586,0.034721288718699915,1.0024028564355167,1.0,1.0024028564355167,0.702637050041302,0.5559065395662519
digits20,24,4,1,0.002777777777777778,360,4.693925233644843,1.3789198606271746,6.472546728971925,74,51,0.6891891891891891,42,0.5675675675675675,0.9322033898305084,0.14577576491373967,1.3685210827649623,0.1305699751052401,354.36267605634157,28.29577464788746,12.523519163763131,0.002818982718180374,inf,inf,inf,9,0.12162162162162163,0.017407084785133586,0.017407084785133586,0.034721288718699915,1.0223191422393705,1.0,1.0223191422393705,0.674282400401448,0.4828064913492625
digits20,24,4,2,0.005555555555555556,360,2.7965895249695327,1.3789198606271746,3.8562728380024045,74,47,0.6351351351351351,41,0.5540540540540541,0.9322033898305084,0.23517282625927904,1.3153637249483592,0.20594252126042661,354.36267605634157,28.29577464788746,12.523519163763131,0.002818982718180374,inf,inf,inf,7,0.0945945945945946,0.017407084785133586,0.017407084785133586,0.034721288718699915,1.0223191422393705,1.0,1.0223191422393705,0.674282400401448,0.4828064913492625
digits20,24,5,1,0.002777777777777778,360,4.693925233644843,8.019163763066112,37.64135514018636,90,63,0.7,52,0.5777777777777777,0.8686868686868686,0.026285708867770485,0.2467663042773398,0.022858399086140766,354.36267605634157,28.29577464788746,12.523519163763131,0.002818784023661536,inf,inf,inf,14,0.15555555555555556,0.017407084785133586,0.017407084785133586,0.039705416869146394,1.0,1.0000678591736185,1.0000678591736185,0.6722922058255466,0.40535578292373364
digits20,24,5,2,0.005555555555555556,360,2.7965895249695327,3.75696864111496,10.506699147381116,90,56,0.6222222222222222,49,0.5444444444444444,0.8686868686868686,0.09162219889633849,0.5124593633763506,0.07738721658032875,354.36267605634157,28.29577464788746,12.523519163763131,0.002818784023661536,inf,inf,inf,10,0.1111111111111111,0.017407084785133586,0.017407084785133586,0.039705416869146394,1.0,1.0000678591736185,1.0000678591736185,0.6722922058255466,0.40535578292373364
digits20,24,6,1,0.002777777777777778,360,4.693925233644843,8.019163763066112,37.64135514018636,105,75,0.7142857142857143,61,0.580952380952381,0.9069767441860465,0.02627418020201011,0.24665807488709404,0.02216321228722521,354.36267605634157,28.29577464788746,12.523519163763131,0.0028186515814039304,inf,inf,inf,16,0.1523809523809524,0.017407084785133586,0.017407084785133586,0.039705416869146394,1.0,1.0000678591736185,1.0000678591736185,0.6650747531649627,0.34818990928224886
digits20,24,6,2,0.005555555555555556,360,4.251851851851865,3.75696864111496,15.974074074074027,105,66,0.6285714285714286,57,0.5428571428571428,0.9069767441860465,0.06099108470041559,0.5186501128598319,0.043702747605087855,354.36267605634157,28.29577464788746,12.523519163763131,0.0028186515814039304,inf,inf,inf,11,0.10476190476190476,0.017407084785133586,0.017407084785133586,0.039705416869146394,1.0,1.0000678591736185,1.0000678591736185,0.6650747531649627,0.34818990928224886
digits20,24,7,1,0.002777777777777778,360,4.693925233644843,8.019163763066112,37.64135514018636,119,80,0.6722689075630253,63,0.5294117647058824,0.9817351598173517,0.026265953721965385,0.24658084592256202,0.021471326162360013,354.36267605634157,28.29577464788746,12.523519163763131,0.0028185569899543683,inf,inf,inf,18,0.15126050420168066,0.022265776229190848,0.022265776229190848,0.03631840318969925,1.0,1.1742571341166141,1.1742571341166141,0.5966821791451353,0.293294563728916
digits20,24,7,2,0.005555555555555556,360,4.251851851851865,3.75696864111496,15.974074074074027,119,70,0.5882352941176471,59,0.4957983193277311,0.9817351598173517,0.06094670293180193,0.518272703449695,0.040791653353202686,354.36267605634157,28.29577464788746,12.523519163763131,0.0028185569899543683,inf,inf,inf,13,0.1092436974789916,0.022265776229190848,0.022265776229190848,0.03631840318969925,1.0,1.1742571341166141,1.1742571341166141,0.5966821791451353,0.293294563728916
digits20,25,1,1,0.002777777777777778,360,1.2927704450313224,2.0738251026262122,2.6809798008392165,20,17,0.85,17,0.85,1.0,0.3729979613001836,0.9644014808516287,0.37031906829781797,2.6809798008392165,1.2927704450313224,2.0738251026262122,0.3729979613001836,1.245416400492669,2.0182695470706564,2.5135859945367067,0,0.0,0.0006932876516358294,0.0006932876516358294,0.05769979069512425,1.0,1.0,1.0,1.0,0.8846004186097515
digits20,25,1,2,0.005555555555555556,360,1.2927704450313224,2.0738251026262122,2.6809798008392165,20,17,0.85,17,0.85,1.0,0.3729979613001836,0.9644014808516287,0.36764017529545234,2.6809798008392165,1.2927704450313224,2.0738251026262122,0.3729979613001836,1.20140891898099,1.962713991515101,2.3580220948150217,0,0.0,0.0006932876516358294,0.0006932876516358294,0.05769979069512425,1.0,1.0,1.0,1.0,0.8846004186097515
digits20,25,2,1,0.002777777777777778,360,1.5206976487471013,5.132404181184682,7.804834970747337,39,31,0.7948717948717948,31,0.7948717948717948,0.9761904761904763,0.12402165796388664,0.37719888731879925,0.12192610858989332,7.804834970747337,1.5206976487471013,5.132404181184682,0.12402165796388664,inf,inf,inf,1,0.02564102564102564,0.008340592334494773,0.008340592334494773,0.055635500778492615,1.0,1.0,1.0,0.75,0.5830934976645221
digits20,25,2,2,0.005555555555555556,360,1.5206976487471013,2.6684088269454227,4.057843029031915,39,30,0.7692307692307693,30,0.7692307692307693,0.9761904761904763,0.2312536259592255,0.7033336905208717,0.22343880717566025,7.804834970747337,1.5206976487471013,5.132404181184682,0.12402165796388664,inf,inf,inf,1,0.02564102564102564,0.008340592334494773,0.008340592334494773,0.055635500778492615,1.0,1.0,1.0,0.75,0.5830934976645221
digits20,25,3,1,0.002777777777777778,360,2.3761088113542312,5.132404181184682,12.195150798344221,57,41,0.7192982456140351,38,0.6666666666666666,0.8874172185430463,0.07977890419473099,0.3791267144345707,0.07661951490777624,33.862068965517395,6.597701149425301,5.132404181184682,0.02924181760521216,inf,inf,inf,6,0.10526315789473684,0.01392276422764227,0.01392276422764227,0.054308133873102155,1.0,1.0,1.0,0.7037037037037036,0.47440269401727236
digits20,25,3,2,0.005555555555555556,360,2.3761088113542312,2.6684088269454227,6.340429726000427,57,39,0.6842105263157895,37,0.6491228070175439,0.8874172185430463,0.14957166376876307,0.7107970964197408,0.13772504549510073,33.862068965517395,6.597701149425301,5.132404181184682,0.02924181760521216,inf,inf,inf,6,0.10526315789473684,0.01392276422764227,0.01392276422764227,0.054308133873102155,1.0,1.0,1.0,0.7037037037037036,0.47440269401727236
digits20,25,4,1,0.002777777777777778,360,4.7858259510161165,5.132404181184682,24.562793121417272,74,51,0.6891891891891891,41,0.5540540540540541,0.8187134502923977,0.04009463947184011,0.38377193216193506,0.03583050689226305,61.804195804194144,12.041958041957688,5.132404181184682,0.016082221984955125,inf,inf,inf,12,0.16216216216216217,0.021588269454123066,0.021588269454123066,0.08420875398258891,1.0519200245695062,1.0,1.0519200245695062,0.6622515667429967,0.19294898306523264
digits20,25,4,2,0.005555555555555556,360,4.7858259510161165,2.6684088269454227,12.770540211915877,74,47,0.6351351351351351,40,0.5405405405405406,0.8187134502923977,0.0760356947645241,0.7277872024151993,0.059862645821964114,61.804195804194144,12.041958041957688,5.132404181184682,0.016082221984955125,inf,inf,inf,10,0.13513513513513514,0.021588269454123066,0.021588269454123066,0.08420875398258891,1.0519200245695062,1.0,1.0519200245695062,0.6622515667429967,0.19294898306523264
digits20,25,5,1,0.002777777777777778,360,11.405861897665163,5.132404181184682,58.53949329359173,90,61,0.6777777777777778,44,0.4888888888888889,0.8835978835978836,0.01696615831947801,0.3870273174517781,0.011590778910425535,82.62226117441124,16.098159509202965,5.132404181184682,0.012044821584020982,inf,inf,inf,19,0.2111111111111111,0.021588269454123066,0.021588269454123066,0.08420875398258891,1.0519200245695062,1.0,1.0519200245695062,0.6515980956185172,0.07440680391419545
digits20,25,5,2,0.005555555555555556,360,4.7858259510161165,2.6684088269454227,12.770540211915877,90,54,0.6,42,0.4666666666666667,0.8835978835978836,0.07589065162476805,0.7263988999706766,0.05571290440336036,82.62226117441124,16.098159509202965,5.132404181184682,0.012044821584020982,inf,inf,inf,15,0.16666666666666666,0.021588269454123066,0.021588269454123066,0.08420875398258891,1.0519200245695062,1.0,1.0519200245695062,0.6515980956185172,0.07440680391419545
digits20,25,6,1,0.002777777777777778,360,11.405861897665163,5.132404181184682,58.53949329359173,105,72,0.6857142857142857,51,0.4857142857142857,0.9788359788359787,0.01696135726671577,0.3869177971622391,0.010512727314011785,8838.000000032167,1722.000000006263,5.132404181184682,0.00011314243678184344,inf,inf,inf,25,0.23809523809523808,0.02578639179248926,0.02578639179248926,0.08795814550211332,1.0028211537140612,1.0,1.0028211537140612,0.6639698629619258,-0.03882594808400936
digits20,25,6,2,0.005555555555555556,360,4.7858259510161165,2.6684088269454227,12.770540211915877,105,65,0.6190476190476191,49,0.4666666666666667,0.9788359788359787,0.07579436970660525,0.7254773229655623,0.05161179227441984,8838.000000032167,1722.000000006263,5.132404181184682,0.00011314243678184344,inf,inf,inf,21,0.2,0.02578639179248926,0.02578639179248926,0.08795814550211332,1.0028211537140612,1.0,1.0028211537140612,0.6639698629619258,-0.03882594808400936
digits20,25,7,1,0.002777777777777778,360,11.405861897665163,7.765679442508404,88.57426726278825,119,81,0.680672268907563,60,0.5042016806722689,0.9556650246305418,0.01123548025452592,0.25630067227413295,0.00625185607141778,13372.500000048107,1722.000000006263,7.765679442508404,7.477793620147555e-05,inf,inf,inf,27,0.226890756302521,0.02578639179248926,0.02578639179248926,0.03216411710276446,3.298477924320703,1.430542760570923,4.718613715539987,0.19362063572415156,-0.0939634793962305
digits20,25,7,2,0.005555555555555556,360,4.7858259510161165,2.6684088269454227,12.770540211915877,119,72,0.6050420168067226,56,0.47058823529411764,0.9556650246305418,0.07572579818325542,0.7248209802136658,0.04753831561939064,13372.500000048107,1722.000000006263,7.765679442508404,7.477793620147555e-05,inf,inf,inf,23,0.19327731092436976,0.02578639179248926,0.02578639179248926,0.03216411710276446,3.298477924320703,1.430542760570923,4.718613715539987,0.19362063572415156,-0.0939634793962305
digits20,26,1,1,0.002777777777777778,360,2.6415487408956193,2.182834863157545,5.766064684356875,20,17,0.85,17,0.85,0.9072164948453608,0.1734285088256058,0.9162397182473675,0.17088339849714088,5.766064684356875,2.6415487408956193,2.182834863157545,0.1734285088256058,2.4886665547511555,2.1114062917289735,5.254586221717058,0,0.0,0.0,0.0,0.08043453128052114,1.0,1.0,1.0,1.0,0.8391309374389577
digits20,26,1,2,0.005555555555555556,360,2.6415487408956193,2.182834863157545,5.766064684356875,20,17,0.85,17,0.85,0.9072164948453608,0.1734285088256058,0.9162397182473675,0.16833828816867596,5.766064684356875,2.6415487408956193,2.182834863157545,0.1734285088256058,2.35251261378473,2.0399777203004024,4.7990733188465144,0,0.0,0.0,0.0,0.08043453128052114,1.0,1.0,1.0,1.0,0.8391309374389577
digits20,26,2,1,0.002777777777777778,360,4.650462962962955,2.182834863157545,10.151192685378474,39,32,0.8205128205128205,31,0.7948717948717948,0.8560606060606061,0.09608450772766042,0.8936748890040251,0.09111964723319362,10.151192685378474,4.650462962962955,2.182834863157545,0.09608450772766042,inf,inf,inf,2,0.05128205128205128,0.013917924893534717,0.013917924893534717,0.07591869069351156,1.0,1.0,1.0,0.75,0.5222439279194653
digits20,26,2,2,0.005555555555555556,360,4.650462962962955,2.182834863157545,10.151192685378474,39,31,0.7948717948717948,31,0.7948717948717948,0.8560606060606061,0.09608450772766042,0.8936748890040251,0.0861547867387268,10.151192685378474,4.650462962962955,2.182834863157545,0.09608450772766042,inf,inf,inf,2,0.05128205128205128,0.013917924893534717,0.013917924893534717,0.07591869069351156,1.0,1.0,1.0,0.75,0.5222439279194653
digits20,26,3,1,0.002777777777777778,360,4.650462962962955,2.5039198606271884,11.644386574074103,57,42,0.7368421052631579,36,0.631578947368421,0.8064516129032258,0.08344338694768916,0.7761007610088297,0.07697588060594891,64.53972366148655,25.775474956822485,2.5039198606271884,0.01541444644294454,inf,inf,inf,9,0.15789473684210525,0.027148664343786266,0.027148664343786266,0.08659782679085808,1.0,1.0,1.0,0.7037037037037036,0.3380684350311918
digits20,26,3,2,0.005555555555555556,360,4.650462962962955,2.182834863157545,10.151192685378474,57,39,0.6842105263157895,35,0.6140350877192983,0.8064516129032258,0.09531121966613765,0.8864825940243991,0.080536509765731,64.53972366148655,25.775474956822485,2.5039198606271884,0.01541444644294454,inf,inf,inf,7,0.12280701754385964,0.027148664343786266,0.027148664343786266,0.08659782679085808,1.0,1.0,1.0,0.7037037037037036,0.3380684350311918
digits20,26,4,1,0.002777777777777778,360,4.650462962962955,4.209581881533099,19.576504629629586,74,54,0.7297297297297297,43,0.581081081081081,0.7182320441988951,0.05011144561066683,0.4660828436658772,0.04493274734771264,108.50397236615007,25.775474956822485,4.209581881533099,0.00918444909667715,inf,inf,inf,15,0.20270270270270271,0.027148664343786266,0.027148664343786266,0.08659782679085808,1.0,1.0,1.0,0.68359375,0.2100118847374949
digits20,26,4,2,0.005555555555555556,360,4.650462962962955,4.209581881533099,19.576504629629586,74,49,0.6621621621621622,41,0.5540540540540541,0.7182320441988951,0.05011144561066683,0.4660828436658772,0.03975404908475844,108.50397236615007,25.775474956822485,4.209581881533099,0.00918444909667715,inf,inf,inf,11,0.14864864864864866,0.027148664343786266,0.027148664343786266,0.08659782679085808,1.0,1.0,1.0,0.68359375,0.2100118847374949
digits20,26,5,1,0.002777777777777778,360,4.650462962962955,4.209581881533099,19.576504629629586,90,66,0.7333333333333333,46,0.5111111111111111,0.8481675392670157,0.05004851705433022,0.465497549824765,0.043583273306764043,108.50397236615007,25.775474956822485,4.209581881533099,0.009182339283824392,inf,inf,inf,25,0.2777777777777778,0.027148664343786266,0.027148664343786266,0.036212331528222556,4.386330353488784,1.6022940115010764,7.028190857860478,0.13441339844564182,-0.07908783413740597
digits20,26,5,2,0.005555555555555556,360,4.650462962962955,4.209581881533099,19.576504629629586,90,57,0.6333333333333333,43,0.4777777777777778,0.8481675392670157,0.05004851705433022,0.465497549824765,0.03711802955919786,108.50397236615007,25.775474956822485,4.209581881533099,0.009182339283824392,inf,inf,inf,17,0.18888888888888888,0.027148664343786266,0.027148664343786266,0.036212331528222556,4.386330353488784,1.6022940115010764,7.028190857860478,0.13441339844564182,-0.07908783413740597
digits20,26,6,1,0.002777777777777778,360,5.75993824778079,4.209581881533099,24.246931686607518,105,78,0.7428571428571429,57,0.5428571428571428,0.917948717948718,0.040540072931080084,0.4670166332871017,0.03275646237629506,108.50397236615007,25.775474956822485,4.209581881533099,0.009180933460678165,inf,inf,inf,26,0.24761904761904763,0.027148664343786266,0.027148664343786266,0.033863319310595684,5.377954830085618,1.7714228911702112,9.526632293693067,0.1004835569475524,-0.11911168304411206
digits20,26,6,2,0.005555555555555556,360,5.75993824778079,4.209581881533099,24.246931686607518,105,68,0.6476190476190476,53,0.5047619047619047,0.917948717948718,0.040540072931080084,0.4670166332871017,0.024972851821510027,108.50397236615007,25.775474956822485,4.209581881533099,0.009180933460678165,inf,inf,inf,18,0.17142857142857143,0.027148664343786266,0.027148664343786266,0.033863319310595684,5.377954830085618,1.7714228911702112,9.526632293693067,0.1004835569475524,-0.11911168304411206
digits20,26,7,1,0.002777777777777778,360,16.666666666666277,4.209581881533099,70.15969802555001,119,87,0.7310924369747899,60,0.5042016806722689,0.9751243781094526,0.014166426064517346,0.47221420215056714,0.004984483244922984,108.50397236615007,25.775474956822485,4.209581881533099,0.009179929653071128,inf,inf,inf,29,0.24369747899159663,0.027148664343786266,0.027148664343786266,0.033863319310595684,5.377954830085618,1.7714228911702112,9.526632293693067,0.10036295392864547,-0.15552400138709968
digits20,26,7,2,0.005555555555555556,360,5.75993824778079,4.209581881533099,24.246931686607518,119,74,0.6218487394957983,55,0.46218487394957986,0.9751243781094526,0.040520477929303245,0.4667909012867022,0.02236749843482038,108.50397236615007,25.775474956822485,4.209581881533099,0.009179929653071128,inf,inf,inf,21,0.17647058823529413,0.027148664343786266,0.027148664343786266,0.033863319310595684,5.377954830085618,1.7714228911702112,9.526632293693067,0.10036295392864547,-0.15552400138709968
digits20,27,1,1,0.002777777777777778,360,1.470576953787308,1.33878271778822,1.9687830109080935,20,17,0.85,17,0.85,0.9545454545454546,0.5079279912816568,1.4938943963245703,0.5037782846251997,1.9687830109080935,1.470576953787308,1.33878271778822,0.5079279912816568,4.034838501386756,1.30753271778822,5.275683351554773,0,0.0,0.0020893294602495616,0.0020893294602495616,0.031534522206248264,1.0,1.0,1.0,1.0,0.9369309555875035
digits20,27,1,2,0.005555555555555556,360,1.470576953787308,1.33878271778822,1.9687830109080935,20,17,0.85,17,0.85,0.9545454545454546,0.5079279912816568,1.4938943963245703,0.4996285779687425,1.9687830109080935,1.470576953787308,1.33878271778822,0.5079279912816568,1.1106136840832541,1.27628271778822,1.417457051134563,0,0.0,0.0020893294602495616,0.0020893294602495616,0.031534522206248264,1.0,1.0,1.0,1.0,0.9369309555875035
digits20,27,2,1,0.002777777777777778,360,2.814300306435141,1.33878271778822,3.7677366129214582,39,31,0.7948717948717948,30,0.7692307692307693,0.9268292682926829,0.24780053980886296,1.394770270237753,0.2400518160853199,3.7677366129214582,2.814300306435141,1.33878271778822,0.24780053980886296,inf,inf,inf,2,0.05128205128205128,0.011118370112272513,0.011118370112272513,0.04336911281663255,1.0094272381033225,1.0,1.0094272381033225,0.7453085972150186,0.6147962261511601
digits20,27,2,2,0.005555555555555556,360,2.814300306435141,1.33878271778822,3.7677366129214582,39,31,0.7948717948717948,30,0.7692307692307693,0.9268292682926829,0.24780053980886296,1.394770270237753,0.23230309236177682,3.7677366129214582,2.814300306435141,1.33878271778822,0.24780053980886296,inf,inf,inf,2,0.05128205128205128,0.011118370112272513,0.011118370112272513,0.04336911281663255,1.0094272381033225,1.0,1.0094272381033225,0.7453085972150186,0.6147962261511601
digits20,27,3,1,0.002777777777777778,360,11.300521134915973,1.33878271778822,15.128942397426027,57,43,0.7543859649122807,34,0.5964912280701754,0.8523489932885907,0.06465283328360749,1.4612214179072107,0.05247598813438074,15.128942397426027,11.300521134915973,1.33878271778822,0.06465283328360749,inf,inf,inf,5,0.08771929824561403,0.03619337979094078,0.03619337979094078,0.055206610487658105,1.0,1.0,1.0,0.7037037037037036,0.4706091260891472
digits20,27,3,2,0.005555555555555556,360,4.158261354137645,1.33878271778822,5.56700843696612,57,39,0.6842105263157895,33,0.5789473684210527,0.8523489932885907,0.16908875115304234,1.4062304386781863,0.14565157717507257,15.128942397426027,11.300521134915973,1.33878271778822,0.06465283328360749,inf,inf,inf,5,0.08771929824561403,0.03619337979094078,0.03619337979094078,0.055206610487658105,1.0,1.0,1.0,0.7037037037037036,0.4706091260891472
digits20,27,4,1,0.002777777777777778,360,16.00000000000005,1.33878271778822,21.420523484611586,74,54,0.7297297297297297,40,0.5405405405405406,0.919753086419753,0.04587325990039637,1.4679443168126884,0.029562767491366496,21.420523484611586,16.00000000000005,1.33878271778822,0.04587325990039637,inf,inf,inf,10,0.13513513513513514,0.03619337979094078,0.03619337979094078,0.07720152753136961,1.0,1.0,1.0,0.68359375,0.26139789631282245
digits20,27,4,2,0.005555555555555556,360,9.349621873182057,1.33878271778822,12.517112181670862,74,47,0.6351351351351351,38,0.5135135135135135,0.919753086419753,0.07752889917913852,1.4497317831379999,0.04531263733162741,21.420523484611586,16.00000000000005,1.33878271778822,0.04587325990039637,inf,inf,inf,8,0.10810810810810811,0.03619337979094078,0.03619337979094078,0.07720152753136961,1.0,1.0,1.0,0.68359375,0.26139789631282245
digits20,27,5,1,0.002777777777777778,360,16.00000000000005,4.512195121951205,72.1951219512195,90,68,0.7555555555555555,52,0.5777777777777777,0.8631578947368421,0.013774819684878259,0.4407942299161057,0.007652677602710124,133.50515463917677,29.587628865979813,4.512195121951205,0.007467938962821052,inf,inf,inf,12,0.13333333333333333,0.03619337979094078,0.03619337979094078,0.07219363867866459,1.0493179791041929,1.0,1.0493179791041929,0.6526110358170376,0.15823152979984517
digits20,27,5,2,0.005555555555555556,360,9.349621873182057,4.512195121951205,42.187318208260365,90,56,0.6222222222222222,46,0.5111111111111111,0.8631578947368421,0.02348012063619631,0.4390604989702689,0.011283995664799951,133.50515463917677,29.587628865979813,4.512195121951205,0.007467938962821052,inf,inf,inf,10,0.1111111111111111,0.03619337979094078,0.03619337979094078,0.07219363867866459,1.0493179791041929,1.0,1.0493179791041929,0.6526110358170376,0.15823152979984517
digits20,27,6,1,0.002777777777777778,360,16.00000000000005,4.512195121951205,72.1951219512195,105,77,0.7333333333333333,57,0.5428571428571428,0.8994974874371859,0.013771655353033485,0.4406929712970729,0.00642677249808227,133.50515463917677,29.587628865979813,4.512195121951205,0.007467009155170512,inf,inf,inf,15,0.14285714285714285,0.03619337979094078,0.03619337979094078,0.07219363867866459,1.0493179791041929,1.0,1.0493179791041929,0.6457642873902393,0.05873290995634365
digits20,27,6,2,0.005555555555555556,360,9.640307907627681,4.512195121951205,43.49895031490525,105,61,0.580952380952381,49,0.4666666666666667,0.8994974874371859,0.022769975186036406,0.4390191436848657,0.008136003729874216,133.50515463917677,29.587628865979813,4.512195121951205,0.007467009155170512,inf,inf,inf,13,0.12380952380952381,0.03619337979094078,0.03619337979094078,0.07219363867866459,1.0493179791041929,1.0,1.0493179791041929,0.6457642873902393,0.05873290995634365
digits20,27,7,1,0.002777777777777778,360,16.00000000000005,4.512195121951205,72.1951219512195,119,86,0.7226890756302521,60,0.5042016806722689,0.8606965174129353,0.013769396304729398,0.4406206817513421,0.005201771937342189,133.50515463917677,29.587628865979813,4.512195121951205,0.007466345196023405,inf,inf,inf,19,0.15966386554621848,0.03619337979094078,0.03619337979094078,0.04514505617182628,1.6881848311198917,1.0,1.6881848311198917,0.46147713581067773,-0.030911947375679576
digits20,27,7,2,0.005555555555555556,360,9.640307907627681,4.512195121951205,43.49895031490525,119,70,0.5882352941176471,52,0.4369747899159664,0.8606965174129353,0.02276379751308044,0.43890003434596947,0.005695462844070517,133.50515463917677,29.587628865979813,4.512195121951205,0.007466345196023405,inf,inf,inf,17,0.14285714285714285,0.03619337979094078,0.03619337979094078,0.04514505617182628,1.6881848311198917,1.0,1.6881848311198917,0.46147713581067773,-0.030911947375679576
digits20,28,1,1,0.002777777777777778,360,1.7686009741437638,1.1273670708672494,1.993862499753419,20,17,0.85,17,0.85,1.0,0.5015390981693422,1.7740450751869667,0.4966111951827117,1.993862499753419,1.7686009741437638,1.1273670708672494,0.5015390981693422,1.6835297633043336,1.094033737533916,1.841838359197429,0,0.0,0.0013901517631340898,0.0013901517631340898,0.058060717419580354,1.0043912191771065,1.0,1.0043912191771065,0.995627979323929,0.8795065444847683
digits20,28,1,2,0.005555555555555556,360,1.7686009741437638,1.1273670708672494,1.993862499753419,20,17,0.85,17,0.85,1.0,0.5015390981693422,1.7740450751869667,0.49168329219608126,1.993862499753419,1.7686009741437638,1.1273670708672494,0.5015390981693422,1.606266956747295,1.0607004042005828,1.7037680102758956,0,0.0,0.0013901517631340898,0.0013901517631340898,0.058060717419580354,1.0043912191771065,1.0,1.0043912191771065,0.995627979323929,0.8795065444847683
digits20,28,2,1,0.002777777777777778,360,5.103208349439484,6.386759581881491,32.59296482412025,39,33,0.8461538461538461,31,0.7948717948717948,0.8857142857142857,0.030446129660516297,0.31074588618332777,0.028719763626164477,32.59296482412025,5.103208349439484,6.386759581881491,0.030446129660516297,inf,inf,inf,1,0.02564102564102564,0.004878048780487809,0.004878048780487809,0.05564382058656075,1.0192364590934484,1.0,1.0192364590934484,0.7404742478402169,0.5724925979039179
digits20,28,2,2,0.005555555555555556,360,5.103208349439484,6.386759581881491,32.59296482412025,39,31,0.7948717948717948,30,0.7692307692307693,0.8857142857142857,0.030446129660516297,0.31074588618332777,0.026993397591812653,32.59296482412025,5.103208349439484,6.386759581881491,0.030446129660516297,32.800000000000246,5.386759581881497,176.68571428571443,0,0.0,0.004878048780487809,0.004878048780487809,0.05564382058656075,1.0192364590934484,1.0,1.0192364590934484,0.7404742478402169,0.5724925979039179
digits20,28,3,1,0.002777777777777778,360,5.103208349439484,6.386759581881491,32.59296482412025,57,46,0.8070175438596491,42,0.7368421052631579,0.9483870967741935,0.030368753328265052,0.30995615109374064,0.02778578540248388,162.55309218203138,25.451575262544086,6.386759581881491,0.006139229812247571,inf,inf,inf,3,0.05263157894736842,0.00693234610917548,0.00693234610917548,0.05287973479020399,1.0367613990691953,1.0,1.0367613990691953,0.6876635866511498,0.46146214635787475
digits20,28,3,2,0.005555555555555556,360,5.103208349439484,6.386759581881491,32.59296482412025,57,43,0.7543859649122807,40,0.7017543859649122,0.9483870967741935,0.030368753328265052,0.30995615109374064,0.025202817476702707,162.55309218203138,25.451575262544086,6.386759581881491,0.006139229812247571,inf,inf,inf,2,0.03508771929824561,0.00693234610917548,0.00693234610917548,0.05287973479020399,1.0367613990691953,1.0,1.0367613990691953,0.6876635866511498,0.46146214635787475
digits20,28,4,1,0.002777777777777778,360,5.103208349439484,6.386759581881491,32.59296482412025,74,57,0.7702702702702703,53,0.7162162162162162,0.9822485207100592,0.03033026227060498,0.30956329532008137,0.026890670100381854,172.26371061843872,25.451575262544086,6.768292682926833,0.005792428404558847,inf,inf,inf,4,0.05405405405405406,0.013225900116143996,0.013225900116143996,0.051589895681330565,1.045922176420565,1.0,1.045922176420565,0.6646603271071156,0.37774498945475515
digits20,28,4,2,0.005555555555555556,360,5.103208349439484,6.386759581881491,32.59296482412025,74,53,0.7162162162162162,50,0.6756756756756757,0.9822485207100592,0.03033026227060498,0.30956329532008137,0.02345107793015873,172.26371061843872,25.451575262544086,6.768292682926833,0.005792428404558847,inf,inf,inf,3,0.04054054054054054,0.013225900116143996,0.013225900116143996,0.051589895681330565,1.045922176420565,1.0,1.045922176420565,0.6646603271071156,0.37774498945475515
digits20,28,5,1,0.002777777777777778,360,14.986945169712731,6.386759581881491,95.71801566579532,90,68,0.7555555555555555,62,0.6888888888888889,0.9361702127659574,0.010403786310293373,0.3118419499795494,0.006072648116132963,172.26371061843872,25.451575262544086,6.768292682926833,0.005791589357245774,inf,inf,inf,6,0.06666666666666667,0.013225900116143996,0.013225900116143996,0.0551685553558304,1.0222074497502434,1.0,1.0222074497502434,0.663324255882337,0.2892511100915369
digits20,28,5,2,0.005555555555555556,360,5.103208349439484,6.386759581881491,32.59296482412025,90,59,0.6555555555555556,56,0.6222222222222222,0.9361702127659574,0.030307230276346075,0.30932822118926884,0.021714779687755273,172.26371061843872,25.451575262544086,6.768292682926833,0.005791589357245774,inf,inf,inf,4,0.044444444444444446,0.013225900116143996,0.013225900116143996,0.0551685553558304,1.0222074497502434,1.0,1.0222074497502434,0.663324255882337,0.2892511100915369
digits20,28,6,1,0.002777777777777778,360,14.986945169712731,6.386759581881491,95.71801566579532,105,77,0.7333333333333333,63,0.6,0.9627659574468085,0.010401981506982239,0.31178785300301726,0.005205517290265284,172.26371061843872,25.451575262544086,6.768292682926833,0.0057910301725442315,inf,inf,inf,13,0.12380952380952381,0.013225900116143996,0.013225900116143996,0.0551685553558304,1.0222074497502434,1.0,1.0222074497502434,0.6562758464862579,0.21215790285686367
digits20,28,6,2,0.005555555555555556,360,5.103208349439484,6.386759581881491,32.59296482412025,105,65,0.6190476190476191,57,0.5428571428571428,0.9627659574468085,0.030291901613919037,0.309171770473102,0.019986175931482303,172.26371061843872,25.451575262544086,6.768292682926833,0.0057910301725442315,inf,inf,inf,9,0.08571428571428572,0.013225900116143996,0.013225900116143996,0.0551685553558304,1.0222074497502434,1.0,1.0222074497502434,0.6562758464862579,0.21215790285686367
digits20,28,7,1,0.002777777777777778,360,14.986945169712731,6.386759581881491,95.71801566579532,119,87,0.7310924369747899,68,0.5714285714285714,0.963350785340314,0.01040069287355827,0.3117492276460795,0.004338902335995614,54389.99999957426,8035.999999937094,6.768292682926833,1.8385587799985004e-05,inf,inf,inf,18,0.15126050420168066,0.013225900116143996,0.013225900116143996,0.0551685553558304,1.0222074497502434,1.0,1.0222074497502434,0.6513737019084931,0.13710640256501386
digits20,28,7,2,0.005555555555555556,360,5.103208349439484,6.386759581881491,32.59296482412025,119,72,0.6050420168067226,61,0.5126050420168067,0.963350785340314,0.030280965272969973,0.3090601496202149,0.018261959454406063,54389.99999957426,8035.999999937094,6.768292682926833,1.8385587799985004e-05,inf,inf,inf,11,0.09243697478991597,0.013225900116143996,0.013225900116143996,0.0551685553558304,1.0222074497502434,1.0,1.0222074497502434,0.6513737019084931,0.13710640256501386
digits20,29,1,1,0.002777777777777778,360,1.4516665104718711,1.3085405187981698,1.899564448734791,20,17,0.85,17,0.85,1.0,0.5264364684578363,1.528420382302645,0.5221908562847735,1.899564448734791,1.4516665104718711,1.3085405187981698,0.5264364684578363,1.2842901975146535,1.2715034817611326,1.6329794577315746,0,0.0,0.0013949910972417268,0.0013949910972417268,0.02570148150261365,1.0,1.0,1.0,1.0,0.9485970369947727
digits20,29,1,2,0.005555555555555556,360,1.4516665104718711,1.3085405187981698,1.899564448734791,20,17,0.85,17,0.85,1.0,0.5264364684578363,1.528420382302645,0.5179452441117105,1.899564448734791,1.4516665104718711,1.3085405187981698,0.5264364684578363,1.2412072174483468,1.2344664447240958,1.5322286608893485,0,0.0,0.0013949910972417268,0.0013949910972417268,0.02570148150261365,1.0,1.0,1.0,1.0,0.9485970369947727
digits20,29,2,1,0.002777777777777778,360,4.980477223427318,1.7527221254355412,8.729392624728831,39,31,0.7948717948717948,31,0.7948717948717948,1.0,0.11127476617777066,1.1084028769811745,0.10511697241676413,8.729392624728831,4.980477223427318,1.7527221254355412,0.11127476617777066,3.4878472222222148,1.6277221254355412,5.677246093749992,0,0.0,0.0013949910972417268,0.0013949910972417268,0.03458273546286328,1.0,1.0,1.0,0.75,0.6462517936114102
digits20,29,2,2,0.005555555555555556,360,4.980477223427318,1.7527221254355412,8.729392624728831,39,30,0.7692307692307693,30,0.7692307692307693,1.0,0.11127476617777066,1.1084028769811745,0.09895917865575761,8.729392624728831,4.980477223427318,1.7527221254355412,0.11127476617777066,2.7922168172341855,1.5027221254355412,4.195925990271017,0,0.0,0.0013949910972417268,0.0013949910972417268,0.03458273546286328,1.0,1.0,1.0,0.75,0.6462517936114102
digits20,29,3,1,0.002777777777777778,360,5.32560162365902,1.7534843205574886,9.338358944621595,57,42,0.7368421052631579,39,0.6842105263157895,0.9736842105263157,0.10330826356940226,1.1003573124052053,0.09413861929935888,20.26510067114285,11.557046979866879,1.7534843205574886,0.048538695290763045,inf,inf,inf,3,0.05263157894736842,0.028518195896244714,0.028518195896244714,0.05688422419218755,1.0,1.0,1.0,0.7037037037037036,0.46352586822557845
digits20,29,3,2,0.005555555555555556,360,5.32560162365902,1.7527221254355412,9.334299797042608,57,40,0.7017543859649122,37,0.6491228070175439,0.9736842105263157,0.1033515652069239,1.10081852694739,0.08500458975780073,20.26510067114285,11.557046979866879,1.7534843205574886,0.048538695290763045,inf,inf,inf,3,0.05263157894736842,0.028518195896244714,0.028518195896244714,0.05688422419218755,1.0,1.0,1.0,0.7037037037037036,0.46352586822557845
digits20,29,4,1,0.002777777777777778,360,5.32560162365902,2.067290940766538,11.009567990721857,74,55,0.7432432432432432,46,0.6216216216216216,1.024390243902439,0.0877828651554502,0.9349931384026128,0.07739405250653228,63.68456375839562,11.557046979866879,5.510452961672496,0.015610172064247196,inf,inf,inf,10,0.13513513513513514,0.028518195896244714,0.028518195896244714,0.05688422419218755,1.0088144855336303,1.0,1.0088144855336303,0.6798914951954924,0.36776348439044515
digits20,29,4,2,0.005555555555555556,360,5.32560162365902,2.067290940766538,11.009567990721857,74,48,0.6486486486486487,43,0.581081081081081,1.024390243902439,0.0877828651554502,0.9349931384026128,0.06700523985761436,63.68456375839562,11.557046979866879,5.510452961672496,0.015610172064247196,inf,inf,inf,5,0.06756756756756757,0.028518195896244714,0.028518195896244714,0.05688422419218755,1.0088144855336303,1.0,1.0088144855336303,0.6798914951954924,0.36776348439044515
digits20,29,5,1,0.002777777777777778,360,5.32560162365902,4.427409988385622,23.578621822750634,90,67,0.7444444444444445,55,0.6111111111111112,1.0271739130434785,0.04169788954035114,0.444132696478497,0.035529379867038684,64.11486486486476,11.63513513513507,5.510452961672496,0.015500003474478441,inf,inf,inf,12,0.13333333333333333,0.028518195896244714,0.028518195896244714,0.05688422419218755,1.0088144855336303,1.0,1.0088144855336303,0.6687254632882746,0.28497314746684294
digits20,29,5,2,0.005555555555555556,360,5.32560162365902,4.427409988385622,23.578621822750634,90,60,0.6666666666666666,52,0.5777777777777777,1.0271739130434785,0.04169788954035114,0.444132696478497,0.029360870193726223,64.11486486486476,11.63513513513507,5.510452961672496,0.015500003474478441,inf,inf,inf,7,0.07777777777777778,0.028518195896244714,0.028518195896244714,0.05688422419218755,1.0088144855336303,1.0,1.0088144855336303,0.6687254632882746,0.28497314746684294
digits20,29,6,1,0.002777777777777778,360,5.32560162365902,4.427409988385622,23.578621822750634,105,76,0.7238095238095238,59,0.5619047619047619,0.9708737864077671,0.041668860037749944,0.44382349734612314,0.03427180174864789,169.82550335573558,30.818791946314203,5.510452961672496,0.0058739688069323615,inf,inf,inf,16,0.1523809523809524,0.028518195896244714,0.028518195896244714,0.05688422419218755,1.0088144855336303,1.0,1.0088144855336303,0.661575254263332,0.20599630621733012
digits20,29,6,2,0.005555555555555556,360,5.32560162365902,4.427409988385622,23.578621822750634,105,67,0.638095238095238,56,0.5333333333333333,0.9708737864077671,0.041668860037749944,0.44382349734612314,0.02687474345954584,169.82550335573558,30.818791946314203,5.510452961672496,0.0058739688069323615,inf,inf,inf,11,0.10476190476190476,0.028518195896244714,0.028518195896244714,0.05688422419218755,1.0088144855336303,1.0,1.0088144855336303,0.661575254263332,0.20599630621733012
digits20,29,7,1,0.002777777777777778,360,5.32560162365902,4.427409988385622,23.578621822750634,119,83,0.6974789915966386,61,0.5126050420168067,0.909952606635071,0.04164815783992937,0.44360299402946995,0.03302254406713412,169.82550335573558,30.818791946314203,5.510452961672496,0.005873557955933806,inf,inf,inf,22,0.18487394957983194,0.03614982578397219,0.03614982578397219,0.05514017654001962,1.043415144405234,1.0,1.043415144405234,0.6432353021804533,0.12512384601367288
digits20,29,7,2,0.005555555555555556,360,5.32560162365902,4.427409988385622,23.578621822750634,119,72,0.6050420168067226,58,0.48739495798319327,0.909952606635071,0.04164815783992937,0.44360299402946995,0.02439693029433887,169.82550335573558,30.818791946314203,5.510452961672496,0.005873557955933806,inf,inf,inf,16,0.13445378151260504,0.03614982578397219,0.03614982578397219,0.05514017654001962,1.043415144405234,1.0,1.043415144405234,0.6432353021804533,0.12512384601367288
