dataset,split,K,eta_u_path,eta_o_path,eta_path,ratio,LK_bound,frac_nonpos_d,frac_nonpos_dt,frac_direction_violation,n_pairs,n_valid_pairs
breast_cancer,0,1,1.1175438596491223,2.254945054945053,2.519999999999997,0.96,0.3968253968253973,0.4,0.4,0.16666666666666666,30,15
breast_cancer,0,2,15.96491228070181,2.254945054945053,36.0000000000001,0.981132075471698,0.027584876543209735,0.3050847457627119,0.23728813559322035,0.15254237288135594,59,36
breast_cancer,0,3,15.96491228070181,2.254945054945053,36.0000000000001,0.9537037037037038,0.027521369963928066,0.40229885057471265,0.367816091954023,0.21839080459770116,87,39
breast_cancer,0,4,15.96491228070181,2.254945054945053,36.0000000000001,0.9537037037037038,0.027489763192152128,0.45614035087719296,0.4824561403508772,0.23684210526315788,114,41
breast_cancer,0,5,15.96491228070181,2.254945054945053,36.0000000000001,0.9813084112149533,0.027470845722408432,0.39285714285714285,0.5642857142857143,0.3142857142857143,140,43
breast_cancer,0,6,15.96491228070181,2.254945054945053,36.0000000000001,0.9439252336448598,0.027458253422613543,0.4666666666666667,0.6303030303030303,0.28484848484848485,165,43
breast_cancer,0,7,15.96491228070181,2.254945054945053,36.0000000000001,0.9439252336448598,0.027449268377630065,0.4444444444444444,0.6772486772486772,0.32275132275132273,189,43
breast_cancer,1,1,3.991228070175465,1.962637362637362,7.833333333333383,0.9238095238095239,0.1276595744680843,0.36666666666666664,0.4,0.1,30,17
breast_cancer,1,2,11.973684210526345,1.962637362637362,23.50000000000005,0.9629629629629629,0.04210049796287896,0.22033898305084745,0.559322033898305,0.3728813559322034,59,25
breast_cancer,1,3,11.973684210526345,1.962637362637362,23.50000000000005,0.9724770642201835,0.04195245398061731,0.20689655172413793,0.5517241379310345,0.367816091954023,87,36
breast_cancer,1,4,11.973684210526345,1.962637362637362,23.50000000000005,0.9545454545454545,0.04187895428000299,0.20175438596491227,0.5263157894736842,0.3508771929824561,114,48
breast_cancer,1,5,11.973684210526345,1.962637362637362,23.50000000000005,0.9727272727272728,0.041835019997797485,0.19285714285714287,0.6142857142857143,0.44285714285714284,140,48
breast_cancer,1,6,11.973684210526345,1.962637362637362,23.50000000000005,0.9727272727272728,0.04180579908557347,0.21212121212121213,0.6666666666666666,0.4727272727272727,165,48
breast_cancer,1,7,11.973684210526345,1.962637362637362,23.50000000000005,0.9818181818181818,0.04178496049576097,0.2328042328042328,0.708994708994709,0.49206349206349204,189,48
breast_cancer,2,1,4.7894736842105,1.5418427726120014,7.384615384615334,0.9714285714285714,0.13541666666666763,0.3,0.4,0.23333333333333334,30,16
breast_cancer,2,2,4.7894736842105,1.5418427726120014,7.384615384615334,1.0467289719626167,0.13083224826388984,0.3389830508474576,0.4406779661016949,0.2711864406779661,59,27
breast_cancer,2,3,4.7894736842105,1.5418427726120014,7.384615384615334,1.0,0.12939608015314297,0.5517241379310345,0.5747126436781609,0.20689655172413793,87,27
breast_cancer,2,4,4.7894736842105,1.5418427726120014,7.384615384615334,0.9821428571428572,0.12869392717142236,0.6578947368421053,0.6491228070175439,0.18421052631578946,114,27
breast_cancer,2,5,4.7894736842105,1.5418427726120014,7.384615384615334,0.9732142857142857,0.1282775797625344,0.6928571428571428,0.7071428571428572,0.18571428571428572,140,27
breast_cancer,2,6,4.7894736842105,1.5418427726120014,7.384615384615334,0.9732142857142857,0.1280020407078628,0.6545454545454545,0.7393939393939394,0.21818181818181817,165,27
breast_cancer,2,7,4.7894736842105,1.5418427726120014,7.384615384615334,0.9734513274336284,0.12780620879555027,0.6349206349206349,0.7354497354497355,0.2328042328042328,189,31
breast_cancer,3,1,1.8141945773524701,9.145054945054916,16.59090909090902,0.9514563106796117,0.060273972602740034,0.4666666666666667,0.36666666666666664,0.16666666666666666,30,15
breast_cancer,3,2,5.986842105263173,9.145054945054916,54.749999999999964,0.9814814814814815,0.018181439085923956,0.5084745762711864,0.4915254237288136,0.1864406779661017,59,24
breast_cancer,3,3,5.986842105263173,9.145054945054916,54.749999999999964,0.9727272727272728,0.018153864395564434,0.5402298850574713,0.4827586206896552,0.22988505747126436,87,31
breast_cancer,3,4,5.986842105263173,9.145054945054916,54.749999999999964,0.9636363636363636,0.018140118929753757,0.631578947368421,0.5263157894736842,0.2631578947368421,114,31
breast_cancer,3,5,5.986842105263173,9.145054945054916,54.749999999999964,0.9819819819819819,0.018131884996669734,0.6,0.6071428571428571,0.29285714285714287,140,32
breast_cancer,3,6,5.986842105263173,9.145054945054916,54.749999999999964,0.9729729729729729,0.018126401256279512,0.6606060606060606,0.6666666666666666,0.24848484848484848,165,32
breast_cancer,3,7,5.986842105263173,9.145054945054916,54.749999999999964,0.9819819819819819,0.01812248701243091,0.6349206349206349,0.708994708994709,0.2751322751322751,189,32
breast_cancer,4,1,13.304093567251517,2.1046153846153834,28.0000000000001,0.9904761904761904,0.03571428571428559,0.43333333333333335,0.36666666666666664,0.03333333333333333,30,17
breast_cancer,4,2,13.304093567251517,2.5054945054945015,33.333333333333414,0.9906542056074766,0.029774999999999996,0.4915254237288136,0.3898305084745763,0.15254237288135594,59,26
breast_cancer,4,3,13.304093567251517,2.5054945054945015,33.333333333333414,0.9629629629629629,0.029700999999999977,0.5057471264367817,0.5287356321839081,0.3103448275862069,87,26
breast_cancer,4,4,13.304093567251517,2.5054945054945015,33.333333333333414,0.9816513761467891,0.029664184335937316,0.5350877192982456,0.6140350877192983,0.32456140350877194,114,27
breast_cancer,4,5,13.304093567251517,2.5054945054945015,33.333333333333414,0.9816513761467891,0.029642153527775994,0.5714285714285714,0.6857142857142857,0.3142857142857143,140,27
breast_cancer,4,6,13.304093567251517,2.5054945054945015,33.333333333333414,0.9724770642201835,0.029627490643734378,0.5757575757575758,0.7333333333333333,0.32727272727272727,165,27
breast_cancer,4,7,13.304093567251517,2.5054945054945015,33.333333333333414,0.9636363636363636,0.029617029039064935,0.5873015873015873,0.7671957671957672,0.328042328042328,189,27
breast_cancer,5,1,1.9956140350877194,1.3028571428571414,2.599999999999997,0.9423076923076924,0.384615384615385,0.36666666666666664,0.4666666666666667,0.13333333333333333,30,15
breast_cancer,5,2,23.94736842105511,1.3028571428571414,31.200000000003193,1.0,0.031794460880996134,0.2542372881355932,0.3389830508474576,0.13559322033898305,59,36
breast_cancer,5,3,23.94736842105511,1.7538461538461547,42.00000000000437,0.9818181818181818,0.02362105924086033,0.367816091954023,0.2988505747126437,0.19540229885057472,87,45
breast_cancer,5,4,23.94736842105511,1.7538461538461547,42.00000000000437,0.9727272727272728,0.023597781111568406,0.47368421052631576,0.40350877192982454,0.22807017543859648,114,46
breast_cancer,5,5,23.94736842105511,1.7538461538461547,42.00000000000437,0.9727272727272728,0.02358384366840849,0.4928571428571429,0.5142857142857142,0.2642857142857143,140,46
breast_cancer,5,6,23.94736842105511,1.7538461538461547,42.00000000000437,0.9369369369369368,0.02357456426757809,0.49696969696969695,0.5696969696969697,0.2909090909090909,165,47
breast_cancer,5,7,23.94736842105511,1.7538461538461547,42.00000000000437,0.9459459459459459,0.023567942101906825,0.4444444444444444,0.6243386243386243,0.37037037037037035,189,47
breast_cancer,6,1,5.321637426900604,1.5032967032967028,8.000000000000027,1.0,0.12499999999999956,0.3,0.4,0.16666666666666666,30,17
breast_cancer,6,2,5.321637426900604,3.3824175824176,18.00000000000016,0.9908256880733944,0.05478395061728358,0.5084745762711864,0.4915254237288136,0.1864406779661017,59,24
breast_cancer,6,3,5.321637426900604,3.3824175824176,18.00000000000016,0.9819819819819819,0.05453309962912112,0.41379310344827586,0.632183908045977,0.3563218390804598,87,26
breast_cancer,6,4,5.321637426900604,3.3824175824176,18.00000000000016,1.0,0.05440882767251498,0.3684210526315789,0.6578947368421053,0.38596491228070173,114,32
breast_cancer,6,5,5.321637426900604,3.3824175824176,18.00000000000016,0.9821428571428572,0.05433462903690078,0.4785714285714286,0.7,0.3357142857142857,140,32
breast_cancer,6,6,5.321637426900604,3.3824175824176,18.00000000000016,0.9734513274336284,0.05428531412316473,0.4909090909090909,0.7454545454545455,0.3515151515151515,165,32
breast_cancer,6,7,5.321637426900604,3.3824175824176,18.00000000000016,0.9823008849557523,0.054250162740143715,0.48148148148148145,0.7671957671957672,0.36507936507936506,189,34
breast_cancer,7,1,2.3947368421052793,1.9328100470957592,4.628571428571455,0.9803921568627451,0.21604938271604812,0.4,0.3,0.16666666666666666,30,17
breast_cancer,7,2,15.96491228070181,1.9328100470957592,30.85714285714293,0.9541284403669724,0.03214484739369006,0.3050847457627119,0.5084745762711864,0.3220338983050847,59,25
breast_cancer,7,3,15.96491228070181,1.9328100470957592,30.85714285714293,0.9537037037037038,0.03205858796531491,0.3333333333333333,0.5977011494252874,0.3793103448275862,87,29
breast_cancer,7,4,15.96491228070181,1.9328100470957592,30.85714285714293,0.9636363636363636,0.03201569030055462,0.30701754385964913,0.6929824561403509,0.4649122807017544,114,29
breast_cancer,7,5,15.96491228070181,1.9328100470957592,30.85714285714293,0.9454545454545454,0.03199002541745111,0.30714285714285716,0.75,0.5071428571428571,140,29
breast_cancer,7,6,15.96491228070181,1.9328100470957592,30.85714285714293,0.9727272727272728,0.03197294608634327,0.26666666666666666,0.7757575757575758,0.5515151515151515,165,31
breast_cancer,7,7,15.96491228070181,1.9328100470957592,30.85714285714293,0.9545454545454545,0.03196076150861993,0.3439153439153439,0.798941798941799,0.5026455026455027,189,31
breast_cancer,8,1,1.9956140350877207,1.2903296703296716,2.575000000000004,0.9238095238095239,0.3883495145631062,0.36666666666666664,0.4666666666666667,0.16666666666666666,30,15
breast_cancer,8,2,6.984649122807038,2.004395604395591,13.999999999999948,0.9357798165137615,0.07015306122448994,0.2033898305084746,0.3220338983050847,0.13559322033898305,59,39
breast_cancer,8,3,6.984649122807038,2.004395604395591,13.999999999999948,0.9196428571428572,0.06974138861894008,0.3218390804597701,0.42528735632183906,0.1724137931034483,87,46
breast_cancer,8,4,6.984649122807038,2.004395604395591,13.999999999999948,0.9035087719298246,0.06953798140748668,0.3684210526315789,0.5263157894736842,0.21052631578947367,114,48
breast_cancer,8,5,6.984649122807038,2.004395604395591,13.999999999999948,0.9203539823008849,0.06941670196941774,0.37142857142857144,0.6142857142857143,0.2857142857142857,140,48
breast_cancer,8,6,6.984649122807038,2.004395604395591,13.999999999999948,0.9203539823008849,0.06933616489381644,0.46060606060606063,0.6727272727272727,0.24848484848484848,165,48
breast_cancer,8,7,6.984649122807038,2.004395604395591,13.999999999999948,0.9203539823008849,0.06927879225100231,0.5079365079365079,0.7142857142857143,0.23809523809523808,189,48
breast_cancer,9,1,1.8958333333333337,1.7816849816849805,3.377777777777776,0.9181818181818182,0.29605263157894757,0.3333333333333333,0.4,0.2,30,16
breast_cancer,9,2,7.982456140350905,5.261538461538427,41.99999999999987,0.9272727272727272,0.02366780045351491,0.2711864406779661,0.3389830508474576,0.23728813559322035,59,34
breast_cancer,9,3,11.97368421052574,5.261538461538427,62.999999999996554,0.9369369369369368,0.015789179782349838,0.20689655172413793,0.5287356321839081,0.40229885057471265,87,36
breast_cancer,9,4,11.97368421052574,5.261538461538427,62.999999999996554,0.9375,0.015778783340716918,0.24561403508771928,0.631578947368421,0.43859649122807015,114,37
breast_cancer,9,5,11.97368421052574,5.261538461538427,62.999999999996554,0.9553571428571429,0.0157725542521876,0.2357142857142857,0.6928571428571428,0.4857142857142857,140,38
breast_cancer,9,6,11.97368421052574,5.261538461538427,62.999999999996554,0.9557522123893805,0.015768405176113554,0.2909090909090909,0.7212121212121212,0.4666666666666667,165,39
breast_cancer,9,7,11.97368421052574,5.261538461538427,62.999999999996554,0.9557522123893805,0.01576544333563723,0.36507936507936506,0.7566137566137566,0.42328042328042326,189,39
breast_cancer,10,1,23.94736842105274,1.5032967032967013,36.000000000000114,0.9326923076923077,0.02777777777777768,0.36666666666666664,0.36666666666666664,0.0,30,19
breast_cancer,10,2,23.94736842105274,4.509890109890118,108.00000000000068,0.9626168224299065,0.009237825788751763,0.2711864406779661,0.23728813559322035,0.0847457627118644,59,41
breast_cancer,10,3,23.94736842105274,4.509890109890118,108.00000000000068,0.9719626168224298,0.009230710699776656,0.3563218390804598,0.47126436781609193,0.1839080459770115,87,42
breast_cancer,10,4,23.94736842105274,4.509890109890118,108.00000000000068,0.9816513761467891,0.009227158639300681,0.39473684210526316,0.5964912280701754,0.22807017543859648,114,42
breast_cancer,10,5,23.94736842105274,4.509890109890118,108.00000000000068,0.9816513761467891,0.009225029154246056,0.4785714285714286,0.6,0.22857142857142856,140,44
breast_cancer,10,6,23.94736842105274,4.509890109890118,108.00000000000068,0.9818181818181818,0.009223610226378298,0.4666666666666667,0.6242424242424243,0.24848484848484848,165,48
breast_cancer,10,7,23.94736842105274,4.509890109890118,108.00000000000068,0.9727272727272728,0.009222597063188065,0.5343915343915344,0.671957671957672,0.21693121693121692,189,48
breast_cancer,11,1,1.5590734649122815,3.2571428571428562,5.078125000000001,0.9320388349514562,0.19692307692307687,0.4,0.4,0.2,30,15
breast_cancer,11,2,39.912280701754554,3.2571428571428562,130.0000000000005,0.9537037037037038,0.007677514792899354,0.3050847457627119,0.5254237288135594,0.3220338983050847,59,25
breast_cancer,11,3,39.912280701754554,3.2571428571428562,130.0000000000005,0.9541284403669724,0.0076726006844349826,0.2988505747126437,0.5172413793103449,0.3218390804597701,87,35
breast_cancer,11,4,39.912280701754554,3.2571428571428562,130.0000000000005,0.9454545454545454,0.007670146777401854,0.38596491228070173,0.6052631578947368,0.32456140350877194,114,36
breast_cancer,11,5,39.912280701754554,3.2571428571428562,130.0000000000005,0.9545454545454545,0.0076686754385434375,0.36428571428571427,0.6714285714285714,0.39285714285714285,140,37
breast_cancer,11,6,39.912280701754554,3.2571428571428562,130.0000000000005,0.9541284403669724,0.00766769496446984,0.4484848484848485,0.7212121212121212,0.34545454545454546,165,37
breast_cancer,11,7,39.912280701754554,3.2571428571428562,130.0000000000005,0.9541284403669724,0.007666994830697771,0.4973544973544973,0.7566137566137566,0.32275132275132273,189,37
breast_cancer,12,1,1.596491228070177,1.8478021978021977,2.950000000000003,1.0,0.3389830508474573,0.4666666666666667,0.4,0.13333333333333333,30,14
breast_cancer,12,2,7.98245614035088,4.0087912087911945,31.999999999999897,1.0,0.031005859375,0.3559322033898305,0.4067796610169492,0.22033898305084745,59,28
breast_cancer,12,3,7.98245614035088,4.0087912087911945,31.999999999999897,0.9339622641509434,0.03092560944733813,0.47126436781609193,0.5977011494252874,0.22988505747126436,87,28
breast_cancer,12,4,15.96491228070181,4.0087912087911945,64.0,0.9259259259259259,0.015533685451373458,0.5,0.6578947368421053,0.2543859649122807,114,30
breast_cancer,12,5,15.96491228070181,4.0087912087911945,64.0,0.9082568807339451,0.01552764844924237,0.5214285714285715,0.7214285714285714,0.2785714285714286,140,30
breast_cancer,12,6,15.96491228070181,4.0087912087911945,64.0,0.926605504587156,0.015523627263142603,0.5212121212121212,0.7636363636363637,0.3090909090909091,165,30
breast_cancer,12,7,15.96491228070181,4.0087912087911945,64.0,0.963302752293578,0.0155207566906852,0.5502645502645502,0.7037037037037037,0.328042328042328,189,33
breast_cancer,13,1,1.419103313840156,2.5054945054945055,3.555555555555556,0.9528301886792453,0.28125,0.4,0.36666666666666664,0.23333333333333334,30,15
breast_cancer,13,2,4.989035087719319,5.512087912087888,27.499999999999996,0.9906542056074766,0.03603305785123967,0.3728813559322034,0.3050847457627119,0.1864406779661017,59,32
breast_cancer,13,3,4.989035087719319,5.512087912087888,27.499999999999996,0.9816513761467891,0.03592464590811684,0.5517241379310345,0.40229885057471265,0.1839080459770115,87,34
breast_cancer,13,4,4.989035087719319,5.512087912087888,27.499999999999996,0.9636363636363636,0.035870767024110184,0.6491228070175439,0.5350877192982456,0.15789473684210525,114,34
breast_cancer,13,5,7.98245614035088,5.512087912087888,43.99999999999982,0.9454545454545454,0.022521598168049106,0.5928571428571429,0.5928571428571429,0.21428571428571427,140,37
breast_cancer,13,6,7.98245614035093,5.512087912087888,44.0000000000001,0.954954954954955,0.022513136229930786,0.6121212121212121,0.6181818181818182,0.20606060606060606,165,40
breast_cancer,13,7,7.98245614035093,5.512087912087888,44.0000000000001,0.963302752293578,0.022507097193164682,0.6613756613756614,0.6666666666666666,0.17989417989417988,189,40
breast_cancer,14,1,6.6520467836256465,1.1982799808886757,7.9710144927535165,0.980952380952381,0.12545454545454715,0.36666666666666664,0.4,0.1,30,17
breast_cancer,14,2,7.982456140350905,1.1982799808886757,9.565217391304374,1.0,0.10181301652892538,0.4745762711864407,0.5254237288135594,0.13559322033898305,59,25
breast_cancer,14,3,7.982456140350905,1.1982799808886757,9.565217391304374,0.963963963963964,0.10094452444555735,0.632183908045977,0.5862068965517241,0.16091954022988506,87,26
breast_cancer,14,4,7.982456140350905,1.1982799808886757,9.565217391304374,0.9380530973451328,0.10051774687567994,0.5964912280701754,0.6754385964912281,0.2543859649122807,114,26
breast_cancer,14,5,7.982456140350905,1.1982799808886757,9.565217391304374,0.9464285714285715,0.10026401451145461,0.6071428571428571,0.7285714285714285,0.2714285714285714,140,26
breast_cancer,14,6,7.982456140350905,1.1982799808886757,9.565217391304374,0.9203539823008849,0.10009581963226732,0.5818181818181818,0.7696969696969697,0.3151515151515151,165,26
breast_cancer,14,7,7.982456140350905,1.1982799808886757,9.565217391304374,0.9380530973451328,0.09997614676446187,0.5608465608465608,0.798941798941799,0.3492063492063492,189,26
breast_cancer,15,1,3.991228070175465,2.17142857142857,8.666666666666718,0.9714285714285714,0.11538461538461475,0.36666666666666664,0.43333333333333335,0.13333333333333333,30,16
breast_cancer,15,2,3.991228070175465,4.259340659340631,17.0,0.9090909090909091,0.057958477508650574,0.4745762711864407,0.3898305084745763,0.22033898305084745,59,26
breast_cancer,15,3,3.991228070175465,4.259340659340631,17.0,0.9380530973451328,0.05767766545295561,0.5057471264367817,0.5862068965517241,0.28735632183908044,87,26
breast_cancer,15,4,3.991228070175465,4.259340659340631,17.0,0.9292035398230089,0.0575386261389349,0.6140350877192983,0.6228070175438597,0.2719298245614035,114,26
breast_cancer,15,5,3.991228070175465,4.259340659340631,17.0,0.9292035398230089,0.05745563413780386,0.6214285714285714,0.6857142857142857,0.2857142857142857,140,26
breast_cancer,15,6,3.991228070175465,4.259340659340631,17.0,0.9734513274336284,0.05740048465233505,0.6424242424242425,0.7333333333333333,0.2787878787878788,165,26
breast_cancer,15,7,3.991228070175465,4.259340659340631,17.0,0.9646017699115045,0.057361179189114986,0.6878306878306878,0.7671957671957672,0.24338624338624337,189,26
breast_cancer,16,1,7.982456140350905,2.655824175824175,21.20000000000007,0.8942307692307693,0.047169811320754595,0.43333333333333335,0.36666666666666664,0.13333333333333333,30,16
breast_cancer,16,2,15.96491228070181,2.655824175824175,42.40000000000014,0.963302752293578,0.023445843716624948,0.22033898305084745,0.4576271186440678,0.3389830508474576,59,29
breast_cancer,16,3,15.96491228070181,3.006593406593399,48.00000000000005,0.9636363636363636,0.020688992305384013,0.41379310344827586,0.4482758620689655,0.3448275862068966,87,33
breast_cancer,16,4,15.96491228070181,3.006593406593399,48.00000000000005,0.963963963963964,0.020671137321142674,0.34210526315789475,0.5701754385964912,0.45614035087719296,114,34
breast_cancer,16,5,15.96491228070181,3.006593406593399,48.00000000000005,0.9727272727272728,0.02066044409606671,0.38571428571428573,0.65,0.45,140,34
breast_cancer,16,6,15.96491228070181,3.006593406593399,48.00000000000005,0.9545454545454545,0.02065332349356863,0.42424242424242425,0.703030303030303,0.43636363636363634,165,34
breast_cancer,16,7,15.96491228070181,3.006593406593399,48.00000000000005,0.9727272727272728,0.020648241365503472,0.41798941798941797,0.7195767195767195,0.4497354497354497,189,36
breast_cancer,17,1,1.946940522036799,3.507692307692297,6.829268292682905,0.942857142857143,0.1464285714285719,0.3333333333333333,0.43333333333333335,0.1,30,17
breast_cancer,17,2,27.938596491228154,3.507692307692297,98.0,0.9724770642201835,0.010178050812161499,0.2033898305084746,0.3728813559322034,0.1694915254237288,59,36
breast_cancer,17,3,27.938596491228154,3.507692307692297,98.0,0.9909090909090909,0.010169413223200308,0.21839080459770116,0.42528735632183906,0.19540229885057472,87,46
breast_cancer,17,4,27.938596491228154,3.507692307692297,98.0,1.0,0.010165101764719853,0.3508771929824561,0.543859649122807,0.18421052631578946,114,47
breast_cancer,17,5,27.938596491228154,3.507692307692297,98.0,1.0091743119266054,0.010162517231766532,0.42142857142857143,0.6285714285714286,0.2,140,47
breast_cancer,17,6,27.938596491228154,3.507692307692297,98.0,1.0,0.010160795184443239,0.4727272727272727,0.6848484848484848,0.20606060606060606,165,47
breast_cancer,17,7,27.938596491228154,3.507692307692297,98.0,0.9819819819819819,0.010159565627628764,0.5291005291005291,0.7248677248677249,0.19047619047619047,189,47
breast_cancer,18,1,19.956140350877277,1.3467032967032968,26.875000000000114,0.9223300970873787,0.037209302325581284,0.43333333333333335,0.4,0.03333333333333333,30,17
breast_cancer,18,2,19.956140350877277,1.5032967032967124,30.00000000000031,0.8952380952380953,0.03305555555555517,0.2711864406779661,0.559322033898305,0.3220338983050847,59,24
breast_cancer,18,3,23.947368421052715,1.5032967032967124,36.00000000000034,0.8981481481481481,0.027521369963928066,0.20689655172413793,0.6551724137931034,0.42528735632183906,87,28
breast_cancer,18,4,23.947368421052715,1.5032967032967124,36.00000000000034,0.9541284403669724,0.027489763192152128,0.19298245614035087,0.7192982456140351,0.5,114,30
breast_cancer,18,5,23.947368421052715,1.5032967032967124,36.00000000000034,0.9537037037037038,0.027470845722408432,0.2,0.7428571428571429,0.5214285714285715,140,33
breast_cancer,18,6,23.947368421052715,1.5032967032967124,36.00000000000034,1.0,0.027458253422612877,0.26666666666666666,0.7757575757575758,0.4909090909090909,165,34
breast_cancer,18,7,23.947368421052715,1.5032967032967124,36.00000000000034,0.9906542056074766,0.027449268377630065,0.3492063492063492,0.708994708994709,0.49206349206349204,189,35
breast_cancer,19,1,1.710526315789485,1.3004709576138154,2.224489795918383,1.0,0.4495412844036666,0.4,0.36666666666666664,0.1,30,17
breast_cancer,19,2,2.2173489278752405,2.5054945054944886,5.55555555555551,0.9908256880733944,0.17190000000000139,0.559322033898305,0.423728813559322,0.1864406779661017,59,24
breast_cancer,19,3,7.98245614035093,2.5054945054944886,19.999999999999996,0.9636363636363636,0.04917129629629646,0.6206896551724138,0.45977011494252873,0.2413793103448276,87,27
breast_cancer,19,4,7.98245614035093,2.5054945054944886,19.999999999999996,0.9541284403669724,0.049070288085937275,0.6491228070175439,0.5789473684210527,0.2543859649122807,114,27
breast_cancer,19,5,7.98245614035093,2.5054945054944886,19.999999999999996,0.9907407407407408,0.04900995010000009,0.6214285714285714,0.6571428571428571,0.3,140,27
breast_cancer,19,6,7.98245614035093,2.5054945054944886,19.999999999999996,0.9816513761467891,0.04896983531023591,0.6666666666666666,0.6909090909090909,0.2787878787878788,165,27
breast_cancer,19,7,7.98245614035093,2.5054945054944886,19.999999999999996,0.9727272727272728,0.04894123581227394,0.7037037037037037,0.7195767195767195,0.24338624338624337,189,27
breast_cancer,20,1,1.140350877192983,2.1609890109890113,2.4642857142857157,0.9615384615384616,0.40579710144927517,0.43333333333333335,0.4,0.1,30,16
breast_cancer,20,2,9.978070175439141,3.0065934065933866,30.00000000000144,0.963302752293578,0.03305555555555395,0.3220338983050847,0.3389830508474576,0.15254237288135594,59,35
breast_cancer,20,3,9.978070175439141,3.0065934065933866,30.00000000000144,0.9724770642201835,0.03296433470507398,0.4827586206896552,0.3333333333333333,0.2413793103448276,87,40
breast_cancer,20,4,9.978070175439141,3.0065934065933866,30.00000000000144,0.9727272727272728,0.03291897665894916,0.5526315789473685,0.47368421052631576,0.22807017543859648,114,41
breast_cancer,20,5,9.978070175439141,3.0065934065933866,30.00000000000144,0.9369369369369368,0.032891841988475945,0.6142857142857143,0.5571428571428572,0.22142857142857142,140,41
breast_cancer,20,6,9.978070175439141,3.0065934065933866,30.00000000000144,0.9363636363636364,0.0328737854683937,0.5878787878787879,0.6,0.2606060606060606,165,44
breast_cancer,20,7,9.978070175439141,3.0065934065933866,30.00000000000144,0.9189189189189189,0.03286090420135557,0.6031746031746031,0.6507936507936508,0.26455026455026454,189,44
breast_cancer,21,1,5.9868421052630465,1.318681318681318,7.894736842105112,0.980952380952381,0.12666666666666915,0.36666666666666664,0.43333333333333335,0.1,30,16
breast_cancer,21,2,7.982456140350074,6.764835164835243,53.99999999999519,0.9629629629629629,0.018432784636490007,0.4406779661016949,0.3050847457627119,0.15254237288135594,59,29
breast_cancer,21,3,15.96491228070181,6.764835164835243,108.00000000000162,0.963963963963964,0.009230710699776323,0.41379310344827586,0.3218390804597701,0.16091954022988506,87,42
breast_cancer,21,4,15.96491228070181,6.764835164835243,108.00000000000162,0.9553571428571429,0.009227158639300681,0.5350877192982456,0.47368421052631576,0.14035087719298245,114,42
breast_cancer,21,5,15.96491228070181,6.764835164835243,108.00000000000162,0.9642857142857143,0.009225029154245501,0.5857142857142857,0.5714285714285714,0.15,140,42
breast_cancer,21,6,15.96491228070181,6.764835164835243,108.00000000000162,0.9292035398230089,0.009223610226378298,0.6484848484848484,0.6242424242424243,0.1393939393939394,165,42
breast_cancer,21,7,15.96491228070181,6.764835164835243,108.00000000000162,0.9285714285714286,0.009222597063188065,0.6666666666666666,0.671957671957672,0.14814814814814814,189,42
breast_cancer,22,1,1.3304093567251476,15.283516483516445,20.333333333333304,1.0,0.049180327868852514,0.36666666666666664,0.36666666666666664,0.13333333333333333,30,17
breast_cancer,22,2,3.991228070175422,15.283516483516445,60.999999999999595,0.9619047619047619,0.016326256382692805,0.5084745762711864,0.3728813559322034,0.22033898305084745,59,26
breast_cancer,22,3,7.98245614035093,15.283516483516445,122.0000000000005,0.9449541284403671,0.008174346294607449,0.5977011494252874,0.5172413793103449,0.19540229885057472,87,29
breast_cancer,22,4,7.98245614035093,15.283516483516445,122.0000000000005,0.9090909090909091,0.008171560872926253,0.6666666666666666,0.6140350877192983,0.18421052631578946,114,29
breast_cancer,22,5,7.98245614035093,15.283516483516445,122.0000000000005,0.9009009009009008,0.00816989083582298,0.65,0.6857142857142857,0.22857142857142856,140,29
breast_cancer,22,6,7.98245614035093,15.283516483516445,122.0000000000005,0.9099099099099098,0.008168777983862618,0.5818181818181818,0.7272727272727273,0.3090909090909091,165,30
breast_cancer,22,7,7.98245614035093,15.283516483516445,122.0000000000005,0.9181818181818182,0.008167983337332596,0.5714285714285714,0.7566137566137566,0.328042328042328,189,30
breast_cancer,23,1,1.596491228070177,1.440659340659342,2.3000000000000043,0.8942307692307693,0.43478260869565144,0.4,0.3333333333333333,0.2,30,16
breast_cancer,23,2,11.97368421052637,2.756043956043938,32.99999999999993,0.9722222222222222,0.030073461891643727,0.3050847457627119,0.2711864406779661,0.1694915254237288,59,36
breast_cancer,23,3,11.97368421052637,2.756043956043938,32.99999999999993,0.9816513761467891,0.029997969698000504,0.42528735632183906,0.3103448275862069,0.20689655172413793,87,44
breast_cancer,23,4,11.97368421052637,2.756043956043938,32.99999999999993,0.9636363636363636,0.029960413546728626,0.543859649122807,0.40350877192982454,0.21929824561403508,114,45
breast_cancer,23,5,11.97368421052637,2.756043956043938,32.99999999999993,0.9727272727272728,0.02993794022510543,0.55,0.5071428571428571,0.24285714285714285,140,46
breast_cancer,23,6,11.97368421052637,2.756043956043938,32.99999999999993,0.963963963963964,0.029922983069566977,0.6060606060606061,0.5818181818181818,0.21818181818181817,165,46
breast_cancer,23,7,11.97368421052637,2.756043956043938,32.99999999999993,0.954954954954955,0.029912311631021926,0.6349206349206349,0.6243386243386243,0.21164021164021163,189,47
breast_cancer,24,1,2.3947368421052793,2.0401883830455234,4.885714285714313,0.9705882352941176,0.20467836257309835,0.36666666666666664,0.3333333333333333,0.1,30,18
breast_cancer,24,2,15.96491228070181,4.760439560439589,76.00000000000072,0.9714285714285714,0.013114612188365626,0.3050847457627119,0.23728813559322035,0.1864406779661017,59,37
breast_cancer,24,3,15.96491228070181,4.760439560439589,76.00000000000072,0.9814814814814815,0.013100269043646029,0.3793103448275862,0.40229885057471265,0.25287356321839083,87,40
breast_cancer,24,4,15.96491228070181,4.760439560439589,76.00000000000072,0.9724770642201835,0.013093113173845317,0.5087719298245614,0.5350877192982456,0.21052631578947367,114,40
breast_cancer,24,5,15.96491228070181,4.760439560439589,76.00000000000072,0.9541284403669724,0.013088824661922849,0.6,0.6214285714285714,0.17142857142857143,140,40
breast_cancer,24,6,15.96491228070181,4.760439560439589,76.00000000000072,0.9724770642201835,0.013085967738028725,0.6303030303030303,0.6727272727272727,0.1696969696969697,165,41
breast_cancer,24,7,15.96491228070181,4.760439560439589,76.00000000000072,0.9724770642201835,0.0130839280977888,0.6772486772486772,0.6613756613756614,0.19047619047619047,189,41
breast_cancer,25,1,2.317487266553482,1.461538461538459,3.3870967741935445,1.0,0.2952380952380955,0.4,0.4666666666666667,0.03333333333333333,30,16
breast_cancer,25,2,7.982456140350905,1.461538461538459,11.666666666666687,1.0,0.08387755102040806,0.4576271186440678,0.5932203389830508,0.15254237288135594,59,23
breast_cancer,25,3,7.982456140350905,1.461538461538459,11.666666666666687,0.9545454545454545,0.08328862973760909,0.5287356321839081,0.5977011494252874,0.25287356321839083,87,24
breast_cancer,25,4,7.98245614035093,1.461538461538459,11.666666666666723,0.9545454545454545,0.08299833142440616,0.543859649122807,0.6491228070175439,0.2807017543859649,114,26
breast_cancer,25,5,7.98245614035093,1.461538461538459,11.666666666666723,0.9818181818181818,0.08282545887327841,0.5214285714285715,0.7142857142857143,0.32857142857142857,140,26
breast_cancer,25,6,7.98245614035093,1.461538461538459,11.666666666666723,0.9727272727272728,0.08271074908413978,0.5757575757575758,0.7333333333333333,0.3151515151515151,165,26
breast_cancer,25,7,7.98245614035093,1.461538461538459,11.666666666666723,0.9727272727272728,0.08262907552054721,0.6190476190476191,0.7619047619047619,0.2857142857142857,189,26
breast_cancer,26,1,19.956140350876268,1.6506787330316732,32.94117647058669,0.9801980198019803,0.030357142857144304,0.43333333333333335,0.3,0.2,30,16
breast_cancer,26,2,19.956140350876268,3.7582417582417933,74.99999999999723,1.0093457943925233,0.01328888888888946,0.2542372881355932,0.2542372881355932,0.1694915254237288,59,38
breast_cancer,26,3,19.956140350876268,3.7582417582417933,74.99999999999723,1.0185185185185186,0.013274161865569734,0.45977011494252873,0.40229885057471265,0.19540229885057472,87,39
breast_cancer,26,4,19.956140350876268,3.7582417582417933,74.99999999999723,0.9909090909090909,0.013266814691358375,0.5087719298245614,0.5350877192982456,0.23684210526315788,114,39
breast_cancer,26,5,19.956140350876268,3.7582417582417933,74.99999999999723,0.9819819819819819,0.013262411599147983,0.4785714285714286,0.6214285714285714,0.30714285714285716,140,39
breast_cancer,26,6,19.956140350876268,3.7582417582417933,74.99999999999723,0.9819819819819819,0.013259478372525169,0.5575757575757576,0.6787878787878788,0.2606060606060606,165,39
breast_cancer,26,7,19.956140350876268,3.7582417582417933,74.99999999999723,0.9553571428571429,0.013257384271483708,0.5238095238095238,0.7195767195767195,0.31746031746031744,189,39
breast_cancer,27,1,1.8421052631578971,2.1833594976452084,4.021978021978021,0.9326923076923077,0.24863387978142082,0.3333333333333333,0.36666666666666664,0.16666666666666666,30,17
breast_cancer,27,2,19.956140350877277,2.25494505494504,44.999999999999886,1.0190476190476192,0.022098765432098877,0.1864406779661017,0.3220338983050847,0.1694915254237288,59,38
breast_cancer,27,3,19.956140350877277,2.25494505494504,44.999999999999886,0.9357798165137615,0.02205801961083176,0.367816091954023,0.3218390804597701,0.22988505747126436,87,45
breast_cancer,27,4,19.956140350877277,2.25494505494504,44.999999999999886,0.9357798165137615,0.02203772195549447,0.35964912280701755,0.45614035087719296,0.2982456140350877,114,47
breast_cancer,27,5,19.956140350877277,2.25494505494504,44.999999999999886,0.9729729729729729,0.022025567323788908,0.35,0.5571428571428572,0.36428571428571427,140,47
breast_cancer,27,6,19.956140350877277,2.25494505494504,44.999999999999886,0.9369369369369368,0.02201747419228295,0.44242424242424244,0.6181818181818182,0.3212121212121212,165,47
breast_cancer,27,7,19.956140350877277,2.25494505494504,44.999999999999886,0.9189189189189189,0.022011698251938272,0.4603174603174603,0.6666666666666666,0.3333333333333333,189,47
breast_cancer,28,1,2.3282163742690076,1.2840659340659344,2.9895833333333366,0.9722222222222222,0.33449477351916346,0.36666666666666664,0.43333333333333335,0.2,30,15
breast_cancer,28,2,9.978070175438639,3.7582417582417333,37.49999999999991,0.9629629629629629,0.026488888888889006,0.4576271186440678,0.4745762711864407,0.22033898305084745,59,24
breast_cancer,28,3,15.96491228070181,3.7582417582417333,59.999999999999815,0.9464285714285715,0.016574245541838062,0.3333333333333333,0.5977011494252874,0.39080459770114945,87,27
breast_cancer,28,4,15.96491228070181,3.7582417582417333,59.999999999999815,0.9380530973451328,0.016562789050443616,0.43859649122807015,0.6491228070175439,0.3684210526315789,114,27
breast_cancer,28,5,15.96491228070181,3.7582417582417333,59.999999999999815,0.9380530973451328,0.016555925309053365,0.44285714285714284,0.7142857142857143,0.4,140,27
breast_cancer,28,6,15.96491228070181,3.7582417582417333,59.999999999999815,0.9734513274336284,0.016551353703266547,0.4,0.7515151515151515,0.46060606060606063,165,28
breast_cancer,28,7,15.96491228070181,3.7582417582417333,59.999999999999815,0.9646017699115045,0.016548090335622767,0.47619047619047616,0.783068783068783,0.4021164021164021,189,28
breast_cancer,29,1,1.2509819324430487,4.008791208791207,5.0149253731343295,0.9900990099009901,0.19940476190476186,0.4666666666666667,0.36666666666666664,0.1,30,16
breast_cancer,29,2,5.986842105263185,4.008791208791207,24.0000000000001,0.9444444444444445,0.04123263888888873,0.3898305084745763,0.2542372881355932,0.11864406779661017,59,34
breast_cancer,29,3,19.956140350877277,4.008791208791207,80.0000000000003,0.9816513761467891,0.012447989004629623,0.367816091954023,0.40229885057471265,0.21839080459770116,87,40
breast_cancer,29,4,19.956140350877277,4.008791208791207,80.0000000000003,0.9464285714285715,0.01244152822494482,0.49122807017543857,0.5175438596491229,0.21052631578947367,114,40
breast_cancer,29,5,19.956140350877277,4.008791208791207,80.0000000000003,0.9380530973451328,0.012437656054784862,0.5071428571428571,0.6,0.2357142857142857,140,40
breast_cancer,29,6,19.956140350877277,4.008791208791207,80.0000000000003,0.9292035398230089,0.012435076395905909,0.5393939393939394,0.6606060606060606,0.24242424242424243,165,40
breast_cancer,29,7,19.956140350877277,4.008791208791207,80.0000000000003,0.9380530973451328,0.012433234657245995,0.5291005291005291,0.6984126984126984,0.2751322751322751,189,41
wine,0,1,3.9614499650544635,1.4899673905501973,5.902431267227369,0.8148148148148149,0.1694217102624126,0.15384615384615385,0.15384615384615385,0.07692307692307693,13,10
wine,0,2,140.9722222222287,1.4899673905501973,210.04401408451665,0.9696969696969697,0.00475524036056707,0.08,0.12,0.08,25,21
wine,0,3,140.9722222222287,1.4899673905501973,210.04401408451665,1.0,0.0047533555044102505,0.2222222222222222,0.16666666666666666,0.08333333333333333,36,26
wine,0,4,140.9722222222287,1.4899673905501973,210.04401408451665,1.0,0.004752413823712831,0.391304347826087,0.34782608695652173,0.06521739130434782,46,26
wine,0,5,140.9722222222287,1.4899673905501973,210.04401408451665,1.0,0.004751849054200563,0.4909090909090909,0.45454545454545453,0.05454545454545454,55,26
wine,0,6,140.9722222222287,1.4899673905501973,210.04401408451665,1.0294117647058825,0.004751472640676657,0.5555555555555556,0.5238095238095238,0.047619047619047616,63,26
wine,0,7,140.9722222222287,1.4899673905501973,210.04401408451665,0.9444444444444444,0.004751203822582983,0.6,0.5714285714285714,0.04285714285714286,70,26
wine,1,1,21.455579373585906,4.311857351002563,92.51339764201535,0.9615384615384616,0.010809245206510942,0.07692307692307693,0.07692307692307693,0.0,13,12
wine,1,2,21.455579373585906,4.311857351002563,92.51339764201535,0.911764705882353,0.010780035261027332,0.2,0.16,0.24,25,17
wine,1,3,21.455579373585906,4.311857351002563,92.51339764201535,0.8888888888888888,0.010770345388453118,0.16666666666666666,0.3888888888888889,0.3611111111111111,36,18
wine,1,4,21.455579373585906,4.311857351002563,92.51339764201535,0.9166666666666666,0.010765509169325171,0.21739130434782608,0.5217391304347826,0.391304347826087,46,18
wine,1,5,21.455579373585906,4.311857351002563,92.51339764201535,0.8888888888888888,0.010762610220560576,0.34545454545454546,0.6,0.32727272727272727,55,18
wine,1,6,21.455579373585906,4.311857351002563,92.51339764201535,0.9166666666666666,0.010760678745949548,0.36507936507936506,0.6507936507936508,0.3492063492063492,63,18
wine,1,7,21.455579373585906,4.311857351002563,92.51339764201535,0.9166666666666666,0.010759299687869484,0.38571428571428573,0.6857142857142857,0.32857142857142857,70,18
wine,2,1,3.017039269865191,1.6160660514813012,4.8757347400150675,1.0,0.20509729370488883,0.07692307692307693,0.07692307692307693,0.15384615384615385,13,11
wine,2,2,3.9992119779353774,1.6160660514813012,6.46299071021875,1.0,0.1487420082667571,0.28,0.12,0.28,25,16
wine,2,3,3.9992119779353774,1.6160660514813012,6.46299071021875,0.9714285714285714,0.14688416205045485,0.3888888888888889,0.1388888888888889,0.25,36,20
wine,2,4,3.9992119779353774,1.6160660514813012,6.46299071021875,1.0,0.14597872399354783,0.5217391304347826,0.2826086956521739,0.1956521739130435,46,20
wine,2,5,3.9992119779353774,1.6160660514813012,6.46299071021875,0.9714285714285714,0.14544271818043564,0.6,0.2727272727272727,0.18181818181818182,55,20
wine,2,6,3.9992119779353774,1.6160660514813012,6.46299071021875,0.9714285714285714,0.14508834740599375,0.6507936507936508,0.25396825396825395,0.15873015873015872,63,20
wine,2,7,3.9992119779353774,1.6160660514813012,6.46299071021875,0.9428571428571428,0.14483666074142887,0.6857142857142857,0.32857142857142857,0.14285714285714285,70,20
wine,3,1,16.53530660242073,1.2738000416290844,21.0626742385132,1.0,0.047477352053021615,0.07692307692307693,0.0,0.07692307692307693,13,12
wine,3,2,225.5555555556932,2.4029556650246313,542.0000000003309,0.8823529411764707,0.0018441674269130681,0.24,0.04,0.16,25,19
wine,3,3,225.5555555556932,2.4029556650246313,542.0000000003309,0.9705882352941176,0.0018438839851050437,0.3055555555555556,0.16666666666666666,0.2777777777777778,36,22
wine,3,4,225.5555555556932,2.4029556650246313,542.0000000003309,0.9166666666666666,0.001843742307771068,0.45652173913043476,0.1956521739130435,0.21739130434782608,46,22
wine,3,5,225.5555555556932,2.4029556650246313,542.0000000003309,0.9428571428571428,0.0018436573153072233,0.5454545454545454,0.32727272727272727,0.18181818181818182,55,22
wine,3,6,225.5555555556932,2.4029556650246313,542.0000000003309,0.9166666666666666,0.0018436006594704235,0.6031746031746031,0.4126984126984127,0.15873015873015872,63,22
wine,3,7,225.5555555556932,2.4029556650246313,542.0000000003309,0.9166666666666666,0.0018435601938583401,0.6428571428571429,0.4714285714285714,0.14285714285714285,70,22
wine,4,1,2.763546420217049,2.4789495594255193,6.850692180849025,1.0,0.14597065137381016,0.15384615384615385,0.0,0.15384615384615385,13,11
wine,4,2,3.7592592592592937,2.558128078817732,9.616666666666747,1.0,0.10128285610445387,0.32,0.04,0.16,25,17
wine,4,3,56.388888888872465,2.558128078817732,144.24999999995788,0.9428571428571428,0.006916401919813575,0.3611111111111111,0.19444444444444445,0.2222222222222222,36,20
wine,4,4,56.388888888872465,2.558128078817732,144.24999999995788,0.9714285714285714,0.006914407965079916,0.3695652173913043,0.30434782608695654,0.2608695652173913,46,22
wine,4,5,56.388888888872465,2.558128078817732,144.24999999995788,0.9428571428571428,0.006913212328557794,0.43636363636363634,0.41818181818181815,0.2545454545454545,55,22
wine,4,6,56.388888888872465,2.558128078817732,144.24999999995788,0.9444444444444444,0.006912415544077066,0.38095238095238093,0.49206349206349204,0.3492063492063492,63,22
wine,4,7,56.38888888889788,2.558128078817732,144.25000000002288,0.9444444444444444,0.006911846562357216,0.4,0.5142857142857142,0.34285714285714286,70,23
wine,5,1,25.746695248303087,2.4540345521404294,63.18327974276559,0.9259259259259259,0.01582697201017802,0.07692307692307693,0.0,0.07692307692307693,13,12
wine,5,2,25.746695248303087,2.4540345521404294,63.18327974276559,0.967741935483871,0.015764348749425228,0.04,0.16,0.2,25,20
wine,5,3,112.77777777769408,2.4540345521404294,276.76056338007635,0.9411764705882353,0.0036088814852058837,0.08333333333333333,0.19444444444444445,0.1388888888888889,36,27
wine,5,4,112.77777777769408,2.4540345521404294,276.76056338007635,0.8857142857142858,0.0036083387089271834,0.2826086956521739,0.34782608695652173,0.13043478260869565,46,27
wine,5,5,112.77777777769408,2.4540345521404294,276.76056338007635,0.8857142857142858,0.003608013147688993,0.4,0.36363636363636365,0.10909090909090909,55,27
wine,5,6,112.77777777769408,2.4540345521404294,276.76056338007635,0.8857142857142858,0.0036077961503981903,0.47619047619047616,0.4444444444444444,0.09523809523809523,63,27
wine,5,7,112.77777777769408,2.4540345521404294,276.76056338007635,0.8857142857142858,0.003607641173649534,0.5285714285714286,0.5,0.08571428571428572,70,27
wine,6,1,9.289120907450465,2.7141330743079157,25.211910286156467,1.0,0.039663793367894384,0.0,0.0,0.0,13,13
wine,6,2,29.23868312757178,2.7141330743079157,79.35767692575138,0.9696969696969697,0.0125614779160238,0.04,0.12,0.16,25,21
wine,6,3,29.23868312757178,2.7141330743079157,79.35767692575138,0.9714285714285714,0.012548319556469512,0.2222222222222222,0.3055555555555556,0.19444444444444445,36,23
wine,6,4,29.23868312757178,2.7141330743079157,79.35767692575138,0.9714285714285714,0.012541754173587272,0.34782608695652173,0.45652173913043476,0.17391304347826086,46,23
wine,6,5,29.23868312757178,2.7141330743079157,79.35767692575138,0.9714285714285714,0.012537819346359114,0.45454545454545453,0.5454545454545454,0.14545454545454545,55,23
wine,6,6,29.23868312757178,2.7141330743079157,79.35767692575138,1.0285714285714287,0.01253519795969682,0.4444444444444444,0.6031746031746031,0.20634920634920634,63,23
wine,6,7,29.23868312757178,2.7141330743079157,79.35767692575138,0.9142857142857143,0.012533326436802938,0.5,0.6142857142857143,0.21428571428571427,70,23
wine,7,1,7.66485854073604,1.4227655588704642,10.905296745373363,0.9615384615384616,0.0916985592734334,0.07692307692307693,0.0,0.07692307692307693,13,12
wine,7,2,7.66485854073604,1.516256157635466,11.621888959795813,0.9696969696969697,0.08419361691629312,0.08,0.12,0.2,25,20
wine,7,3,7.66485854073604,1.516256157635466,11.621888959795813,0.9714285714285714,0.08360023936562277,0.2222222222222222,0.16666666666666666,0.19444444444444445,36,24
wine,7,4,7.66485854073604,1.516256157635466,11.621888959795813,0.9714285714285714,0.08330776039309751,0.3695652173913043,0.34782608695652173,0.17391304347826086,46,24
wine,7,5,7.66485854073604,1.516256157635466,11.621888959795813,1.0,0.08313359424864697,0.45454545454545453,0.43636363636363634,0.14545454545454545,55,25
wine,7,6,7.66485854073604,1.516256157635466,11.621888959795813,1.0,0.08301802814395987,0.5238095238095238,0.5079365079365079,0.12698412698412698,63,25
wine,7,7,7.66485854073604,1.516256157635466,11.621888959795813,1.0,0.08293574587722596,0.5714285714285714,0.5571428571428572,0.11428571428571428,70,25
wine,8,1,2.519918875851078,2.5920037466176367,6.531639167378497,0.8846153846153846,0.1531009252615151,0.07692307692307693,0.07692307692307693,0.15384615384615385,13,11
wine,8,2,225.55555555559152,2.5920037466176367,584.6408450705158,1.032258064516129,0.0017097204129201682,0.08,0.08,0.12,25,21
wine,8,3,225.55555555559152,2.5920037466176367,584.6408450705158,1.0,0.001709476794472975,0.19444444444444445,0.3333333333333333,0.2222222222222222,36,22
wine,8,4,225.55555555559152,2.5920037466176367,584.6408450705158,0.9714285714285714,0.0017093550199670515,0.32608695652173914,0.4782608695652174,0.21739130434782608,46,22
wine,8,5,225.55555555559152,2.5920037466176367,584.6408450705158,0.9714285714285714,0.0017092819663694359,0.4,0.5454545454545454,0.21818181818181817,55,22
wine,8,6,225.55555555559152,2.5920037466176367,584.6408450705158,0.9714285714285714,0.0017092332685970657,0.4444444444444444,0.6031746031746031,0.2222222222222222,63,22
wine,8,7,225.55555555559152,2.5920037466176367,584.6408450705158,0.9714285714285714,0.0017091984867391163,0.45714285714285713,0.6428571428571429,0.24285714285714285,70,22
wine,9,1,2.279775301210265,1.61783945049608,3.6883104205645507,0.923076923076923,0.2711268537551498,0.07692307692307693,0.15384615384615385,0.07692307692307693,13,11
wine,9,2,6.481481481481474,1.6847290640394068,10.919540229885031,0.9411764705882353,0.08948227146814414,0.08,0.2,0.12,25,20
wine,9,3,6.481481481481474,1.6847290640394068,10.919540229885031,0.9428571428571428,0.08881182563055856,0.2222222222222222,0.3333333333333333,0.19444444444444445,36,21
wine,9,4,12.083333333333314,1.6847290640394068,20.3571428571428,1.0,0.04822529894606886,0.30434782608695654,0.45652173913043476,0.1956521739130435,46,22
wine,9,5,12.083333333333314,1.6847290640394068,20.3571428571428,1.0,0.048167023322695734,0.41818181818181815,0.5454545454545454,0.16363636363636364,55,22
wine,9,6,12.083333333333314,1.6847290640394068,20.3571428571428,0.9166666666666666,0.048128277810597586,0.49206349206349204,0.6031746031746031,0.14285714285714285,63,22
wine,9,7,12.083333333333314,1.6847290640394068,20.3571428571428,0.9166666666666666,0.048100653624778666,0.5428571428571428,0.6428571428571429,0.12857142857142856,70,22
wine,10,1,2.776979565772671,2.4634323180462085,6.840901208878324,1.0,0.14617957042007423,0.15384615384615385,0.07692307692307693,0.0,13,11
wine,10,2,2.776979565772671,2.4634323180462085,6.840901208878324,1.0,0.14083745371802503,0.28,0.08,0.16,25,18
wine,10,3,112.77777777779576,2.4634323180462085,277.8204225352556,0.9714285714285714,0.0035951304620990276,0.4722222222222222,0.2777777777777778,0.1388888888888889,36,19
wine,10,4,112.77777777779576,2.4634323180462085,277.8204225352556,0.9714285714285714,0.003594591814661041,0.5652173913043478,0.43478260869565216,0.13043478260869565,46,19
wine,10,5,112.77777777779576,2.4634323180462085,277.8204225352556,0.9714285714285714,0.0035942687295368314,0.6181818181818182,0.5272727272727272,0.12727272727272726,55,19
wine,10,6,112.77777777779576,2.4634323180462085,277.8204225352556,0.9714285714285714,0.0035940533824925236,0.6507936507936508,0.5555555555555556,0.12698412698412698,63,19
wine,10,7,112.77777777779576,2.4634323180462085,277.8204225352556,0.9428571428571428,0.0035938995842494936,0.6714285714285714,0.6,0.12857142857142856,70,19
wine,11,1,1.9745212617567345,3.3928744883091673,6.699302815638452,0.9285714285714285,0.14926926390991913,0.15384615384615385,0.07692307692307693,0.07692307692307693,13,11
wine,11,2,5.068664169787803,3.3928744883091673,17.197341351479803,1.064516129032258,0.05730321036817365,0.24,0.16,0.2,25,17
wine,11,3,5.068664169787803,3.3928744883091673,17.197341351479803,1.0,0.05702872150101834,0.3611111111111111,0.25,0.2222222222222222,36,19
wine,11,4,5.068664169787803,3.3928744883091673,17.197341351479803,0.9428571428571428,0.05689279778795697,0.45652173913043476,0.3695652173913043,0.2391304347826087,46,19
wine,11,5,5.068664169787803,3.3928744883091673,17.197341351479803,0.9714285714285714,0.0568116606869945,0.45454545454545453,0.4727272727272727,0.2909090909090909,55,19
wine,11,6,5.068664169787803,3.3928744883091673,17.197341351479803,0.9705882352941176,0.05675774183490501,0.5238095238095238,0.5396825396825397,0.25396825396825395,63,19
wine,11,7,5.068664169787803,3.3928744883091673,17.197341351479803,0.9705882352941176,0.056719312491240625,0.5571428571428572,0.5428571428571428,0.24285714285714285,70,19
wine,12,1,4.504766369745275,1.3924304447373896,6.27257383966245,0.7586206896551725,0.1594241894255347,0.07692307692307693,0.15384615384615385,0.07692307692307693,13,11
wine,12,2,15.555555555555602,1.3924304447373896,21.66002914035946,0.9714285714285714,0.04563511878011306,0.04,0.12,0.08,25,22
wine,12,3,15.555555555555602,1.7822660098522163,27.72413793103456,0.9722222222222222,0.035637716531649266,0.3055555555555556,0.19444444444444445,0.16666666666666666,36,23
wine,12,4,15.555555555555602,1.7822660098522163,27.72413793103456,0.9444444444444444,0.03558469567123379,0.45652173913043476,0.34782608695652173,0.15217391304347827,46,23
wine,12,5,15.555555555555602,1.7822660098522163,27.72413793103456,0.9444444444444444,0.03555298449533595,0.5454545454545454,0.38181818181818183,0.14545454545454545,55,23
wine,12,6,15.555555555555602,1.7822660098522163,27.72413793103456,0.9444444444444444,0.03553188574700117,0.6031746031746031,0.4603174603174603,0.12698412698412698,63,23
wine,12,7,15.555555555555602,1.7822660098522163,27.72413793103456,0.9714285714285714,0.03551683574198461,0.6285714285714286,0.5,0.12857142857142856,70,23
wine,13,1,2.8707438279904016,1.6593769513633534,4.763646141435876,0.9259259259259259,0.2099232332354931,0.15384615384615385,0.0,0.0,13,11
wine,13,2,13.53333333333354,1.9019704433497522,25.74000000000037,1.0303030303030303,0.03847270747037601,0.28,0.16,0.04,25,18
wine,13,3,13.53333333333354,2.269950738916254,30.72000000000044,1.0,0.032200148157948694,0.4722222222222222,0.3055555555555556,0.08333333333333333,36,19
wine,13,4,13.53333333333354,2.269950738916254,30.72000000000044,0.9428571428571428,0.032156870488057265,0.5869565217391305,0.391304347826087,0.13043478260869565,46,19
wine,13,5,13.53333333333354,2.269950738916254,30.72000000000044,0.9428571428571428,0.032130978584924086,0.6545454545454545,0.4909090909090909,0.10909090909090909,55,19
wine,13,6,13.53333333333354,2.269950738916254,30.72000000000044,0.9428571428571428,0.032113748314522406,0.6984126984126984,0.5396825396825397,0.09523809523809523,63,19
wine,13,7,13.53333333333354,2.269950738916254,30.72000000000044,0.9428571428571428,0.0321014561218651,0.7285714285714285,0.5857142857142857,0.08571428571428572,70,19
wine,14,1,2.0666223473590914,2.2826059807118573,4.7172845299546395,0.8148148148148149,0.21198636496272905,0.23076923076923078,0.0,0.15384615384615385,13,10
wine,14,2,8.353909465020637,2.2826059807118573,19.0686837071815,0.8571428571428572,0.05175446370538539,0.2,0.12,0.28,25,17
wine,14,3,225.55555555559107,2.2826059807118573,514.8544600939778,0.8611111111111112,0.0019410392354064498,0.25,0.25,0.3055555555555556,36,20
wine,14,4,225.55555555559107,2.2826059807118573,514.8544600939778,0.8611111111111112,0.001940882233777641,0.3695652173913043,0.2391304347826087,0.2391304347826087,46,22
wine,14,5,225.55555555559107,2.2826059807118573,514.8544600939778,0.8888888888888888,0.001940788049058395,0.41818181818181815,0.36363636363636365,0.23636363636363636,55,22
wine,14,6,225.55555555559107,2.2826059807118573,514.8544600939778,0.8888888888888888,0.001940725266018628,0.47619047619047616,0.4444444444444444,0.2222222222222222,63,22
wine,14,7,225.55555555559107,2.2826059807118573,514.8544600939778,0.8888888888888888,0.0019406804243062847,0.5142857142857142,0.4714285714285714,0.22857142857142856,70,22
wine,15,1,3.9672447013487484,1.9032193158953725,7.550536746490506,0.8275862068965516,0.1324409156030928,0.07692307692307693,0.0,0.0,13,12
wine,15,2,84.58333333331822,1.9032193158953725,160.98063380278816,0.823529411764706,0.0062022803276367,0.24,0.04,0.16,25,19
wine,15,3,676.6666666667741,1.9032193158953725,1287.8450704227398,1.0,0.0007762899552017366,0.25,0.25,0.25,36,22
wine,15,4,676.6666666667741,1.9032193158953725,1287.8450704227398,1.0,0.0007762648446987264,0.41304347826086957,0.41304347826086957,0.1956521739130435,46,22
wine,15,5,676.6666666667741,1.9032193158953725,1287.8450704227398,1.0,0.0007762497794370216,0.509090909090909,0.41818181818181815,0.16363636363636364,55,22
wine,15,6,676.6666666667741,1.9032193158953725,1287.8450704227398,1.0,0.0007762397363619833,0.5714285714285714,0.49206349206349204,0.14285714285714285,63,22
wine,15,7,676.6666666667741,1.9032193158953725,1287.8450704227398,1.0,0.0007762325629494526,0.6142857142857143,0.5285714285714286,0.12857142857142856,70,22
wine,16,1,2.5997474747474763,1.628479844584749,4.233636363636364,0.8275862068965516,0.23620356452651925,0.15384615384615385,0.07692307692307693,0.0,13,11
wine,16,2,7.645951035781536,1.89310344827586,14.47457627118641,0.9696969696969697,0.0678934097154048,0.08,0.2,0.16,25,19
wine,16,3,8.055555555555543,1.89310344827586,15.24999999999996,0.9696969696969697,0.06415090706727455,0.2777777777777778,0.3055555555555556,0.19444444444444445,36,21
wine,16,4,8.055555555555543,1.89310344827586,15.24999999999996,0.9696969696969697,0.06397885112215296,0.391304347826087,0.45652173913043476,0.1956521739130435,46,21
wine,16,5,8.055555555555543,1.89310344827586,15.24999999999996,0.9411764705882353,0.06387621216882433,0.45454545454545453,0.5454545454545454,0.2,55,21
wine,16,6,8.055555555555543,1.89310344827586,15.24999999999996,0.9411764705882353,0.06380803194122353,0.49206349206349204,0.6031746031746031,0.20634920634920634,63,21
wine,16,7,8.055555555555543,1.89310344827586,15.24999999999996,0.9411764705882353,0.06375945151374662,0.5142857142857142,0.6285714285714286,0.21428571428571427,70,21
wine,17,1,2.442371865060745,2.2218067022826613,5.426478179258567,0.8518518518518517,0.1842815850291749,0.07692307692307693,0.07692307692307693,0.07692307692307693,13,11
wine,17,2,11.277777777777882,2.2218067022826613,25.057042253521356,0.8787878787878789,0.039510759288427066,0.08,0.24,0.2,25,18
wine,17,3,16.70781893004073,2.2218067022826613,37.12154407928962,0.9411764705882353,0.026697363761466142,0.1388888888888889,0.3055555555555556,0.25,36,22
wine,17,4,225.55555555559152,2.2218067022826613,501.1408450705024,0.9714285714285714,0.00199395432647953,0.13043478260869565,0.32608695652173914,0.2826086956521739,46,27
wine,17,5,225.55555555559152,2.2218067022826613,501.1408450705024,0.9428571428571428,0.0019938549202417333,0.2,0.41818181818181815,0.3090909090909091,55,27
wine,17,6,225.55555555559152,2.2218067022826613,501.1408450705024,1.0,0.0019937886567595875,0.2222222222222222,0.49206349206349204,0.3492063492063492,63,27
wine,17,7,225.55555555559152,2.2218067022826613,501.1408450705024,0.9411764705882353,0.001993741329297527,0.3,0.5428571428571428,0.3142857142857143,70,27
wine,18,1,3.967244701348759,1.9778394504960795,7.8465730800991125,1.0,0.12744417082359838,0.07692307692307693,0.07692307692307693,0.0,13,12
wine,18,2,3.967244701348759,4.539901477832508,18.01090008257642,0.9393939393939394,0.05475126240540329,0.16,0.12,0.04,25,20
wine,18,3,7.275985663082207,4.539901477832508,33.032258064515055,1.0294117647058825,0.029968971421046375,0.2222222222222222,0.19444444444444445,0.05555555555555555,36,26
wine,18,4,7.275985663082207,4.539901477832508,33.032258064515055,0.9714285714285714,0.02993148790164657,0.34782608695652173,0.34782608695652173,0.08695652173913043,46,26
wine,18,5,7.275985663082207,4.539901477832508,33.032258064515055,0.9444444444444444,0.029909057983877108,0.45454545454545453,0.45454545454545453,0.07272727272727272,55,26
wine,18,6,7.275985663082207,4.539901477832508,33.032258064515055,0.8611111111111112,0.029894129691580673,0.5238095238095238,0.5079365079365079,0.07936507936507936,63,26
wine,18,7,7.275985663082207,4.539901477832508,33.032258064515055,0.9166666666666666,0.02988347883416298,0.4714285714285714,0.5571428571428572,0.17142857142857143,70,26
wine,19,1,8.582231749434357,3.7161035176576704,31.892461593426354,0.96,0.03135537208598915,0.0,0.0,0.0,13,13
wine,19,2,8.582231749434357,3.7161035176576704,31.892461593426354,1.0,0.031109582246326428,0.08,0.04,0.0,25,22
wine,19,3,8.582231749434357,3.7161035176576704,31.892461593426354,0.9722222222222222,0.031028794052642694,0.2777777777777778,0.25,0.0,36,25
wine,19,4,8.582231749434357,3.7161035176576704,31.892461593426354,0.9166666666666666,0.030988610258674165,0.3695652173913043,0.41304347826086957,0.021739130434782608,46,25
wine,19,5,8.582231749434357,3.7161035176576704,31.892461593426354,0.9722222222222222,0.030964566805609328,0.34545454545454546,0.509090909090909,0.14545454545454545,55,25
wine,19,6,8.582231749434357,3.7161035176576704,31.892461593426354,1.0,0.030948565571233266,0.4126984126984127,0.5555555555555556,0.14285714285714285,63,25
wine,19,7,8.582231749434357,3.7161035176576704,31.892461593426354,1.0,0.030937149668202824,0.45714285714285713,0.6,0.14285714285714285,70,25
wine,20,1,2.4593716512753327,3.797571636716851,9.33964002702869,1.0,0.10707050776111549,0.0,0.15384615384615385,0.15384615384615385,13,11
wine,20,2,7.048611111111143,3.797571636716851,26.767605633802923,1.0,0.03700967378597986,0.24,0.12,0.16,25,17
wine,20,3,11.666666666666714,3.797571636716851,44.30500242836344,1.0,0.02240142667672107,0.3055555555555556,0.3611111111111111,0.25,36,18
wine,20,4,11.666666666666714,3.797571636716851,44.30500242836344,1.0,0.022380491712651218,0.45652173913043476,0.5,0.1956521739130435,46,18
wine,20,5,11.666666666666714,3.797571636716851,44.30500242836344,0.8857142857142858,0.022367955834157516,0.5454545454545454,0.5454545454545454,0.2,55,18
wine,20,6,11.666666666666714,3.797571636716851,44.30500242836344,0.9428571428571428,0.022359609010713766,0.5873015873015873,0.6031746031746031,0.19047619047619047,63,18
wine,20,7,11.666666666666714,3.797571636716851,44.30500242836344,1.0,0.02235365209276019,0.6285714285714286,0.5571428571428572,0.17142857142857143,70,18
wine,21,1,1.3879925447875736,2.7943523208214835,3.8785401888100735,0.9259259259259259,0.2578289643317574,0.07692307692307693,0.07692307692307693,0.15384615384615385,13,11
wine,21,2,4.0277777777777715,2.7943523208214835,11.255030181086513,0.9354838709677419,0.08687561861365134,0.08,0.16,0.16,25,20
wine,21,3,9.07407407407401,2.7943523208214835,25.356159948194765,1.0,0.03892196447493512,0.19444444444444445,0.3611111111111111,0.2222222222222222,36,22
wine,21,4,9.07407407407401,2.7943523208214835,25.356159948194765,0.9705882352941176,0.03885870996263463,0.30434782608695654,0.5,0.2391304347826087,46,22
wine,21,5,9.07407407407401,2.7943523208214835,25.356159948194765,0.9428571428571428,0.03882088936516581,0.36363636363636365,0.5818181818181818,0.2545454545454545,55,22
wine,21,6,9.07407407407401,2.7943523208214835,25.356159948194765,0.9705882352941176,0.03879573040925177,0.42857142857142855,0.6190476190476191,0.23809523809523808,63,22
wine,21,7,9.07407407407401,2.7943523208214835,25.356159948194765,0.9705882352941176,0.03877778647085928,0.4714285714285714,0.6571428571428571,0.22857142857142856,70,22
wine,22,1,2.5897974951934315,2.7848608894747797,7.212225756023936,0.7777777777777778,0.1386534523222267,0.07692307692307693,0.0,0.07692307692307693,13,12
wine,22,2,3.3498349834983507,3.5423645320197084,11.866336633663384,0.793103448275862,0.08249656389775195,0.12,0.12,0.12,25,20
wine,22,3,112.77777777774493,3.5423645320197084,399.4999999998841,0.911764705882353,0.0025010409405702427,0.1111111111111111,0.19444444444444445,0.16666666666666666,36,27
wine,22,4,112.77777777774493,3.5423645320197084,399.4999999998841,0.8857142857142858,0.0025007802708402194,0.2608695652173913,0.2391304347826087,0.15217391304347827,46,27
wine,22,5,112.77777777774493,3.5423645320197084,399.4999999998841,0.8857142857142858,0.0025006239037868028,0.34545454545454546,0.36363636363636365,0.16363636363636364,55,27
wine,22,6,112.77777777774493,3.5423645320197084,399.4999999998841,0.8857142857142858,0.0025005196735730095,0.4126984126984127,0.4444444444444444,0.15873015873015872,63,27
wine,22,7,112.77777777774493,3.5423645320197084,399.4999999998841,0.8857142857142858,0.0025004452305155134,0.44285714285714284,0.5,0.17142857142857143,70,27
wine,23,1,615.9401709401607,2.529591341150349,1558.076923076896,0.8571428571428571,0.0006418168353493625,0.0,0.07692307692307693,0.07692307692307693,13,12
wine,23,2,615.9401709401607,2.529591341150349,1558.076923076896,1.032258064516129,0.0006417138531367161,0.12,0.12,0.04,25,21
wine,23,3,615.9401709401607,2.529591341150349,1558.076923076896,0.9696969696969697,0.0006416795355246308,0.3055555555555556,0.19444444444444445,0.1111111111111111,36,24
wine,23,4,615.9401709401607,2.529591341150349,1558.076923076896,0.8611111111111112,0.0006416623785538977,0.45652173913043476,0.34782608695652173,0.10869565217391304,46,24
wine,23,5,615.9401709401607,2.529591341150349,1558.076923076896,0.9444444444444444,0.0006416520849586993,0.41818181818181815,0.45454545454545453,0.21818181818181817,55,24
wine,23,6,615.9401709401607,2.529591341150349,1558.076923076896,0.9428571428571428,0.0006416452228060754,0.49206349206349204,0.49206349206349204,0.2222222222222222,63,24
wine,23,7,615.9401709401607,2.529591341150349,1558.076923076896,0.8571428571428572,0.0006416403213885813,0.5428571428571428,0.5428571428571428,0.2,70,24
wine,24,1,2.4056548662226906,3.286470547422467,7.906113865104407,1.0,0.12648439132830447,0.07692307692307693,0.07692307692307693,0.15384615384615385,13,11
wine,24,2,2.819444444444447,3.286470547422467,9.266021126760574,0.8857142857142858,0.10500944147500613,0.28,0.12,0.24,25,16
wine,24,3,2.819444444444447,3.286470547422467,9.266021126760574,0.911764705882353,0.10408541352203282,0.3888888888888889,0.19444444444444445,0.19444444444444445,36,19
wine,24,4,2.819444444444447,3.286470547422467,9.266021126760574,0.8823529411764707,0.10363159851656834,0.4782608695652174,0.3695652173913043,0.1956521739130435,46,19
wine,24,5,2.819444444444447,3.286470547422467,9.266021126760574,0.9090909090909092,0.1033618700426332,0.45454545454545453,0.4727272727272727,0.2727272727272727,55,19
wine,24,6,2.819444444444447,3.286470547422467,9.266021126760574,0.8857142857142858,0.10318310374915607,0.4126984126984127,0.5396825396825397,0.3492063492063492,63,19
wine,24,7,2.819444444444447,3.286470547422467,9.266021126760574,0.9393939393939394,0.10305592474464487,0.44285714285714284,0.5857142857142857,0.34285714285714286,70,19
wine,25,1,1.8515413989009983,2.776618330673699,5.141023788189735,0.7407407407407408,0.1945137858138799,0.23076923076923078,0.0,0.23076923076923078,13,10
wine,25,2,26.31481481481504,2.776618330673699,73.06619718309926,0.823529411764706,0.013639391176620608,0.16,0.12,0.2,25,19
wine,25,3,26.31481481481504,2.776618330673699,73.06619718309926,0.8857142857142858,0.01362387674152965,0.16666666666666666,0.3611111111111111,0.3611111111111111,36,20
wine,25,4,26.31481481481504,2.776618330673699,73.06619718309926,0.8571428571428572,0.013616137189716437,0.34782608695652173,0.43478260869565216,0.34782608695652173,46,20
wine,25,5,26.31481481481504,2.776618330673699,73.06619718309926,0.8571428571428572,0.013611499094273616,0.41818181818181815,0.5272727272727272,0.32727272727272727,55,20
wine,25,6,26.31481481481504,2.776618330673699,73.06619718309926,0.8571428571428572,0.013608409374819663,0.47619047619047616,0.5873015873015873,0.30158730158730157,63,20
wine,25,7,26.31481481481504,2.776618330673699,73.06619718309926,0.9411764705882353,0.01360620357925968,0.5,0.6285714285714286,0.3,70,20
wine,26,1,15.480371623435856,3.0481232220911676,47.18608023199598,0.9629629629629629,0.021192690621543053,0.0,0.07692307692307693,0.07692307692307693,13,12
wine,26,2,15.480371623435856,3.0481232220911676,47.18608023199598,1.0,0.021080408087598035,0.08,0.16,0.24,25,19
wine,26,3,15.480371623435856,3.0481232220911676,47.18608023199598,0.9722222222222222,0.021043333105024375,0.3333333333333333,0.3055555555555556,0.2222222222222222,36,20
wine,26,4,15.480371623435856,3.0481232220911676,47.18608023199598,0.9166666666666666,0.021024860924916067,0.4782608695652174,0.45652173913043476,0.17391304347826086,46,20
wine,26,5,15.480371623435856,3.0481232220911676,47.18608023199598,0.9444444444444444,0.02101379841693729,0.509090909090909,0.4909090909090909,0.18181818181818182,55,21
wine,26,6,15.480371623435856,3.0481232220911676,47.18608023199598,0.9166666666666666,0.0210064320554203,0.5714285714285714,0.5555555555555556,0.15873015873015872,63,21
wine,26,7,15.480371623435856,3.0481232220911676,47.18608023199598,0.9166666666666666,0.021001174595134064,0.6142857142857143,0.5428571428571428,0.15714285714285714,70,21
wine,27,1,1.305832895428271,2.3535419413029897,3.073332487723557,1.0,0.32537969907079867,0.3076923076923077,0.0,0.07692307692307693,13,9
wine,27,2,1.9716394716394752,2.3535419413029897,4.640336189631971,1.0,0.203891389441463,0.36,0.08,0.08,25,16
wine,27,3,3.759259259259335,2.3535419413029897,8.847574334898454,0.9090909090909092,0.10882056390308481,0.5,0.2222222222222222,0.16666666666666666,36,17
wine,27,4,3.759259259259335,2.3535419413029897,8.847574334898454,0.911764705882353,0.1083244113645544,0.5217391304347826,0.32608695652173914,0.1956521739130435,46,19
wine,27,5,3.759259259259335,2.3535419413029897,8.847574334898454,0.8529411764705883,0.10802964874947596,0.6,0.41818181818181815,0.18181818181818182,55,19
wine,27,6,3.759259259259335,2.3535419413029897,8.847574334898454,0.8529411764705883,0.10783434372052947,0.6349206349206349,0.49206349206349204,0.1746031746031746,63,19
wine,27,7,3.759259259259335,2.3535419413029897,8.847574334898454,0.8529411764705883,0.10769542427890721,0.6571428571428571,0.5428571428571428,0.17142857142857143,70,19
wine,28,1,3.140548991409412,2.656913897176161,8.344168260038243,1.0,0.11984417965169569,0.0,0.15384615384615385,0.15384615384615385,13,11
wine,28,2,3.140548991409412,2.656913897176161,8.344168260038243,0.967741935483871,0.1162535228025986,0.0,0.12,0.12,25,22
wine,28,3,112.77777777779576,2.656913897176161,299.6408450704704,0.8857142857142858,0.003333617515882681,0.1388888888888889,0.16666666666666666,0.08333333333333333,36,28
wine,28,4,112.77777777779576,2.656913897176161,299.6408450704704,0.8823529411764707,0.003333154388406423,0.32608695652173914,0.30434782608695654,0.08695652173913043,46,28
wine,28,5,112.77777777779576,2.656913897176161,299.6408450704704,0.9428571428571428,0.003332876594304368,0.32727272727272727,0.41818181818181815,0.18181818181818182,55,28
wine,28,6,112.77777777779576,2.656913897176161,299.6408450704704,0.8857142857142858,0.0033326914325488843,0.3968253968253968,0.49206349206349204,0.1746031746031746,63,28
wine,28,7,112.77777777779576,2.656913897176161,299.6408450704704,0.8571428571428572,0.0033325591909536545,0.4,0.5285714285714286,0.21428571428571427,70,28
wine,29,1,5.360099029889601,8.346340109623252,44.737209524720264,0.9666666666666667,0.022352757595384576,0.0,0.07692307692307693,0.07692307692307693,13,12
wine,29,2,5.360099029889601,8.346340109623252,44.737209524720264,1.0,0.02222784615235507,0.28,0.04,0.2,25,17
wine,29,3,5.360099029889601,8.346340109623252,44.737209524720264,0.9444444444444444,0.022186622651375942,0.4444444444444444,0.1388888888888889,0.16666666666666666,36,19
wine,29,4,5.360099029889601,8.346340109623252,44.737209524720264,0.9444444444444444,0.022166087484462582,0.43478260869565216,0.32608695652173914,0.2608695652173913,46,19
wine,29,5,5.360099029889601,8.346340109623252,44.737209524720264,0.9444444444444444,0.022153790768022152,0.45454545454545453,0.43636363636363634,0.2909090909090909,55,19
wine,29,6,5.360099029889601,8.346340109623252,44.737209524720264,0.9444444444444444,0.02214560308862834,0.47619047619047616,0.47619047619047616,0.30158730158730157,63,19
wine,29,7,5.360099029889601,8.346340109623252,44.737209524720264,1.0,0.022139759699720485,0.44285714285714284,0.5285714285714286,0.35714285714285715,70,19
digits20,0,1,1.8161557312618537,1.3968303748460575,2.536861490877311,0.9333333333333333,0.3941878591306831,0.1,0.15,0.05,20,17
digits20,0,2,39.04761904761798,5.765243902439015,225.11904761904108,0.8333333333333333,0.004437161080024898,0.15384615384615385,0.15384615384615385,0.07692307692307693,39,31
digits20,0,3,39.04761904761798,5.765243902439015,225.11904761904108,0.9539473684210527,0.004435519976384361,0.14035087719298245,0.24561403508771928,0.17543859649122806,57,40
digits20,0,4,39.04761904761798,15.282229965156867,596.7346938775376,0.8470588235294119,0.001674733790038796,0.24324324324324326,0.25675675675675674,0.22972972972972974,74,46
digits20,0,5,39.04761904761798,15.282229965156867,596.7346938775376,0.8176795580110497,0.0016746636658447889,0.25555555555555554,0.26666666666666666,0.2111111111111111,90,56
digits20,0,6,39.79202772963775,15.282229965156867,608.1109185442231,0.93717277486911,0.001643310517608687,0.21904761904761905,0.3047619047619048,0.2571428571428571,105,63
digits20,0,7,39.79202772963775,15.282229965156867,608.1109185442231,0.9077669902912623,0.0016432783670714546,0.2689075630252101,0.3277310924369748,0.24369747899159663,119,68
digits20,1,1,1.5883624011364985,3.257631498548811,5.174299389052879,0.8641975308641975,0.19326287963075195,0.1,0.15,0.05,20,17
digits20,1,2,19.965217391304932,3.257631498548811,65.03932104928947,0.9396551724137929,0.015316214181903431,0.15384615384615385,0.1282051282051282,0.07692307692307693,39,32
digits20,1,3,19.965217391304932,3.257631498548811,65.03932104928947,0.898550724637681,0.015296648777451849,0.2631578947368421,0.22807017543859648,0.14035087719298245,57,38
digits20,1,4,19.965217391304932,3.257631498548811,65.03932104928947,0.926829268292683,0.015286891098096222,0.28378378378378377,0.32432432432432434,0.21621621621621623,74,42
digits20,1,5,19.965217391304932,3.257631498548811,65.03932104928947,0.9139784946236558,0.01528104447013423,0.34444444444444444,0.2777777777777778,0.2777777777777778,90,48
digits20,1,6,19.965217391304932,3.257631498548811,65.03932104928947,0.8999999999999999,0.015277150036635434,0.3142857142857143,0.3333333333333333,0.3142857142857143,105,53
digits20,1,7,20.28268551236645,3.257631498548811,66.07351520024457,0.9803921568627452,0.015036842494734581,0.31092436974789917,0.31932773109243695,0.31092436974789917,119,61
digits20,2,1,1.435307137748683,1.3787116379216273,1.9788746548060896,1.0,0.5053377168540218,0.15,0.1,0.0,20,17
digits20,2,2,6.3866481223922325,2.8819686411149728,18.406119610570233,0.9596774193548387,0.05359182607189483,0.23076923076923078,0.15384615384615385,0.05128205128205128,39,30
digits20,2,3,24.805531547104643,3.0060975609755873,74.56784788245426,0.986206896551724,0.013350746833904581,0.2631578947368421,0.19298245614035087,0.10526315789473684,57,40
digits20,2,4,24.805531547104643,3.0200348432055115,74.91356957648954,1.0116279069767442,0.0132820444202848,0.28378378378378377,0.20270270270270271,0.14864864864864866,74,49
digits20,2,5,24.805531547104643,3.0200348432055115,74.91356957648954,1.0898876404494382,0.013277631209878127,0.3,0.2222222222222222,0.17777777777777778,90,57
digits20,2,6,24.805531547104643,3.0200348432055115,74.91356957648954,1.02,0.013274691245273584,0.3619047619047619,0.2857142857142857,0.19047619047619047,105,59
digits20,2,7,24.805531547104643,3.0200348432055115,74.91356957648954,0.9405940594059407,0.013272592335048294,0.40336134453781514,0.3445378151260504,0.21008403361344538,119,60
digits20,3,1,1.3184237825361647,3.0065521957038768,3.9639099182523165,1.0,0.2522761668713447,0.15,0.1,0.0,20,17
digits20,3,2,1.3184237825361647,3.0065521957038768,3.9639099182523165,1.0,0.23636535077852006,0.3076923076923077,0.20512820512820512,0.07692307692307693,39,27
digits20,3,3,5.958477508650617,3.0065521957038768,17.914473636685678,1.0,0.054788574710881055,0.38596491228070173,0.2631578947368421,0.21052631578947367,57,32
digits20,3,4,5.958477508650617,12.77264808362373,76.1055363321814,0.9821428571428571,0.013075046330889628,0.44594594594594594,0.22972972972972974,0.2972972972972973,74,37
digits20,3,5,5.958477508650617,12.77264808362373,76.1055363321814,0.9777777777777777,0.013070769649777492,0.4666666666666667,0.23333333333333334,0.3,90,44
digits20,3,6,5.958477508650617,12.77264808362373,76.1055363321814,0.9583333333333333,0.013067920604467598,0.4857142857142857,0.23809523809523808,0.3333333333333333,105,48
digits20,3,7,20.211267605632372,12.77264808362373,258.1514084506867,0.9068627450980391,0.003867270688241664,0.5126050420168067,0.29411764705882354,0.3025210084033613,119,51
digits20,4,1,1.2371755359818446,1.440009129065341,1.7815440660701625,0.8556701030927836,0.5613108421201506,0.1,0.15,0.05,20,17
digits20,4,2,3.859255939040785,3.2543554006968733,12.559390407888861,0.9214285714285714,0.07803679505716576,0.1282051282051282,0.1282051282051282,0.02564102564102564,39,33
digits20,4,3,3.859255939040785,5.006968641114997,19.32317346481402,0.9743589743589743,0.0508637336306873,0.21052631578947367,0.21052631578947367,0.05263157894736842,57,42
digits20,4,4,9.862542955326992,5.006968641114997,49.38144329897188,1.0055555555555555,0.020097258924967498,0.24324324324324326,0.22972972972972974,0.10810810810810811,74,51
digits20,4,5,13.129786176031768,5.006968641114997,65.74042764793626,0.9747474747474746,0.015119067249635187,0.23333333333333334,0.26666666666666666,0.18888888888888888,90,57
digits20,4,6,918.4000000012426,5.006968641114997,4598.400000006235,0.9230769230769231,0.00021744724102978896,0.2857142857142857,0.29523809523809524,0.22857142857142856,105,60
digits20,4,7,918.4000000012426,5.006968641114997,4598.400000006235,0.8986175115207373,0.00021744667812850782,0.31092436974789917,0.2857142857142857,0.2689075630252101,119,65
digits20,5,1,2.66505116691587,1.3592448153455592,3.622456981261029,0.8369565217391305,0.2760557282454976,0.1,0.15,0.05,20,17
digits20,5,2,8.803067270826132,2.129355400696858,18.744858835831373,0.8846153846153846,0.05263645986167409,0.1282051282051282,0.15384615384615385,0.02564102564102564,39,33
digits20,5,3,8.803067270826132,19.793554006968286,174.24398745207196,0.9928571428571429,0.005728106938833966,0.21052631578947367,0.17543859649122806,0.14035087719298245,57,42
digits20,5,4,8.803067270826132,19.793554006968286,174.24398745207196,0.9461077844311376,0.005726739371682554,0.28378378378378377,0.14864864864864866,0.20270270270270271,74,50
digits20,5,5,8.803067270826132,19.793554006968286,174.24398745207196,0.9673913043478262,0.005725919249557898,0.28888888888888886,0.16666666666666666,0.2,90,60
digits20,5,6,8.803067270826132,19.793554006968286,174.24398745207196,0.9042553191489361,0.005725372675585705,0.3238095238095238,0.1523809523809524,0.23809523809523808,105,66
digits20,5,7,8.803067270826132,19.793554006968286,174.24398745207196,0.9581151832460733,0.005724982350845731,0.3025210084033613,0.20168067226890757,0.2689075630252101,119,71
digits20,6,1,1.496877910492453,1.3398167671817927,2.005542122901835,1.0,0.49861829805553626,0.15,0.1,0.0,20,17
digits20,6,2,2.003490401396188,2.3616226978596315,4.731488406881142,0.9571428571428572,0.20018278023770686,0.1794871794871795,0.1282051282051282,0.07692307692307693,39,31
digits20,6,3,156.54545454537094,2.3616226978596315,369.7012987011012,1.0,0.0027024482892048507,0.3684210526315789,0.24561403508771928,0.14035087719298245,57,34
digits20,6,4,156.54545454537094,2.3616226978596315,369.7012987011012,0.9704142011834319,0.0027021439424836924,0.36486486486486486,0.28378378378378377,0.22972972972972974,74,40
digits20,6,5,156.54545454537094,10.02526132404185,1569.4090909082588,1.0,0.0006370201149409338,0.37777777777777777,0.2777777777777778,0.25555555555555554,90,47
digits20,6,6,156.54545454537094,10.02526132404185,1569.4090909082588,0.9844559585492229,0.0006370133515063436,0.37142857142857144,0.3047619047619048,0.2761904761904762,105,53
digits20,6,7,156.54545454537094,10.02526132404185,1569.4090909082588,0.8904761904761905,0.0006370085205983367,0.36134453781512604,0.2857142857142857,0.29411764705882354,119,61
digits20,7,1,1.6217319369936622,1.4919906802252711,2.419608935818221,0.9148936170212766,0.4132899268128374,0.15,0.15,0.0,20,17
digits20,7,2,4.3539823008849545,1.4919906802252711,6.496101014786134,0.9760000000000001,0.14801422800911224,0.15384615384615385,0.1794871794871795,0.0,39,32
digits20,7,3,15.999999999999627,1.4919906802252711,23.87185088360378,0.9225806451612902,0.04130813107300557,0.19298245614035087,0.2631578947368421,0.07017543859649122,57,41
digits20,7,4,15.999999999999627,1.8793554006968494,30.06968641114889,0.9289940828402367,0.03284363975335791,0.14864864864864866,0.2702702702702703,0.12162162162162163,74,53
digits20,7,5,918.399999997024,1.8793554006968494,1725.9999999943934,1.0402298850574712,0.0005792400215213211,0.14444444444444443,0.23333333333333334,0.1111111111111111,90,66
digits20,7,6,3061.333333309367,4.763066202090655,14581.33333321937,1.0112994350282487,6.857887425248954e-05,0.1523809523809524,0.2761904761904762,0.18095238095238095,105,71
digits20,7,7,3061.333333309367,4.763066202090655,14581.33333321937,1.0765027322404372,6.857881826305423e-05,0.14285714285714285,0.31092436974789917,0.2184873949579832,119,77
digits20,8,1,2.8507263522095387,1.603594160307842,4.5714081310388925,1.0,0.21875097810895772,0.15,0.15,0.0,20,17
digits20,8,2,11.979130434782485,1.603594160307842,19.209663610783135,0.9609375,0.0513796460429059,0.15384615384615385,0.20512820512820512,0.05128205128205128,39,31
digits20,8,3,11.979130434782485,14.778745644599349,177.03652173912914,1.0,0.005637923300995329,0.24561403508771928,0.22807017543859648,0.08771929824561403,57,41
digits20,8,4,11.979130434782485,14.778745644599349,177.03652173912914,0.9345238095238095,0.0056365984635528,0.22972972972972974,0.1891891891891892,0.10810810810810811,74,54
digits20,8,5,4591.999999964039,14.778745644599349,67863.99999946874,1.0057142857142858,1.4735266207432929e-05,0.2222222222222222,0.18888888888888888,0.13333333333333333,90,64
digits20,8,6,4591.999999964039,14.778745644599349,67863.99999946874,0.9109947643979057,1.473526258821689e-05,0.24761904761904763,0.2857142857142857,0.20952380952380953,105,64
digits20,8,7,4591.999999964039,14.778745644599349,67863.99999946874,0.9411764705882352,1.4735260003839734e-05,0.24369747899159663,0.33613445378151263,0.2605042016806723,119,67
digits20,9,1,2.017082778526625,1.8413990383566232,3.7142542886646335,1.0,0.26923304714269436,0.15,0.15,0.0,20,17
digits20,9,2,6.185989918303503,7.518292682926833,46.50808273944038,0.9270072992700731,0.02138605875999433,0.1794871794871795,0.20512820512820512,0.02564102564102564,39,31
digits20,9,3,6.185989918303503,7.518292682926833,46.50808273944038,0.949044585987261,0.021347900225932692,0.24561403508771928,0.3157894736842105,0.12280701754385964,57,37
digits20,9,4,6.185989918303503,7.518292682926833,46.50808273944038,0.8988764044943819,0.02132888915625608,0.35135135135135137,0.2972972972972973,0.17567567567567569,74,42
digits20,9,5,7.990719257540637,7.518292682926833,60.076566125290306,0.917948717948718,0.016534965672146185,0.3888888888888889,0.32222222222222224,0.2111111111111111,90,47
digits20,9,6,7.990719257540637,7.518292682926833,60.076566125290306,0.914691943127962,0.016530405638321866,0.3904761904761905,0.2857142857142857,0.24761904761904763,105,55
digits20,9,7,7.990719257540637,7.518292682926833,60.076566125290306,1.0,0.01652715052852327,0.40336134453781514,0.29411764705882354,0.2605042016806723,119,60
digits20,10,1,2.494001881300288,2.066660362398435,5.154254831830432,1.0,0.19401446622786978,0.15,0.1,0.0,20,17
digits20,10,2,5.979166666666782,13.020905923344982,77.85416666666838,0.96,0.012803282223079138,0.1794871794871795,0.15384615384615385,0.05128205128205128,39,31
digits20,10,3,5.979166666666782,13.020905923344982,77.85416666666838,0.9319727891156462,0.012789612217822821,0.3684210526315789,0.2631578947368421,0.14035087719298245,57,33
digits20,10,4,5.979166666666782,13.020905923344982,77.85416666666838,0.9879518072289156,0.012782791824942907,0.35135135135135137,0.28378378378378377,0.1891891891891892,74,41
digits20,10,5,5.979166666666782,13.020905923344982,77.85416666666838,0.9720670391061452,0.012778704250837047,0.34444444444444444,0.3,0.2111111111111111,90,49
digits20,10,6,10.260178748758758,13.020905923344982,133.59682224429122,0.8877551020408164,0.007461901634727819,0.3619047619047619,0.3047619047619048,0.24761904761904763,105,54
digits20,10,7,10.260178748758758,13.020905923344982,133.59682224429122,0.9234693877551021,0.007461238583713392,0.3277310924369748,0.3697478991596639,0.31092436974789917,119,56
digits20,11,1,1.3076329448045496,1.753815749274405,2.293347252868288,1.0,0.4360438650314734,0.1,0.15,0.05,20,17
digits20,11,2,13.364377182770694,8.518292682926777,113.84167636786918,0.9153846153846154,0.00876483902487124,0.1794871794871795,0.15384615384615385,0.02564102564102564,39,31
digits20,11,3,13.364377182770694,8.518292682926777,113.84167636786918,1.0068493150684932,0.008758434051029051,0.21052631578947367,0.24561403508771928,0.12280701754385964,57,39
digits20,11,4,13.364377182770694,8.518292682926777,113.84167636786918,0.9882352941176471,0.008755236247736775,0.21621621621621623,0.25675675675675674,0.17567567567567569,74,48
digits20,11,5,13.364377182770694,8.518292682926777,113.84167636786918,0.9508196721311476,0.008753319061562626,0.2,0.2111111111111111,0.16666666666666666,90,62
digits20,11,6,15.168289290681544,8.518292682926777,129.2079276773292,0.9526315789473684,0.007714548034763236,0.18095238095238095,0.2857142857142857,0.23809523809523808,105,66
digits20,11,7,27.148648648646546,8.518292682926777,231.2601351351158,0.8663366336633663,0.004316129563707194,0.19327731092436976,0.2605042016806723,0.25210084033613445,119,75
digits20,12,1,1.4964011287801735,1.5654446691350323,2.3425331699365675,1.0,0.42688829888674684,0.15,0.15,0.0,20,17
digits20,12,2,8.597104343484812,3.7569686411149847,32.299051422865865,1.0,0.030721020924660558,0.20512820512820512,0.15384615384615385,0.02564102564102564,39,31
digits20,12,3,8.597104343484812,5.634146341463427,48.43734398402429,0.9655172413793103,0.02050347855279966,0.2631578947368421,0.22807017543859648,0.07017543859649122,57,40
digits20,12,4,8.597104343484812,5.634146341463427,48.43734398402429,0.8705882352941177,0.020485942512104338,0.3108108108108108,0.2972972972972973,0.14864864864864866,74,44
digits20,12,5,8.597104343484812,5.634146341463427,48.43734398402429,0.9222222222222223,0.02047544012545921,0.28888888888888886,0.32222222222222224,0.17777777777777778,90,52
digits20,12,6,1434.999999996989,5.634146341463427,8084.9999999830525,0.9682539682539681,0.00012367946390245965,0.2571428571428571,0.3238095238095238,0.19047619047619047,105,62
digits20,12,7,1434.999999996989,5.634146341463427,8084.9999999830525,0.9313725490196079,0.0001236792817994603,0.2773109243697479,0.36134453781512604,0.226890756302521,119,65
digits20,13,1,1.5962396818214655,1.3359267430175898,2.1324592792111843,1.0,0.4689421316264988,0.15,0.1,0.0,20,17
digits20,13,2,11.937608318890764,5.385888501742181,64.29462738301557,0.952755905511811,0.015492922049142765,0.1794871794871795,0.15384615384615385,0.05128205128205128,39,31
digits20,13,3,25.97737162750208,5.385888501742181,139.91122715404703,1.062937062937063,0.007130374375631021,0.17543859649122806,0.22807017543859648,0.12280701754385964,57,41
digits20,13,4,25.97737162750208,5.385888501742181,139.91122715404703,1.0807453416149069,0.0071282551137418215,0.20270270270270271,0.24324324324324326,0.14864864864864866,74,51
digits20,13,5,25.97737162750208,5.385888501742181,139.91122715404703,1.039325842696629,0.007126984363437949,0.2111111111111111,0.2111111111111111,0.16666666666666666,90,62
digits20,13,6,25.97737162750208,5.385888501742181,139.91122715404703,0.9494949494949495,0.007126137532447285,0.20952380952380953,0.26666666666666666,0.21904761904761905,105,67
digits20,13,7,25.97737162750208,5.385888501742181,139.91122715404703,0.9950738916256158,0.007125532817585878,0.23529411764705882,0.25210084033613445,0.25210084033613445,119,73
digits20,14,1,1.2333434066323228,2.75219679500702,3.3944037708765182,0.8444444444444444,0.29460254804683284,0.1,0.15,0.05,20,17
digits20,14,2,5.071631429472998,3.2569686411149807,16.518144525086697,0.968503937007874,0.05962322987850033,0.1282051282051282,0.15384615384615385,0.02564102564102564,39,33
digits20,14,3,11.916955017300905,3.2569686411149807,38.81314878892688,0.9440993788819876,0.025543828870359553,0.24561403508771928,0.2807017543859649,0.10526315789473684,57,39
digits20,14,4,430.50000000033407,3.2569686411149807,1402.1250000010873,0.9479768786127167,0.0007130124493884837,0.22972972972972974,0.3108108108108108,0.16216216216216217,74,48
digits20,14,5,430.50000000033407,3.2569686411149807,1402.1250000010873,1.0561797752808988,0.0007129997392666398,0.24444444444444444,0.28888888888888886,0.17777777777777778,90,58
digits20,14,6,430.50000000033407,3.2569686411149807,1402.1250000010873,1.0416666666666667,0.0007129912661880677,0.2761904761904762,0.2761904761904762,0.19047619047619047,105,66
digits20,14,7,430.50000000033407,3.2569686411149807,1402.1250000010873,1.0757575757575757,0.0007129852141530835,0.2689075630252101,0.31092436974789917,0.226890756302521,119,71
digits20,15,1,1.3728553533034409,3.633938118757872,4.98887139991018,0.9666666666666667,0.200446136979599,0.15,0.05,0.0,20,17
digits20,15,2,2.550618238021638,3.633938118757872,9.26878884154587,0.8671875,0.10497895424377057,0.20512820512820512,0.07692307692307693,0.07692307692307693,39,30
digits20,15,3,8.056140350877635,11.77700348432059,94.87719298246161,0.9933333333333332,0.010502954076985094,0.24561403508771928,0.14035087719298245,0.10526315789473684,57,41
digits20,15,4,8.056140350877635,11.77700348432059,94.87719298246161,0.9235294117647059,0.010498355078303767,0.33783783783783783,0.16216216216216217,0.1891891891891892,74,46
digits20,15,5,8.056140350877635,11.77700348432059,94.87719298246161,0.9162011173184357,0.010495598259507966,0.3111111111111111,0.13333333333333333,0.18888888888888888,90,59
digits20,15,6,15.852704257768133,11.77700348432059,186.69735327963915,0.967032967032967,0.0053443225689291385,0.29523809523809524,0.17142857142857143,0.22857142857142856,105,66
digits20,15,7,15.852704257768133,11.77700348432059,186.69735327963915,0.9682539682539681,0.005343982476140208,0.29411764705882354,0.21008403361344538,0.29411764705882354,119,69
digits20,16,1,1.7796568969825872,1.4899835833792434,2.6516595605517,0.9090909090909091,0.37712231799165863,0.15,0.1,0.0,20,17
digits20,16,2,3.3903596667018334,1.4899835833792434,5.051580245136855,1.0084745762711864,0.18816102875030094,0.1794871794871795,0.23076923076923078,0.1282051282051282,39,28
digits20,16,3,8.077396657871592,1.4899835833792434,12.035188416671039,0.9597315436241611,0.0808096312993224,0.24561403508771928,0.2807017543859649,0.19298245614035087,57,35
digits20,16,4,11.875862068965553,3.3841463414633925,40.18965517241365,0.9878048780487805,0.024650818001338837,0.28378378378378377,0.33783783783783783,0.21621621621621623,74,41
digits20,16,5,11.875862068965553,3.3841463414633925,40.18965517241365,1.0,0.02463560814086585,0.26666666666666666,0.34444444444444444,0.23333333333333334,90,50
digits20,16,6,32.11188811188649,15.52613240418096,498.5734265733942,0.9319371727748691,0.0020040471501017176,0.2761904761904762,0.3047619047619048,0.2571428571428571,105,59
digits20,16,7,32.11188811188649,15.52613240418096,498.5734265733942,0.9900990099009901,0.0020039993343458073,0.25210084033613445,0.31092436974789917,0.2689075630252101,119,67
digits20,17,1,2.4950859839375634,1.3210136965738066,3.296042758910854,0.9375,0.3033941223294204,0.15,0.15,0.0,20,17
digits20,17,2,7.979148566463881,1.3493031358885024,10.766290182449962,1.0,0.0907257149154107,0.20512820512820512,0.15384615384615385,0.0,39,31
digits20,17,3,7.979148566463881,4.007839721254357,31.979148566463703,1.0,0.030945563026432032,0.2807017543859649,0.19298245614035087,0.05263157894736842,57,40
digits20,17,4,7.979148566463881,4.007839721254357,31.979148566463703,0.9055555555555556,0.0309055946964093,0.35135135135135137,0.22972972972972974,0.17567567567567569,74,44
digits20,17,5,11.903225806452172,4.007839721254357,47.70622119815894,0.9518716577540106,0.02078660606472771,0.37777777777777777,0.25555555555555554,0.18888888888888888,90,51
digits20,17,6,11.903225806452172,7.505226480836258,89.33640552995837,0.9121951219512197,0.011141567212206716,0.37142857142857144,0.2571428571428571,0.21904761904761905,105,58
digits20,17,7,35.75086505190685,7.505226480836258,268.3183391003748,0.9330143540669855,0.003720968794284296,0.3949579831932773,0.29411764705882354,0.21008403361344538,119,63
digits20,18,1,2199.567999999018,1.6481075518369728,3625.124631577328,1.0,0.0002758525848434168,0.1,0.1,0.0,20,18
digits20,18,2,2199.567999999018,20.04529616724746,44090.99199998048,0.9104477611940299,2.2680241122952083e-05,0.1794871794871795,0.15384615384615385,0.05128205128205128,39,31
digits20,18,3,2199.567999999018,20.04529616724746,44090.99199998048,0.9798657718120806,2.268019825668599e-05,0.2807017543859649,0.2982456140350877,0.12280701754385964,57,36
digits20,18,4,2199.567999999018,20.04529616724746,44090.99199998048,0.9607843137254902,2.26801768238305e-05,0.3783783783783784,0.33783783783783783,0.17567567567567569,74,40
digits20,18,5,2199.567999999018,20.04529616724746,44090.99199998048,0.9943181818181819,2.2680163964117206e-05,0.32222222222222224,0.36666666666666664,0.2222222222222222,90,48
digits20,18,6,2199.567999999018,20.04529616724746,44090.99199998048,0.9735449735449734,2.2680155391086032e-05,0.3238095238095238,0.3619047619047619,0.26666666666666666,105,54
digits20,18,7,2199.567999999018,20.04529616724746,44090.99199998048,0.9540816326530613,2.2680149266873784e-05,0.36134453781512604,0.36134453781512604,0.2689075630252101,119,58
digits20,19,1,2199.567999999029,1.3102735138480335,2882.0356923064187,0.9882352941176471,0.00034697696585417326,0.1,0.1,0.0,20,18
digits20,19,2,2199.567999999029,2.6681184668989504,5868.707999997399,0.9916666666666667,0.00017038799701507568,0.10256410256410256,0.07692307692307693,0.0,39,35
digits20,19,3,2199.567999999029,2.6681184668989504,5868.707999997399,1.0714285714285714,0.00017038557765314266,0.14035087719298245,0.17543859649122806,0.10526315789473684,57,44
digits20,19,4,2199.567999999029,2.6681184668989504,5868.707999997399,0.9700598802395209,0.00017038436800664858,0.14864864864864866,0.22972972972972974,0.21621621621621623,74,51
digits20,19,5,2199.567999999029,2.6681184668989504,5868.707999997399,0.9666666666666667,0.00017038364222943247,0.14444444444444443,0.23333333333333334,0.23333333333333334,90,61
digits20,19,6,2199.567999999029,2.6681184668989504,5868.707999997399,0.9576719576719576,0.00017038315838246998,0.12380952380952381,0.24761904761904763,0.24761904761904763,105,71
digits20,19,7,2199.567999999029,2.6681184668989504,5868.707999997399,0.975369458128079,0.0001703828127803675,0.11764705882352941,0.31092436974789917,0.3025210084033613,119,74
digits20,20,1,1.7879338925838801,2.292985923389711,4.099707247646209,1.0,0.24391985563704244,0.15,0.1,0.0,20,17
digits20,20,2,1.7879338925838801,18.783972125435607,33.584500400417184,1.0,0.029553993006229295,0.358974358974359,0.10256410256410256,0.15384615384615385,39,25
digits20,20,3,4.712346068834826,18.783972125435607,88.51657720239943,1.0,0.011254829157852697,0.42105263157894735,0.2631578947368421,0.19298245614035087,57,30
digits20,20,4,8.229390681003782,18.783972125435607,154.5806451612946,0.95625,0.006453438561440317,0.44594594594594594,0.21621621621621623,0.22972972972972974,74,37
digits20,20,5,18.02093023255813,18.783972125435607,338.50465116279173,0.9611111111111111,0.0029506803728373,0.4444444444444444,0.23333333333333334,0.2111111111111111,90,46
digits20,20,6,18.02093023255813,18.783972125435607,338.50465116279173,1.0,0.002950535245296315,0.4380952380952381,0.2571428571428571,0.23809523809523808,105,52
digits20,20,7,20.647482014387077,18.783972125435607,387.8417266186799,0.96,0.002575523965740012,0.48739495798319327,0.2857142857142857,0.24369747899159663,119,54
digits20,21,1,1.5186555141704579,2.7565521957038968,4.186253192104406,0.9310344827586207,0.2388770946501938,0.15,0.1,0.0,20,17
digits20,21,2,23.34571175950484,2.7565521957038968,64.35367301093335,1.0,0.015478762458265183,0.1794871794871795,0.15384615384615385,0.05128205128205128,39,30
digits20,21,3,23.34571175950484,2.7565521957038968,64.35367301093335,0.9642857142857143,0.015458779383611065,0.2982456140350877,0.19298245614035087,0.15789473684210525,57,37
digits20,21,4,23.34571175950484,2.7565521957038968,64.35367301093335,0.9664429530201344,0.015448813675114637,0.3783783783783784,0.28378378378378377,0.1891891891891892,74,40
digits20,21,5,23.34571175950484,6.268292682926853,146.33775419982356,1.1019108280254777,0.00681485332360654,0.43333333333333335,0.32222222222222224,0.18888888888888888,90,44
digits20,21,6,23.34571175950484,6.268292682926853,146.33775419982356,1.0,0.006814079053960476,0.49523809523809526,0.3142857142857143,0.24761904761904763,105,46
digits20,21,7,23.34571175950484,6.268292682926853,146.33775419982356,0.9780219780219781,0.0068135261479508324,0.47058823529411764,0.33613445378151263,0.2773109243697479,119,51
digits20,22,1,3.417477095816914,1.4595334767712491,4.987922227443772,0.9578947368421052,0.20048428070869972,0.1,0.15,0.05,20,17
digits20,22,2,15.944444444444091,8.274825783972078,131.93749999999633,0.921259842519685,0.007564984658870122,0.1282051282051282,0.20512820512820512,0.07692307692307693,39,31
digits20,22,3,15.944444444444091,8.274825783972078,131.93749999999633,0.9865771812080537,0.007560213577544994,0.14035087719298245,0.2807017543859649,0.14035087719298245,57,41
digits20,22,4,15.944444444444091,8.274825783972078,131.93749999999633,1.0242424242424242,0.007557831047649954,0.14864864864864866,0.28378378378378377,0.13513513513513514,74,53
digits20,22,5,44.93950177935977,8.274825783972078,371.86654804270535,0.9109947643979057,0.0026862457215343083,0.15555555555555556,0.2777777777777778,0.16666666666666666,90,63
digits20,22,6,59.5847750865022,8.274825783972078,493.0536332179655,0.914141414141414,0.0020264637348775816,0.20952380952380953,0.3142857142857143,0.21904761904761905,105,66
digits20,22,7,59.5847750865022,8.274825783972078,493.0536332179655,0.9560975609756097,0.0020264148433950524,0.20168067226890757,0.3697478991596639,0.2689075630252101,119,69
digits20,23,1,6.662627917289669,1.5033580836479399,10.016315537795862,1.0,0.09983711038520804,0.15,0.1,0.05,20,17
digits20,23,2,6.662627917289669,1.5033580836479399,10.016315537795862,1.0,0.09734524823269097,0.20512820512820512,0.1282051282051282,0.02564102564102564,39,31
digits20,23,3,6.662627917289669,2.052003484320555,13.671735701009801,1.0,0.0713747667594481,0.2982456140350877,0.21052631578947367,0.12280701754385964,57,36
digits20,23,4,7.836177474402087,2.052003484320555,16.079863481227328,1.0,0.060754227770655866,0.24324324324324326,0.25675675675675674,0.17567567567567569,74,46
digits20,23,5,7.836177474402087,6.634581881533136,51.989761092146175,0.8601036269430052,0.01908713748822466,0.35555555555555557,0.24444444444444444,0.26666666666666666,90,48
digits20,23,6,10.923875432525596,6.634581881533136,72.47534602075928,0.8883248730964466,0.013718713610558986,0.3333333333333333,0.22857142857142856,0.24761904761904763,105,59
digits20,23,7,3061.3333333327737,6.634581881533136,20310.666666663063,1.0,4.923417413371656e-05,0.29411764705882354,0.21008403361344538,0.226890756302521,119,72
digits20,24,1,1.5025884730000136,1.315749198630519,1.9770295792212231,0.8969072164948454,0.5058093265321365,0.1,0.15,0.05,20,17
digits20,24,2,4.693925233644843,12.523519163763131,58.78446261682253,0.90625,0.01693895174374349,0.1794871794871795,0.1794871794871795,0.02564102564102564,39,31
digits20,24,3,28.29577464788746,12.523519163763131,354.36267605634157,0.9470198675496688,0.0028193139587590066,0.2807017543859649,0.22807017543859648,0.10526315789473684,57,38
digits20,24,4,28.29577464788746,12.523519163763131,354.36267605634157,0.9322033898305084,0.002818982718180374,0.28378378378378377,0.2702702702702703,0.17567567567567569,74,45
digits20,24,5,28.29577464788746,12.523519163763131,354.36267605634157,0.8686868686868686,0.002818784023661536,0.3,0.23333333333333334,0.16666666666666666,90,55
digits20,24,6,28.29577464788746,12.523519163763131,354.36267605634157,0.9069767441860465,0.0028186515814039304,0.3142857142857143,0.21904761904761905,0.17142857142857143,105,64
digits20,24,7,28.29577464788746,12.523519163763131,354.36267605634157,0.9817351598173517,0.0028185569899543683,0.3445378151260504,0.25210084033613445,0.17647058823529413,119,69
digits20,25,1,1.2927704450313224,2.0738251026262122,2.6809798008392165,1.0,0.3729979613001836,0.15,0.1,0.05,20,17
digits20,25,2,1.5206976487471013,5.132404181184682,7.804834970747337,0.9761904761904763,0.12402165796388664,0.1794871794871795,0.1282051282051282,0.07692307692307693,39,31
digits20,25,3,6.597701149425301,5.132404181184682,33.862068965517395,0.8874172185430463,0.02924181760521216,0.22807017543859648,0.22807017543859648,0.15789473684210525,57,39
digits20,25,4,12.041958041957688,5.132404181184682,61.804195804194144,0.8187134502923977,0.016082221984955125,0.22972972972972974,0.3108108108108108,0.21621621621621623,74,45
digits20,25,5,16.098159509202965,5.132404181184682,82.62226117441124,0.8835978835978836,0.012044821584020982,0.2,0.3888888888888889,0.3,90,49
digits20,25,6,1722.000000006263,5.132404181184682,8838.000000032167,0.9788359788359787,0.00011314243678184344,0.22857142857142856,0.3523809523809524,0.29523809523809524,105,57
digits20,25,7,1722.000000006263,7.765679442508404,13372.500000048107,0.9556650246305418,7.477793620147555e-05,0.2184873949579832,0.33613445378151263,0.29411764705882354,119,66
digits20,26,1,2.6415487408956193,2.182834863157545,5.766064684356875,0.9072164948453608,0.1734285088256058,0.15,0.15,0.0,20,17
digits20,26,2,4.650462962962955,2.182834863157545,10.151192685378474,0.8560606060606061,0.09608450772766042,0.1794871794871795,0.15384615384615385,0.05128205128205128,39,31
digits20,26,3,25.775474956822485,2.5039198606271884,64.53972366148655,0.8064516129032258,0.01541444644294454,0.21052631578947367,0.22807017543859648,0.15789473684210525,57,38
digits20,26,4,25.775474956822485,4.209581881533099,108.50397236615007,0.7182320441988951,0.00918444909667715,0.21621621621621623,0.24324324324324326,0.20270270270270271,74,47
digits20,26,5,25.775474956822485,4.209581881533099,108.50397236615007,0.8481675392670157,0.009182339283824392,0.18888888888888888,0.3,0.26666666666666666,90,53
digits20,26,6,25.775474956822485,4.209581881533099,108.50397236615007,0.917948717948718,0.009180933460678165,0.19047619047619047,0.2857142857142857,0.23809523809523808,105,64
digits20,26,7,25.775474956822485,4.209581881533099,108.50397236615007,0.9751243781094526,0.009179929653071128,0.19327731092436976,0.31932773109243695,0.25210084033613445,119,70
digits20,27,1,1.470576953787308,1.33878271778822,1.9687830109080935,0.9545454545454546,0.5079279912816568,0.1,0.15,0.05,20,17
digits20,27,2,2.814300306435141,1.33878271778822,3.7677366129214582,0.9268292682926829,0.24780053980886296,0.15384615384615385,0.20512820512820512,0.07692307692307693,39,30
digits20,27,3,11.300521134915973,1.33878271778822,15.128942397426027,0.8523489932885907,0.06465283328360749,0.2631578947368421,0.38596491228070173,0.14035087719298245,57,34
digits20,27,4,16.00000000000005,1.33878271778822,21.420523484611586,0.919753086419753,0.04587325990039637,0.2702702702702703,0.40540540540540543,0.22972972972972974,74,40
digits20,27,5,29.587628865979813,4.512195121951205,133.50515463917677,0.8631578947368421,0.007467938962821052,0.24444444444444444,0.35555555555555557,0.2111111111111111,90,53
digits20,27,6,29.587628865979813,4.512195121951205,133.50515463917677,0.8994974874371859,0.007467009155170512,0.26666666666666666,0.3619047619047619,0.20952380952380953,105,60
digits20,27,7,29.587628865979813,4.512195121951205,133.50515463917677,0.8606965174129353,0.007466345196023405,0.29411764705882354,0.3865546218487395,0.226890756302521,119,64
digits20,28,1,1.7686009741437638,1.1273670708672494,1.993862499753419,1.0,0.5015390981693422,0.15,0.1,0.0,20,17
digits20,28,2,5.103208349439484,6.386759581881491,32.59296482412025,0.8857142857142857,0.030446129660516297,0.1794871794871795,0.15384615384615385,0.02564102564102564,39,31
digits20,28,3,25.451575262544086,6.386759581881491,162.55309218203138,0.9483870967741935,0.006139229812247571,0.21052631578947367,0.19298245614035087,0.05263157894736842,57,43
digits20,28,4,25.451575262544086,6.768292682926833,172.26371061843872,0.9822485207100592,0.005792428404558847,0.20270270270270271,0.16216216216216217,0.04054054054054054,74,57
digits20,28,5,25.451575262544086,6.768292682926833,172.26371061843872,0.9361702127659574,0.005791589357245774,0.2222222222222222,0.18888888888888888,0.07777777777777778,90,66
digits20,28,6,25.451575262544086,6.768292682926833,172.26371061843872,0.9627659574468085,0.0057910301725442315,0.23809523809523808,0.2857142857142857,0.1523809523809524,105,67
digits20,28,7,8035.999999937094,6.768292682926833,54389.99999957426,0.963350785340314,1.8385587799985004e-05,0.25210084033613445,0.2773109243697479,0.18487394957983194,119,74
digits20,29,1,1.4516665104718711,1.3085405187981698,1.899564448734791,1.0,0.5264364684578363,0.15,0.1,0.0,20,17
digits20,29,2,4.980477223427318,1.7527221254355412,8.729392624728831,1.0,0.11127476617777066,0.1794871794871795,0.15384615384615385,0.0,39,32
digits20,29,3,11.557046979866879,1.7534843205574886,20.26510067114285,0.9736842105263157,0.048538695290763045,0.22807017543859648,0.22807017543859648,0.05263157894736842,57,42
digits20,29,4,11.557046979866879,5.510452961672496,63.68456375839562,1.024390243902439,0.015610172064247196,0.1891891891891892,0.28378378378378377,0.13513513513513514,74,51
digits20,29,5,11.63513513513507,5.510452961672496,64.11486486486476,1.0271739130434785,0.015500003474478441,0.2111111111111111,0.25555555555555554,0.14444444444444443,90,62
digits20,29,6,30.818791946314203,5.510452961672496,169.82550335573558,0.9708737864077671,0.0058739688069323615,0.23809523809523808,0.3047619047619048,0.17142857142857143,105,67
digits20,29,7,30.818791946314203,5.510452961672496,169.82550335573558,0.909952606635071,0.005873557955933806,0.2689075630252101,0.29411764705882354,0.21008403361344538,119,72
